id,date,store_nbr,family,sales,onpromotion,state,type,cluster,transactions,dcoilwtico,temperature,is_holiday
730,2021-01-01,1,BEVERAGES,467.352,0,Pichincha,D,2,975,55.14,19.71,1
2190,2021-01-01,1,CLEANING,176.872,0,Pichincha,D,2,975,55.14,19.71,1
0,2021-01-01,1,GROCERY I,813.207,5,Pichincha,D,2,975,55.14,19.71,1
1460,2021-01-01,1,PRODUCE,359.478,0,Pichincha,D,2,975,55.14,19.71,1
3650,2021-01-01,2,BEVERAGES,332.108,0,Pichincha,D,3,818,55.14,19.71,1
5110,2021-01-01,2,CLEANING,156.204,0,Pichincha,D,3,818,55.14,19.71,1
2920,2021-01-01,2,GROCERY I,601.737,0,Pichincha,D,3,818,55.14,19.71,1
4380,2021-01-01,2,PRODUCE,228.585,0,Pichincha,D,3,818,55.14,19.71,1
6570,2021-01-01,3,BEVERAGES,675.363,0,Guayas,A,4,1317,55.14,19.71,1
8030,2021-01-01,3,CLEANING,250.463,0,Guayas,A,4,1317,55.14,19.71,1
5840,2021-01-01,3,GROCERY I,952.473,0,Guayas,A,4,1317,55.14,19.71,1
7300,2021-01-01,3,PRODUCE,381.658,0,Guayas,A,4,1317,55.14,19.71,1
9490,2021-01-01,5,BEVERAGES,285.866,0,Azuay,B,2,574,55.14,19.71,1
10950,2021-01-01,5,CLEANING,107.531,0,Azuay,B,2,574,55.14,19.71,1
8760,2021-01-01,5,GROCERY I,380.217,1,Azuay,B,2,574,55.14,19.71,1
10220,2021-01-01,5,PRODUCE,240.836,2,Azuay,B,2,574,55.14,19.71,1
12410,2021-01-01,8,BEVERAGES,452.689,0,Guayas,C,1,1179,55.14,19.71,1
13870,2021-01-01,8,CLEANING,167.574,0,Guayas,C,1,1179,55.14,19.71,1
11680,2021-01-01,8,GROCERY I,805.212,0,Guayas,C,1,1179,55.14,19.71,1
13140,2021-01-01,8,PRODUCE,331.094,0,Guayas,C,1,1179,55.14,19.71,1
731,2021-01-02,1,BEVERAGES,411.831,0,Pichincha,D,2,1177,54.67,19.23,0
2191,2021-01-02,1,CLEANING,201.866,6,Pichincha,D,2,1177,54.67,19.23,0
1,2021-01-02,1,GROCERY I,647.006,0,Pichincha,D,2,1177,54.67,19.23,0
1461,2021-01-02,1,PRODUCE,282.653,0,Pichincha,D,2,1177,54.67,19.23,0
3651,2021-01-02,2,BEVERAGES,358.019,0,Pichincha,D,3,1023,54.67,19.23,0
5111,2021-01-02,2,CLEANING,146.934,0,Pichincha,D,3,1023,54.67,19.23,0
2921,2021-01-02,2,GROCERY I,507.958,0,Pichincha,D,3,1023,54.67,19.23,0
4381,2021-01-02,2,PRODUCE,230.803,0,Pichincha,D,3,1023,54.67,19.23,0
6571,2021-01-02,3,BEVERAGES,547.568,0,Guayas,A,4,1571,54.67,19.23,0
8031,2021-01-02,3,CLEANING,239.963,0,Guayas,A,4,1571,54.67,19.23,0
5841,2021-01-02,3,GROCERY I,847.631,0,Guayas,A,4,1571,54.67,19.23,0
7301,2021-01-02,3,PRODUCE,311.537,0,Guayas,A,4,1571,54.67,19.23,0
9491,2021-01-02,5,BEVERAGES,225.182,0,Azuay,B,2,686,54.67,19.23,0
10951,2021-01-02,5,CLEANING,83.609,0,Azuay,B,2,686,54.67,19.23,0
8761,2021-01-02,5,GROCERY I,363.179,0,Azuay,B,2,686,54.67,19.23,0
10221,2021-01-02,5,PRODUCE,166.848,0,Azuay,B,2,686,54.67,19.23,0
12411,2021-01-02,8,BEVERAGES,453.226,0,Guayas,C,1,1394,54.67,19.23,0
13871,2021-01-02,8,CLEANING,168.577,0,Guayas,C,1,1394,54.67,19.23,0
11681,2021-01-02,8,GROCERY I,883.344,5,Guayas,C,1,1394,54.67,19.23,0
13141,2021-01-02,8,PRODUCE,405.568,0,Guayas,C,1,1394,54.67,19.23,0
732,2021-01-03,1,BEVERAGES,485.646,1,Pichincha,D,2,1083,55.01,19.98,0
2192,2021-01-03,1,CLEANING,175.769,2,Pichincha,D,2,1083,55.01,19.98,0
2,2021-01-03,1,GROCERY I,505.285,0,Pichincha,D,2,1083,55.01,19.98,0
1462,2021-01-03,1,PRODUCE,260.963,0,Pichincha,D,2,1083,55.01,19.98,0
3652,2021-01-03,2,BEVERAGES,346.19,0,Pichincha,D,3,959,55.01,19.98,0
5112,2021-01-03,2,CLEANING,121.407,0,Pichincha,D,3,959,55.01,19.98,0
2922,2021-01-03,2,GROCERY I,396.901,0,Pichincha,D,3,959,55.01,19.98,0
4382,2021-01-03,2,PRODUCE,265.812,6,Pichincha,D,3,959,55.01,19.98,0
6572,2021-01-03,3,BEVERAGES,479.009,0,Guayas,A,4,1457,55.01,19.98,0
8032,2021-01-03,3,CLEANING,205.575,0,Guayas,A,4,1457,55.01,19.98,0
5842,2021-01-03,3,GROCERY I,911.06,15,Guayas,A,4,1457,55.01,19.98,0
7302,2021-01-03,3,PRODUCE,399.203,0,Guayas,A,4,1457,55.01,19.98,0
9492,2021-01-03,5,BEVERAGES,264.252,15,Azuay,B,2,616,55.01,19.98,0
10952,2021-01-03,5,CLEANING,91.898,0,Azuay,B,2,616,55.01,19.98,0
8762,2021-01-03,5,GROCERY I,316.177,0,Azuay,B,2,616,55.01,19.98,0
10222,2021-01-03,5,PRODUCE,132.122,0,Azuay,B,2,616,55.01,19.98,0
12412,2021-01-03,8,BEVERAGES,386.875,0,Guayas,C,1,1110,55.01,19.98,0
13872,2021-01-03,8,CLEANING,162.461,0,Guayas,C,1,1110,55.01,19.98,0
11682,2021-01-03,8,GROCERY I,545.023,0,Guayas,C,1,1110,55.01,19.98,0
13142,2021-01-03,8,PRODUCE,226.06,0,Guayas,C,1,1110,55.01,19.98,0
733,2021-01-04,1,BEVERAGES,349.16,0,Pichincha,D,2,873,55.43,19.01,0
2193,2021-01-04,1,CLEANING,114.109,0,Pichincha,D,2,873,55.43,19.01,0
3,2021-01-04,1,GROCERY I,453.182,0,Pichincha,D,2,873,55.43,19.01,0
1463,2021-01-04,1,PRODUCE,212.72,0,Pichincha,D,2,873,55.43,19.01,0
3653,2021-01-04,2,BEVERAGES,214.032,0,Pichincha,D,3,685,55.43,19.01,0
5113,2021-01-04,2,CLEANING,94.89,0,Pichincha,D,3,685,55.43,19.01,0
2923,2021-01-04,2,GROCERY I,326.495,0,Pichincha,D,3,685,55.43,19.01,0
4383,2021-01-04,2,PRODUCE,155.774,0,Pichincha,D,3,685,55.43,19.01,0
6573,2021-01-04,3,BEVERAGES,455.253,20,Guayas,A,4,1174,55.43,19.01,0
8033,2021-01-04,3,CLEANING,170.774,0,Guayas,A,4,1174,55.43,19.01,0
5843,2021-01-04,3,GROCERY I,602.281,0,Guayas,A,4,1174,55.43,19.01,0
7303,2021-01-04,3,PRODUCE,267.318,0,Guayas,A,4,1174,55.43,19.01,0
9493,2021-01-04,5,BEVERAGES,166.856,0,Azuay,B,2,523,55.43,19.01,0
10953,2021-01-04,5,CLEANING,66.696,0,Azuay,B,2,523,55.43,19.01,0
8763,2021-01-04,5,GROCERY I,250.82,0,Azuay,B,2,523,55.43,19.01,0
10223,2021-01-04,5,PRODUCE,111.203,0,Azuay,B,2,523,55.43,19.01,0
12413,2021-01-04,8,BEVERAGES,320.015,0,Guayas,C,1,884,55.43,19.01,0
13873,2021-01-04,8,CLEANING,167.383,9,Guayas,C,1,884,55.43,19.01,0
11683,2021-01-04,8,GROCERY I,463.922,0,Guayas,C,1,884,55.43,19.01,0
13143,2021-01-04,8,PRODUCE,223.786,0,Guayas,C,1,884,55.43,19.01,0
734,2021-01-05,1,BEVERAGES,279.801,0,Pichincha,D,2,795,54.55,19.72,0
2194,2021-01-05,1,CLEANING,101.095,0,Pichincha,D,2,795,54.55,19.72,0
4,2021-01-05,1,GROCERY I,482.314,0,Pichincha,D,2,795,54.55,19.72,0
1464,2021-01-05,1,PRODUCE,177.869,0,Pichincha,D,2,795,54.55,19.72,0
3654,2021-01-05,2,BEVERAGES,313.775,19,Pichincha,D,3,717,54.55,19.72,0
5114,2021-01-05,2,CLEANING,106.202,0,Pichincha,D,3,717,54.55,19.72,0
2924,2021-01-05,2,GROCERY I,361.542,0,Pichincha,D,3,717,54.55,19.72,0
4384,2021-01-05,2,PRODUCE,146.499,0,Pichincha,D,3,717,54.55,19.72,0
6574,2021-01-05,3,BEVERAGES,399.083,0,Guayas,A,4,1052,54.55,19.72,0
8034,2021-01-05,3,CLEANING,173.144,8,Guayas,A,4,1052,54.55,19.72,0
5844,2021-01-05,3,GROCERY I,654.812,0,Guayas,A,4,1052,54.55,19.72,0
7304,2021-01-05,3,PRODUCE,295.69,0,Guayas,A,4,1052,54.55,19.72,0
9494,2021-01-05,5,BEVERAGES,163.192,0,Azuay,B,2,463,54.55,19.72,0
10954,2021-01-05,5,CLEANING,58.767,0,Azuay,B,2,463,54.55,19.72,0
8764,2021-01-05,5,GROCERY I,242.157,0,Azuay,B,2,463,54.55,19.72,0
10224,2021-01-05,5,PRODUCE,125.349,0,Azuay,B,2,463,54.55,19.72,0
12414,2021-01-05,8,BEVERAGES,277.126,0,Guayas,C,1,851,54.55,19.72,0
13874,2021-01-05,8,CLEANING,130.89,0,Guayas,C,1,851,54.55,19.72,0
11684,2021-01-05,8,GROCERY I,484.892,0,Guayas,C,1,851,54.55,19.72,0
13144,2021-01-05,8,PRODUCE,225.167,0,Guayas,C,1,851,54.55,19.72,0
735,2021-01-06,1,BEVERAGES,282.224,0,Pichincha,D,2,753,53.97,19.62,0
2195,2021-01-06,1,CLEANING,114.394,0,Pichincha,D,2,753,53.97,19.62,0
5,2021-01-06,1,GROCERY I,413.358,0,Pichincha,D,2,753,53.97,19.62,0
1465,2021-01-06,1,PRODUCE,196.905,0,Pichincha,D,2,753,53.97,19.62,0
3655,2021-01-06,2,BEVERAGES,236.071,0,Pichincha,D,3,661,53.97,19.62,0
5115,2021-01-06,2,CLEANING,103.881,0,Pichincha,D,3,661,53.97,19.62,0
2925,2021-01-06,2,GROCERY I,298.032,0,Pichincha,D,3,661,53.97,19.62,0
4385,2021-01-06,2,PRODUCE,191.877,7,Pichincha,D,3,661,53.97,19.62,0
6575,2021-01-06,3,BEVERAGES,343.982,0,Guayas,A,4,1113,53.97,19.62,0
8035,2021-01-06,3,CLEANING,177.274,0,Guayas,A,4,1113,53.97,19.62,0
5845,2021-01-06,3,GROCERY I,630.943,0,Guayas,A,4,1113,53.97,19.62,0
7305,2021-01-06,3,PRODUCE,349.273,18,Guayas,A,4,1113,53.97,19.62,0
9495,2021-01-06,5,BEVERAGES,178.609,0,Azuay,B,2,506,53.97,19.62,0
10955,2021-01-06,5,CLEANING,72.921,0,Azuay,B,2,506,53.97,19.62,0
8765,2021-01-06,5,GROCERY I,229.378,0,Azuay,B,2,506,53.97,19.62,0
10225,2021-01-06,5,PRODUCE,135.32,15,Azuay,B,2,506,53.97,19.62,0
12415,2021-01-06,8,BEVERAGES,295.755,0,Guayas,C,1,921,53.97,19.62,0
13875,2021-01-06,8,CLEANING,112.893,0,Guayas,C,1,921,53.97,19.62,0
11685,2021-01-06,8,GROCERY I,414.605,0,Guayas,C,1,921,53.97,19.62,0
13145,2021-01-06,8,PRODUCE,220.406,0,Guayas,C,1,921,53.97,19.62,0
736,2021-01-07,1,BEVERAGES,299.253,0,Pichincha,D,2,795,54.02,20.55,0
2196,2021-01-07,1,CLEANING,119.6,0,Pichincha,D,2,795,54.02,20.55,0
6,2021-01-07,1,GROCERY I,472.581,0,Pichincha,D,2,795,54.02,20.55,0
1466,2021-01-07,1,PRODUCE,249.054,1,Pichincha,D,2,795,54.02,20.55,0
3656,2021-01-07,2,BEVERAGES,241.575,0,Pichincha,D,3,694,54.02,20.55,0
5116,2021-01-07,2,CLEANING,96.603,0,Pichincha,D,3,694,54.02,20.55,0
2926,2021-01-07,2,GROCERY I,324.768,0,Pichincha,D,3,694,54.02,20.55,0
4386,2021-01-07,2,PRODUCE,187.984,0,Pichincha,D,3,694,54.02,20.55,0
6576,2021-01-07,3,BEVERAGES,392.672,0,Guayas,A,4,1138,54.02,20.55,0
8036,2021-01-07,3,CLEANING,146.739,0,Guayas,A,4,1138,54.02,20.55,0
5846,2021-01-07,3,GROCERY I,660.832,0,Guayas,A,4,1138,54.02,20.55,0
7306,2021-01-07,3,PRODUCE,261.805,0,Guayas,A,4,1138,54.02,20.55,0
9496,2021-01-07,5,BEVERAGES,183.749,0,Azuay,B,2,503,54.02,20.55,0
10956,2021-01-07,5,CLEANING,76.831,0,Azuay,B,2,503,54.02,20.55,0
8766,2021-01-07,5,GROCERY I,225.179,0,Azuay,B,2,503,54.02,20.55,0
10226,2021-01-07,5,PRODUCE,114.867,0,Azuay,B,2,503,54.02,20.55,0
12416,2021-01-07,8,BEVERAGES,299.91,0,Guayas,C,1,919,54.02,20.55,0
13876,2021-01-07,8,CLEANING,169.774,22,Guayas,C,1,919,54.02,20.55,0
11686,2021-01-07,8,GROCERY I,468.009,0,Guayas,C,1,919,54.02,20.55,0
13146,2021-01-07,8,PRODUCE,232.216,0,Guayas,C,1,919,54.02,20.55,0
737,2021-01-08,1,BEVERAGES,389.626,0,Pichincha,D,2,946,53.88,20.65,0
2197,2021-01-08,1,CLEANING,136.186,0,Pichincha,D,2,946,53.88,20.65,0
7,2021-01-08,1,GROCERY I,406.111,0,Pichincha,D,2,946,53.88,20.65,0
1467,2021-01-08,1,PRODUCE,235.9,0,Pichincha,D,2,946,53.88,20.65,0
3657,2021-01-08,2,BEVERAGES,295.508,0,Pichincha,D,3,888,53.88,20.65,0
5117,2021-01-08,2,CLEANING,108.356,0,Pichincha,D,3,888,53.88,20.65,0
2927,2021-01-08,2,GROCERY I,462.994,0,Pichincha,D,3,888,53.88,20.65,0
4387,2021-01-08,2,PRODUCE,273.217,8,Pichincha,D,3,888,53.88,20.65,0
6577,2021-01-08,3,BEVERAGES,446.652,0,Guayas,A,4,1396,53.88,20.65,0
8037,2021-01-08,3,CLEANING,200.647,0,Guayas,A,4,1396,53.88,20.65,0
5847,2021-01-08,3,GROCERY I,697.721,0,Guayas,A,4,1396,53.88,20.65,0
7307,2021-01-08,3,PRODUCE,258.345,0,Guayas,A,4,1396,53.88,20.65,0
9497,2021-01-08,5,BEVERAGES,209.033,0,Azuay,B,2,634,53.88,20.65,0
10957,2021-01-08,5,CLEANING,75.127,0,Azuay,B,2,634,53.88,20.65,0
8767,2021-01-08,5,GROCERY I,315.394,0,Azuay,B,2,634,53.88,20.65,0
10227,2021-01-08,5,PRODUCE,141.733,0,Azuay,B,2,634,53.88,20.65,0
12417,2021-01-08,8,BEVERAGES,369.022,0,Guayas,C,1,1086,53.88,20.65,0
13877,2021-01-08,8,CLEANING,173.727,0,Guayas,C,1,1086,53.88,20.65,0
11687,2021-01-08,8,GROCERY I,745.305,11,Guayas,C,1,1086,53.88,20.65,0
13147,2021-01-08,8,PRODUCE,299.501,16,Guayas,C,1,1086,53.88,20.65,0
738,2021-01-09,1,BEVERAGES,404.121,0,Pichincha,D,2,1138,53.87,17.32,0
2198,2021-01-09,1,CLEANING,221.588,1,Pichincha,D,2,1138,53.87,17.32,0
8,2021-01-09,1,GROCERY I,659.087,0,Pichincha,D,2,1138,53.87,17.32,0
1468,2021-01-09,1,PRODUCE,291.147,0,Pichincha,D,2,1138,53.87,17.32,0
3658,2021-01-09,2,BEVERAGES,361.879,0,Pichincha,D,3,996,53.87,17.32,0
5118,2021-01-09,2,CLEANING,138.891,0,Pichincha,D,3,996,53.87,17.32,0
2928,2021-01-09,2,GROCERY I,530.462,0,Pichincha,D,3,996,53.87,17.32,0
4388,2021-01-09,2,PRODUCE,231.676,0,Pichincha,D,3,996,53.87,17.32,0
6578,2021-01-09,3,BEVERAGES,666.965,24,Guayas,A,4,1693,53.87,17.32,0
8038,2021-01-09,3,CLEANING,223.549,0,Guayas,A,4,1693,53.87,17.32,0
5848,2021-01-09,3,GROCERY I,999.769,16,Guayas,A,4,1693,53.87,17.32,0
7308,2021-01-09,3,PRODUCE,391.632,0,Guayas,A,4,1693,53.87,17.32,0
9498,2021-01-09,5,BEVERAGES,259.478,0,Azuay,B,2,749,53.87,17.32,0
10958,2021-01-09,5,CLEANING,128.585,12,Azuay,B,2,749,53.87,17.32,0
8768,2021-01-09,5,GROCERY I,345.22,0,Azuay,B,2,749,53.87,17.32,0
10228,2021-01-09,5,PRODUCE,167.684,0,Azuay,B,2,749,53.87,17.32,0
12418,2021-01-09,8,BEVERAGES,497.391,0,Guayas,C,1,1307,53.87,17.32,0
13878,2021-01-09,8,CLEANING,205.208,0,Guayas,C,1,1307,53.87,17.32,0
11688,2021-01-09,8,GROCERY I,762.713,0,Guayas,C,1,1307,53.87,17.32,0
13148,2021-01-09,8,PRODUCE,314.769,0,Guayas,C,1,1307,53.87,17.32,0
739,2021-01-10,1,BEVERAGES,366.444,0,Pichincha,D,2,1070,53.49,16.5,0
2199,2021-01-10,1,CLEANING,161.021,0,Pichincha,D,2,1070,53.49,16.5,0
9,2021-01-10,1,GROCERY I,565.578,0,Pichincha,D,2,1070,53.49,16.5,0
1469,2021-01-10,1,PRODUCE,293.434,0,Pichincha,D,2,1070,53.49,16.5,0
3659,2021-01-10,2,BEVERAGES,359.022,0,Pichincha,D,3,942,53.49,16.5,0
5119,2021-01-10,2,CLEANING,140.392,0,Pichincha,D,3,942,53.49,16.5,0
2929,2021-01-10,2,GROCERY I,446.471,0,Pichincha,D,3,942,53.49,16.5,0
4389,2021-01-10,2,PRODUCE,227.351,0,Pichincha,D,3,942,53.49,16.5,0
6579,2021-01-10,3,BEVERAGES,508.248,0,Guayas,A,4,1426,53.49,16.5,0
8039,2021-01-10,3,CLEANING,213.283,0,Guayas,A,4,1426,53.49,16.5,0
5849,2021-01-10,3,GROCERY I,811.985,0,Guayas,A,4,1426,53.49,16.5,0
7309,2021-01-10,3,PRODUCE,358.349,0,Guayas,A,4,1426,53.49,16.5,0
9499,2021-01-10,5,BEVERAGES,232.832,23,Azuay,B,2,615,53.49,16.5,0
10959,2021-01-10,5,CLEANING,92.007,0,Azuay,B,2,615,53.49,16.5,0
8769,2021-01-10,5,GROCERY I,345.706,0,Azuay,B,2,615,53.49,16.5,0
10229,2021-01-10,5,PRODUCE,169.334,0,Azuay,B,2,615,53.49,16.5,0
12419,2021-01-10,8,BEVERAGES,515.543,14,Guayas,C,1,1185,53.49,16.5,0
13879,2021-01-10,8,CLEANING,166.981,0,Guayas,C,1,1185,53.49,16.5,0
11689,2021-01-10,8,GROCERY I,607.291,0,Guayas,C,1,1185,53.49,16.5,0
13149,2021-01-10,8,PRODUCE,307.172,0,Guayas,C,1,1185,53.49,16.5,0
740,2021-01-11,1,BEVERAGES,248.773,0,Pichincha,D,2,881,53.89,21.12,0
2200,2021-01-11,1,CLEANING,115.012,0,Pichincha,D,2,881,53.89,21.12,0
10,2021-01-11,1,GROCERY I,414.124,0,Pichincha,D,2,881,53.89,21.12,0
1470,2021-01-11,1,PRODUCE,193.863,0,Pichincha,D,2,881,53.89,21.12,0
3660,2021-01-11,2,BEVERAGES,247.36,0,Pichincha,D,3,722,53.89,21.12,0
5120,2021-01-11,2,CLEANING,109.604,0,Pichincha,D,3,722,53.89,21.12,0
2930,2021-01-11,2,GROCERY I,349.587,0,Pichincha,D,3,722,53.89,21.12,0
4390,2021-01-11,2,PRODUCE,204.469,8,Pichincha,D,3,722,53.89,21.12,0
6580,2021-01-11,3,BEVERAGES,469.97,16,Guayas,A,4,1075,53.89,21.12,0
8040,2021-01-11,3,CLEANING,177.722,0,Guayas,A,4,1075,53.89,21.12,0
5850,2021-01-11,3,GROCERY I,670.073,0,Guayas,A,4,1075,53.89,21.12,0
7310,2021-01-11,3,PRODUCE,287.402,0,Guayas,A,4,1075,53.89,21.12,0
9500,2021-01-11,5,BEVERAGES,164.9,0,Azuay,B,2,455,53.89,21.12,0
10960,2021-01-11,5,CLEANING,68.983,0,Azuay,B,2,455,53.89,21.12,0
8770,2021-01-11,5,GROCERY I,234.657,0,Azuay,B,2,455,53.89,21.12,0
10230,2021-01-11,5,PRODUCE,137.39,0,Azuay,B,2,455,53.89,21.12,0
12420,2021-01-11,8,BEVERAGES,296.212,0,Guayas,C,1,942,53.89,21.12,0
13880,2021-01-11,8,CLEANING,162.455,19,Guayas,C,1,942,53.89,21.12,0
11690,2021-01-11,8,GROCERY I,532.828,0,Guayas,C,1,942,53.89,21.12,0
13150,2021-01-11,8,PRODUCE,181.692,0,Guayas,C,1,942,53.89,21.12,0
741,2021-01-12,1,BEVERAGES,247.275,0,Pichincha,D,2,794,54.24,21.44,0
2201,2021-01-12,1,CLEANING,114.556,0,Pichincha,D,2,794,54.24,21.44,0
11,2021-01-12,1,GROCERY I,470.246,0,Pichincha,D,2,794,54.24,21.44,0
1471,2021-01-12,1,PRODUCE,206.425,0,Pichincha,D,2,794,54.24,21.44,0
3661,2021-01-12,2,BEVERAGES,237.538,0,Pichincha,D,3,636,54.24,21.44,0
5121,2021-01-12,2,CLEANING,121.672,13,Pichincha,D,3,636,54.24,21.44,0
2931,2021-01-12,2,GROCERY I,304.295,0,Pichincha,D,3,636,54.24,21.44,0
4391,2021-01-12,2,PRODUCE,146.161,0,Pichincha,D,3,636,54.24,21.44,0
6581,2021-01-12,3,BEVERAGES,408.379,0,Guayas,A,4,1007,54.24,21.44,0
8041,2021-01-12,3,CLEANING,132.337,0,Guayas,A,4,1007,54.24,21.44,0
5851,2021-01-12,3,GROCERY I,667.251,0,Guayas,A,4,1007,54.24,21.44,0
7311,2021-01-12,3,PRODUCE,238.288,0,Guayas,A,4,1007,54.24,21.44,0
9501,2021-01-12,5,BEVERAGES,142.925,0,Azuay,B,2,520,54.24,21.44,0
10961,2021-01-12,5,CLEANING,63.444,0,Azuay,B,2,520,54.24,21.44,0
8771,2021-01-12,5,GROCERY I,260.972,0,Azuay,B,2,520,54.24,21.44,0
10231,2021-01-12,5,PRODUCE,112.653,0,Azuay,B,2,520,54.24,21.44,0
12421,2021-01-12,8,BEVERAGES,333.955,0,Guayas,C,1,820,54.24,21.44,0
13881,2021-01-12,8,CLEANING,128.837,0,Guayas,C,1,820,54.24,21.44,0
11691,2021-01-12,8,GROCERY I,509.382,0,Guayas,C,1,820,54.24,21.44,0
13151,2021-01-12,8,PRODUCE,232.606,0,Guayas,C,1,820,54.24,21.44,0
742,2021-01-13,1,BEVERAGES,274.077,0,Pichincha,D,2,711,54.27,18.42,0
2202,2021-01-13,1,CLEANING,175.648,3,Pichincha,D,2,711,54.27,18.42,0
12,2021-01-13,1,GROCERY I,432.051,0,Pichincha,D,2,711,54.27,18.42,0
1472,2021-01-13,1,PRODUCE,209.79,0,Pichincha,D,2,711,54.27,18.42,0
3662,2021-01-13,2,BEVERAGES,276.144,21,Pichincha,D,3,688,54.27,18.42,0
5122,2021-01-13,2,CLEANING,84.307,0,Pichincha,D,3,688,54.27,18.42,0
2932,2021-01-13,2,GROCERY I,463.816,12,Pichincha,D,3,688,54.27,18.42,0
4392,2021-01-13,2,PRODUCE,162.504,0,Pichincha,D,3,688,54.27,18.42,0
6582,2021-01-13,3,BEVERAGES,387.129,0,Guayas,A,4,1139,54.27,18.42,0
8042,2021-01-13,3,CLEANING,160.023,0,Guayas,A,4,1139,54.27,18.42,0
5852,2021-01-13,3,GROCERY I,467.564,0,Guayas,A,4,1139,54.27,18.42,0
7312,2021-01-13,3,PRODUCE,279.409,0,Guayas,A,4,1139,54.27,18.42,0
9502,2021-01-13,5,BEVERAGES,164.523,0,Azuay,B,2,451,54.27,18.42,0
10962,2021-01-13,5,CLEANING,83.184,13,Azuay,B,2,451,54.27,18.42,0
8772,2021-01-13,5,GROCERY I,253.912,0,Azuay,B,2,451,54.27,18.42,0
10232,2021-01-13,5,PRODUCE,122.638,0,Azuay,B,2,451,54.27,18.42,0
12422,2021-01-13,8,BEVERAGES,344.936,0,Guayas,C,1,871,54.27,18.42,0
13882,2021-01-13,8,CLEANING,181.305,13,Guayas,C,1,871,54.27,18.42,0
11692,2021-01-13,8,GROCERY I,408.783,0,Guayas,C,1,871,54.27,18.42,0
13152,2021-01-13,8,PRODUCE,221.112,0,Guayas,C,1,871,54.27,18.42,0
743,2021-01-14,1,BEVERAGES,304.287,0,Pichincha,D,2,850,54.77,17.31,0
2203,2021-01-14,1,CLEANING,152.725,0,Pichincha,D,2,850,54.77,17.31,0
13,2021-01-14,1,GROCERY I,465.974,0,Pichincha,D,2,850,54.77,17.31,0
1473,2021-01-14,1,PRODUCE,231.496,11,Pichincha,D,2,850,54.77,17.31,0
3663,2021-01-14,2,BEVERAGES,269.195,0,Pichincha,D,3,705,54.77,17.31,0
5123,2021-01-14,2,CLEANING,112.082,0,Pichincha,D,3,705,54.77,17.31,0
2933,2021-01-14,2,GROCERY I,359.419,0,Pichincha,D,3,705,54.77,17.31,0
4393,2021-01-14,2,PRODUCE,157.417,0,Pichincha,D,3,705,54.77,17.31,0
6583,2021-01-14,3,BEVERAGES,528.061,8,Guayas,A,4,1108,54.77,17.31,0
8043,2021-01-14,3,CLEANING,150.476,0,Guayas,A,4,1108,54.77,17.31,0
5853,2021-01-14,3,GROCERY I,950.203,18,Guayas,A,4,1108,54.77,17.31,0
7313,2021-01-14,3,PRODUCE,297.238,0,Guayas,A,4,1108,54.77,17.31,0
9503,2021-01-14,5,BEVERAGES,192.935,0,Azuay,B,2,538,54.77,17.31,0
10963,2021-01-14,5,CLEANING,79.728,0,Azuay,B,2,538,54.77,17.31,0
8773,2021-01-14,5,GROCERY I,271.819,0,Azuay,B,2,538,54.77,17.31,0
10233,2021-01-14,5,PRODUCE,135.299,0,Azuay,B,2,538,54.77,17.31,0
12423,2021-01-14,8,BEVERAGES,408.532,21,Guayas,C,1,859,54.77,17.31,0
13883,2021-01-14,8,CLEANING,161.944,0,Guayas,C,1,859,54.77,17.31,0
11693,2021-01-14,8,GROCERY I,594.991,0,Guayas,C,1,859,54.77,17.31,0
13153,2021-01-14,8,PRODUCE,249.481,0,Guayas,C,1,859,54.77,17.31,0
744,2021-01-15,1,BEVERAGES,414.756,0,Pichincha,D,2,1005,54.98,20.12,0
2204,2021-01-15,1,CLEANING,135.807,0,Pichincha,D,2,1005,54.98,20.12,0
14,2021-01-15,1,GROCERY I,535.19,0,Pichincha,D,2,1005,54.98,20.12,0
1474,2021-01-15,1,PRODUCE,265.779,0,Pichincha,D,2,1005,54.98,20.12,0
3664,2021-01-15,2,BEVERAGES,326.477,20,Pichincha,D,3,876,54.98,20.12,0
5124,2021-01-15,2,CLEANING,137.202,0,Pichincha,D,3,876,54.98,20.12,0
2934,2021-01-15,2,GROCERY I,431.538,0,Pichincha,D,3,876,54.98,20.12,0
4394,2021-01-15,2,PRODUCE,229.561,0,Pichincha,D,3,876,54.98,20.12,0
6584,2021-01-15,3,BEVERAGES,489.787,0,Guayas,A,4,1383,54.98,20.12,0
8044,2021-01-15,3,CLEANING,240.541,21,Guayas,A,4,1383,54.98,20.12,0
5854,2021-01-15,3,GROCERY I,774.795,0,Guayas,A,4,1383,54.98,20.12,0
7314,2021-01-15,3,PRODUCE,454.622,19,Guayas,A,4,1383,54.98,20.12,0
9504,2021-01-15,5,BEVERAGES,204.971,0,Azuay,B,2,609,54.98,20.12,0
10964,2021-01-15,5,CLEANING,89.177,0,Azuay,B,2,609,54.98,20.12,0
8774,2021-01-15,5,GROCERY I,310.535,0,Azuay,B,2,609,54.98,20.12,0
10234,2021-01-15,5,PRODUCE,146.978,0,Azuay,B,2,609,54.98,20.12,0
12424,2021-01-15,8,BEVERAGES,382.698,0,Guayas,C,1,1006,54.98,20.12,0
13884,2021-01-15,8,CLEANING,173.838,0,Guayas,C,1,1006,54.98,20.12,0
11694,2021-01-15,8,GROCERY I,670.339,0,Guayas,C,1,1006,54.98,20.12,0
13154,2021-01-15,8,PRODUCE,299.23,0,Guayas,C,1,1006,54.98,20.12,0
745,2021-01-16,1,BEVERAGES,451.396,0,Pichincha,D,2,1315,54.6,21.35,0
2205,2021-01-16,1,CLEANING,202.18,19,Pichincha,D,2,1315,54.6,21.35,0
15,2021-01-16,1,GROCERY I,551.744,0,Pichincha,D,2,1315,54.6,21.35,0
1475,2021-01-16,1,PRODUCE,266.726,0,Pichincha,D,2,1315,54.6,21.35,0
3665,2021-01-16,2,BEVERAGES,355.886,0,Pichincha,D,3,1122,54.6,21.35,0
5125,2021-01-16,2,CLEANING,150.101,0,Pichincha,D,3,1122,54.6,21.35,0
2935,2021-01-16,2,GROCERY I,562.728,0,Pichincha,D,3,1122,54.6,21.35,0
4395,2021-01-16,2,PRODUCE,285.057,0,Pichincha,D,3,1122,54.6,21.35,0
6585,2021-01-16,3,BEVERAGES,653.801,0,Guayas,A,4,1683,54.6,21.35,0
8045,2021-01-16,3,CLEANING,211.821,0,Guayas,A,4,1683,54.6,21.35,0
5855,2021-01-16,3,GROCERY I,972.31,0,Guayas,A,4,1683,54.6,21.35,0
7315,2021-01-16,3,PRODUCE,400.569,0,Guayas,A,4,1683,54.6,21.35,0
9505,2021-01-16,5,BEVERAGES,191.186,0,Azuay,B,2,711,54.6,21.35,0
10965,2021-01-16,5,CLEANING,85.557,0,Azuay,B,2,711,54.6,21.35,0
8775,2021-01-16,5,GROCERY I,368.233,0,Azuay,B,2,711,54.6,21.35,0
10235,2021-01-16,5,PRODUCE,161.344,0,Azuay,B,2,711,54.6,21.35,0
12425,2021-01-16,8,BEVERAGES,546.356,0,Guayas,C,1,1364,54.6,21.35,0
13885,2021-01-16,8,CLEANING,198.699,0,Guayas,C,1,1364,54.6,21.35,0
11695,2021-01-16,8,GROCERY I,907.341,20,Guayas,C,1,1364,54.6,21.35,0
13155,2021-01-16,8,PRODUCE,447.001,0,Guayas,C,1,1364,54.6,21.35,0
746,2021-01-17,1,BEVERAGES,344.906,0,Pichincha,D,2,1002,54.76,22.63,0
2206,2021-01-17,1,CLEANING,173.91,19,Pichincha,D,2,1002,54.76,22.63,0
16,2021-01-17,1,GROCERY I,522.534,0,Pichincha,D,2,1002,54.76,22.63,0
1476,2021-01-17,1,PRODUCE,281.736,0,Pichincha,D,2,1002,54.76,22.63,0
3666,2021-01-17,2,BEVERAGES,387.321,0,Pichincha,D,3,890,54.76,22.63,0
5126,2021-01-17,2,CLEANING,151.939,0,Pichincha,D,3,890,54.76,22.63,0
2936,2021-01-17,2,GROCERY I,465.163,0,Pichincha,D,3,890,54.76,22.63,0
4396,2021-01-17,2,PRODUCE,210.176,0,Pichincha,D,3,890,54.76,22.63,0
6586,2021-01-17,3,BEVERAGES,492.716,0,Guayas,A,4,1418,54.76,22.63,0
8046,2021-01-17,3,CLEANING,215.496,0,Guayas,A,4,1418,54.76,22.63,0
5856,2021-01-17,3,GROCERY I,661.447,0,Guayas,A,4,1418,54.76,22.63,0
7316,2021-01-17,3,PRODUCE,373.775,0,Guayas,A,4,1418,54.76,22.63,0
9506,2021-01-17,5,BEVERAGES,195.104,0,Azuay,B,2,660,54.76,22.63,0
10966,2021-01-17,5,CLEANING,72.903,0,Azuay,B,2,660,54.76,22.63,0
8776,2021-01-17,5,GROCERY I,326.525,0,Azuay,B,2,660,54.76,22.63,0
10236,2021-01-17,5,PRODUCE,147.23,0,Azuay,B,2,660,54.76,22.63,0
12426,2021-01-17,8,BEVERAGES,470.973,0,Guayas,C,1,1188,54.76,22.63,0
13886,2021-01-17,8,CLEANING,172.068,0,Guayas,C,1,1188,54.76,22.63,0
11696,2021-01-17,8,GROCERY I,629.236,0,Guayas,C,1,1188,54.76,22.63,0
13156,2021-01-17,8,PRODUCE,328.767,0,Guayas,C,1,1188,54.76,22.63,0
747,2021-01-18,1,BEVERAGES,276.611,0,Pichincha,D,2,815,54.33,20.9,0
2207,2021-01-18,1,CLEANING,135.94,0,Pichincha,D,2,815,54.33,20.9,0
17,2021-01-18,1,GROCERY I,607.529,22,Pichincha,D,2,815,54.33,20.9,0
1477,2021-01-18,1,PRODUCE,200.479,0,Pichincha,D,2,815,54.33,20.9,0
3667,2021-01-18,2,BEVERAGES,187.656,0,Pichincha,D,3,731,54.33,20.9,0
5127,2021-01-18,2,CLEANING,89.513,0,Pichincha,D,3,731,54.33,20.9,0
2937,2021-01-18,2,GROCERY I,351.316,0,Pichincha,D,3,731,54.33,20.9,0
4397,2021-01-18,2,PRODUCE,161.88,0,Pichincha,D,3,731,54.33,20.9,0
6587,2021-01-18,3,BEVERAGES,388.247,0,Guayas,A,4,1116,54.33,20.9,0
8047,2021-01-18,3,CLEANING,160.907,0,Guayas,A,4,1116,54.33,20.9,0
5857,2021-01-18,3,GROCERY I,604.641,0,Guayas,A,4,1116,54.33,20.9,0
7317,2021-01-18,3,PRODUCE,290.515,0,Guayas,A,4,1116,54.33,20.9,0
9507,2021-01-18,5,BEVERAGES,217.84,24,Azuay,B,2,561,54.33,20.9,0
10967,2021-01-18,5,CLEANING,59.264,0,Azuay,B,2,561,54.33,20.9,0
8777,2021-01-18,5,GROCERY I,354.626,7,Azuay,B,2,561,54.33,20.9,0
10237,2021-01-18,5,PRODUCE,124.886,0,Azuay,B,2,561,54.33,20.9,0
12427,2021-01-18,8,BEVERAGES,279.945,0,Guayas,C,1,923,54.33,20.9,0
13887,2021-01-18,8,CLEANING,136.818,0,Guayas,C,1,923,54.33,20.9,0
11697,2021-01-18,8,GROCERY I,537.549,0,Guayas,C,1,923,54.33,20.9,0
13157,2021-01-18,8,PRODUCE,205.155,0,Guayas,C,1,923,54.33,20.9,0
748,2021-01-19,1,BEVERAGES,320.754,0,Pichincha,D,2,873,54.73,19.73,0
2208,2021-01-19,1,CLEANING,140.796,7,Pichincha,D,2,873,54.73,19.73,0
18,2021-01-19,1,GROCERY I,358.04,0,Pichincha,D,2,873,54.73,19.73,0
1478,2021-01-19,1,PRODUCE,202.721,0,Pichincha,D,2,873,54.73,19.73,0
3668,2021-01-19,2,BEVERAGES,238.508,0,Pichincha,D,3,678,54.73,19.73,0
5128,2021-01-19,2,CLEANING,104.002,0,Pichincha,D,3,678,54.73,19.73,0
2938,2021-01-19,2,GROCERY I,296.949,0,Pichincha,D,3,678,54.73,19.73,0
4398,2021-01-19,2,PRODUCE,181.521,0,Pichincha,D,3,678,54.73,19.73,0
6588,2021-01-19,3,BEVERAGES,410.56,0,Guayas,A,4,1120,54.73,19.73,0
8048,2021-01-19,3,CLEANING,172.201,0,Guayas,A,4,1120,54.73,19.73,0
5858,2021-01-19,3,GROCERY I,639.878,0,Guayas,A,4,1120,54.73,19.73,0
7318,2021-01-19,3,PRODUCE,294.573,0,Guayas,A,4,1120,54.73,19.73,0
9508,2021-01-19,5,BEVERAGES,189.937,24,Azuay,B,2,506,54.73,19.73,0
10968,2021-01-19,5,CLEANING,60.229,0,Azuay,B,2,506,54.73,19.73,0
8778,2021-01-19,5,GROCERY I,218.369,0,Azuay,B,2,506,54.73,19.73,0
10238,2021-01-19,5,PRODUCE,120.237,0,Azuay,B,2,506,54.73,19.73,0
12428,2021-01-19,8,BEVERAGES,346.165,0,Guayas,C,1,947,54.73,19.73,0
13888,2021-01-19,8,CLEANING,133.5,0,Guayas,C,1,947,54.73,19.73,0
11698,2021-01-19,8,GROCERY I,507.224,0,Guayas,C,1,947,54.73,19.73,0
13158,2021-01-19,8,PRODUCE,264.979,0,Guayas,C,1,947,54.73,19.73,0
749,2021-01-20,1,BEVERAGES,323.47,0,Pichincha,D,2,835,54.7,19.06,0
2209,2021-01-20,1,CLEANING,125.817,0,Pichincha,D,2,835,54.7,19.06,0
19,2021-01-20,1,GROCERY I,423.384,0,Pichincha,D,2,835,54.7,19.06,0
1479,2021-01-20,1,PRODUCE,184.147,0,Pichincha,D,2,835,54.7,19.06,0
3669,2021-01-20,2,BEVERAGES,300.41,8,Pichincha,D,3,694,54.7,19.06,0
5129,2021-01-20,2,CLEANING,91.542,0,Pichincha,D,3,694,54.7,19.06,0
2939,2021-01-20,2,GROCERY I,384.48,0,Pichincha,D,3,694,54.7,19.06,0
4399,2021-01-20,2,PRODUCE,189.25,0,Pichincha,D,3,694,54.7,19.06,0
6589,2021-01-20,3,BEVERAGES,384.627,0,Guayas,A,4,1063,54.7,19.06,0
8049,2021-01-20,3,CLEANING,184.373,0,Guayas,A,4,1063,54.7,19.06,0
5859,2021-01-20,3,GROCERY I,548.176,0,Guayas,A,4,1063,54.7,19.06,0
7319,2021-01-20,3,PRODUCE,317.468,19,Guayas,A,4,1063,54.7,19.06,0
9509,2021-01-20,5,BEVERAGES,180.234,0,Azuay,B,2,495,54.7,19.06,0
10969,2021-01-20,5,CLEANING,65.803,0,Azuay,B,2,495,54.7,19.06,0
8779,2021-01-20,5,GROCERY I,245.476,0,Azuay,B,2,495,54.7,19.06,0
10239,2021-01-20,5,PRODUCE,100.208,0,Azuay,B,2,495,54.7,19.06,0
12429,2021-01-20,8,BEVERAGES,371.501,0,Guayas,C,1,821,54.7,19.06,0
13889,2021-01-20,8,CLEANING,128.601,0,Guayas,C,1,821,54.7,19.06,0
11699,2021-01-20,8,GROCERY I,485.801,0,Guayas,C,1,821,54.7,19.06,0
13159,2021-01-20,8,PRODUCE,172.502,0,Guayas,C,1,821,54.7,19.06,0
750,2021-01-21,1,BEVERAGES,310.197,0,Pichincha,D,2,886,54.62,20.4,0
2210,2021-01-21,1,CLEANING,153.074,0,Pichincha,D,2,886,54.62,20.4,0
20,2021-01-21,1,GROCERY I,461.856,0,Pichincha,D,2,886,54.62,20.4,0
1480,2021-01-21,1,PRODUCE,270.843,8,Pichincha,D,2,886,54.62,20.4,0
3670,2021-01-21,2,BEVERAGES,248.031,0,Pichincha,D,3,724,54.62,20.4,0
5130,2021-01-21,2,CLEANING,116.31,0,Pichincha,D,3,724,54.62,20.4,0
2940,2021-01-21,2,GROCERY I,394.884,0,Pichincha,D,3,724,54.62,20.4,0
4400,2021-01-21,2,PRODUCE,161.686,0,Pichincha,D,3,724,54.62,20.4,0
6590,2021-01-21,3,BEVERAGES,435.787,0,Guayas,A,4,1120,54.62,20.4,0
8050,2021-01-21,3,CLEANING,213.588,12,Guayas,A,4,1120,54.62,20.4,0
5860,2021-01-21,3,GROCERY I,477.926,0,Guayas,A,4,1120,54.62,20.4,0
7320,2021-01-21,3,PRODUCE,214.186,0,Guayas,A,4,1120,54.62,20.4,0
9510,2021-01-21,5,BEVERAGES,158.099,0,Azuay,B,2,589,54.62,20.4,0
10970,2021-01-21,5,CLEANING,87.047,22,Azuay,B,2,589,54.62,20.4,0
8780,2021-01-21,5,GROCERY I,300.755,0,Azuay,B,2,589,54.62,20.4,0
10240,2021-01-21,5,PRODUCE,120.929,0,Azuay,B,2,589,54.62,20.4,0
12430,2021-01-21,8,BEVERAGES,358.847,0,Guayas,C,1,853,54.62,20.4,0
13890,2021-01-21,8,CLEANING,167.255,0,Guayas,C,1,853,54.62,20.4,0
11700,2021-01-21,8,GROCERY I,600.472,0,Guayas,C,1,853,54.62,20.4,0
13160,2021-01-21,8,PRODUCE,281.64,5,Guayas,C,1,853,54.62,20.4,0
751,2021-01-22,1,BEVERAGES,351.954,0,Pichincha,D,2,1020,54.31,20.03,0
2211,2021-01-22,1,CLEANING,153.571,0,Pichincha,D,2,1020,54.31,20.03,0
21,2021-01-22,1,GROCERY I,656.632,0,Pichincha,D,2,1020,54.31,20.03,0
1481,2021-01-22,1,PRODUCE,343.84,8,Pichincha,D,2,1020,54.31,20.03,0
3671,2021-01-22,2,BEVERAGES,294.471,0,Pichincha,D,3,824,54.31,20.03,0
5131,2021-01-22,2,CLEANING,161.946,12,Pichincha,D,3,824,54.31,20.03,0
2941,2021-01-22,2,GROCERY I,442.876,0,Pichincha,D,3,824,54.31,20.03,0
4401,2021-01-22,2,PRODUCE,210.062,0,Pichincha,D,3,824,54.31,20.03,0
6591,2021-01-22,3,BEVERAGES,598.067,0,Guayas,A,4,1359,54.31,20.03,0
8051,2021-01-22,3,CLEANING,273.121,7,Guayas,A,4,1359,54.31,20.03,0
5861,2021-01-22,3,GROCERY I,788.163,0,Guayas,A,4,1359,54.31,20.03,0
7321,2021-01-22,3,PRODUCE,343.178,0,Guayas,A,4,1359,54.31,20.03,0
9511,2021-01-22,5,BEVERAGES,217.344,0,Azuay,B,2,533,54.31,20.03,0
10971,2021-01-22,5,CLEANING,87.597,0,Azuay,B,2,533,54.31,20.03,0
8781,2021-01-22,5,GROCERY I,349.359,0,Azuay,B,2,533,54.31,20.03,0
10241,2021-01-22,5,PRODUCE,139.23,0,Azuay,B,2,533,54.31,20.03,0
12431,2021-01-22,8,BEVERAGES,384.527,0,Guayas,C,1,1065,54.31,20.03,0
13891,2021-01-22,8,CLEANING,156.329,0,Guayas,C,1,1065,54.31,20.03,0
11701,2021-01-22,8,GROCERY I,503.785,0,Guayas,C,1,1065,54.31,20.03,0
13161,2021-01-22,8,PRODUCE,289.311,0,Guayas,C,1,1065,54.31,20.03,0
752,2021-01-23,1,BEVERAGES,490.019,0,Pichincha,D,2,1238,54.86,19.1,0
2212,2021-01-23,1,CLEANING,198.46,0,Pichincha,D,2,1238,54.86,19.1,0
22,2021-01-23,1,GROCERY I,898.704,18,Pichincha,D,2,1238,54.86,19.1,0
1482,2021-01-23,1,PRODUCE,292.85,0,Pichincha,D,2,1238,54.86,19.1,0
3672,2021-01-23,2,BEVERAGES,367.165,0,Pichincha,D,3,1055,54.86,19.1,0
5132,2021-01-23,2,CLEANING,177.475,0,Pichincha,D,3,1055,54.86,19.1,0
2942,2021-01-23,2,GROCERY I,511.228,0,Pichincha,D,3,1055,54.86,19.1,0
4402,2021-01-23,2,PRODUCE,257.072,0,Pichincha,D,3,1055,54.86,19.1,0
6592,2021-01-23,3,BEVERAGES,546.957,0,Guayas,A,4,1709,54.86,19.1,0
8052,2021-01-23,3,CLEANING,282.826,0,Guayas,A,4,1709,54.86,19.1,0
5862,2021-01-23,3,GROCERY I,924.566,0,Guayas,A,4,1709,54.86,19.1,0
7322,2021-01-23,3,PRODUCE,416.818,0,Guayas,A,4,1709,54.86,19.1,0
9512,2021-01-23,5,BEVERAGES,323.29,8,Azuay,B,2,684,54.86,19.1,0
10972,2021-01-23,5,CLEANING,106.642,0,Azuay,B,2,684,54.86,19.1,0
8782,2021-01-23,5,GROCERY I,442.714,0,Azuay,B,2,684,54.86,19.1,0
10242,2021-01-23,5,PRODUCE,195.396,0,Azuay,B,2,684,54.86,19.1,0
12432,2021-01-23,8,BEVERAGES,472.103,0,Guayas,C,1,1250,54.86,19.1,0
13892,2021-01-23,8,CLEANING,228.162,0,Guayas,C,1,1250,54.86,19.1,0
11702,2021-01-23,8,GROCERY I,709.324,0,Guayas,C,1,1250,54.86,19.1,0
13162,2021-01-23,8,PRODUCE,335.716,0,Guayas,C,1,1250,54.86,19.1,0
753,2021-01-24,1,BEVERAGES,426.035,16,Pichincha,D,2,1104,54.79,23.46,0
2213,2021-01-24,1,CLEANING,168.352,0,Pichincha,D,2,1104,54.79,23.46,0
23,2021-01-24,1,GROCERY I,564.019,0,Pichincha,D,2,1104,54.79,23.46,0
1483,2021-01-24,1,PRODUCE,257.284,0,Pichincha,D,2,1104,54.79,23.46,0
3673,2021-01-24,2,BEVERAGES,306.739,0,Pichincha,D,3,896,54.79,23.46,0
5133,2021-01-24,2,CLEANING,137.537,0,Pichincha,D,3,896,54.79,23.46,0
2943,2021-01-24,2,GROCERY I,486.53,0,Pichincha,D,3,896,54.79,23.46,0
4403,2021-01-24,2,PRODUCE,207.286,0,Pichincha,D,3,896,54.79,23.46,0
6593,2021-01-24,3,BEVERAGES,588.196,0,Guayas,A,4,1516,54.79,23.46,0
8053,2021-01-24,3,CLEANING,198.789,0,Guayas,A,4,1516,54.79,23.46,0
5863,2021-01-24,3,GROCERY I,904.248,0,Guayas,A,4,1516,54.79,23.46,0
7323,2021-01-24,3,PRODUCE,328.64,0,Guayas,A,4,1516,54.79,23.46,0
9513,2021-01-24,5,BEVERAGES,235.464,0,Azuay,B,2,621,54.79,23.46,0
10973,2021-01-24,5,CLEANING,91.786,0,Azuay,B,2,621,54.79,23.46,0
8783,2021-01-24,5,GROCERY I,338.576,0,Azuay,B,2,621,54.79,23.46,0
10243,2021-01-24,5,PRODUCE,178.374,4,Azuay,B,2,621,54.79,23.46,0
12433,2021-01-24,8,BEVERAGES,484.597,0,Guayas,C,1,1149,54.79,23.46,0
13893,2021-01-24,8,CLEANING,141.27,0,Guayas,C,1,1149,54.79,23.46,0
11703,2021-01-24,8,GROCERY I,676.441,0,Guayas,C,1,1149,54.79,23.46,0
13163,2021-01-24,8,PRODUCE,372.81,10,Guayas,C,1,1149,54.79,23.46,0
754,2021-01-25,1,BEVERAGES,379.369,7,Pichincha,D,2,798,54.6,23.16,0
2214,2021-01-25,1,CLEANING,119.289,0,Pichincha,D,2,798,54.6,23.16,0
24,2021-01-25,1,GROCERY I,634.005,18,Pichincha,D,2,798,54.6,23.16,0
1484,2021-01-25,1,PRODUCE,221.88,0,Pichincha,D,2,798,54.6,23.16,0
3674,2021-01-25,2,BEVERAGES,250.731,0,Pichincha,D,3,668,54.6,23.16,0
5134,2021-01-25,2,CLEANING,121.192,14,Pichincha,D,3,668,54.6,23.16,0
2944,2021-01-25,2,GROCERY I,397.083,0,Pichincha,D,3,668,54.6,23.16,0
4404,2021-01-25,2,PRODUCE,180.513,0,Pichincha,D,3,668,54.6,23.16,0
6594,2021-01-25,3,BEVERAGES,386.941,0,Guayas,A,4,1121,54.6,23.16,0
8054,2021-01-25,3,CLEANING,191.715,0,Guayas,A,4,1121,54.6,23.16,0
5864,2021-01-25,3,GROCERY I,617.882,0,Guayas,A,4,1121,54.6,23.16,0
7324,2021-01-25,3,PRODUCE,248.333,0,Guayas,A,4,1121,54.6,23.16,0
9514,2021-01-25,5,BEVERAGES,162.027,0,Azuay,B,2,564,54.6,23.16,0
10974,2021-01-25,5,CLEANING,79.636,0,Azuay,B,2,564,54.6,23.16,0
8784,2021-01-25,5,GROCERY I,234.97,0,Azuay,B,2,564,54.6,23.16,0
10244,2021-01-25,5,PRODUCE,117.121,0,Azuay,B,2,564,54.6,23.16,0
12434,2021-01-25,8,BEVERAGES,353.64,0,Guayas,C,1,944,54.6,23.16,0
13894,2021-01-25,8,CLEANING,134.512,0,Guayas,C,1,944,54.6,23.16,0
11704,2021-01-25,8,GROCERY I,506.891,0,Guayas,C,1,944,54.6,23.16,0
13164,2021-01-25,8,PRODUCE,229.875,0,Guayas,C,1,944,54.6,23.16,0
755,2021-01-26,1,BEVERAGES,425.044,22,Pichincha,D,2,837,54.44,22.32,0
2215,2021-01-26,1,CLEANING,132.855,0,Pichincha,D,2,837,54.44,22.32,0
25,2021-01-26,1,GROCERY I,418.003,0,Pichincha,D,2,837,54.44,22.32,0
1485,2021-01-26,1,PRODUCE,214.125,0,Pichincha,D,2,837,54.44,22.32,0
3675,2021-01-26,2,BEVERAGES,226.328,0,Pichincha,D,3,724,54.44,22.32,0
5135,2021-01-26,2,CLEANING,94.881,0,Pichincha,D,3,724,54.44,22.32,0
2945,2021-01-26,2,GROCERY I,369.753,0,Pichincha,D,3,724,54.44,22.32,0
4405,2021-01-26,2,PRODUCE,157.409,0,Pichincha,D,3,724,54.44,22.32,0
6595,2021-01-26,3,BEVERAGES,436.82,0,Guayas,A,4,1045,54.44,22.32,0
8055,2021-01-26,3,CLEANING,162.955,0,Guayas,A,4,1045,54.44,22.32,0
5865,2021-01-26,3,GROCERY I,598.976,0,Guayas,A,4,1045,54.44,22.32,0
7325,2021-01-26,3,PRODUCE,262.379,0,Guayas,A,4,1045,54.44,22.32,0
9515,2021-01-26,5,BEVERAGES,177.44,0,Azuay,B,2,521,54.44,22.32,0
10975,2021-01-26,5,CLEANING,59.038,0,Azuay,B,2,521,54.44,22.32,0
8785,2021-01-26,5,GROCERY I,231.131,0,Azuay,B,2,521,54.44,22.32,0
10245,2021-01-26,5,PRODUCE,112.413,0,Azuay,B,2,521,54.44,22.32,0
12435,2021-01-26,8,BEVERAGES,332.329,0,Guayas,C,1,891,54.44,22.32,0
13895,2021-01-26,8,CLEANING,128.771,0,Guayas,C,1,891,54.44,22.32,0
11705,2021-01-26,8,GROCERY I,521.297,0,Guayas,C,1,891,54.44,22.32,0
13165,2021-01-26,8,PRODUCE,250.766,0,Guayas,C,1,891,54.44,22.32,0
756,2021-01-27,1,BEVERAGES,305.695,0,Pichincha,D,2,755,54.68,19.5,0
2216,2021-01-27,1,CLEANING,116.243,0,Pichincha,D,2,755,54.68,19.5,0
26,2021-01-27,1,GROCERY I,506.952,0,Pichincha,D,2,755,54.68,19.5,0
1486,2021-01-27,1,PRODUCE,166.343,0,Pichincha,D,2,755,54.68,19.5,0
3676,2021-01-27,2,BEVERAGES,290.357,0,Pichincha,D,3,698,54.68,19.5,0
5136,2021-01-27,2,CLEANING,100.693,0,Pichincha,D,3,698,54.68,19.5,0
2946,2021-01-27,2,GROCERY I,436.428,0,Pichincha,D,3,698,54.68,19.5,0
4406,2021-01-27,2,PRODUCE,165.853,0,Pichincha,D,3,698,54.68,19.5,0
6596,2021-01-27,3,BEVERAGES,429.57,0,Guayas,A,4,1150,54.68,19.5,0
8056,2021-01-27,3,CLEANING,154.727,0,Guayas,A,4,1150,54.68,19.5,0
5866,2021-01-27,3,GROCERY I,665.796,0,Guayas,A,4,1150,54.68,19.5,0
7326,2021-01-27,3,PRODUCE,284.159,0,Guayas,A,4,1150,54.68,19.5,0
9516,2021-01-27,5,BEVERAGES,195.387,0,Azuay,B,2,413,54.68,19.5,0
10976,2021-01-27,5,CLEANING,90.673,19,Azuay,B,2,413,54.68,19.5,0
8786,2021-01-27,5,GROCERY I,316.285,1,Azuay,B,2,413,54.68,19.5,0
10246,2021-01-27,5,PRODUCE,130.802,0,Azuay,B,2,413,54.68,19.5,0
12436,2021-01-27,8,BEVERAGES,397.682,0,Guayas,C,1,944,54.68,19.5,0
13896,2021-01-27,8,CLEANING,171.616,18,Guayas,C,1,944,54.68,19.5,0
11706,2021-01-27,8,GROCERY I,445.04,0,Guayas,C,1,944,54.68,19.5,0
13166,2021-01-27,8,PRODUCE,223.13,0,Guayas,C,1,944,54.68,19.5,0
757,2021-01-28,1,BEVERAGES,292.677,0,Pichincha,D,2,877,54.85,22.06,0
2217,2021-01-28,1,CLEANING,147.857,0,Pichincha,D,2,877,54.85,22.06,0
27,2021-01-28,1,GROCERY I,427.603,0,Pichincha,D,2,877,54.85,22.06,0
1487,2021-01-28,1,PRODUCE,263.796,0,Pichincha,D,2,877,54.85,22.06,0
3677,2021-01-28,2,BEVERAGES,307.033,8,Pichincha,D,3,722,54.85,22.06,0
5137,2021-01-28,2,CLEANING,103.023,0,Pichincha,D,3,722,54.85,22.06,0
2947,2021-01-28,2,GROCERY I,424.011,0,Pichincha,D,3,722,54.85,22.06,0
4407,2021-01-28,2,PRODUCE,220.918,12,Pichincha,D,3,722,54.85,22.06,0
6597,2021-01-28,3,BEVERAGES,447.041,0,Guayas,A,4,1089,54.85,22.06,0
8057,2021-01-28,3,CLEANING,182.637,0,Guayas,A,4,1089,54.85,22.06,0
5867,2021-01-28,3,GROCERY I,717.795,0,Guayas,A,4,1089,54.85,22.06,0
7327,2021-01-28,3,PRODUCE,303.577,0,Guayas,A,4,1089,54.85,22.06,0
9517,2021-01-28,5,BEVERAGES,175.038,21,Azuay,B,2,498,54.85,22.06,0
10977,2021-01-28,5,CLEANING,77.878,0,Azuay,B,2,498,54.85,22.06,0
8787,2021-01-28,5,GROCERY I,298.397,0,Azuay,B,2,498,54.85,22.06,0
10247,2021-01-28,5,PRODUCE,139.163,0,Azuay,B,2,498,54.85,22.06,0
12437,2021-01-28,8,BEVERAGES,313.299,0,Guayas,C,1,965,54.85,22.06,0
13897,2021-01-28,8,CLEANING,139.75,0,Guayas,C,1,965,54.85,22.06,0
11707,2021-01-28,8,GROCERY I,521.276,0,Guayas,C,1,965,54.85,22.06,0
13167,2021-01-28,8,PRODUCE,0.0,0,Guayas,C,1,965,54.85,22.06,0
758,2021-01-29,1,BEVERAGES,386.271,0,Pichincha,D,2,1025,55.03,21.83,0
2218,2021-01-29,1,CLEANING,147.956,0,Pichincha,D,2,1025,55.03,21.83,0
28,2021-01-29,1,GROCERY I,632.508,0,Pichincha,D,2,1025,55.03,21.83,0
1488,2021-01-29,1,PRODUCE,276.94,0,Pichincha,D,2,1025,55.03,21.83,0
3678,2021-01-29,2,BEVERAGES,320.5,0,Pichincha,D,3,924,55.03,21.83,0
5138,2021-01-29,2,CLEANING,143.349,0,Pichincha,D,3,924,55.03,21.83,0
2948,2021-01-29,2,GROCERY I,467.5,0,Pichincha,D,3,924,55.03,21.83,0
4408,2021-01-29,2,PRODUCE,187.364,0,Pichincha,D,3,924,55.03,21.83,0
6598,2021-01-29,3,BEVERAGES,495.313,0,Guayas,A,4,1383,55.03,21.83,0
8058,2021-01-29,3,CLEANING,255.232,7,Guayas,A,4,1383,55.03,21.83,0
5868,2021-01-29,3,GROCERY I,727.906,0,Guayas,A,4,1383,55.03,21.83,0
7328,2021-01-29,3,PRODUCE,283.06,0,Guayas,A,4,1383,55.03,21.83,0
9518,2021-01-29,5,BEVERAGES,214.535,0,Azuay,B,2,550,55.03,21.83,0
10978,2021-01-29,5,CLEANING,79.373,0,Azuay,B,2,550,55.03,21.83,0
8788,2021-01-29,5,GROCERY I,323.066,0,Azuay,B,2,550,55.03,21.83,0
10248,2021-01-29,5,PRODUCE,158.277,0,Azuay,B,2,550,55.03,21.83,0
12438,2021-01-29,8,BEVERAGES,0.0,0,Guayas,C,1,1100,55.03,21.83,0
13898,2021-01-29,8,CLEANING,234.73,16,Guayas,C,1,1100,55.03,21.83,0
11708,2021-01-29,8,GROCERY I,697.012,0,Guayas,C,1,1100,55.03,21.83,0
13168,2021-01-29,8,PRODUCE,335.647,0,Guayas,C,1,1100,55.03,21.83,0
759,2021-01-30,1,BEVERAGES,431.783,0,Pichincha,D,2,1198,55.23,21.62,0
2219,2021-01-30,1,CLEANING,180.935,0,Pichincha,D,2,1198,55.23,21.62,0
29,2021-01-30,1,GROCERY I,672.581,0,Pichincha,D,2,1198,55.23,21.62,0
1489,2021-01-30,1,PRODUCE,340.03,0,Pichincha,D,2,1198,55.23,21.62,0
3679,2021-01-30,2,BEVERAGES,346.769,0,Pichincha,D,3,959,55.23,21.62,0
5139,2021-01-30,2,CLEANING,172.501,0,Pichincha,D,3,959,55.23,21.62,0
2949,2021-01-30,2,GROCERY I,609.297,0,Pichincha,D,3,959,55.23,21.62,0
4409,2021-01-30,2,PRODUCE,213.396,0,Pichincha,D,3,959,55.23,21.62,0
6599,2021-01-30,3,BEVERAGES,594.037,0,Guayas,A,4,1653,55.23,21.62,0
8059,2021-01-30,3,CLEANING,271.554,10,Guayas,A,4,1653,55.23,21.62,0
5869,2021-01-30,3,GROCERY I,1021.005,0,Guayas,A,4,1653,55.23,21.62,0
7329,2021-01-30,3,PRODUCE,363.231,0,Guayas,A,4,1653,55.23,21.62,0
9519,2021-01-30,5,BEVERAGES,216.434,0,Azuay,B,2,734,55.23,21.62,0
10979,2021-01-30,5,CLEANING,138.579,7,Azuay,B,2,734,55.23,21.62,0
8789,2021-01-30,5,GROCERY I,388.235,0,Azuay,B,2,734,55.23,21.62,0
10249,2021-01-30,5,PRODUCE,201.68,0,Azuay,B,2,734,55.23,21.62,0
12439,2021-01-30,8,BEVERAGES,612.625,21,Guayas,C,1,1325,55.23,21.62,0
13899,2021-01-30,8,CLEANING,202.524,0,Guayas,C,1,1325,55.23,21.62,0
11709,2021-01-30,8,GROCERY I,661.685,0,Guayas,C,1,1325,55.23,21.62,0
13169,2021-01-30,8,PRODUCE,380.903,0,Guayas,C,1,1325,55.23,21.62,0
760,2021-01-31,1,BEVERAGES,344.095,0,Pichincha,D,2,1071,56.19,22.82,0
2220,2021-01-31,1,CLEANING,148.837,0,Pichincha,D,2,1071,56.19,22.82,0
30,2021-01-31,1,GROCERY I,552.839,0,Pichincha,D,2,1071,56.19,22.82,0
1490,2021-01-31,1,PRODUCE,275.625,0,Pichincha,D,2,1071,56.19,22.82,0
3680,2021-01-31,2,BEVERAGES,349.061,0,Pichincha,D,3,968,56.19,22.82,0
5140,2021-01-31,2,CLEANING,116.851,0,Pichincha,D,3,968,56.19,22.82,0
2950,2021-01-31,2,GROCERY I,610.964,22,Pichincha,D,3,968,56.19,22.82,0
4410,2021-01-31,2,PRODUCE,247.415,0,Pichincha,D,3,968,56.19,22.82,0
6600,2021-01-31,3,BEVERAGES,605.012,21,Guayas,A,4,1505,56.19,22.82,0
8060,2021-01-31,3,CLEANING,200.375,0,Guayas,A,4,1505,56.19,22.82,0
5870,2021-01-31,3,GROCERY I,782.665,0,Guayas,A,4,1505,56.19,22.82,0
7330,2021-01-31,3,PRODUCE,414.66,0,Guayas,A,4,1505,56.19,22.82,0
9520,2021-01-31,5,BEVERAGES,208.089,0,Azuay,B,2,684,56.19,22.82,0
10980,2021-01-31,5,CLEANING,97.757,0,Azuay,B,2,684,56.19,22.82,0
8790,2021-01-31,5,GROCERY I,441.294,8,Azuay,B,2,684,56.19,22.82,0
10250,2021-01-31,5,PRODUCE,177.866,0,Azuay,B,2,684,56.19,22.82,0
12440,2021-01-31,8,BEVERAGES,515.642,5,Guayas,C,1,1198,56.19,22.82,0
13900,2021-01-31,8,CLEANING,163.946,0,Guayas,C,1,1198,56.19,22.82,0
11710,2021-01-31,8,GROCERY I,652.703,0,Guayas,C,1,1198,56.19,22.82,0
13170,2021-01-31,8,PRODUCE,301.098,0,Guayas,C,1,1198,56.19,22.82,0
761,2021-02-01,1,BEVERAGES,328.221,0,Pichincha,D,2,808,56.01,22.03,0
2221,2021-02-01,1,CLEANING,118.702,0,Pichincha,D,2,808,56.01,22.03,0
31,2021-02-01,1,GROCERY I,468.709,0,Pichincha,D,2,808,56.01,22.03,0
1491,2021-02-01,1,PRODUCE,182.52,0,Pichincha,D,2,808,56.01,22.03,0
3681,2021-02-01,2,BEVERAGES,269.359,0,Pichincha,D,3,671,56.01,22.03,0
5141,2021-02-01,2,CLEANING,106.328,0,Pichincha,D,3,671,56.01,22.03,0
2951,2021-02-01,2,GROCERY I,392.837,0,Pichincha,D,3,671,56.01,22.03,0
4411,2021-02-01,2,PRODUCE,167.373,0,Pichincha,D,3,671,56.01,22.03,0
6601,2021-02-01,3,BEVERAGES,416.409,0,Guayas,A,4,1191,56.01,22.03,0
8061,2021-02-01,3,CLEANING,200.242,0,Guayas,A,4,1191,56.01,22.03,0
5871,2021-02-01,3,GROCERY I,787.335,13,Guayas,A,4,1191,56.01,22.03,0
7331,2021-02-01,3,PRODUCE,354.177,4,Guayas,A,4,1191,56.01,22.03,0
9521,2021-02-01,5,BEVERAGES,200.791,5,Azuay,B,2,545,56.01,22.03,0
10981,2021-02-01,5,CLEANING,73.93,0,Azuay,B,2,545,56.01,22.03,0
8791,2021-02-01,5,GROCERY I,335.164,24,Azuay,B,2,545,56.01,22.03,0
10251,2021-02-01,5,PRODUCE,105.138,0,Azuay,B,2,545,56.01,22.03,0
12441,2021-02-01,8,BEVERAGES,282.089,0,Guayas,C,1,850,56.01,22.03,0
13901,2021-02-01,8,CLEANING,129.453,0,Guayas,C,1,850,56.01,22.03,0
11711,2021-02-01,8,GROCERY I,498.482,0,Guayas,C,1,850,56.01,22.03,0
13171,2021-02-01,8,PRODUCE,250.132,0,Guayas,C,1,850,56.01,22.03,0
762,2021-02-02,1,BEVERAGES,325.793,0,Pichincha,D,2,751,55.78,22.24,0
2222,2021-02-02,1,CLEANING,119.366,0,Pichincha,D,2,751,55.78,22.24,0
32,2021-02-02,1,GROCERY I,469.782,0,Pichincha,D,2,751,55.78,22.24,0
1492,2021-02-02,1,PRODUCE,222.83,0,Pichincha,D,2,751,55.78,22.24,0
3682,2021-02-02,2,BEVERAGES,251.403,0,Pichincha,D,3,689,55.78,22.24,0
5142,2021-02-02,2,CLEANING,102.165,0,Pichincha,D,3,689,55.78,22.24,0
2952,2021-02-02,2,GROCERY I,418.88,0,Pichincha,D,3,689,55.78,22.24,0
4412,2021-02-02,2,PRODUCE,204.961,0,Pichincha,D,3,689,55.78,22.24,0
6602,2021-02-02,3,BEVERAGES,392.411,0,Guayas,A,4,1037,55.78,22.24,0
8062,2021-02-02,3,CLEANING,171.524,0,Guayas,A,4,1037,55.78,22.24,0
5872,2021-02-02,3,GROCERY I,655.128,0,Guayas,A,4,1037,55.78,22.24,0
7332,2021-02-02,3,PRODUCE,283.11,0,Guayas,A,4,1037,55.78,22.24,0
9522,2021-02-02,5,BEVERAGES,168.673,0,Azuay,B,2,492,55.78,22.24,0
10982,2021-02-02,5,CLEANING,55.676,0,Azuay,B,2,492,55.78,22.24,0
8792,2021-02-02,5,GROCERY I,252.324,0,Azuay,B,2,492,55.78,22.24,0
10252,2021-02-02,5,PRODUCE,126.839,0,Azuay,B,2,492,55.78,22.24,0
12442,2021-02-02,8,BEVERAGES,353.435,0,Guayas,C,1,737,55.78,22.24,0
13902,2021-02-02,8,CLEANING,130.147,0,Guayas,C,1,737,55.78,22.24,0
11712,2021-02-02,8,GROCERY I,632.351,13,Guayas,C,1,737,55.78,22.24,0
13172,2021-02-02,8,PRODUCE,327.95,22,Guayas,C,1,737,55.78,22.24,0
763,2021-02-03,1,BEVERAGES,360.265,4,Pichincha,D,2,802,55.41,22.17,0
2223,2021-02-03,1,CLEANING,99.522,0,Pichincha,D,2,802,55.41,22.17,0
33,2021-02-03,1,GROCERY I,449.454,0,Pichincha,D,2,802,55.41,22.17,0
1493,2021-02-03,1,PRODUCE,204.633,0,Pichincha,D,2,802,55.41,22.17,0
3683,2021-02-03,2,BEVERAGES,225.646,0,Pichincha,D,3,669,55.41,22.17,0
5143,2021-02-03,2,CLEANING,96.935,0,Pichincha,D,3,669,55.41,22.17,0
2953,2021-02-03,2,GROCERY I,353.867,0,Pichincha,D,3,669,55.41,22.17,0
4413,2021-02-03,2,PRODUCE,207.765,0,Pichincha,D,3,669,55.41,22.17,0
6603,2021-02-03,3,BEVERAGES,508.195,12,Guayas,A,4,1112,55.41,22.17,0
8063,2021-02-03,3,CLEANING,194.634,0,Guayas,A,4,1112,55.41,22.17,0
5873,2021-02-03,3,GROCERY I,682.314,0,Guayas,A,4,1112,55.41,22.17,0
7333,2021-02-03,3,PRODUCE,312.014,9,Guayas,A,4,1112,55.41,22.17,0
9523,2021-02-03,5,BEVERAGES,180.069,0,Azuay,B,2,472,55.41,22.17,0
10983,2021-02-03,5,CLEANING,79.366,0,Azuay,B,2,472,55.41,22.17,0
8793,2021-02-03,5,GROCERY I,245.349,0,Azuay,B,2,472,55.41,22.17,0
10253,2021-02-03,5,PRODUCE,119.478,0,Azuay,B,2,472,55.41,22.17,0
12443,2021-02-03,8,BEVERAGES,310.185,0,Guayas,C,1,917,55.41,22.17,0
13903,2021-02-03,8,CLEANING,181.297,8,Guayas,C,1,917,55.41,22.17,0
11713,2021-02-03,8,GROCERY I,533.336,0,Guayas,C,1,917,55.41,22.17,0
13173,2021-02-03,8,PRODUCE,206.673,0,Guayas,C,1,917,55.41,22.17,0
764,2021-02-04,1,BEVERAGES,311.207,0,Pichincha,D,2,814,55.69,21.82,0
2224,2021-02-04,1,CLEANING,132.256,0,Pichincha,D,2,814,55.69,21.82,0
34,2021-02-04,1,GROCERY I,638.879,23,Pichincha,D,2,814,55.69,21.82,0
1494,2021-02-04,1,PRODUCE,292.568,23,Pichincha,D,2,814,55.69,21.82,0
3684,2021-02-04,2,BEVERAGES,299.869,16,Pichincha,D,3,693,55.69,21.82,0
5144,2021-02-04,2,CLEANING,114.923,0,Pichincha,D,3,693,55.69,21.82,0
2954,2021-02-04,2,GROCERY I,409.085,0,Pichincha,D,3,693,55.69,21.82,0
4414,2021-02-04,2,PRODUCE,178.576,0,Pichincha,D,3,693,55.69,21.82,0
6604,2021-02-04,3,BEVERAGES,379.109,0,Guayas,A,4,1140,55.69,21.82,0
8064,2021-02-04,3,CLEANING,175.273,0,Guayas,A,4,1140,55.69,21.82,0
5874,2021-02-04,3,GROCERY I,691.633,0,Guayas,A,4,1140,55.69,21.82,0
7334,2021-02-04,3,PRODUCE,308.048,0,Guayas,A,4,1140,55.69,21.82,0
9524,2021-02-04,5,BEVERAGES,199.708,0,Azuay,B,2,514,55.69,21.82,0
10984,2021-02-04,5,CLEANING,79.021,0,Azuay,B,2,514,55.69,21.82,0
8794,2021-02-04,5,GROCERY I,310.306,0,Azuay,B,2,514,55.69,21.82,0
10254,2021-02-04,5,PRODUCE,116.231,0,Azuay,B,2,514,55.69,21.82,0
12444,2021-02-04,8,BEVERAGES,400.581,1,Guayas,C,1,961,55.69,21.82,0
13904,2021-02-04,8,CLEANING,159.989,0,Guayas,C,1,961,55.69,21.82,0
11714,2021-02-04,8,GROCERY I,550.988,0,Guayas,C,1,961,55.69,21.82,0
13174,2021-02-04,8,PRODUCE,225.846,0,Guayas,C,1,961,55.69,21.82,0
765,2021-02-05,1,BEVERAGES,429.532,23,Pichincha,D,2,1033,56.2,18.92,0
2225,2021-02-05,1,CLEANING,154.243,0,Pichincha,D,2,1033,56.2,18.92,0
35,2021-02-05,1,GROCERY I,565.483,0,Pichincha,D,2,1033,56.2,18.92,0
1495,2021-02-05,1,PRODUCE,327.137,7,Pichincha,D,2,1033,56.2,18.92,0
3685,2021-02-05,2,BEVERAGES,363.314,0,Pichincha,D,3,925,56.2,18.92,0
5145,2021-02-05,2,CLEANING,149.675,0,Pichincha,D,3,925,56.2,18.92,0
2955,2021-02-05,2,GROCERY I,540.726,0,Pichincha,D,3,925,56.2,18.92,0
4415,2021-02-05,2,PRODUCE,270.989,0,Pichincha,D,3,925,56.2,18.92,0
6605,2021-02-05,3,BEVERAGES,520.608,0,Guayas,A,4,1362,56.2,18.92,0
8065,2021-02-05,3,CLEANING,202.156,0,Guayas,A,4,1362,56.2,18.92,0
5875,2021-02-05,3,GROCERY I,885.999,15,Guayas,A,4,1362,56.2,18.92,0
7335,2021-02-05,3,PRODUCE,356.246,0,Guayas,A,4,1362,56.2,18.92,0
9525,2021-02-05,5,BEVERAGES,226.197,0,Azuay,B,2,642,56.2,18.92,0
10985,2021-02-05,5,CLEANING,96.02,0,Azuay,B,2,642,56.2,18.92,0
8795,2021-02-05,5,GROCERY I,374.373,0,Azuay,B,2,642,56.2,18.92,0
10255,2021-02-05,5,PRODUCE,152.289,0,Azuay,B,2,642,56.2,18.92,0
12445,2021-02-05,8,BEVERAGES,408.428,0,Guayas,C,1,1191,56.2,18.92,0
13905,2021-02-05,8,CLEANING,157.844,0,Guayas,C,1,1191,56.2,18.92,0
11715,2021-02-05,8,GROCERY I,636.474,0,Guayas,C,1,1191,56.2,18.92,0
13175,2021-02-05,8,PRODUCE,284.041,0,Guayas,C,1,1191,56.2,18.92,0
766,2021-02-06,1,BEVERAGES,454.857,0,Pichincha,D,2,1176,56.15,21.6,0
2226,2021-02-06,1,CLEANING,207.104,0,Pichincha,D,2,1176,56.15,21.6,0
36,2021-02-06,1,GROCERY I,753.79,0,Pichincha,D,2,1176,56.15,21.6,0
1496,2021-02-06,1,PRODUCE,334.228,0,Pichincha,D,2,1176,56.15,21.6,0
3686,2021-02-06,2,BEVERAGES,428.739,18,Pichincha,D,3,1127,56.15,21.6,0
5146,2021-02-06,2,CLEANING,170.947,0,Pichincha,D,3,1127,56.15,21.6,0
2956,2021-02-06,2,GROCERY I,600.54,0,Pichincha,D,3,1127,56.15,21.6,0
4416,2021-02-06,2,PRODUCE,290.398,0,Pichincha,D,3,1127,56.15,21.6,0
6606,2021-02-06,3,BEVERAGES,692.149,0,Guayas,A,4,1686,56.15,21.6,0
8066,2021-02-06,3,CLEANING,221.151,0,Guayas,A,4,1686,56.15,21.6,0
5876,2021-02-06,3,GROCERY I,800.368,0,Guayas,A,4,1686,56.15,21.6,0
7336,2021-02-06,3,PRODUCE,416.525,0,Guayas,A,4,1686,56.15,21.6,0
9526,2021-02-06,5,BEVERAGES,280.336,0,Azuay,B,2,843,56.15,21.6,0
10986,2021-02-06,5,CLEANING,77.016,0,Azuay,B,2,843,56.15,21.6,0
8796,2021-02-06,5,GROCERY I,370.299,0,Azuay,B,2,843,56.15,21.6,0
10256,2021-02-06,5,PRODUCE,199.914,0,Azuay,B,2,843,56.15,21.6,0
12446,2021-02-06,8,BEVERAGES,494.443,0,Guayas,C,1,1382,56.15,21.6,0
13906,2021-02-06,8,CLEANING,196.487,0,Guayas,C,1,1382,56.15,21.6,0
11716,2021-02-06,8,GROCERY I,786.24,0,Guayas,C,1,1382,56.15,21.6,0
13176,2021-02-06,8,PRODUCE,365.324,0,Guayas,C,1,1382,56.15,21.6,0
767,2021-02-07,1,BEVERAGES,385.083,0,Pichincha,D,2,1106,55.77,20.77,0
2227,2021-02-07,1,CLEANING,176.571,0,Pichincha,D,2,1106,55.77,20.77,0
37,2021-02-07,1,GROCERY I,653.041,0,Pichincha,D,2,1106,55.77,20.77,0
1497,2021-02-07,1,PRODUCE,326.687,5,Pichincha,D,2,1106,55.77,20.77,0
3687,2021-02-07,2,BEVERAGES,351.108,0,Pichincha,D,3,903,55.77,20.77,0
5147,2021-02-07,2,CLEANING,156.086,0,Pichincha,D,3,903,55.77,20.77,0
2957,2021-02-07,2,GROCERY I,606.254,10,Pichincha,D,3,903,55.77,20.77,0
4417,2021-02-07,2,PRODUCE,221.902,0,Pichincha,D,3,903,55.77,20.77,0
6607,2021-02-07,3,BEVERAGES,593.207,0,Guayas,A,4,1435,55.77,20.77,0
8067,2021-02-07,3,CLEANING,249.258,0,Guayas,A,4,1435,55.77,20.77,0
5877,2021-02-07,3,GROCERY I,1015.362,9,Guayas,A,4,1435,55.77,20.77,0
7337,2021-02-07,3,PRODUCE,336.968,0,Guayas,A,4,1435,55.77,20.77,0
9527,2021-02-07,5,BEVERAGES,209.946,0,Azuay,B,2,591,55.77,20.77,0
10987,2021-02-07,5,CLEANING,92.842,0,Azuay,B,2,591,55.77,20.77,0
8797,2021-02-07,5,GROCERY I,346.978,0,Azuay,B,2,591,55.77,20.77,0
10257,2021-02-07,5,PRODUCE,186.623,0,Azuay,B,2,591,55.77,20.77,0
12447,2021-02-07,8,BEVERAGES,439.309,0,Guayas,C,1,1195,55.77,20.77,0
13907,2021-02-07,8,CLEANING,168.401,0,Guayas,C,1,1195,55.77,20.77,0
11717,2021-02-07,8,GROCERY I,677.549,0,Guayas,C,1,1195,55.77,20.77,0
13177,2021-02-07,8,PRODUCE,342.687,0,Guayas,C,1,1195,55.77,20.77,0
768,2021-02-08,1,BEVERAGES,289.441,0,Pichincha,D,2,784,55.4,19.83,0
2228,2021-02-08,1,CLEANING,125.024,0,Pichincha,D,2,784,55.4,19.83,0
38,2021-02-08,1,GROCERY I,490.325,0,Pichincha,D,2,784,55.4,19.83,0
1498,2021-02-08,1,PRODUCE,243.551,0,Pichincha,D,2,784,55.4,19.83,0
3688,2021-02-08,2,BEVERAGES,238.44,0,Pichincha,D,3,727,55.4,19.83,0
5148,2021-02-08,2,CLEANING,102.216,0,Pichincha,D,3,727,55.4,19.83,0
2958,2021-02-08,2,GROCERY I,341.543,0,Pichincha,D,3,727,55.4,19.83,0
4418,2021-02-08,2,PRODUCE,141.965,0,Pichincha,D,3,727,55.4,19.83,0
6608,2021-02-08,3,BEVERAGES,430.101,0,Guayas,A,4,1139,55.4,19.83,0
8068,2021-02-08,3,CLEANING,186.644,0,Guayas,A,4,1139,55.4,19.83,0
5878,2021-02-08,3,GROCERY I,722.682,0,Guayas,A,4,1139,55.4,19.83,0
7338,2021-02-08,3,PRODUCE,342.568,22,Guayas,A,4,1139,55.4,19.83,0
9528,2021-02-08,5,BEVERAGES,199.888,0,Azuay,B,2,574,55.4,19.83,0
10988,2021-02-08,5,CLEANING,66.668,0,Azuay,B,2,574,55.4,19.83,0
8798,2021-02-08,5,GROCERY I,299.592,0,Azuay,B,2,574,55.4,19.83,0
10258,2021-02-08,5,PRODUCE,113.855,0,Azuay,B,2,574,55.4,19.83,0
12448,2021-02-08,8,BEVERAGES,378.922,0,Guayas,C,1,907,55.4,19.83,0
13908,2021-02-08,8,CLEANING,173.806,24,Guayas,C,1,907,55.4,19.83,0
11718,2021-02-08,8,GROCERY I,538.314,0,Guayas,C,1,907,55.4,19.83,0
13178,2021-02-08,8,PRODUCE,230.416,0,Guayas,C,1,907,55.4,19.83,0
769,2021-02-09,1,BEVERAGES,351.531,0,Pichincha,D,2,776,55.69,24.04,0
2229,2021-02-09,1,CLEANING,120.766,0,Pichincha,D,2,776,55.69,24.04,0
39,2021-02-09,1,GROCERY I,446.625,0,Pichincha,D,2,776,55.69,24.04,0
1499,2021-02-09,1,PRODUCE,190.372,0,Pichincha,D,2,776,55.69,24.04,0
3689,2021-02-09,2,BEVERAGES,268.145,0,Pichincha,D,3,684,55.69,24.04,0
5149,2021-02-09,2,CLEANING,103.431,0,Pichincha,D,3,684,55.69,24.04,0
2959,2021-02-09,2,GROCERY I,369.5,17,Pichincha,D,3,684,55.69,24.04,0
4419,2021-02-09,2,PRODUCE,226.027,14,Pichincha,D,3,684,55.69,24.04,0
6609,2021-02-09,3,BEVERAGES,607.898,21,Guayas,A,4,1125,55.69,24.04,0
8069,2021-02-09,3,CLEANING,199.554,19,Guayas,A,4,1125,55.69,24.04,0
5879,2021-02-09,3,GROCERY I,652.316,0,Guayas,A,4,1125,55.69,24.04,0
7339,2021-02-09,3,PRODUCE,338.347,0,Guayas,A,4,1125,55.69,24.04,0
9529,2021-02-09,5,BEVERAGES,121.114,0,Azuay,B,2,492,55.69,24.04,0
10989,2021-02-09,5,CLEANING,98.35,21,Azuay,B,2,492,55.69,24.04,0
8799,2021-02-09,5,GROCERY I,239.318,0,Azuay,B,2,492,55.69,24.04,0
10259,2021-02-09,5,PRODUCE,157.381,9,Azuay,B,2,492,55.69,24.04,0
12449,2021-02-09,8,BEVERAGES,363.531,0,Guayas,C,1,845,55.69,24.04,0
13909,2021-02-09,8,CLEANING,149.881,0,Guayas,C,1,845,55.69,24.04,0
11719,2021-02-09,8,GROCERY I,576.094,0,Guayas,C,1,845,55.69,24.04,0
13179,2021-02-09,8,PRODUCE,213.651,0,Guayas,C,1,845,55.69,24.04,0
770,2021-02-10,1,BEVERAGES,391.5,7,Pichincha,D,2,792,56.02,24.17,0
2230,2021-02-10,1,CLEANING,154.235,20,Pichincha,D,2,792,56.02,24.17,0
40,2021-02-10,1,GROCERY I,483.362,0,Pichincha,D,2,792,56.02,24.17,0
1500,2021-02-10,1,PRODUCE,262.732,0,Pichincha,D,2,792,56.02,24.17,0
3690,2021-02-10,2,BEVERAGES,236.478,0,Pichincha,D,3,775,56.02,24.17,0
5150,2021-02-10,2,CLEANING,98.414,0,Pichincha,D,3,775,56.02,24.17,0
2960,2021-02-10,2,GROCERY I,463.193,0,Pichincha,D,3,775,56.02,24.17,0
4420,2021-02-10,2,PRODUCE,179.377,0,Pichincha,D,3,775,56.02,24.17,0
6610,2021-02-10,3,BEVERAGES,480.149,4,Guayas,A,4,1175,56.02,24.17,0
8070,2021-02-10,3,CLEANING,161.67,0,Guayas,A,4,1175,56.02,24.17,0
5880,2021-02-10,3,GROCERY I,656.792,0,Guayas,A,4,1175,56.02,24.17,0
7340,2021-02-10,3,PRODUCE,285.346,0,Guayas,A,4,1175,56.02,24.17,0
9530,2021-02-10,5,BEVERAGES,200.801,0,Azuay,B,2,529,56.02,24.17,0
10990,2021-02-10,5,CLEANING,81.339,10,Azuay,B,2,529,56.02,24.17,0
8800,2021-02-10,5,GROCERY I,344.456,16,Azuay,B,2,529,56.02,24.17,0
10260,2021-02-10,5,PRODUCE,147.453,0,Azuay,B,2,529,56.02,24.17,0
12450,2021-02-10,8,BEVERAGES,329.373,0,Guayas,C,1,889,56.02,24.17,0
13910,2021-02-10,8,CLEANING,175.2,1,Guayas,C,1,889,56.02,24.17,0
11720,2021-02-10,8,GROCERY I,465.682,0,Guayas,C,1,889,56.02,24.17,0
13180,2021-02-10,8,PRODUCE,211.082,0,Guayas,C,1,889,56.02,24.17,0
771,2021-02-11,1,BEVERAGES,419.049,5,Pichincha,D,2,925,56.27,23.72,0
2231,2021-02-11,1,CLEANING,155.304,0,Pichincha,D,2,925,56.27,23.72,0
41,2021-02-11,1,GROCERY I,530.837,0,Pichincha,D,2,925,56.27,23.72,0
1501,2021-02-11,1,PRODUCE,278.512,0,Pichincha,D,2,925,56.27,23.72,0
3691,2021-02-11,2,BEVERAGES,244.165,0,Pichincha,D,3,641,56.27,23.72,0
5151,2021-02-11,2,CLEANING,114.526,0,Pichincha,D,3,641,56.27,23.72,0
2961,2021-02-11,2,GROCERY I,425.439,0,Pichincha,D,3,641,56.27,23.72,0
4421,2021-02-11,2,PRODUCE,197.091,0,Pichincha,D,3,641,56.27,23.72,0
6611,2021-02-11,3,BEVERAGES,436.886,0,Guayas,A,4,1182,56.27,23.72,0
8071,2021-02-11,3,CLEANING,203.378,0,Guayas,A,4,1182,56.27,23.72,0
5881,2021-02-11,3,GROCERY I,681.356,0,Guayas,A,4,1182,56.27,23.72,0
7341,2021-02-11,3,PRODUCE,334.693,0,Guayas,A,4,1182,56.27,23.72,0
9531,2021-02-11,5,BEVERAGES,209.958,0,Azuay,B,2,528,56.27,23.72,0
10991,2021-02-11,5,CLEANING,88.98,0,Azuay,B,2,528,56.27,23.72,0
8801,2021-02-11,5,GROCERY I,281.421,0,Azuay,B,2,528,56.27,23.72,0
10261,2021-02-11,5,PRODUCE,154.785,0,Azuay,B,2,528,56.27,23.72,0
12451,2021-02-11,8,BEVERAGES,338.448,0,Guayas,C,1,995,56.27,23.72,0
13911,2021-02-11,8,CLEANING,157.432,0,Guayas,C,1,995,56.27,23.72,0
11721,2021-02-11,8,GROCERY I,570.895,0,Guayas,C,1,995,56.27,23.72,0
13181,2021-02-11,8,PRODUCE,232.327,0,Guayas,C,1,995,56.27,23.72,0
772,2021-02-12,1,BEVERAGES,419.462,0,Pichincha,D,2,1036,55.97,22.24,0
2232,2021-02-12,1,CLEANING,150.889,0,Pichincha,D,2,1036,55.97,22.24,0
42,2021-02-12,1,GROCERY I,713.299,0,Pichincha,D,2,1036,55.97,22.24,0
1502,2021-02-12,1,PRODUCE,316.279,0,Pichincha,D,2,1036,55.97,22.24,0
3692,2021-02-12,2,BEVERAGES,297.623,0,Pichincha,D,3,885,55.97,22.24,0
5152,2021-02-12,2,CLEANING,137.314,0,Pichincha,D,3,885,55.97,22.24,0
2962,2021-02-12,2,GROCERY I,466.52,0,Pichincha,D,3,885,55.97,22.24,0
4422,2021-02-12,2,PRODUCE,221.037,0,Pichincha,D,3,885,55.97,22.24,0
6612,2021-02-12,3,BEVERAGES,455.401,0,Guayas,A,4,1383,55.97,22.24,0
8072,2021-02-12,3,CLEANING,216.144,0,Guayas,A,4,1383,55.97,22.24,0
5882,2021-02-12,3,GROCERY I,1016.959,11,Guayas,A,4,1383,55.97,22.24,0
7342,2021-02-12,3,PRODUCE,365.143,0,Guayas,A,4,1383,55.97,22.24,0
9532,2021-02-12,5,BEVERAGES,237.782,0,Azuay,B,2,676,55.97,22.24,0
10992,2021-02-12,5,CLEANING,101.42,0,Azuay,B,2,676,55.97,22.24,0
8802,2021-02-12,5,GROCERY I,307.127,0,Azuay,B,2,676,55.97,22.24,0
10262,2021-02-12,5,PRODUCE,108.947,0,Azuay,B,2,676,55.97,22.24,0
12452,2021-02-12,8,BEVERAGES,513.114,17,Guayas,C,1,1144,55.97,22.24,0
13912,2021-02-12,8,CLEANING,190.431,0,Guayas,C,1,1144,55.97,22.24,0
11722,2021-02-12,8,GROCERY I,602.979,0,Guayas,C,1,1144,55.97,22.24,0
13182,2021-02-12,8,PRODUCE,284.148,0,Guayas,C,1,1144,55.97,22.24,0
773,2021-02-13,1,BEVERAGES,499.117,0,Pichincha,D,2,1221,56.07,23.84,0
2233,2021-02-13,1,CLEANING,183.046,0,Pichincha,D,2,1221,56.07,23.84,0
43,2021-02-13,1,GROCERY I,783.777,0,Pichincha,D,2,1221,56.07,23.84,0
1503,2021-02-13,1,PRODUCE,369.249,0,Pichincha,D,2,1221,56.07,23.84,0
3693,2021-02-13,2,BEVERAGES,362.94,0,Pichincha,D,3,1013,56.07,23.84,0
5153,2021-02-13,2,CLEANING,212.307,7,Pichincha,D,3,1013,56.07,23.84,0
2963,2021-02-13,2,GROCERY I,610.052,0,Pichincha,D,3,1013,56.07,23.84,0
4423,2021-02-13,2,PRODUCE,243.174,0,Pichincha,D,3,1013,56.07,23.84,0
6613,2021-02-13,3,BEVERAGES,606.281,0,Guayas,A,4,1612,56.07,23.84,0
8073,2021-02-13,3,CLEANING,259.877,0,Guayas,A,4,1612,56.07,23.84,0
5883,2021-02-13,3,GROCERY I,886.99,0,Guayas,A,4,1612,56.07,23.84,0
7343,2021-02-13,3,PRODUCE,433.941,0,Guayas,A,4,1612,56.07,23.84,0
9533,2021-02-13,5,BEVERAGES,321.222,0,Azuay,B,2,753,56.07,23.84,0
10993,2021-02-13,5,CLEANING,114.434,0,Azuay,B,2,753,56.07,23.84,0
8803,2021-02-13,5,GROCERY I,586.257,21,Azuay,B,2,753,56.07,23.84,0
10263,2021-02-13,5,PRODUCE,227.108,0,Azuay,B,2,753,56.07,23.84,0
12453,2021-02-13,8,BEVERAGES,469.985,0,Guayas,C,1,1396,56.07,23.84,0
13913,2021-02-13,8,CLEANING,203.01,0,Guayas,C,1,1396,56.07,23.84,0
11723,2021-02-13,8,GROCERY I,930.608,0,Guayas,C,1,1396,56.07,23.84,0
13183,2021-02-13,8,PRODUCE,292.086,0,Guayas,C,1,1396,56.07,23.84,0
774,2021-02-14,1,BEVERAGES,396.82,0,Pichincha,D,2,1099,56.13,22.04,0
2234,2021-02-14,1,CLEANING,155.279,0,Pichincha,D,2,1099,56.13,22.04,0
44,2021-02-14,1,GROCERY I,846.941,22,Pichincha,D,2,1099,56.13,22.04,0
1504,2021-02-14,1,PRODUCE,290.264,0,Pichincha,D,2,1099,56.13,22.04,0
3694,2021-02-14,2,BEVERAGES,349.59,0,Pichincha,D,3,809,56.13,22.04,0
5154,2021-02-14,2,CLEANING,158.172,0,Pichincha,D,3,809,56.13,22.04,0
2964,2021-02-14,2,GROCERY I,477.734,0,Pichincha,D,3,809,56.13,22.04,0
4424,2021-02-14,2,PRODUCE,230.178,0,Pichincha,D,3,809,56.13,22.04,0
6614,2021-02-14,3,BEVERAGES,644.948,0,Guayas,A,4,1524,56.13,22.04,0
8074,2021-02-14,3,CLEANING,220.379,0,Guayas,A,4,1524,56.13,22.04,0
5884,2021-02-14,3,GROCERY I,920.62,0,Guayas,A,4,1524,56.13,22.04,0
7344,2021-02-14,3,PRODUCE,371.698,0,Guayas,A,4,1524,56.13,22.04,0
9534,2021-02-14,5,BEVERAGES,197.904,0,Azuay,B,2,616,56.13,22.04,0
10994,2021-02-14,5,CLEANING,109.201,0,Azuay,B,2,616,56.13,22.04,0
8804,2021-02-14,5,GROCERY I,354.58,0,Azuay,B,2,616,56.13,22.04,0
10264,2021-02-14,5,PRODUCE,182.17,0,Azuay,B,2,616,56.13,22.04,0
12454,2021-02-14,8,BEVERAGES,549.203,4,Guayas,C,1,1189,56.13,22.04,0
13914,2021-02-14,8,CLEANING,167.443,0,Guayas,C,1,1189,56.13,22.04,0
11724,2021-02-14,8,GROCERY I,704.418,0,Guayas,C,1,1189,56.13,22.04,0
13184,2021-02-14,8,PRODUCE,304.11,0,Guayas,C,1,1189,56.13,22.04,0
775,2021-02-15,1,BEVERAGES,402.27,6,Pichincha,D,2,744,56.22,22.37,0
2235,2021-02-15,1,CLEANING,116.961,0,Pichincha,D,2,744,56.22,22.37,0
45,2021-02-15,1,GROCERY I,636.842,0,Pichincha,D,2,744,56.22,22.37,0
1505,2021-02-15,1,PRODUCE,307.902,13,Pichincha,D,2,744,56.22,22.37,0
3695,2021-02-15,2,BEVERAGES,323.349,3,Pichincha,D,3,697,56.22,22.37,0
5155,2021-02-15,2,CLEANING,117.305,0,Pichincha,D,3,697,56.22,22.37,0
2965,2021-02-15,2,GROCERY I,395.681,0,Pichincha,D,3,697,56.22,22.37,0
4425,2021-02-15,2,PRODUCE,198.813,0,Pichincha,D,3,697,56.22,22.37,0
6615,2021-02-15,3,BEVERAGES,419.553,0,Guayas,A,4,1155,56.22,22.37,0
8075,2021-02-15,3,CLEANING,175.254,0,Guayas,A,4,1155,56.22,22.37,0
5885,2021-02-15,3,GROCERY I,881.926,8,Guayas,A,4,1155,56.22,22.37,0
7345,2021-02-15,3,PRODUCE,345.16,0,Guayas,A,4,1155,56.22,22.37,0
9535,2021-02-15,5,BEVERAGES,197.432,0,Azuay,B,2,524,56.22,22.37,0
10995,2021-02-15,5,CLEANING,86.365,4,Azuay,B,2,524,56.22,22.37,0
8805,2021-02-15,5,GROCERY I,299.142,0,Azuay,B,2,524,56.22,22.37,0
10265,2021-02-15,5,PRODUCE,103.739,0,Azuay,B,2,524,56.22,22.37,0
12455,2021-02-15,8,BEVERAGES,322.416,0,Guayas,C,1,883,56.22,22.37,0
13915,2021-02-15,8,CLEANING,139.979,0,Guayas,C,1,883,56.22,22.37,0
11725,2021-02-15,8,GROCERY I,483.423,0,Guayas,C,1,883,56.22,22.37,0
13185,2021-02-15,8,PRODUCE,226.484,0,Guayas,C,1,883,56.22,22.37,0
776,2021-02-16,1,BEVERAGES,303.371,0,Pichincha,D,2,801,56.62,20.62,0
2236,2021-02-16,1,CLEANING,133.979,0,Pichincha,D,2,801,56.62,20.62,0
46,2021-02-16,1,GROCERY I,503.746,0,Pichincha,D,2,801,56.62,20.62,0
1506,2021-02-16,1,PRODUCE,218.728,0,Pichincha,D,2,801,56.62,20.62,0
3696,2021-02-16,2,BEVERAGES,229.366,0,Pichincha,D,3,766,56.62,20.62,0
5156,2021-02-16,2,CLEANING,98.442,0,Pichincha,D,3,766,56.62,20.62,0
2966,2021-02-16,2,GROCERY I,439.951,15,Pichincha,D,3,766,56.62,20.62,0
4426,2021-02-16,2,PRODUCE,174.815,0,Pichincha,D,3,766,56.62,20.62,0
6616,2021-02-16,3,BEVERAGES,361.456,0,Guayas,A,4,1090,56.62,20.62,0
8076,2021-02-16,3,CLEANING,184.445,0,Guayas,A,4,1090,56.62,20.62,0
5886,2021-02-16,3,GROCERY I,628.154,0,Guayas,A,4,1090,56.62,20.62,0
7346,2021-02-16,3,PRODUCE,307.399,0,Guayas,A,4,1090,56.62,20.62,0
9536,2021-02-16,5,BEVERAGES,180.389,0,Azuay,B,2,533,56.62,20.62,0
10996,2021-02-16,5,CLEANING,69.591,0,Azuay,B,2,533,56.62,20.62,0
8806,2021-02-16,5,GROCERY I,248.11,0,Azuay,B,2,533,56.62,20.62,0
10266,2021-02-16,5,PRODUCE,117.764,0,Azuay,B,2,533,56.62,20.62,0
12456,2021-02-16,8,BEVERAGES,494.868,24,Guayas,C,1,936,56.62,20.62,0
13916,2021-02-16,8,CLEANING,153.323,0,Guayas,C,1,936,56.62,20.62,0
11726,2021-02-16,8,GROCERY I,516.146,0,Guayas,C,1,936,56.62,20.62,0
13186,2021-02-16,8,PRODUCE,238.046,0,Guayas,C,1,936,56.62,20.62,0
777,2021-02-17,1,BEVERAGES,328.605,0,Pichincha,D,2,911,56.72,22.77,0
2237,2021-02-17,1,CLEANING,134.992,0,Pichincha,D,2,911,56.72,22.77,0
47,2021-02-17,1,GROCERY I,510.842,0,Pichincha,D,2,911,56.72,22.77,0
1507,2021-02-17,1,PRODUCE,192.982,0,Pichincha,D,2,911,56.72,22.77,0
3697,2021-02-17,2,BEVERAGES,314.852,24,Pichincha,D,3,669,56.72,22.77,0
5157,2021-02-17,2,CLEANING,95.294,0,Pichincha,D,3,669,56.72,22.77,0
2967,2021-02-17,2,GROCERY I,349.653,0,Pichincha,D,3,669,56.72,22.77,0
4427,2021-02-17,2,PRODUCE,177.656,0,Pichincha,D,3,669,56.72,22.77,0
6617,2021-02-17,3,BEVERAGES,459.576,0,Guayas,A,4,1113,56.72,22.77,0
8077,2021-02-17,3,CLEANING,190.223,23,Guayas,A,4,1113,56.72,22.77,0
5887,2021-02-17,3,GROCERY I,685.771,0,Guayas,A,4,1113,56.72,22.77,0
7347,2021-02-17,3,PRODUCE,280.926,0,Guayas,A,4,1113,56.72,22.77,0
9537,2021-02-17,5,BEVERAGES,185.201,0,Azuay,B,2,493,56.72,22.77,0
10997,2021-02-17,5,CLEANING,82.304,0,Azuay,B,2,493,56.72,22.77,0
8807,2021-02-17,5,GROCERY I,319.801,0,Azuay,B,2,493,56.72,22.77,0
10267,2021-02-17,5,PRODUCE,143.166,0,Azuay,B,2,493,56.72,22.77,0
12457,2021-02-17,8,BEVERAGES,350.164,0,Guayas,C,1,952,56.72,22.77,0
13917,2021-02-17,8,CLEANING,153.048,0,Guayas,C,1,952,56.72,22.77,0
11727,2021-02-17,8,GROCERY I,465.638,0,Guayas,C,1,952,56.72,22.77,0
13187,2021-02-17,8,PRODUCE,283.221,0,Guayas,C,1,952,56.72,22.77,0
778,2021-02-18,1,BEVERAGES,345.488,0,Pichincha,D,2,873,57.02,22.37,0
2238,2021-02-18,1,CLEANING,156.787,0,Pichincha,D,2,873,57.02,22.37,0
48,2021-02-18,1,GROCERY I,551.874,0,Pichincha,D,2,873,57.02,22.37,0
1508,2021-02-18,1,PRODUCE,270.051,0,Pichincha,D,2,873,57.02,22.37,0
3698,2021-02-18,2,BEVERAGES,246.086,0,Pichincha,D,3,773,57.02,22.37,0
5158,2021-02-18,2,CLEANING,146.913,8,Pichincha,D,3,773,57.02,22.37,0
2968,2021-02-18,2,GROCERY I,344.282,0,Pichincha,D,3,773,57.02,22.37,0
4428,2021-02-18,2,PRODUCE,168.056,0,Pichincha,D,3,773,57.02,22.37,0
6618,2021-02-18,3,BEVERAGES,467.64,0,Guayas,A,4,1187,57.02,22.37,0
8078,2021-02-18,3,CLEANING,190.847,0,Guayas,A,4,1187,57.02,22.37,0
5888,2021-02-18,3,GROCERY I,721.635,12,Guayas,A,4,1187,57.02,22.37,0
7348,2021-02-18,3,PRODUCE,309.269,0,Guayas,A,4,1187,57.02,22.37,0
9538,2021-02-18,5,BEVERAGES,172.02,0,Azuay,B,2,427,57.02,22.37,0
10998,2021-02-18,5,CLEANING,73.76,0,Azuay,B,2,427,57.02,22.37,0
8808,2021-02-18,5,GROCERY I,349.651,0,Azuay,B,2,427,57.02,22.37,0
10268,2021-02-18,5,PRODUCE,140.78,0,Azuay,B,2,427,57.02,22.37,0
12458,2021-02-18,8,BEVERAGES,349.274,0,Guayas,C,1,962,57.02,22.37,0
13918,2021-02-18,8,CLEANING,155.016,0,Guayas,C,1,962,57.02,22.37,0
11728,2021-02-18,8,GROCERY I,535.931,0,Guayas,C,1,962,57.02,22.37,0
13188,2021-02-18,8,PRODUCE,272.212,24,Guayas,C,1,962,57.02,22.37,0
779,2021-02-19,1,BEVERAGES,385.452,0,Pichincha,D,2,1026,57.05,20.53,0
2239,2021-02-19,1,CLEANING,223.379,19,Pichincha,D,2,1026,57.05,20.53,0
49,2021-02-19,1,GROCERY I,561.988,0,Pichincha,D,2,1026,57.05,20.53,0
1509,2021-02-19,1,PRODUCE,312.086,0,Pichincha,D,2,1026,57.05,20.53,0
3699,2021-02-19,2,BEVERAGES,345.636,0,Pichincha,D,3,923,57.05,20.53,0
5159,2021-02-19,2,CLEANING,155.511,0,Pichincha,D,3,923,57.05,20.53,0
2969,2021-02-19,2,GROCERY I,433.138,0,Pichincha,D,3,923,57.05,20.53,0
4429,2021-02-19,2,PRODUCE,233.764,0,Pichincha,D,3,923,57.05,20.53,0
6619,2021-02-19,3,BEVERAGES,578.338,0,Guayas,A,4,1416,57.05,20.53,0
8079,2021-02-19,3,CLEANING,245.066,0,Guayas,A,4,1416,57.05,20.53,0
5889,2021-02-19,3,GROCERY I,846.704,0,Guayas,A,4,1416,57.05,20.53,0
7349,2021-02-19,3,PRODUCE,418.863,0,Guayas,A,4,1416,57.05,20.53,0
9539,2021-02-19,5,BEVERAGES,236.971,0,Azuay,B,2,609,57.05,20.53,0
10999,2021-02-19,5,CLEANING,84.514,0,Azuay,B,2,609,57.05,20.53,0
8809,2021-02-19,5,GROCERY I,306.428,0,Azuay,B,2,609,57.05,20.53,0
10269,2021-02-19,5,PRODUCE,154.013,0,Azuay,B,2,609,57.05,20.53,0
12459,2021-02-19,8,BEVERAGES,464.916,0,Guayas,C,1,1150,57.05,20.53,0
13919,2021-02-19,8,CLEANING,198.974,0,Guayas,C,1,1150,57.05,20.53,0
11729,2021-02-19,8,GROCERY I,714.38,0,Guayas,C,1,1150,57.05,20.53,0
13189,2021-02-19,8,PRODUCE,338.542,0,Guayas,C,1,1150,57.05,20.53,0
780,2021-02-20,1,BEVERAGES,421.701,0,Pichincha,D,2,1258,57.18,22.34,0
2240,2021-02-20,1,CLEANING,244.211,0,Pichincha,D,2,1258,57.18,22.34,0
50,2021-02-20,1,GROCERY I,712.058,0,Pichincha,D,2,1258,57.18,22.34,0
1510,2021-02-20,1,PRODUCE,338.982,0,Pichincha,D,2,1258,57.18,22.34,0
3700,2021-02-20,2,BEVERAGES,421.203,0,Pichincha,D,3,1048,57.18,22.34,0
5160,2021-02-20,2,CLEANING,164.032,0,Pichincha,D,3,1048,57.18,22.34,0
2970,2021-02-20,2,GROCERY I,662.805,0,Pichincha,D,3,1048,57.18,22.34,0
4430,2021-02-20,2,PRODUCE,250.372,0,Pichincha,D,3,1048,57.18,22.34,0
6620,2021-02-20,3,BEVERAGES,628.425,0,Guayas,A,4,1705,57.18,22.34,0
8080,2021-02-20,3,CLEANING,268.707,0,Guayas,A,4,1705,57.18,22.34,0
5890,2021-02-20,3,GROCERY I,1205.111,6,Guayas,A,4,1705,57.18,22.34,0
7350,2021-02-20,3,PRODUCE,341.167,0,Guayas,A,4,1705,57.18,22.34,0
9540,2021-02-20,5,BEVERAGES,345.485,5,Azuay,B,2,744,57.18,22.34,0
11000,2021-02-20,5,CLEANING,136.421,15,Azuay,B,2,744,57.18,22.34,0
8810,2021-02-20,5,GROCERY I,511.025,15,Azuay,B,2,744,57.18,22.34,0
10270,2021-02-20,5,PRODUCE,196.035,0,Azuay,B,2,744,57.18,22.34,0
12460,2021-02-20,8,BEVERAGES,466.374,0,Guayas,C,1,1379,57.18,22.34,0
13920,2021-02-20,8,CLEANING,271.878,15,Guayas,C,1,1379,57.18,22.34,0
11730,2021-02-20,8,GROCERY I,911.69,0,Guayas,C,1,1379,57.18,22.34,0
13190,2021-02-20,8,PRODUCE,428.125,0,Guayas,C,1,1379,57.18,22.34,0
781,2021-02-21,1,BEVERAGES,425.315,0,Pichincha,D,2,1119,57.47,22.37,0
2241,2021-02-21,1,CLEANING,174.871,0,Pichincha,D,2,1119,57.47,22.37,0
51,2021-02-21,1,GROCERY I,620.387,0,Pichincha,D,2,1119,57.47,22.37,0
1511,2021-02-21,1,PRODUCE,265.065,0,Pichincha,D,2,1119,57.47,22.37,0
3701,2021-02-21,2,BEVERAGES,342.823,0,Pichincha,D,3,922,57.47,22.37,0
5161,2021-02-21,2,CLEANING,124.27,0,Pichincha,D,3,922,57.47,22.37,0
2971,2021-02-21,2,GROCERY I,484.719,0,Pichincha,D,3,922,57.47,22.37,0
4431,2021-02-21,2,PRODUCE,263.975,0,Pichincha,D,3,922,57.47,22.37,0
6621,2021-02-21,3,BEVERAGES,514.573,0,Guayas,A,4,1528,57.47,22.37,0
8081,2021-02-21,3,CLEANING,316.971,1,Guayas,A,4,1528,57.47,22.37,0
5891,2021-02-21,3,GROCERY I,975.474,0,Guayas,A,4,1528,57.47,22.37,0
7351,2021-02-21,3,PRODUCE,412.803,0,Guayas,A,4,1528,57.47,22.37,0
9541,2021-02-21,5,BEVERAGES,225.707,0,Azuay,B,2,645,57.47,22.37,0
11001,2021-02-21,5,CLEANING,113.341,15,Azuay,B,2,645,57.47,22.37,0
8811,2021-02-21,5,GROCERY I,417.138,0,Azuay,B,2,645,57.47,22.37,0
10271,2021-02-21,5,PRODUCE,179.169,0,Azuay,B,2,645,57.47,22.37,0
12461,2021-02-21,8,BEVERAGES,524.908,2,Guayas,C,1,1165,57.47,22.37,0
13921,2021-02-21,8,CLEANING,187.016,0,Guayas,C,1,1165,57.47,22.37,0
11731,2021-02-21,8,GROCERY I,781.009,0,Guayas,C,1,1165,57.47,22.37,0
13191,2021-02-21,8,PRODUCE,354.562,0,Guayas,C,1,1165,57.47,22.37,0
782,2021-02-22,1,BEVERAGES,388.76,14,Pichincha,D,2,751,56.81,25.06,0
2242,2021-02-22,1,CLEANING,162.187,10,Pichincha,D,2,751,56.81,25.06,0
52,2021-02-22,1,GROCERY I,531.94,0,Pichincha,D,2,751,56.81,25.06,0
1512,2021-02-22,1,PRODUCE,218.224,0,Pichincha,D,2,751,56.81,25.06,0
3702,2021-02-22,2,BEVERAGES,332.051,5,Pichincha,D,3,638,56.81,25.06,0
5162,2021-02-22,2,CLEANING,132.317,0,Pichincha,D,3,638,56.81,25.06,0
2972,2021-02-22,2,GROCERY I,431.175,0,Pichincha,D,3,638,56.81,25.06,0
4432,2021-02-22,2,PRODUCE,214.828,17,Pichincha,D,3,638,56.81,25.06,0
6622,2021-02-22,3,BEVERAGES,430.351,0,Guayas,A,4,1146,56.81,25.06,0
8082,2021-02-22,3,CLEANING,205.643,0,Guayas,A,4,1146,56.81,25.06,0
5892,2021-02-22,3,GROCERY I,665.434,0,Guayas,A,4,1146,56.81,25.06,0
7352,2021-02-22,3,PRODUCE,325.568,0,Guayas,A,4,1146,56.81,25.06,0
9542,2021-02-22,5,BEVERAGES,225.625,18,Azuay,B,2,482,56.81,25.06,0
11002,2021-02-22,5,CLEANING,91.139,0,Azuay,B,2,482,56.81,25.06,0
8812,2021-02-22,5,GROCERY I,275.99,0,Azuay,B,2,482,56.81,25.06,0
10272,2021-02-22,5,PRODUCE,125.178,0,Azuay,B,2,482,56.81,25.06,0
12462,2021-02-22,8,BEVERAGES,369.038,0,Guayas,C,1,913,56.81,25.06,0
13922,2021-02-22,8,CLEANING,128.024,0,Guayas,C,1,913,56.81,25.06,0
11732,2021-02-22,8,GROCERY I,545.224,0,Guayas,C,1,913,56.81,25.06,0
13192,2021-02-22,8,PRODUCE,317.261,8,Guayas,C,1,913,56.81,25.06,0
783,2021-02-23,1,BEVERAGES,259.63,0,Pichincha,D,2,729,56.67,23.86,0
2243,2021-02-23,1,CLEANING,115.846,0,Pichincha,D,2,729,56.67,23.86,0
53,2021-02-23,1,GROCERY I,476.831,0,Pichincha,D,2,729,56.67,23.86,0
1513,2021-02-23,1,PRODUCE,185.637,0,Pichincha,D,2,729,56.67,23.86,0
3703,2021-02-23,2,BEVERAGES,296.425,0,Pichincha,D,3,652,56.67,23.86,0
5163,2021-02-23,2,CLEANING,112.104,0,Pichincha,D,3,652,56.67,23.86,0
2973,2021-02-23,2,GROCERY I,430.596,0,Pichincha,D,3,652,56.67,23.86,0
4433,2021-02-23,2,PRODUCE,176.876,0,Pichincha,D,3,652,56.67,23.86,0
6623,2021-02-23,3,BEVERAGES,442.782,0,Guayas,A,4,1165,56.67,23.86,0
8083,2021-02-23,3,CLEANING,191.233,0,Guayas,A,4,1165,56.67,23.86,0
5893,2021-02-23,3,GROCERY I,858.929,16,Guayas,A,4,1165,56.67,23.86,0
7353,2021-02-23,3,PRODUCE,279.092,0,Guayas,A,4,1165,56.67,23.86,0
9543,2021-02-23,5,BEVERAGES,192.915,24,Azuay,B,2,542,56.67,23.86,0
11003,2021-02-23,5,CLEANING,80.457,0,Azuay,B,2,542,56.67,23.86,0
8813,2021-02-23,5,GROCERY I,287.924,0,Azuay,B,2,542,56.67,23.86,0
10273,2021-02-23,5,PRODUCE,153.501,16,Azuay,B,2,542,56.67,23.86,0
12463,2021-02-23,8,BEVERAGES,423.059,14,Guayas,C,1,844,56.67,23.86,0
13923,2021-02-23,8,CLEANING,195.331,4,Guayas,C,1,844,56.67,23.86,0
11733,2021-02-23,8,GROCERY I,557.686,0,Guayas,C,1,844,56.67,23.86,0
13193,2021-02-23,8,PRODUCE,271.885,0,Guayas,C,1,844,56.67,23.86,0
784,2021-02-24,1,BEVERAGES,337.061,0,Pichincha,D,2,833,56.46,22.68,0
2244,2021-02-24,1,CLEANING,143.646,0,Pichincha,D,2,833,56.46,22.68,0
54,2021-02-24,1,GROCERY I,616.473,21,Pichincha,D,2,833,56.46,22.68,0
1514,2021-02-24,1,PRODUCE,248.21,0,Pichincha,D,2,833,56.46,22.68,0
3704,2021-02-24,2,BEVERAGES,260.061,0,Pichincha,D,3,741,56.46,22.68,0
5164,2021-02-24,2,CLEANING,112.331,0,Pichincha,D,3,741,56.46,22.68,0
2974,2021-02-24,2,GROCERY I,499.076,9,Pichincha,D,3,741,56.46,22.68,0
4434,2021-02-24,2,PRODUCE,223.677,0,Pichincha,D,3,741,56.46,22.68,0
6624,2021-02-24,3,BEVERAGES,431.667,0,Guayas,A,4,1159,56.46,22.68,0
8084,2021-02-24,3,CLEANING,173.397,0,Guayas,A,4,1159,56.46,22.68,0
5894,2021-02-24,3,GROCERY I,649.081,0,Guayas,A,4,1159,56.46,22.68,0
7354,2021-02-24,3,PRODUCE,312.642,0,Guayas,A,4,1159,56.46,22.68,0
9544,2021-02-24,5,BEVERAGES,217.405,19,Azuay,B,2,387,56.46,22.68,0
11004,2021-02-24,5,CLEANING,73.47,0,Azuay,B,2,387,56.46,22.68,0
8814,2021-02-24,5,GROCERY I,242.837,0,Azuay,B,2,387,56.46,22.68,0
10274,2021-02-24,5,PRODUCE,141.717,0,Azuay,B,2,387,56.46,22.68,0
12464,2021-02-24,8,BEVERAGES,471.271,5,Guayas,C,1,894,56.46,22.68,0
13924,2021-02-24,8,CLEANING,146.74,0,Guayas,C,1,894,56.46,22.68,0
11734,2021-02-24,8,GROCERY I,586.305,0,Guayas,C,1,894,56.46,22.68,0
13194,2021-02-24,8,PRODUCE,323.012,14,Guayas,C,1,894,56.46,22.68,0
785,2021-02-25,1,BEVERAGES,370.173,0,Pichincha,D,2,837,56.17,23.08,0
2245,2021-02-25,1,CLEANING,144.349,0,Pichincha,D,2,837,56.17,23.08,0
55,2021-02-25,1,GROCERY I,578.967,0,Pichincha,D,2,837,56.17,23.08,0
1515,2021-02-25,1,PRODUCE,206.827,0,Pichincha,D,2,837,56.17,23.08,0
3705,2021-02-25,2,BEVERAGES,255.051,0,Pichincha,D,3,742,56.17,23.08,0
5165,2021-02-25,2,CLEANING,127.616,24,Pichincha,D,3,742,56.17,23.08,0
2975,2021-02-25,2,GROCERY I,419.998,0,Pichincha,D,3,742,56.17,23.08,0
4435,2021-02-25,2,PRODUCE,192.357,0,Pichincha,D,3,742,56.17,23.08,0
6625,2021-02-25,3,BEVERAGES,475.125,0,Guayas,A,4,1171,56.17,23.08,0
8085,2021-02-25,3,CLEANING,191.91,0,Guayas,A,4,1171,56.17,23.08,0
5895,2021-02-25,3,GROCERY I,564.599,0,Guayas,A,4,1171,56.17,23.08,0
7355,2021-02-25,3,PRODUCE,340.539,0,Guayas,A,4,1171,56.17,23.08,0
9545,2021-02-25,5,BEVERAGES,212.121,0,Azuay,B,2,526,56.17,23.08,0
11005,2021-02-25,5,CLEANING,74.495,0,Azuay,B,2,526,56.17,23.08,0
8815,2021-02-25,5,GROCERY I,280.856,0,Azuay,B,2,526,56.17,23.08,0
10275,2021-02-25,5,PRODUCE,129.817,0,Azuay,B,2,526,56.17,23.08,0
12465,2021-02-25,8,BEVERAGES,281.334,0,Guayas,C,1,1002,56.17,23.08,0
13925,2021-02-25,8,CLEANING,150.047,0,Guayas,C,1,1002,56.17,23.08,0
11735,2021-02-25,8,GROCERY I,694.406,0,Guayas,C,1,1002,56.17,23.08,0
13195,2021-02-25,8,PRODUCE,291.136,0,Guayas,C,1,1002,56.17,23.08,0
786,2021-02-26,1,BEVERAGES,494.611,0,Pichincha,D,2,1084,56.04,22.85,0
2246,2021-02-26,1,CLEANING,178.872,0,Pichincha,D,2,1084,56.04,22.85,0
56,2021-02-26,1,GROCERY I,820.266,19,Pichincha,D,2,1084,56.04,22.85,0
1516,2021-02-26,1,PRODUCE,293.328,0,Pichincha,D,2,1084,56.04,22.85,0
3706,2021-02-26,2,BEVERAGES,346.95,0,Pichincha,D,3,888,56.04,22.85,0
5166,2021-02-26,2,CLEANING,138.488,0,Pichincha,D,3,888,56.04,22.85,0
2976,2021-02-26,2,GROCERY I,516.71,0,Pichincha,D,3,888,56.04,22.85,0
4436,2021-02-26,2,PRODUCE,274.188,5,Pichincha,D,3,888,56.04,22.85,0
6626,2021-02-26,3,BEVERAGES,516.889,0,Guayas,A,4,1309,56.04,22.85,0
8086,2021-02-26,3,CLEANING,234.852,0,Guayas,A,4,1309,56.04,22.85,0
5896,2021-02-26,3,GROCERY I,823.905,0,Guayas,A,4,1309,56.04,22.85,0
7356,2021-02-26,3,PRODUCE,418.141,1,Guayas,A,4,1309,56.04,22.85,0
9546,2021-02-26,5,BEVERAGES,251.364,0,Azuay,B,2,620,56.04,22.85,0
11006,2021-02-26,5,CLEANING,99.813,0,Azuay,B,2,620,56.04,22.85,0
8816,2021-02-26,5,GROCERY I,367.457,0,Azuay,B,2,620,56.04,22.85,0
10276,2021-02-26,5,PRODUCE,143.898,0,Azuay,B,2,620,56.04,22.85,0
12466,2021-02-26,8,BEVERAGES,473.711,0,Guayas,C,1,1165,56.04,22.85,0
13926,2021-02-26,8,CLEANING,183.319,0,Guayas,C,1,1165,56.04,22.85,0
11736,2021-02-26,8,GROCERY I,788.178,3,Guayas,C,1,1165,56.04,22.85,0
13196,2021-02-26,8,PRODUCE,316.47,0,Guayas,C,1,1165,56.04,22.85,0
787,2021-02-27,1,BEVERAGES,470.295,0,Pichincha,D,2,1222,56.72,22.57,0
2247,2021-02-27,1,CLEANING,183.46,0,Pichincha,D,2,1222,56.72,22.57,0
57,2021-02-27,1,GROCERY I,907.419,3,Pichincha,D,2,1222,56.72,22.57,0
1517,2021-02-27,1,PRODUCE,319.669,0,Pichincha,D,2,1222,56.72,22.57,0
3707,2021-02-27,2,BEVERAGES,358.275,0,Pichincha,D,3,1057,56.72,22.57,0
5167,2021-02-27,2,CLEANING,177.641,0,Pichincha,D,3,1057,56.72,22.57,0
2977,2021-02-27,2,GROCERY I,725.358,14,Pichincha,D,3,1057,56.72,22.57,0
4437,2021-02-27,2,PRODUCE,298.043,0,Pichincha,D,3,1057,56.72,22.57,0
6627,2021-02-27,3,BEVERAGES,682.215,0,Guayas,A,4,1672,56.72,22.57,0
8087,2021-02-27,3,CLEANING,263.899,0,Guayas,A,4,1672,56.72,22.57,0
5897,2021-02-27,3,GROCERY I,1035.425,0,Guayas,A,4,1672,56.72,22.57,0
7357,2021-02-27,3,PRODUCE,501.647,0,Guayas,A,4,1672,56.72,22.57,0
9547,2021-02-27,5,BEVERAGES,298.764,0,Azuay,B,2,836,56.72,22.57,0
11007,2021-02-27,5,CLEANING,158.241,4,Azuay,B,2,836,56.72,22.57,0
8817,2021-02-27,5,GROCERY I,499.853,7,Azuay,B,2,836,56.72,22.57,0
10277,2021-02-27,5,PRODUCE,186.932,0,Azuay,B,2,836,56.72,22.57,0
12467,2021-02-27,8,BEVERAGES,507.686,0,Guayas,C,1,1385,56.72,22.57,0
13927,2021-02-27,8,CLEANING,309.931,10,Guayas,C,1,1385,56.72,22.57,0
11737,2021-02-27,8,GROCERY I,938.791,0,Guayas,C,1,1385,56.72,22.57,0
13197,2021-02-27,8,PRODUCE,418.056,7,Guayas,C,1,1385,56.72,22.57,0
788,2021-02-28,1,BEVERAGES,408.343,0,Pichincha,D,2,994,56.33,21.4,0
2248,2021-02-28,1,CLEANING,185.661,0,Pichincha,D,2,994,56.33,21.4,0
58,2021-02-28,1,GROCERY I,624.422,0,Pichincha,D,2,994,56.33,21.4,0
1518,2021-02-28,1,PRODUCE,265.452,0,Pichincha,D,2,994,56.33,21.4,0
3708,2021-02-28,2,BEVERAGES,344.568,0,Pichincha,D,3,1017,56.33,21.4,0
5168,2021-02-28,2,CLEANING,153.955,0,Pichincha,D,3,1017,56.33,21.4,0
2978,2021-02-28,2,GROCERY I,735.361,13,Pichincha,D,3,1017,56.33,21.4,0
4438,2021-02-28,2,PRODUCE,209.207,0,Pichincha,D,3,1017,56.33,21.4,0
6628,2021-02-28,3,BEVERAGES,578.324,0,Guayas,A,4,1529,56.33,21.4,0
8088,2021-02-28,3,CLEANING,231.605,0,Guayas,A,4,1529,56.33,21.4,0
5898,2021-02-28,3,GROCERY I,907.872,0,Guayas,A,4,1529,56.33,21.4,0
7358,2021-02-28,3,PRODUCE,421.521,0,Guayas,A,4,1529,56.33,21.4,0
9548,2021-02-28,5,BEVERAGES,326.072,19,Azuay,B,2,648,56.33,21.4,0
11008,2021-02-28,5,CLEANING,105.866,0,Azuay,B,2,648,56.33,21.4,0
8818,2021-02-28,5,GROCERY I,368.556,0,Azuay,B,2,648,56.33,21.4,0
10278,2021-02-28,5,PRODUCE,160.619,0,Azuay,B,2,648,56.33,21.4,0
12468,2021-02-28,8,BEVERAGES,420.446,0,Guayas,C,1,1232,56.33,21.4,0
13928,2021-02-28,8,CLEANING,214.678,0,Guayas,C,1,1232,56.33,21.4,0
11738,2021-02-28,8,GROCERY I,656.135,0,Guayas,C,1,1232,56.33,21.4,0
13198,2021-02-28,8,PRODUCE,368.438,0,Guayas,C,1,1232,56.33,21.4,0
789,2021-03-01,1,BEVERAGES,300.276,0,Pichincha,D,2,786,56.76,22.76,0
2249,2021-03-01,1,CLEANING,142.473,0,Pichincha,D,2,786,56.76,22.76,0
59,2021-03-01,1,GROCERY I,569.291,0,Pichincha,D,2,786,56.76,22.76,0
1519,2021-03-01,1,PRODUCE,295.014,6,Pichincha,D,2,786,56.76,22.76,0
3709,2021-03-01,2,BEVERAGES,258.292,0,Pichincha,D,3,697,56.76,22.76,0
5169,2021-03-01,2,CLEANING,107.483,0,Pichincha,D,3,697,56.76,22.76,0
2979,2021-03-01,2,GROCERY I,602.824,20,Pichincha,D,3,697,56.76,22.76,0
4439,2021-03-01,2,PRODUCE,215.56,0,Pichincha,D,3,697,56.76,22.76,0
6629,2021-03-01,3,BEVERAGES,513.734,14,Guayas,A,4,1103,56.76,22.76,0
8089,2021-03-01,3,CLEANING,179.007,0,Guayas,A,4,1103,56.76,22.76,0
5899,2021-03-01,3,GROCERY I,706.646,0,Guayas,A,4,1103,56.76,22.76,0
7359,2021-03-01,3,PRODUCE,383.958,1,Guayas,A,4,1103,56.76,22.76,0
9549,2021-03-01,5,BEVERAGES,207.979,0,Azuay,B,2,526,56.76,22.76,0
11009,2021-03-01,5,CLEANING,73.327,0,Azuay,B,2,526,56.76,22.76,0
8819,2021-03-01,5,GROCERY I,255.703,0,Azuay,B,2,526,56.76,22.76,0
10279,2021-03-01,5,PRODUCE,128.32,0,Azuay,B,2,526,56.76,22.76,0
12469,2021-03-01,8,BEVERAGES,308.64,0,Guayas,C,1,911,56.76,22.76,0
13929,2021-03-01,8,CLEANING,148.223,0,Guayas,C,1,911,56.76,22.76,0
11739,2021-03-01,8,GROCERY I,625.676,0,Guayas,C,1,911,56.76,22.76,0
13199,2021-03-01,8,PRODUCE,390.552,1,Guayas,C,1,911,56.76,22.76,0
790,2021-03-02,1,BEVERAGES,326.876,0,Pichincha,D,2,683,56.01,21.99,0
2250,2021-03-02,1,CLEANING,136.234,0,Pichincha,D,2,683,56.01,21.99,0
60,2021-03-02,1,GROCERY I,531.404,0,Pichincha,D,2,683,56.01,21.99,0
1520,2021-03-02,1,PRODUCE,220.86,0,Pichincha,D,2,683,56.01,21.99,0
3710,2021-03-02,2,BEVERAGES,246.004,0,Pichincha,D,3,758,56.01,21.99,0
5170,2021-03-02,2,CLEANING,133.654,12,Pichincha,D,3,758,56.01,21.99,0
2980,2021-03-02,2,GROCERY I,560.765,18,Pichincha,D,3,758,56.01,21.99,0
4440,2021-03-02,2,PRODUCE,203.024,0,Pichincha,D,3,758,56.01,21.99,0
6630,2021-03-02,3,BEVERAGES,437.945,0,Guayas,A,4,1092,56.01,21.99,0
8090,2021-03-02,3,CLEANING,271.925,22,Guayas,A,4,1092,56.01,21.99,0
5900,2021-03-02,3,GROCERY I,779.761,19,Guayas,A,4,1092,56.01,21.99,0
7360,2021-03-02,3,PRODUCE,377.995,23,Guayas,A,4,1092,56.01,21.99,0
9550,2021-03-02,5,BEVERAGES,173.273,0,Azuay,B,2,489,56.01,21.99,0
11010,2021-03-02,5,CLEANING,67.157,0,Azuay,B,2,489,56.01,21.99,0
8820,2021-03-02,5,GROCERY I,301.554,0,Azuay,B,2,489,56.01,21.99,0
10280,2021-03-02,5,PRODUCE,110.235,0,Azuay,B,2,489,56.01,21.99,0
12470,2021-03-02,8,BEVERAGES,333.777,0,Guayas,C,1,834,56.01,21.99,0
13930,2021-03-02,8,CLEANING,153.569,0,Guayas,C,1,834,56.01,21.99,0
11740,2021-03-02,8,GROCERY I,513.634,0,Guayas,C,1,834,56.01,21.99,0
13200,2021-03-02,8,PRODUCE,241.705,0,Guayas,C,1,834,56.01,21.99,0
791,2021-03-03,1,BEVERAGES,335.788,0,Pichincha,D,2,814,55.85,21.34,0
2251,2021-03-03,1,CLEANING,129.792,0,Pichincha,D,2,814,55.85,21.34,0
61,2021-03-03,1,GROCERY I,436.813,0,Pichincha,D,2,814,55.85,21.34,0
1521,2021-03-03,1,PRODUCE,251.695,0,Pichincha,D,2,814,55.85,21.34,0
3711,2021-03-03,2,BEVERAGES,263.825,0,Pichincha,D,3,707,55.85,21.34,0
5171,2021-03-03,2,CLEANING,106.909,0,Pichincha,D,3,707,55.85,21.34,0
2981,2021-03-03,2,GROCERY I,411.122,18,Pichincha,D,3,707,55.85,21.34,0
4441,2021-03-03,2,PRODUCE,200.583,0,Pichincha,D,3,707,55.85,21.34,0
6631,2021-03-03,3,BEVERAGES,429.066,0,Guayas,A,4,1121,55.85,21.34,0
8091,2021-03-03,3,CLEANING,181.87,0,Guayas,A,4,1121,55.85,21.34,0
5901,2021-03-03,3,GROCERY I,815.278,6,Guayas,A,4,1121,55.85,21.34,0
7361,2021-03-03,3,PRODUCE,335.557,0,Guayas,A,4,1121,55.85,21.34,0
9551,2021-03-03,5,BEVERAGES,194.824,0,Azuay,B,2,499,55.85,21.34,0
11011,2021-03-03,5,CLEANING,76.58,0,Azuay,B,2,499,55.85,21.34,0
8821,2021-03-03,5,GROCERY I,257.426,0,Azuay,B,2,499,55.85,21.34,0
10281,2021-03-03,5,PRODUCE,137.007,0,Azuay,B,2,499,55.85,21.34,0
12471,2021-03-03,8,BEVERAGES,412.806,0,Guayas,C,1,900,55.85,21.34,0
13931,2021-03-03,8,CLEANING,168.166,0,Guayas,C,1,900,55.85,21.34,0
11741,2021-03-03,8,GROCERY I,640.205,17,Guayas,C,1,900,55.85,21.34,0
13201,2021-03-03,8,PRODUCE,256.806,0,Guayas,C,1,900,55.85,21.34,0
792,2021-03-04,1,BEVERAGES,320.177,0,Pichincha,D,2,863,55.93,23.87,0
2252,2021-03-04,1,CLEANING,195.624,11,Pichincha,D,2,863,55.93,23.87,0
62,2021-03-04,1,GROCERY I,519.735,0,Pichincha,D,2,863,55.93,23.87,0
1522,2021-03-04,1,PRODUCE,217.156,0,Pichincha,D,2,863,55.93,23.87,0
3712,2021-03-04,2,BEVERAGES,372.798,24,Pichincha,D,3,817,55.93,23.87,0
5172,2021-03-04,2,CLEANING,136.297,0,Pichincha,D,3,817,55.93,23.87,0
2982,2021-03-04,2,GROCERY I,420.48,0,Pichincha,D,3,817,55.93,23.87,0
4442,2021-03-04,2,PRODUCE,139.637,0,Pichincha,D,3,817,55.93,23.87,0
6632,2021-03-04,3,BEVERAGES,491.444,0,Guayas,A,4,1218,55.93,23.87,0
8092,2021-03-04,3,CLEANING,214.024,0,Guayas,A,4,1218,55.93,23.87,0
5902,2021-03-04,3,GROCERY I,647.825,0,Guayas,A,4,1218,55.93,23.87,0
7362,2021-03-04,3,PRODUCE,399.289,0,Guayas,A,4,1218,55.93,23.87,0
9552,2021-03-04,5,BEVERAGES,217.363,0,Azuay,B,2,602,55.93,23.87,0
11012,2021-03-04,5,CLEANING,85.391,0,Azuay,B,2,602,55.93,23.87,0
8822,2021-03-04,5,GROCERY I,349.086,0,Azuay,B,2,602,55.93,23.87,0
10282,2021-03-04,5,PRODUCE,151.486,0,Azuay,B,2,602,55.93,23.87,0
12472,2021-03-04,8,BEVERAGES,411.216,0,Guayas,C,1,955,55.93,23.87,0
13932,2021-03-04,8,CLEANING,163.571,0,Guayas,C,1,955,55.93,23.87,0
11742,2021-03-04,8,GROCERY I,570.638,0,Guayas,C,1,955,55.93,23.87,0
13202,2021-03-04,8,PRODUCE,330.772,3,Guayas,C,1,955,55.93,23.87,0
793,2021-03-05,1,BEVERAGES,401.903,0,Pichincha,D,2,1008,56.19,23.76,0
2253,2021-03-05,1,CLEANING,202.833,0,Pichincha,D,2,1008,56.19,23.76,0
63,2021-03-05,1,GROCERY I,641.673,0,Pichincha,D,2,1008,56.19,23.76,0
1523,2021-03-05,1,PRODUCE,329.439,10,Pichincha,D,2,1008,56.19,23.76,0
3713,2021-03-05,2,BEVERAGES,367.44,0,Pichincha,D,3,818,56.19,23.76,0
5173,2021-03-05,2,CLEANING,184.743,10,Pichincha,D,3,818,56.19,23.76,0
2983,2021-03-05,2,GROCERY I,517.642,0,Pichincha,D,3,818,56.19,23.76,0
4443,2021-03-05,2,PRODUCE,282.584,13,Pichincha,D,3,818,56.19,23.76,0
6633,2021-03-05,3,BEVERAGES,593.672,0,Guayas,A,4,1369,56.19,23.76,0
8093,2021-03-05,3,CLEANING,259.567,13,Guayas,A,4,1369,56.19,23.76,0
5903,2021-03-05,3,GROCERY I,852.918,7,Guayas,A,4,1369,56.19,23.76,0
7363,2021-03-05,3,PRODUCE,412.062,0,Guayas,A,4,1369,56.19,23.76,0
9553,2021-03-05,5,BEVERAGES,205.011,0,Azuay,B,2,566,56.19,23.76,0
11013,2021-03-05,5,CLEANING,114.684,4,Azuay,B,2,566,56.19,23.76,0
8823,2021-03-05,5,GROCERY I,415.005,21,Azuay,B,2,566,56.19,23.76,0
10283,2021-03-05,5,PRODUCE,153.981,0,Azuay,B,2,566,56.19,23.76,0
12473,2021-03-05,8,BEVERAGES,512.915,0,Guayas,C,1,1160,56.19,23.76,0
13933,2021-03-05,8,CLEANING,189.549,0,Guayas,C,1,1160,56.19,23.76,0
11743,2021-03-05,8,GROCERY I,643.998,0,Guayas,C,1,1160,56.19,23.76,0
13203,2021-03-05,8,PRODUCE,275.373,0,Guayas,C,1,1160,56.19,23.76,0
794,2021-03-06,1,BEVERAGES,410.367,0,Pichincha,D,2,1287,56.51,20.76,0
2254,2021-03-06,1,CLEANING,188.452,0,Pichincha,D,2,1287,56.51,20.76,0
64,2021-03-06,1,GROCERY I,827.265,0,Pichincha,D,2,1287,56.51,20.76,0
1524,2021-03-06,1,PRODUCE,278.186,0,Pichincha,D,2,1287,56.51,20.76,0
3714,2021-03-06,2,BEVERAGES,442.68,0,Pichincha,D,3,1061,56.51,20.76,0
5174,2021-03-06,2,CLEANING,163.27,0,Pichincha,D,3,1061,56.51,20.76,0
2984,2021-03-06,2,GROCERY I,659.066,0,Pichincha,D,3,1061,56.51,20.76,0
4444,2021-03-06,2,PRODUCE,256.766,0,Pichincha,D,3,1061,56.51,20.76,0
6634,2021-03-06,3,BEVERAGES,703.39,0,Guayas,A,4,1633,56.51,20.76,0
8094,2021-03-06,3,CLEANING,325.457,0,Guayas,A,4,1633,56.51,20.76,0
5904,2021-03-06,3,GROCERY I,1259.159,19,Guayas,A,4,1633,56.51,20.76,0
7364,2021-03-06,3,PRODUCE,512.465,0,Guayas,A,4,1633,56.51,20.76,0
9554,2021-03-06,5,BEVERAGES,305.64,13,Azuay,B,2,713,56.51,20.76,0
11014,2021-03-06,5,CLEANING,130.909,0,Azuay,B,2,713,56.51,20.76,0
8824,2021-03-06,5,GROCERY I,475.098,0,Azuay,B,2,713,56.51,20.76,0
10284,2021-03-06,5,PRODUCE,191.198,0,Azuay,B,2,713,56.51,20.76,0
12474,2021-03-06,8,BEVERAGES,541.134,0,Guayas,C,1,1385,56.51,20.76,0
13934,2021-03-06,8,CLEANING,186.143,0,Guayas,C,1,1385,56.51,20.76,0
11744,2021-03-06,8,GROCERY I,879.019,0,Guayas,C,1,1385,56.51,20.76,0
13204,2021-03-06,8,PRODUCE,358.384,0,Guayas,C,1,1385,56.51,20.76,0
795,2021-03-07,1,BEVERAGES,469.336,0,Pichincha,D,2,1137,56.87,23.15,0
2255,2021-03-07,1,CLEANING,193.451,0,Pichincha,D,2,1137,56.87,23.15,0
65,2021-03-07,1,GROCERY I,725.731,0,Pichincha,D,2,1137,56.87,23.15,0
1525,2021-03-07,1,PRODUCE,247.003,0,Pichincha,D,2,1137,56.87,23.15,0
3715,2021-03-07,2,BEVERAGES,365.285,0,Pichincha,D,3,903,56.87,23.15,0
5175,2021-03-07,2,CLEANING,133.047,0,Pichincha,D,3,903,56.87,23.15,0
2985,2021-03-07,2,GROCERY I,463.639,0,Pichincha,D,3,903,56.87,23.15,0
4445,2021-03-07,2,PRODUCE,277.073,0,Pichincha,D,3,903,56.87,23.15,0
6635,2021-03-07,3,BEVERAGES,498.033,0,Guayas,A,4,1487,56.87,23.15,0
8095,2021-03-07,3,CLEANING,236.544,0,Guayas,A,4,1487,56.87,23.15,0
5905,2021-03-07,3,GROCERY I,843.557,0,Guayas,A,4,1487,56.87,23.15,0
7365,2021-03-07,3,PRODUCE,421.643,0,Guayas,A,4,1487,56.87,23.15,0
9555,2021-03-07,5,BEVERAGES,216.14,0,Azuay,B,2,684,56.87,23.15,0
11015,2021-03-07,5,CLEANING,109.083,0,Azuay,B,2,684,56.87,23.15,0
8825,2021-03-07,5,GROCERY I,408.827,0,Azuay,B,2,684,56.87,23.15,0
10285,2021-03-07,5,PRODUCE,211.388,4,Azuay,B,2,684,56.87,23.15,0
12475,2021-03-07,8,BEVERAGES,584.323,16,Guayas,C,1,1237,56.87,23.15,0
13935,2021-03-07,8,CLEANING,221.244,0,Guayas,C,1,1237,56.87,23.15,0
11745,2021-03-07,8,GROCERY I,815.631,0,Guayas,C,1,1237,56.87,23.15,0
13205,2021-03-07,8,PRODUCE,421.991,22,Guayas,C,1,1237,56.87,23.15,0
796,2021-03-08,1,BEVERAGES,312.968,0,Pichincha,D,2,837,56.71,24.77,0
2256,2021-03-08,1,CLEANING,104.5,0,Pichincha,D,2,837,56.71,24.77,0
66,2021-03-08,1,GROCERY I,534.018,0,Pichincha,D,2,837,56.71,24.77,0
1526,2021-03-08,1,PRODUCE,338.287,5,Pichincha,D,2,837,56.71,24.77,0
3716,2021-03-08,2,BEVERAGES,268.845,0,Pichincha,D,3,724,56.71,24.77,0
5176,2021-03-08,2,CLEANING,144.331,2,Pichincha,D,3,724,56.71,24.77,0
2986,2021-03-08,2,GROCERY I,359.292,0,Pichincha,D,3,724,56.71,24.77,0
4446,2021-03-08,2,PRODUCE,213.827,0,Pichincha,D,3,724,56.71,24.77,0
6636,2021-03-08,3,BEVERAGES,413.953,0,Guayas,A,4,1107,56.71,24.77,0
8096,2021-03-08,3,CLEANING,191.006,0,Guayas,A,4,1107,56.71,24.77,0
5906,2021-03-08,3,GROCERY I,770.12,0,Guayas,A,4,1107,56.71,24.77,0
7366,2021-03-08,3,PRODUCE,376.766,0,Guayas,A,4,1107,56.71,24.77,0
9556,2021-03-08,5,BEVERAGES,161.8,0,Azuay,B,2,518,56.71,24.77,0
11016,2021-03-08,5,CLEANING,82.57,0,Azuay,B,2,518,56.71,24.77,0
8826,2021-03-08,5,GROCERY I,331.88,19,Azuay,B,2,518,56.71,24.77,0
10286,2021-03-08,5,PRODUCE,125.59,0,Azuay,B,2,518,56.71,24.77,0
12476,2021-03-08,8,BEVERAGES,315.916,0,Guayas,C,1,838,56.71,24.77,0
13936,2021-03-08,8,CLEANING,140.139,0,Guayas,C,1,838,56.71,24.77,0
11746,2021-03-08,8,GROCERY I,461.845,0,Guayas,C,1,838,56.71,24.77,0
13206,2021-03-08,8,PRODUCE,316.147,23,Guayas,C,1,838,56.71,24.77,0
797,2021-03-09,1,BEVERAGES,321.178,0,Pichincha,D,2,712,56.5,24.92,0
2257,2021-03-09,1,CLEANING,143.239,0,Pichincha,D,2,712,56.5,24.92,0
67,2021-03-09,1,GROCERY I,525.14,0,Pichincha,D,2,712,56.5,24.92,0
1527,2021-03-09,1,PRODUCE,271.522,0,Pichincha,D,2,712,56.5,24.92,0
3717,2021-03-09,2,BEVERAGES,253.425,16,Pichincha,D,3,742,56.5,24.92,0
5177,2021-03-09,2,CLEANING,105.671,0,Pichincha,D,3,742,56.5,24.92,0
2987,2021-03-09,2,GROCERY I,456.296,0,Pichincha,D,3,742,56.5,24.92,0
4447,2021-03-09,2,PRODUCE,193.662,0,Pichincha,D,3,742,56.5,24.92,0
6637,2021-03-09,3,BEVERAGES,409.411,0,Guayas,A,4,1008,56.5,24.92,0
8097,2021-03-09,3,CLEANING,152.082,0,Guayas,A,4,1008,56.5,24.92,0
5907,2021-03-09,3,GROCERY I,540.397,0,Guayas,A,4,1008,56.5,24.92,0
7367,2021-03-09,3,PRODUCE,267.543,0,Guayas,A,4,1008,56.5,24.92,0
9557,2021-03-09,5,BEVERAGES,167.223,0,Azuay,B,2,472,56.5,24.92,0
11017,2021-03-09,5,CLEANING,80.988,0,Azuay,B,2,472,56.5,24.92,0
8827,2021-03-09,5,GROCERY I,271.153,0,Azuay,B,2,472,56.5,24.92,0
10287,2021-03-09,5,PRODUCE,142.675,0,Azuay,B,2,472,56.5,24.92,0
12477,2021-03-09,8,BEVERAGES,302.654,0,Guayas,C,1,853,56.5,24.92,0
13937,2021-03-09,8,CLEANING,123.041,0,Guayas,C,1,853,56.5,24.92,0
11747,2021-03-09,8,GROCERY I,537.696,0,Guayas,C,1,853,56.5,24.92,0
13207,2021-03-09,8,PRODUCE,250.755,0,Guayas,C,1,853,56.5,24.92,0
798,2021-03-10,1,BEVERAGES,287.8,0,Pichincha,D,2,854,56.89,24.92,0
2258,2021-03-10,1,CLEANING,115.164,0,Pichincha,D,2,854,56.89,24.92,0
68,2021-03-10,1,GROCERY I,514.225,0,Pichincha,D,2,854,56.89,24.92,0
1528,2021-03-10,1,PRODUCE,236.289,0,Pichincha,D,2,854,56.89,24.92,0
3718,2021-03-10,2,BEVERAGES,279.181,0,Pichincha,D,3,720,56.89,24.92,0
5178,2021-03-10,2,CLEANING,109.06,0,Pichincha,D,3,720,56.89,24.92,0
2988,2021-03-10,2,GROCERY I,397.379,0,Pichincha,D,3,720,56.89,24.92,0
4448,2021-03-10,2,PRODUCE,171.016,0,Pichincha,D,3,720,56.89,24.92,0
6638,2021-03-10,3,BEVERAGES,413.197,0,Guayas,A,4,1199,56.89,24.92,0
8098,2021-03-10,3,CLEANING,205.411,0,Guayas,A,4,1199,56.89,24.92,0
5908,2021-03-10,3,GROCERY I,707.232,0,Guayas,A,4,1199,56.89,24.92,0
7368,2021-03-10,3,PRODUCE,266.483,0,Guayas,A,4,1199,56.89,24.92,0
9558,2021-03-10,5,BEVERAGES,180.333,0,Azuay,B,2,493,56.89,24.92,0
11018,2021-03-10,5,CLEANING,69.453,0,Azuay,B,2,493,56.89,24.92,0
8828,2021-03-10,5,GROCERY I,342.843,7,Azuay,B,2,493,56.89,24.92,0
10288,2021-03-10,5,PRODUCE,123.587,0,Azuay,B,2,493,56.89,24.92,0
12478,2021-03-10,8,BEVERAGES,356.814,0,Guayas,C,1,905,56.89,24.92,0
13938,2021-03-10,8,CLEANING,127.009,0,Guayas,C,1,905,56.89,24.92,0
11748,2021-03-10,8,GROCERY I,505.121,0,Guayas,C,1,905,56.89,24.92,0
13208,2021-03-10,8,PRODUCE,257.22,0,Guayas,C,1,905,56.89,24.92,0
799,2021-03-11,1,BEVERAGES,332.752,0,Pichincha,D,2,898,56.8,23.59,0
2259,2021-03-11,1,CLEANING,140.302,0,Pichincha,D,2,898,56.8,23.59,0
69,2021-03-11,1,GROCERY I,510.752,0,Pichincha,D,2,898,56.8,23.59,0
1529,2021-03-11,1,PRODUCE,230.731,0,Pichincha,D,2,898,56.8,23.59,0
3719,2021-03-11,2,BEVERAGES,278.693,22,Pichincha,D,3,797,56.8,23.59,0
5179,2021-03-11,2,CLEANING,108.206,0,Pichincha,D,3,797,56.8,23.59,0
2989,2021-03-11,2,GROCERY I,385.425,0,Pichincha,D,3,797,56.8,23.59,0
4449,2021-03-11,2,PRODUCE,231.385,0,Pichincha,D,3,797,56.8,23.59,0
6639,2021-03-11,3,BEVERAGES,450.223,0,Guayas,A,4,1220,56.8,23.59,0
8099,2021-03-11,3,CLEANING,222.319,0,Guayas,A,4,1220,56.8,23.59,0
5909,2021-03-11,3,GROCERY I,1064.898,11,Guayas,A,4,1220,56.8,23.59,0
7369,2021-03-11,3,PRODUCE,340.552,0,Guayas,A,4,1220,56.8,23.59,0
9559,2021-03-11,5,BEVERAGES,279.011,14,Azuay,B,2,565,56.8,23.59,0
11019,2021-03-11,5,CLEANING,80.631,0,Azuay,B,2,565,56.8,23.59,0
8829,2021-03-11,5,GROCERY I,300.758,0,Azuay,B,2,565,56.8,23.59,0
10289,2021-03-11,5,PRODUCE,136.096,0,Azuay,B,2,565,56.8,23.59,0
12479,2021-03-11,8,BEVERAGES,336.908,0,Guayas,C,1,982,56.8,23.59,0
13939,2021-03-11,8,CLEANING,148.846,0,Guayas,C,1,982,56.8,23.59,0
11749,2021-03-11,8,GROCERY I,643.909,0,Guayas,C,1,982,56.8,23.59,0
13209,2021-03-11,8,PRODUCE,270.041,0,Guayas,C,1,982,56.8,23.59,0
800,2021-03-12,1,BEVERAGES,406.344,0,Pichincha,D,2,1043,56.23,22.41,0
2260,2021-03-12,1,CLEANING,188.056,8,Pichincha,D,2,1043,56.23,22.41,0
70,2021-03-12,1,GROCERY I,768.896,16,Pichincha,D,2,1043,56.23,22.41,0
1530,2021-03-12,1,PRODUCE,287.871,0,Pichincha,D,2,1043,56.23,22.41,0
3720,2021-03-12,2,BEVERAGES,282.09,0,Pichincha,D,3,845,56.23,22.41,0
5180,2021-03-12,2,CLEANING,130.038,0,Pichincha,D,3,845,56.23,22.41,0
2990,2021-03-12,2,GROCERY I,475.755,0,Pichincha,D,3,845,56.23,22.41,0
4450,2021-03-12,2,PRODUCE,236.387,0,Pichincha,D,3,845,56.23,22.41,0
6640,2021-03-12,3,BEVERAGES,608.667,0,Guayas,A,4,1474,56.23,22.41,0
8100,2021-03-12,3,CLEANING,210.449,0,Guayas,A,4,1474,56.23,22.41,0
5910,2021-03-12,3,GROCERY I,855.688,0,Guayas,A,4,1474,56.23,22.41,0
7370,2021-03-12,3,PRODUCE,422.443,0,Guayas,A,4,1474,56.23,22.41,0
9560,2021-03-12,5,BEVERAGES,229.54,0,Azuay,B,2,639,56.23,22.41,0
11020,2021-03-12,5,CLEANING,90.823,0,Azuay,B,2,639,56.23,22.41,0
8830,2021-03-12,5,GROCERY I,326.773,0,Azuay,B,2,639,56.23,22.41,0
10290,2021-03-12,5,PRODUCE,157.927,0,Azuay,B,2,639,56.23,22.41,0
12480,2021-03-12,8,BEVERAGES,421.239,0,Guayas,C,1,1226,56.23,22.41,0
13940,2021-03-12,8,CLEANING,243.741,8,Guayas,C,1,1226,56.23,22.41,0
11750,2021-03-12,8,GROCERY I,797.117,0,Guayas,C,1,1226,56.23,22.41,0
13210,2021-03-12,8,PRODUCE,367.965,10,Guayas,C,1,1226,56.23,22.41,0
801,2021-03-13,1,BEVERAGES,503.505,0,Pichincha,D,2,1285,55.72,22.13,0
2261,2021-03-13,1,CLEANING,0.0,0,Pichincha,D,2,1285,55.72,22.13,0
71,2021-03-13,1,GROCERY I,781.748,0,Pichincha,D,2,1285,55.72,22.13,0
1531,2021-03-13,1,PRODUCE,385.812,0,Pichincha,D,2,1285,55.72,22.13,0
3721,2021-03-13,2,BEVERAGES,406.494,0,Pichincha,D,3,1018,55.72,22.13,0
5181,2021-03-13,2,CLEANING,175.515,0,Pichincha,D,3,1018,55.72,22.13,0
2991,2021-03-13,2,GROCERY I,661.149,0,Pichincha,D,3,1018,55.72,22.13,0
4451,2021-03-13,2,PRODUCE,340.304,0,Pichincha,D,3,1018,55.72,22.13,0
6641,2021-03-13,3,BEVERAGES,722.119,0,Guayas,A,4,1715,55.72,22.13,0
8101,2021-03-13,3,CLEANING,315.034,0,Guayas,A,4,1715,55.72,22.13,0
5911,2021-03-13,3,GROCERY I,1051.713,0,Guayas,A,4,1715,55.72,22.13,0
7371,2021-03-13,3,PRODUCE,370.432,0,Guayas,A,4,1715,55.72,22.13,0
9561,2021-03-13,5,BEVERAGES,249.495,0,Azuay,B,2,713,55.72,22.13,0
11021,2021-03-13,5,CLEANING,125.354,0,Azuay,B,2,713,55.72,22.13,0
8831,2021-03-13,5,GROCERY I,468.864,0,Azuay,B,2,713,55.72,22.13,0
10291,2021-03-13,5,PRODUCE,223.636,0,Azuay,B,2,713,55.72,22.13,0
12481,2021-03-13,8,BEVERAGES,554.074,0,Guayas,C,1,1321,55.72,22.13,0
13941,2021-03-13,8,CLEANING,255.629,0,Guayas,C,1,1321,55.72,22.13,0
11751,2021-03-13,8,GROCERY I,841.16,0,Guayas,C,1,1321,55.72,22.13,0
13211,2021-03-13,8,PRODUCE,407.02,0,Guayas,C,1,1321,55.72,22.13,0
802,2021-03-14,1,BEVERAGES,456.684,0,Pichincha,D,2,1033,55.31,24.18,0
2262,2021-03-14,1,CLEANING,197.445,0,Pichincha,D,2,1033,55.31,24.18,0
72,2021-03-14,1,GROCERY I,675.741,0,Pichincha,D,2,1033,55.31,24.18,0
1532,2021-03-14,1,PRODUCE,296.301,0,Pichincha,D,2,1033,55.31,24.18,0
3722,2021-03-14,2,BEVERAGES,366.82,0,Pichincha,D,3,923,55.31,24.18,0
5182,2021-03-14,2,CLEANING,146.641,0,Pichincha,D,3,923,55.31,24.18,0
2992,2021-03-14,2,GROCERY I,513.7,0,Pichincha,D,3,923,55.31,24.18,0
4452,2021-03-14,2,PRODUCE,260.342,0,Pichincha,D,3,923,55.31,24.18,0
6642,2021-03-14,3,BEVERAGES,567.606,0,Guayas,A,4,1495,55.31,24.18,0
8102,2021-03-14,3,CLEANING,265.575,9,Guayas,A,4,1495,55.31,24.18,0
5912,2021-03-14,3,GROCERY I,948.79,0,Guayas,A,4,1495,55.31,24.18,0
7372,2021-03-14,3,PRODUCE,418.663,0,Guayas,A,4,1495,55.31,24.18,0
9562,2021-03-14,5,BEVERAGES,254.71,0,Azuay,B,2,662,55.31,24.18,0
11022,2021-03-14,5,CLEANING,95.531,0,Azuay,B,2,662,55.31,24.18,0
8832,2021-03-14,5,GROCERY I,364.491,0,Azuay,B,2,662,55.31,24.18,0
10292,2021-03-14,5,PRODUCE,212.761,14,Azuay,B,2,662,55.31,24.18,0
12482,2021-03-14,8,BEVERAGES,534.289,0,Guayas,C,1,1162,55.31,24.18,0
13942,2021-03-14,8,CLEANING,207.218,0,Guayas,C,1,1162,55.31,24.18,0
11752,2021-03-14,8,GROCERY I,695.302,0,Guayas,C,1,1162,55.31,24.18,0
13212,2021-03-14,8,PRODUCE,350.274,0,Guayas,C,1,1162,55.31,24.18,0
803,2021-03-15,1,BEVERAGES,471.067,19,Pichincha,D,2,937,55.53,24.28,0
2263,2021-03-15,1,CLEANING,119.392,0,Pichincha,D,2,937,55.53,24.28,0
73,2021-03-15,1,GROCERY I,439.485,0,Pichincha,D,2,937,55.53,24.28,0
1533,2021-03-15,1,PRODUCE,247.789,0,Pichincha,D,2,937,55.53,24.28,0
3723,2021-03-15,2,BEVERAGES,268.414,0,Pichincha,D,3,718,55.53,24.28,0
5183,2021-03-15,2,CLEANING,143.685,0,Pichincha,D,3,718,55.53,24.28,0
2993,2021-03-15,2,GROCERY I,442.616,0,Pichincha,D,3,718,55.53,24.28,0
4453,2021-03-15,2,PRODUCE,207.604,0,Pichincha,D,3,718,55.53,24.28,0
6643,2021-03-15,3,BEVERAGES,485.34,0,Guayas,A,4,1159,55.53,24.28,0
8103,2021-03-15,3,CLEANING,204.23,0,Guayas,A,4,1159,55.53,24.28,0
5913,2021-03-15,3,GROCERY I,909.986,18,Guayas,A,4,1159,55.53,24.28,0
7373,2021-03-15,3,PRODUCE,392.481,18,Guayas,A,4,1159,55.53,24.28,0
9563,2021-03-15,5,BEVERAGES,192.629,0,Azuay,B,2,506,55.53,24.28,0
11023,2021-03-15,5,CLEANING,82.783,0,Azuay,B,2,506,55.53,24.28,0
8833,2021-03-15,5,GROCERY I,300.306,0,Azuay,B,2,506,55.53,24.28,0
10293,2021-03-15,5,PRODUCE,164.016,0,Azuay,B,2,506,55.53,24.28,0
12483,2021-03-15,8,BEVERAGES,374.67,0,Guayas,C,1,912,55.53,24.28,0
13943,2021-03-15,8,CLEANING,181.5,0,Guayas,C,1,912,55.53,24.28,0
11753,2021-03-15,8,GROCERY I,495.362,0,Guayas,C,1,912,55.53,24.28,0
13213,2021-03-15,8,PRODUCE,244.613,0,Guayas,C,1,912,55.53,24.28,0
804,2021-03-16,1,BEVERAGES,347.338,0,Pichincha,D,2,767,55.59,25.6,0
2264,2021-03-16,1,CLEANING,132.226,0,Pichincha,D,2,767,55.59,25.6,0
74,2021-03-16,1,GROCERY I,486.492,0,Pichincha,D,2,767,55.59,25.6,0
1534,2021-03-16,1,PRODUCE,230.983,0,Pichincha,D,2,767,55.59,25.6,0
3724,2021-03-16,2,BEVERAGES,303.535,0,Pichincha,D,3,680,55.59,25.6,0
5184,2021-03-16,2,CLEANING,117.815,0,Pichincha,D,3,680,55.59,25.6,0
2994,2021-03-16,2,GROCERY I,376.552,0,Pichincha,D,3,680,55.59,25.6,0
4454,2021-03-16,2,PRODUCE,181.417,0,Pichincha,D,3,680,55.59,25.6,0
6644,2021-03-16,3,BEVERAGES,551.726,21,Guayas,A,4,1085,55.59,25.6,0
8104,2021-03-16,3,CLEANING,179.422,0,Guayas,A,4,1085,55.59,25.6,0
5914,2021-03-16,3,GROCERY I,799.224,12,Guayas,A,4,1085,55.59,25.6,0
7374,2021-03-16,3,PRODUCE,332.592,0,Guayas,A,4,1085,55.59,25.6,0
9564,2021-03-16,5,BEVERAGES,173.643,0,Azuay,B,2,507,55.59,25.6,0
11024,2021-03-16,5,CLEANING,77.172,0,Azuay,B,2,507,55.59,25.6,0
8834,2021-03-16,5,GROCERY I,315.422,0,Azuay,B,2,507,55.59,25.6,0
10294,2021-03-16,5,PRODUCE,136.783,0,Azuay,B,2,507,55.59,25.6,0
12484,2021-03-16,8,BEVERAGES,313.137,0,Guayas,C,1,857,55.59,25.6,0
13944,2021-03-16,8,CLEANING,144.206,0,Guayas,C,1,857,55.59,25.6,0
11754,2021-03-16,8,GROCERY I,649.402,0,Guayas,C,1,857,55.59,25.6,0
13214,2021-03-16,8,PRODUCE,262.681,0,Guayas,C,1,857,55.59,25.6,0
805,2021-03-17,1,BEVERAGES,363.102,0,Pichincha,D,2,862,55.9,25.39,0
2265,2021-03-17,1,CLEANING,133.659,0,Pichincha,D,2,862,55.9,25.39,0
75,2021-03-17,1,GROCERY I,520.034,0,Pichincha,D,2,862,55.9,25.39,0
1535,2021-03-17,1,PRODUCE,225.009,0,Pichincha,D,2,862,55.9,25.39,0
3725,2021-03-17,2,BEVERAGES,284.86,0,Pichincha,D,3,661,55.9,25.39,0
5185,2021-03-17,2,CLEANING,102.8,0,Pichincha,D,3,661,55.9,25.39,0
2995,2021-03-17,2,GROCERY I,435.525,2,Pichincha,D,3,661,55.9,25.39,0
4455,2021-03-17,2,PRODUCE,218.663,0,Pichincha,D,3,661,55.9,25.39,0
6645,2021-03-17,3,BEVERAGES,449.111,0,Guayas,A,4,1141,55.9,25.39,0
8105,2021-03-17,3,CLEANING,258.168,10,Guayas,A,4,1141,55.9,25.39,0
5915,2021-03-17,3,GROCERY I,634.168,0,Guayas,A,4,1141,55.9,25.39,0
7375,2021-03-17,3,PRODUCE,332.004,0,Guayas,A,4,1141,55.9,25.39,0
9565,2021-03-17,5,BEVERAGES,181.411,0,Azuay,B,2,483,55.9,25.39,0
11025,2021-03-17,5,CLEANING,84.669,0,Azuay,B,2,483,55.9,25.39,0
8835,2021-03-17,5,GROCERY I,380.482,20,Azuay,B,2,483,55.9,25.39,0
10295,2021-03-17,5,PRODUCE,183.144,19,Azuay,B,2,483,55.9,25.39,0
12485,2021-03-17,8,BEVERAGES,305.929,0,Guayas,C,1,871,55.9,25.39,0
13945,2021-03-17,8,CLEANING,183.303,14,Guayas,C,1,871,55.9,25.39,0
11755,2021-03-17,8,GROCERY I,633.854,0,Guayas,C,1,871,55.9,25.39,0
13215,2021-03-17,8,PRODUCE,245.119,0,Guayas,C,1,871,55.9,25.39,0
806,2021-03-18,1,BEVERAGES,402.088,0,Pichincha,D,2,799,55.71,23.71,0
2266,2021-03-18,1,CLEANING,170.429,0,Pichincha,D,2,799,55.71,23.71,0
76,2021-03-18,1,GROCERY I,536.939,0,Pichincha,D,2,799,55.71,23.71,0
1536,2021-03-18,1,PRODUCE,240.534,0,Pichincha,D,2,799,55.71,23.71,0
3726,2021-03-18,2,BEVERAGES,284.642,0,Pichincha,D,3,797,55.71,23.71,0
5186,2021-03-18,2,CLEANING,105.231,0,Pichincha,D,3,797,55.71,23.71,0
2996,2021-03-18,2,GROCERY I,508.654,0,Pichincha,D,3,797,55.71,23.71,0
4456,2021-03-18,2,PRODUCE,217.958,0,Pichincha,D,3,797,55.71,23.71,0
6646,2021-03-18,3,BEVERAGES,529.144,0,Guayas,A,4,1156,55.71,23.71,0
8106,2021-03-18,3,CLEANING,205.626,0,Guayas,A,4,1156,55.71,23.71,0
5916,2021-03-18,3,GROCERY I,786.204,0,Guayas,A,4,1156,55.71,23.71,0
7376,2021-03-18,3,PRODUCE,284.961,0,Guayas,A,4,1156,55.71,23.71,0
9566,2021-03-18,5,BEVERAGES,223.538,0,Azuay,B,2,470,55.71,23.71,0
11026,2021-03-18,5,CLEANING,76.316,0,Azuay,B,2,470,55.71,23.71,0
8836,2021-03-18,5,GROCERY I,298.136,0,Azuay,B,2,470,55.71,23.71,0
10296,2021-03-18,5,PRODUCE,140.515,0,Azuay,B,2,470,55.71,23.71,0
12486,2021-03-18,8,BEVERAGES,393.805,0,Guayas,C,1,964,55.71,23.71,0
13946,2021-03-18,8,CLEANING,135.931,0,Guayas,C,1,964,55.71,23.71,0
11756,2021-03-18,8,GROCERY I,495.833,0,Guayas,C,1,964,55.71,23.71,0
13216,2021-03-18,8,PRODUCE,292.742,0,Guayas,C,1,964,55.71,23.71,0
807,2021-03-19,1,BEVERAGES,444.435,0,Pichincha,D,2,990,55.78,22.2,0
2267,2021-03-19,1,CLEANING,224.693,1,Pichincha,D,2,990,55.78,22.2,0
77,2021-03-19,1,GROCERY I,640.053,0,Pichincha,D,2,990,55.78,22.2,0
1537,2021-03-19,1,PRODUCE,307.943,0,Pichincha,D,2,990,55.78,22.2,0
3727,2021-03-19,2,BEVERAGES,389.161,0,Pichincha,D,3,860,55.78,22.2,0
5187,2021-03-19,2,CLEANING,150.293,0,Pichincha,D,3,860,55.78,22.2,0
2997,2021-03-19,2,GROCERY I,677.014,8,Pichincha,D,3,860,55.78,22.2,0
4457,2021-03-19,2,PRODUCE,277.43,0,Pichincha,D,3,860,55.78,22.2,0
6647,2021-03-19,3,BEVERAGES,535.949,0,Guayas,A,4,1344,55.78,22.2,0
8107,2021-03-19,3,CLEANING,259.01,0,Guayas,A,4,1344,55.78,22.2,0
5917,2021-03-19,3,GROCERY I,891.632,15,Guayas,A,4,1344,55.78,22.2,0
7377,2021-03-19,3,PRODUCE,365.109,0,Guayas,A,4,1344,55.78,22.2,0
9567,2021-03-19,5,BEVERAGES,211.593,0,Azuay,B,2,649,55.78,22.2,0
11027,2021-03-19,5,CLEANING,105.76,0,Azuay,B,2,649,55.78,22.2,0
8837,2021-03-19,5,GROCERY I,410.397,0,Azuay,B,2,649,55.78,22.2,0
10297,2021-03-19,5,PRODUCE,157.396,0,Azuay,B,2,649,55.78,22.2,0
12487,2021-03-19,8,BEVERAGES,436.732,0,Guayas,C,1,1179,55.78,22.2,0
13947,2021-03-19,8,CLEANING,184.076,0,Guayas,C,1,1179,55.78,22.2,0
11757,2021-03-19,8,GROCERY I,759.1,0,Guayas,C,1,1179,55.78,22.2,0
13217,2021-03-19,8,PRODUCE,327.263,0,Guayas,C,1,1179,55.78,22.2,0
808,2021-03-20,1,BEVERAGES,506.03,0,Pichincha,D,2,1312,56.07,23.54,0
2268,2021-03-20,1,CLEANING,190.352,0,Pichincha,D,2,1312,56.07,23.54,0
78,2021-03-20,1,GROCERY I,820.653,0,Pichincha,D,2,1312,56.07,23.54,0
1538,2021-03-20,1,PRODUCE,328.63,0,Pichincha,D,2,1312,56.07,23.54,0
3728,2021-03-20,2,BEVERAGES,474.046,0,Pichincha,D,3,1121,56.07,23.54,0
5188,2021-03-20,2,CLEANING,168.025,0,Pichincha,D,3,1121,56.07,23.54,0
2998,2021-03-20,2,GROCERY I,624.054,0,Pichincha,D,3,1121,56.07,23.54,0
4458,2021-03-20,2,PRODUCE,299.594,0,Pichincha,D,3,1121,56.07,23.54,0
6648,2021-03-20,3,BEVERAGES,687.623,0,Guayas,A,4,1664,56.07,23.54,0
8108,2021-03-20,3,CLEANING,318.966,0,Guayas,A,4,1664,56.07,23.54,0
5918,2021-03-20,3,GROCERY I,1139.045,0,Guayas,A,4,1664,56.07,23.54,0
7378,2021-03-20,3,PRODUCE,450.418,0,Guayas,A,4,1664,56.07,23.54,0
9568,2021-03-20,5,BEVERAGES,247.408,0,Azuay,B,2,771,56.07,23.54,0
11028,2021-03-20,5,CLEANING,110.302,0,Azuay,B,2,771,56.07,23.54,0
8838,2021-03-20,5,GROCERY I,477.637,0,Azuay,B,2,771,56.07,23.54,0
10298,2021-03-20,5,PRODUCE,251.233,18,Azuay,B,2,771,56.07,23.54,0
12488,2021-03-20,8,BEVERAGES,685.368,6,Guayas,C,1,1373,56.07,23.54,0
13948,2021-03-20,8,CLEANING,190.298,0,Guayas,C,1,1373,56.07,23.54,0
11758,2021-03-20,8,GROCERY I,945.115,12,Guayas,C,1,1373,56.07,23.54,0
13218,2021-03-20,8,PRODUCE,408.554,0,Guayas,C,1,1373,56.07,23.54,0
809,2021-03-21,1,BEVERAGES,483.337,0,Pichincha,D,2,1076,55.93,24.34,0
2269,2021-03-21,1,CLEANING,177.932,0,Pichincha,D,2,1076,55.93,24.34,0
79,2021-03-21,1,GROCERY I,755.74,8,Pichincha,D,2,1076,55.93,24.34,0
1539,2021-03-21,1,PRODUCE,327.239,0,Pichincha,D,2,1076,55.93,24.34,0
3729,2021-03-21,2,BEVERAGES,462.825,17,Pichincha,D,3,925,55.93,24.34,0
5189,2021-03-21,2,CLEANING,170.297,0,Pichincha,D,3,925,55.93,24.34,0
2999,2021-03-21,2,GROCERY I,652.888,21,Pichincha,D,3,925,55.93,24.34,0
4459,2021-03-21,2,PRODUCE,256.265,0,Pichincha,D,3,925,55.93,24.34,0
6649,2021-03-21,3,BEVERAGES,540.789,0,Guayas,A,4,1526,55.93,24.34,0
8109,2021-03-21,3,CLEANING,243.911,0,Guayas,A,4,1526,55.93,24.34,0
5919,2021-03-21,3,GROCERY I,1088.492,11,Guayas,A,4,1526,55.93,24.34,0
7379,2021-03-21,3,PRODUCE,551.518,15,Guayas,A,4,1526,55.93,24.34,0
9569,2021-03-21,5,BEVERAGES,264.674,0,Azuay,B,2,716,55.93,24.34,0
11029,2021-03-21,5,CLEANING,97.272,0,Azuay,B,2,716,55.93,24.34,0
8839,2021-03-21,5,GROCERY I,368.309,0,Azuay,B,2,716,55.93,24.34,0
10299,2021-03-21,5,PRODUCE,169.243,0,Azuay,B,2,716,55.93,24.34,0
12489,2021-03-21,8,BEVERAGES,476.295,0,Guayas,C,1,1157,55.93,24.34,0
13949,2021-03-21,8,CLEANING,178.905,0,Guayas,C,1,1157,55.93,24.34,0
11759,2021-03-21,8,GROCERY I,874.63,2,Guayas,C,1,1157,55.93,24.34,0
13219,2021-03-21,8,PRODUCE,349.798,0,Guayas,C,1,1157,55.93,24.34,0
810,2021-03-22,1,BEVERAGES,380.285,0,Pichincha,D,2,886,56.13,23.79,0
2270,2021-03-22,1,CLEANING,165.798,0,Pichincha,D,2,886,56.13,23.79,0
80,2021-03-22,1,GROCERY I,559.118,8,Pichincha,D,2,886,56.13,23.79,0
1540,2021-03-22,1,PRODUCE,235.667,0,Pichincha,D,2,886,56.13,23.79,0
3730,2021-03-22,2,BEVERAGES,264.02,0,Pichincha,D,3,750,56.13,23.79,0
5190,2021-03-22,2,CLEANING,122.042,0,Pichincha,D,3,750,56.13,23.79,0
3000,2021-03-22,2,GROCERY I,497.408,0,Pichincha,D,3,750,56.13,23.79,0
4460,2021-03-22,2,PRODUCE,212.211,0,Pichincha,D,3,750,56.13,23.79,0
6650,2021-03-22,3,BEVERAGES,425.273,0,Guayas,A,4,1089,56.13,23.79,0
8110,2021-03-22,3,CLEANING,195.525,0,Guayas,A,4,1089,56.13,23.79,0
5920,2021-03-22,3,GROCERY I,724.024,0,Guayas,A,4,1089,56.13,23.79,0
7380,2021-03-22,3,PRODUCE,342.938,0,Guayas,A,4,1089,56.13,23.79,0
9570,2021-03-22,5,BEVERAGES,187.814,0,Azuay,B,2,450,56.13,23.79,0
11030,2021-03-22,5,CLEANING,82.297,0,Azuay,B,2,450,56.13,23.79,0
8840,2021-03-22,5,GROCERY I,358.163,18,Azuay,B,2,450,56.13,23.79,0
10300,2021-03-22,5,PRODUCE,115.707,0,Azuay,B,2,450,56.13,23.79,0
12490,2021-03-22,8,BEVERAGES,377.351,0,Guayas,C,1,924,56.13,23.79,0
13950,2021-03-22,8,CLEANING,168.285,0,Guayas,C,1,924,56.13,23.79,0
11760,2021-03-22,8,GROCERY I,521.942,0,Guayas,C,1,924,56.13,23.79,0
13220,2021-03-22,8,PRODUCE,327.131,21,Guayas,C,1,924,56.13,23.79,0
811,2021-03-23,1,BEVERAGES,352.331,0,Pichincha,D,2,822,55.83,23.31,0
2271,2021-03-23,1,CLEANING,148.579,0,Pichincha,D,2,822,55.83,23.31,0
81,2021-03-23,1,GROCERY I,499.305,0,Pichincha,D,2,822,55.83,23.31,0
1541,2021-03-23,1,PRODUCE,238.959,0,Pichincha,D,2,822,55.83,23.31,0
3731,2021-03-23,2,BEVERAGES,258.958,0,Pichincha,D,3,715,55.83,23.31,0
5191,2021-03-23,2,CLEANING,93.868,0,Pichincha,D,3,715,55.83,23.31,0
3001,2021-03-23,2,GROCERY I,444.318,0,Pichincha,D,3,715,55.83,23.31,0
4461,2021-03-23,2,PRODUCE,266.515,19,Pichincha,D,3,715,55.83,23.31,0
6651,2021-03-23,3,BEVERAGES,393.782,0,Guayas,A,4,1041,55.83,23.31,0
8111,2021-03-23,3,CLEANING,169.361,0,Guayas,A,4,1041,55.83,23.31,0
5921,2021-03-23,3,GROCERY I,661.952,0,Guayas,A,4,1041,55.83,23.31,0
7381,2021-03-23,3,PRODUCE,300.668,0,Guayas,A,4,1041,55.83,23.31,0
9571,2021-03-23,5,BEVERAGES,265.341,8,Azuay,B,2,484,55.83,23.31,0
11031,2021-03-23,5,CLEANING,88.629,0,Azuay,B,2,484,55.83,23.31,0
8841,2021-03-23,5,GROCERY I,322.09,0,Azuay,B,2,484,55.83,23.31,0
10301,2021-03-23,5,PRODUCE,147.783,0,Azuay,B,2,484,55.83,23.31,0
12491,2021-03-23,8,BEVERAGES,403.964,0,Guayas,C,1,846,55.83,23.31,0
13951,2021-03-23,8,CLEANING,158.186,2,Guayas,C,1,846,55.83,23.31,0
11761,2021-03-23,8,GROCERY I,462.81,0,Guayas,C,1,846,55.83,23.31,0
13221,2021-03-23,8,PRODUCE,266.322,0,Guayas,C,1,846,55.83,23.31,0
812,2021-03-24,1,BEVERAGES,294.914,0,Pichincha,D,2,825,55.67,24.52,0
2272,2021-03-24,1,CLEANING,130.543,0,Pichincha,D,2,825,55.67,24.52,0
82,2021-03-24,1,GROCERY I,685.106,12,Pichincha,D,2,825,55.67,24.52,0
1542,2021-03-24,1,PRODUCE,270.817,0,Pichincha,D,2,825,55.67,24.52,0
3732,2021-03-24,2,BEVERAGES,294.703,9,Pichincha,D,3,668,55.67,24.52,0
5192,2021-03-24,2,CLEANING,105.778,0,Pichincha,D,3,668,55.67,24.52,0
3002,2021-03-24,2,GROCERY I,474.403,0,Pichincha,D,3,668,55.67,24.52,0
4462,2021-03-24,2,PRODUCE,215.127,0,Pichincha,D,3,668,55.67,24.52,0
6652,2021-03-24,3,BEVERAGES,416.833,0,Guayas,A,4,1147,55.67,24.52,0
8112,2021-03-24,3,CLEANING,186.641,0,Guayas,A,4,1147,55.67,24.52,0
5922,2021-03-24,3,GROCERY I,799.47,0,Guayas,A,4,1147,55.67,24.52,0
7382,2021-03-24,3,PRODUCE,328.843,0,Guayas,A,4,1147,55.67,24.52,0
9572,2021-03-24,5,BEVERAGES,191.823,0,Azuay,B,2,488,55.67,24.52,0
11032,2021-03-24,5,CLEANING,75.396,0,Azuay,B,2,488,55.67,24.52,0
8842,2021-03-24,5,GROCERY I,322.308,0,Azuay,B,2,488,55.67,24.52,0
10302,2021-03-24,5,PRODUCE,138.457,0,Azuay,B,2,488,55.67,24.52,0
12492,2021-03-24,8,BEVERAGES,496.333,20,Guayas,C,1,957,55.67,24.52,0
13952,2021-03-24,8,CLEANING,133.556,0,Guayas,C,1,957,55.67,24.52,0
11762,2021-03-24,8,GROCERY I,573.01,0,Guayas,C,1,957,55.67,24.52,0
13222,2021-03-24,8,PRODUCE,283.698,0,Guayas,C,1,957,55.67,24.52,0
813,2021-03-25,1,BEVERAGES,332.939,0,Pichincha,D,2,938,55.5,23.5,0
2273,2021-03-25,1,CLEANING,147.429,0,Pichincha,D,2,938,55.5,23.5,0
83,2021-03-25,1,GROCERY I,642.471,0,Pichincha,D,2,938,55.5,23.5,0
1543,2021-03-25,1,PRODUCE,251.77,0,Pichincha,D,2,938,55.5,23.5,0
3733,2021-03-25,2,BEVERAGES,293.684,0,Pichincha,D,3,761,55.5,23.5,0
5193,2021-03-25,2,CLEANING,116.116,0,Pichincha,D,3,761,55.5,23.5,0
3003,2021-03-25,2,GROCERY I,432.499,0,Pichincha,D,3,761,55.5,23.5,0
4463,2021-03-25,2,PRODUCE,258.423,6,Pichincha,D,3,761,55.5,23.5,0
6653,2021-03-25,3,BEVERAGES,489.195,0,Guayas,A,4,1164,55.5,23.5,0
8113,2021-03-25,3,CLEANING,238.939,0,Guayas,A,4,1164,55.5,23.5,0
5923,2021-03-25,3,GROCERY I,768.69,0,Guayas,A,4,1164,55.5,23.5,0
7383,2021-03-25,3,PRODUCE,311.781,0,Guayas,A,4,1164,55.5,23.5,0
9573,2021-03-25,5,BEVERAGES,204.628,0,Azuay,B,2,508,55.5,23.5,0
11033,2021-03-25,5,CLEANING,72.739,0,Azuay,B,2,508,55.5,23.5,0
8843,2021-03-25,5,GROCERY I,276.495,0,Azuay,B,2,508,55.5,23.5,0
10303,2021-03-25,5,PRODUCE,137.308,0,Azuay,B,2,508,55.5,23.5,0
12493,2021-03-25,8,BEVERAGES,497.214,18,Guayas,C,1,1030,55.5,23.5,0
13953,2021-03-25,8,CLEANING,139.248,0,Guayas,C,1,1030,55.5,23.5,0
11763,2021-03-25,8,GROCERY I,714.964,0,Guayas,C,1,1030,55.5,23.5,0
13223,2021-03-25,8,PRODUCE,282.974,0,Guayas,C,1,1030,55.5,23.5,0
814,2021-03-26,1,BEVERAGES,415.011,0,Pichincha,D,2,1023,54.96,23.37,0
2274,2021-03-26,1,CLEANING,174.675,0,Pichincha,D,2,1023,54.96,23.37,0
84,2021-03-26,1,GROCERY I,705.277,0,Pichincha,D,2,1023,54.96,23.37,0
1544,2021-03-26,1,PRODUCE,326.994,0,Pichincha,D,2,1023,54.96,23.37,0
3734,2021-03-26,2,BEVERAGES,315.354,0,Pichincha,D,3,965,54.96,23.37,0
5194,2021-03-26,2,CLEANING,0.0,18,Pichincha,D,3,965,54.96,23.37,0
3004,2021-03-26,2,GROCERY I,541.711,0,Pichincha,D,3,965,54.96,23.37,0
4464,2021-03-26,2,PRODUCE,205.845,0,Pichincha,D,3,965,54.96,23.37,0
6654,2021-03-26,3,BEVERAGES,557.995,0,Guayas,A,4,1417,54.96,23.37,0
8114,2021-03-26,3,CLEANING,256.908,0,Guayas,A,4,1417,54.96,23.37,0
5924,2021-03-26,3,GROCERY I,862.453,0,Guayas,A,4,1417,54.96,23.37,0
7384,2021-03-26,3,PRODUCE,482.171,0,Guayas,A,4,1417,54.96,23.37,0
9574,2021-03-26,5,BEVERAGES,261.205,0,Azuay,B,2,551,54.96,23.37,0
11034,2021-03-26,5,CLEANING,93.593,0,Azuay,B,2,551,54.96,23.37,0
8844,2021-03-26,5,GROCERY I,343.525,0,Azuay,B,2,551,54.96,23.37,0
10304,2021-03-26,5,PRODUCE,178.979,0,Azuay,B,2,551,54.96,23.37,0
12494,2021-03-26,8,BEVERAGES,428.442,0,Guayas,C,1,1065,54.96,23.37,0
13954,2021-03-26,8,CLEANING,209.067,0,Guayas,C,1,1065,54.96,23.37,0
11764,2021-03-26,8,GROCERY I,661.391,0,Guayas,C,1,1065,54.96,23.37,0
13224,2021-03-26,8,PRODUCE,333.802,0,Guayas,C,1,1065,54.96,23.37,0
815,2021-03-27,1,BEVERAGES,546.697,0,Pichincha,D,2,1166,55.18,24.72,0
2275,2021-03-27,1,CLEANING,203.856,0,Pichincha,D,2,1166,55.18,24.72,0
85,2021-03-27,1,GROCERY I,686.472,0,Pichincha,D,2,1166,55.18,24.72,0
1545,2021-03-27,1,PRODUCE,304.069,0,Pichincha,D,2,1166,55.18,24.72,0
3735,2021-03-27,2,BEVERAGES,405.707,0,Pichincha,D,3,1071,55.18,24.72,0
5195,2021-03-27,2,CLEANING,158.716,0,Pichincha,D,3,1071,55.18,24.72,0
3005,2021-03-27,2,GROCERY I,670.798,0,Pichincha,D,3,1071,55.18,24.72,0
4465,2021-03-27,2,PRODUCE,318.349,0,Pichincha,D,3,1071,55.18,24.72,0
6655,2021-03-27,3,BEVERAGES,671.887,0,Guayas,A,4,1727,55.18,24.72,0
8115,2021-03-27,3,CLEANING,261.624,0,Guayas,A,4,1727,55.18,24.72,0
5925,2021-03-27,3,GROCERY I,1032.662,0,Guayas,A,4,1727,55.18,24.72,0
7385,2021-03-27,3,PRODUCE,513.954,0,Guayas,A,4,1727,55.18,24.72,0
9575,2021-03-27,5,BEVERAGES,248.772,0,Azuay,B,2,700,55.18,24.72,0
11035,2021-03-27,5,CLEANING,118.548,0,Azuay,B,2,700,55.18,24.72,0
8845,2021-03-27,5,GROCERY I,481.813,0,Azuay,B,2,700,55.18,24.72,0
10305,2021-03-27,5,PRODUCE,208.702,0,Azuay,B,2,700,55.18,24.72,0
12495,2021-03-27,8,BEVERAGES,531.655,0,Guayas,C,1,1381,55.18,24.72,0
13955,2021-03-27,8,CLEANING,269.193,0,Guayas,C,1,1381,55.18,24.72,0
11765,2021-03-27,8,GROCERY I,935.665,0,Guayas,C,1,1381,55.18,24.72,0
13225,2021-03-27,8,PRODUCE,384.356,0,Guayas,C,1,1381,55.18,24.72,0
816,2021-03-28,1,BEVERAGES,448.027,0,Pichincha,D,2,1053,54.97,23.76,0
2276,2021-03-28,1,CLEANING,159.269,0,Pichincha,D,2,1053,54.97,23.76,0
86,2021-03-28,1,GROCERY I,680.518,0,Pichincha,D,2,1053,54.97,23.76,0
1546,2021-03-28,1,PRODUCE,305.081,0,Pichincha,D,2,1053,54.97,23.76,0
3736,2021-03-28,2,BEVERAGES,375.995,0,Pichincha,D,3,967,54.97,23.76,0
5196,2021-03-28,2,CLEANING,156.181,0,Pichincha,D,3,967,54.97,23.76,0
3006,2021-03-28,2,GROCERY I,540.682,0,Pichincha,D,3,967,54.97,23.76,0
4466,2021-03-28,2,PRODUCE,276.893,9,Pichincha,D,3,967,54.97,23.76,0
6656,2021-03-28,3,BEVERAGES,718.332,5,Guayas,A,4,1492,54.97,23.76,0
8116,2021-03-28,3,CLEANING,355.025,17,Guayas,A,4,1492,54.97,23.76,0
5926,2021-03-28,3,GROCERY I,924.418,0,Guayas,A,4,1492,54.97,23.76,0
7386,2021-03-28,3,PRODUCE,459.801,0,Guayas,A,4,1492,54.97,23.76,0
9576,2021-03-28,5,BEVERAGES,265.142,0,Azuay,B,2,666,54.97,23.76,0
11036,2021-03-28,5,CLEANING,126.062,0,Azuay,B,2,666,54.97,23.76,0
8846,2021-03-28,5,GROCERY I,356.324,0,Azuay,B,2,666,54.97,23.76,0
10306,2021-03-28,5,PRODUCE,205.787,0,Azuay,B,2,666,54.97,23.76,0
12496,2021-03-28,8,BEVERAGES,525.322,0,Guayas,C,1,1163,54.97,23.76,0
13956,2021-03-28,8,CLEANING,204.75,0,Guayas,C,1,1163,54.97,23.76,0
11766,2021-03-28,8,GROCERY I,832.928,0,Guayas,C,1,1163,54.97,23.76,0
13226,2021-03-28,8,PRODUCE,291.747,0,Guayas,C,1,1163,54.97,23.76,0
817,2021-03-29,1,BEVERAGES,384.841,0,Pichincha,D,2,875,54.97,24.7,0
2277,2021-03-29,1,CLEANING,167.721,9,Pichincha,D,2,875,54.97,24.7,0
87,2021-03-29,1,GROCERY I,553.058,0,Pichincha,D,2,875,54.97,24.7,0
1547,2021-03-29,1,PRODUCE,248.38,0,Pichincha,D,2,875,54.97,24.7,0
3737,2021-03-29,2,BEVERAGES,234.714,0,Pichincha,D,3,753,54.97,24.7,0
5197,2021-03-29,2,CLEANING,105.411,0,Pichincha,D,3,753,54.97,24.7,0
3007,2021-03-29,2,GROCERY I,438.609,0,Pichincha,D,3,753,54.97,24.7,0
4467,2021-03-29,2,PRODUCE,203.411,0,Pichincha,D,3,753,54.97,24.7,0
6657,2021-03-29,3,BEVERAGES,545.685,0,Guayas,A,4,1119,54.97,24.7,0
8117,2021-03-29,3,CLEANING,204.258,0,Guayas,A,4,1119,54.97,24.7,0
5927,2021-03-29,3,GROCERY I,885.867,0,Guayas,A,4,1119,54.97,24.7,0
7387,2021-03-29,3,PRODUCE,375.359,0,Guayas,A,4,1119,54.97,24.7,0
9577,2021-03-29,5,BEVERAGES,193.546,0,Azuay,B,2,487,54.97,24.7,0
11037,2021-03-29,5,CLEANING,105.968,3,Azuay,B,2,487,54.97,24.7,0
8847,2021-03-29,5,GROCERY I,332.329,0,Azuay,B,2,487,54.97,24.7,0
10307,2021-03-29,5,PRODUCE,180.024,1,Azuay,B,2,487,54.97,24.7,0
12497,2021-03-29,8,BEVERAGES,427.081,0,Guayas,C,1,938,54.97,24.7,0
13957,2021-03-29,8,CLEANING,173.926,0,Guayas,C,1,938,54.97,24.7,0
11767,2021-03-29,8,GROCERY I,630.406,0,Guayas,C,1,938,54.97,24.7,0
13227,2021-03-29,8,PRODUCE,272.136,0,Guayas,C,1,938,54.97,24.7,0
818,2021-03-30,1,BEVERAGES,373.841,0,Pichincha,D,2,831,55.19,24.78,0
2278,2021-03-30,1,CLEANING,192.4,21,Pichincha,D,2,831,55.19,24.78,0
88,2021-03-30,1,GROCERY I,525.856,0,Pichincha,D,2,831,55.19,24.78,0
1548,2021-03-30,1,PRODUCE,339.513,5,Pichincha,D,2,831,55.19,24.78,0
3738,2021-03-30,2,BEVERAGES,242.459,0,Pichincha,D,3,705,55.19,24.78,0
5198,2021-03-30,2,CLEANING,114.789,0,Pichincha,D,3,705,55.19,24.78,0
3008,2021-03-30,2,GROCERY I,489.646,24,Pichincha,D,3,705,55.19,24.78,0
4468,2021-03-30,2,PRODUCE,192.127,0,Pichincha,D,3,705,55.19,24.78,0
6658,2021-03-30,3,BEVERAGES,404.473,0,Guayas,A,4,1155,55.19,24.78,0
8118,2021-03-30,3,CLEANING,203.079,0,Guayas,A,4,1155,55.19,24.78,0
5928,2021-03-30,3,GROCERY I,614.984,0,Guayas,A,4,1155,55.19,24.78,0
7388,2021-03-30,3,PRODUCE,349.02,0,Guayas,A,4,1155,55.19,24.78,0
9578,2021-03-30,5,BEVERAGES,209.328,0,Azuay,B,2,451,55.19,24.78,0
11038,2021-03-30,5,CLEANING,74.909,0,Azuay,B,2,451,55.19,24.78,0
8848,2021-03-30,5,GROCERY I,348.394,0,Azuay,B,2,451,55.19,24.78,0
10308,2021-03-30,5,PRODUCE,134.068,0,Azuay,B,2,451,55.19,24.78,0
12498,2021-03-30,8,BEVERAGES,324.084,0,Guayas,C,1,890,55.19,24.78,0
13958,2021-03-30,8,CLEANING,137.421,0,Guayas,C,1,890,55.19,24.78,0
11768,2021-03-30,8,GROCERY I,668.62,0,Guayas,C,1,890,55.19,24.78,0
13228,2021-03-30,8,PRODUCE,230.168,0,Guayas,C,1,890,55.19,24.78,0
819,2021-03-31,1,BEVERAGES,382.237,0,Pichincha,D,2,761,55.39,22.84,0
2279,2021-03-31,1,CLEANING,139.715,0,Pichincha,D,2,761,55.39,22.84,0
89,2021-03-31,1,GROCERY I,560.125,0,Pichincha,D,2,761,55.39,22.84,0
1549,2021-03-31,1,PRODUCE,201.651,0,Pichincha,D,2,761,55.39,22.84,0
3739,2021-03-31,2,BEVERAGES,269.475,0,Pichincha,D,3,715,55.39,22.84,0
5199,2021-03-31,2,CLEANING,149.267,21,Pichincha,D,3,715,55.39,22.84,0
3009,2021-03-31,2,GROCERY I,452.898,0,Pichincha,D,3,715,55.39,22.84,0
4469,2021-03-31,2,PRODUCE,213.272,13,Pichincha,D,3,715,55.39,22.84,0
6659,2021-03-31,3,BEVERAGES,412.981,0,Guayas,A,4,1156,55.39,22.84,0
8119,2021-03-31,3,CLEANING,203.632,0,Guayas,A,4,1156,55.39,22.84,0
5929,2021-03-31,3,GROCERY I,790.259,0,Guayas,A,4,1156,55.39,22.84,0
7389,2021-03-31,3,PRODUCE,330.973,0,Guayas,A,4,1156,55.39,22.84,0
9579,2021-03-31,5,BEVERAGES,186.259,0,Azuay,B,2,563,55.39,22.84,0
11039,2021-03-31,5,CLEANING,81.882,0,Azuay,B,2,563,55.39,22.84,0
8849,2021-03-31,5,GROCERY I,386.147,21,Azuay,B,2,563,55.39,22.84,0
10309,2021-03-31,5,PRODUCE,149.113,0,Azuay,B,2,563,55.39,22.84,0
12499,2021-03-31,8,BEVERAGES,429.733,0,Guayas,C,1,855,55.39,22.84,0
13959,2021-03-31,8,CLEANING,175.967,0,Guayas,C,1,855,55.39,22.84,0
11769,2021-03-31,8,GROCERY I,635.262,0,Guayas,C,1,855,55.39,22.84,0
13229,2021-03-31,8,PRODUCE,254.456,0,Guayas,C,1,855,55.39,22.84,0
820,2021-04-01,1,BEVERAGES,402.617,0,Pichincha,D,2,846,55.69,23.79,0
2280,2021-04-01,1,CLEANING,150.898,0,Pichincha,D,2,846,55.69,23.79,0
90,2021-04-01,1,GROCERY I,515.972,0,Pichincha,D,2,846,55.69,23.79,0
1550,2021-04-01,1,PRODUCE,311.746,5,Pichincha,D,2,846,55.69,23.79,0
3740,2021-04-01,2,BEVERAGES,295.851,0,Pichincha,D,3,771,55.69,23.79,0
5200,2021-04-01,2,CLEANING,141.053,0,Pichincha,D,3,771,55.69,23.79,0
3010,2021-04-01,2,GROCERY I,494.747,9,Pichincha,D,3,771,55.69,23.79,0
4470,2021-04-01,2,PRODUCE,218.029,0,Pichincha,D,3,771,55.69,23.79,0
6660,2021-04-01,3,BEVERAGES,452.343,0,Guayas,A,4,1187,55.69,23.79,0
8120,2021-04-01,3,CLEANING,213.07,0,Guayas,A,4,1187,55.69,23.79,0
5930,2021-04-01,3,GROCERY I,796.843,0,Guayas,A,4,1187,55.69,23.79,0
7390,2021-04-01,3,PRODUCE,416.838,21,Guayas,A,4,1187,55.69,23.79,0
9580,2021-04-01,5,BEVERAGES,211.522,0,Azuay,B,2,634,55.69,23.79,0
11040,2021-04-01,5,CLEANING,121.583,21,Azuay,B,2,634,55.69,23.79,0
8850,2021-04-01,5,GROCERY I,295.606,0,Azuay,B,2,634,55.69,23.79,0
10310,2021-04-01,5,PRODUCE,147.282,0,Azuay,B,2,634,55.69,23.79,0
12500,2021-04-01,8,BEVERAGES,369.821,0,Guayas,C,1,1020,55.69,23.79,0
13960,2021-04-01,8,CLEANING,156.048,0,Guayas,C,1,1020,55.69,23.79,0
11770,2021-04-01,8,GROCERY I,873.36,5,Guayas,C,1,1020,55.69,23.79,0
13230,2021-04-01,8,PRODUCE,260.262,0,Guayas,C,1,1020,55.69,23.79,0
821,2021-04-02,1,BEVERAGES,384.422,0,Pichincha,D,2,1010,55.65,26.52,0
2281,2021-04-02,1,CLEANING,180.052,0,Pichincha,D,2,1010,55.65,26.52,0
91,2021-04-02,1,GROCERY I,660.342,0,Pichincha,D,2,1010,55.65,26.52,0
1551,2021-04-02,1,PRODUCE,340.346,0,Pichincha,D,2,1010,55.65,26.52,0
3741,2021-04-02,2,BEVERAGES,331.578,0,Pichincha,D,3,915,55.65,26.52,0
5201,2021-04-02,2,CLEANING,148.733,0,Pichincha,D,3,915,55.65,26.52,0
3011,2021-04-02,2,GROCERY I,564.953,0,Pichincha,D,3,915,55.65,26.52,0
4471,2021-04-02,2,PRODUCE,294.007,0,Pichincha,D,3,915,55.65,26.52,0
6661,2021-04-02,3,BEVERAGES,567.83,0,Guayas,A,4,1397,55.65,26.52,0
8121,2021-04-02,3,CLEANING,196.581,0,Guayas,A,4,1397,55.65,26.52,0
5931,2021-04-02,3,GROCERY I,1007.586,0,Guayas,A,4,1397,55.65,26.52,0
7391,2021-04-02,3,PRODUCE,452.629,0,Guayas,A,4,1397,55.65,26.52,0
9581,2021-04-02,5,BEVERAGES,235.2,0,Azuay,B,2,619,55.65,26.52,0
11041,2021-04-02,5,CLEANING,99.72,0,Azuay,B,2,619,55.65,26.52,0
8851,2021-04-02,5,GROCERY I,382.316,0,Azuay,B,2,619,55.65,26.52,0
10311,2021-04-02,5,PRODUCE,175.342,0,Azuay,B,2,619,55.65,26.52,0
12501,2021-04-02,8,BEVERAGES,492.24,0,Guayas,C,1,1132,55.65,26.52,0
13961,2021-04-02,8,CLEANING,251.81,11,Guayas,C,1,1132,55.65,26.52,0
11771,2021-04-02,8,GROCERY I,644.689,0,Guayas,C,1,1132,55.65,26.52,0
13231,2021-04-02,8,PRODUCE,308.219,0,Guayas,C,1,1132,55.65,26.52,0
822,2021-04-03,1,BEVERAGES,541.743,0,Pichincha,D,2,1232,55.46,22.91,0
2282,2021-04-03,1,CLEANING,261.19,0,Pichincha,D,2,1232,55.46,22.91,0
92,2021-04-03,1,GROCERY I,1017.869,6,Pichincha,D,2,1232,55.46,22.91,0
1552,2021-04-03,1,PRODUCE,342.426,0,Pichincha,D,2,1232,55.46,22.91,0
3742,2021-04-03,2,BEVERAGES,414.569,0,Pichincha,D,3,1001,55.46,22.91,0
5202,2021-04-03,2,CLEANING,165.092,0,Pichincha,D,3,1001,55.46,22.91,0
3012,2021-04-03,2,GROCERY I,676.33,0,Pichincha,D,3,1001,55.46,22.91,0
4472,2021-04-03,2,PRODUCE,357.543,10,Pichincha,D,3,1001,55.46,22.91,0
6662,2021-04-03,3,BEVERAGES,893.377,15,Guayas,A,4,1703,55.46,22.91,0
8122,2021-04-03,3,CLEANING,322.726,0,Guayas,A,4,1703,55.46,22.91,0
5932,2021-04-03,3,GROCERY I,1144.994,0,Guayas,A,4,1703,55.46,22.91,0
7392,2021-04-03,3,PRODUCE,497.856,0,Guayas,A,4,1703,55.46,22.91,0
9582,2021-04-03,5,BEVERAGES,308.684,0,Azuay,B,2,682,55.46,22.91,0
11042,2021-04-03,5,CLEANING,122.245,0,Azuay,B,2,682,55.46,22.91,0
8852,2021-04-03,5,GROCERY I,503.747,0,Azuay,B,2,682,55.46,22.91,0
10312,2021-04-03,5,PRODUCE,234.526,0,Azuay,B,2,682,55.46,22.91,0
12502,2021-04-03,8,BEVERAGES,711.866,0,Guayas,C,1,1352,55.46,22.91,0
13962,2021-04-03,8,CLEANING,237.836,0,Guayas,C,1,1352,55.46,22.91,0
11772,2021-04-03,8,GROCERY I,939.374,0,Guayas,C,1,1352,55.46,22.91,0
13232,2021-04-03,8,PRODUCE,379.688,0,Guayas,C,1,1352,55.46,22.91,0
823,2021-04-04,1,BEVERAGES,431.724,0,Pichincha,D,2,1030,55.42,21.6,0
2283,2021-04-04,1,CLEANING,233.838,10,Pichincha,D,2,1030,55.42,21.6,0
93,2021-04-04,1,GROCERY I,759.689,0,Pichincha,D,2,1030,55.42,21.6,0
1553,2021-04-04,1,PRODUCE,317.898,0,Pichincha,D,2,1030,55.42,21.6,0
3743,2021-04-04,2,BEVERAGES,427.014,1,Pichincha,D,3,939,55.42,21.6,0
5203,2021-04-04,2,CLEANING,177.802,0,Pichincha,D,3,939,55.42,21.6,0
3013,2021-04-04,2,GROCERY I,568.146,0,Pichincha,D,3,939,55.42,21.6,0
4473,2021-04-04,2,PRODUCE,283.538,0,Pichincha,D,3,939,55.42,21.6,0
6663,2021-04-04,3,BEVERAGES,649.884,0,Guayas,A,4,1460,55.42,21.6,0
8123,2021-04-04,3,CLEANING,205.781,0,Guayas,A,4,1460,55.42,21.6,0
5933,2021-04-04,3,GROCERY I,953.492,0,Guayas,A,4,1460,55.42,21.6,0
7393,2021-04-04,3,PRODUCE,497.07,23,Guayas,A,4,1460,55.42,21.6,0
9583,2021-04-04,5,BEVERAGES,312.175,1,Azuay,B,2,673,55.42,21.6,0
11043,2021-04-04,5,CLEANING,105.78,0,Azuay,B,2,673,55.42,21.6,0
8853,2021-04-04,5,GROCERY I,408.974,0,Azuay,B,2,673,55.42,21.6,0
10313,2021-04-04,5,PRODUCE,166.252,0,Azuay,B,2,673,55.42,21.6,0
12503,2021-04-04,8,BEVERAGES,522.834,14,Guayas,C,1,1206,55.42,21.6,0
13963,2021-04-04,8,CLEANING,173.52,0,Guayas,C,1,1206,55.42,21.6,0
11773,2021-04-04,8,GROCERY I,879.653,0,Guayas,C,1,1206,55.42,21.6,0
13233,2021-04-04,8,PRODUCE,451.915,5,Guayas,C,1,1206,55.42,21.6,0
824,2021-04-05,1,BEVERAGES,369.742,10,Pichincha,D,2,823,54.66,21.99,0
2284,2021-04-05,1,CLEANING,163.937,0,Pichincha,D,2,823,54.66,21.99,0
94,2021-04-05,1,GROCERY I,511.091,0,Pichincha,D,2,823,54.66,21.99,0
1554,2021-04-05,1,PRODUCE,317.329,17,Pichincha,D,2,823,54.66,21.99,0
3744,2021-04-05,2,BEVERAGES,253.27,0,Pichincha,D,3,715,54.66,21.99,0
5204,2021-04-05,2,CLEANING,146.558,24,Pichincha,D,3,715,54.66,21.99,0
3014,2021-04-05,2,GROCERY I,469.234,0,Pichincha,D,3,715,54.66,21.99,0
4474,2021-04-05,2,PRODUCE,250.527,0,Pichincha,D,3,715,54.66,21.99,0
6664,2021-04-05,3,BEVERAGES,520.509,0,Guayas,A,4,1076,54.66,21.99,0
8124,2021-04-05,3,CLEANING,219.57,0,Guayas,A,4,1076,54.66,21.99,0
5934,2021-04-05,3,GROCERY I,810.99,0,Guayas,A,4,1076,54.66,21.99,0
7394,2021-04-05,3,PRODUCE,488.864,9,Guayas,A,4,1076,54.66,21.99,0
9584,2021-04-05,5,BEVERAGES,208.827,0,Azuay,B,2,417,54.66,21.99,0
11044,2021-04-05,5,CLEANING,90.912,0,Azuay,B,2,417,54.66,21.99,0
8854,2021-04-05,5,GROCERY I,329.643,0,Azuay,B,2,417,54.66,21.99,0
10314,2021-04-05,5,PRODUCE,133.533,0,Azuay,B,2,417,54.66,21.99,0
12504,2021-04-05,8,BEVERAGES,497.069,20,Guayas,C,1,897,54.66,21.99,0
13964,2021-04-05,8,CLEANING,150.409,0,Guayas,C,1,897,54.66,21.99,0
11774,2021-04-05,8,GROCERY I,561.502,0,Guayas,C,1,897,54.66,21.99,0
13234,2021-04-05,8,PRODUCE,347.522,4,Guayas,C,1,897,54.66,21.99,0
825,2021-04-06,1,BEVERAGES,328.371,0,Pichincha,D,2,782,54.01,24.67,0
2285,2021-04-06,1,CLEANING,133.751,0,Pichincha,D,2,782,54.01,24.67,0
95,2021-04-06,1,GROCERY I,505.735,0,Pichincha,D,2,782,54.01,24.67,0
1555,2021-04-06,1,PRODUCE,243.199,0,Pichincha,D,2,782,54.01,24.67,0
3745,2021-04-06,2,BEVERAGES,262.604,0,Pichincha,D,3,675,54.01,24.67,0
5205,2021-04-06,2,CLEANING,123.747,0,Pichincha,D,3,675,54.01,24.67,0
3015,2021-04-06,2,GROCERY I,0.0,0,Pichincha,D,3,675,54.01,24.67,0
4475,2021-04-06,2,PRODUCE,257.404,17,Pichincha,D,3,675,54.01,24.67,0
6665,2021-04-06,3,BEVERAGES,449.963,0,Guayas,A,4,1134,54.01,24.67,0
8125,2021-04-06,3,CLEANING,192.258,0,Guayas,A,4,1134,54.01,24.67,0
5935,2021-04-06,3,GROCERY I,718.12,0,Guayas,A,4,1134,54.01,24.67,0
7395,2021-04-06,3,PRODUCE,295.307,0,Guayas,A,4,1134,54.01,24.67,0
9585,2021-04-06,5,BEVERAGES,223.728,0,Azuay,B,2,428,54.01,24.67,0
11045,2021-04-06,5,CLEANING,94.187,6,Azuay,B,2,428,54.01,24.67,0
8855,2021-04-06,5,GROCERY I,277.678,0,Azuay,B,2,428,54.01,24.67,0
10315,2021-04-06,5,PRODUCE,131.96,0,Azuay,B,2,428,54.01,24.67,0
12505,2021-04-06,8,BEVERAGES,358.703,0,Guayas,C,1,888,54.01,24.67,0
13965,2021-04-06,8,CLEANING,191.761,18,Guayas,C,1,888,54.01,24.67,0
11775,2021-04-06,8,GROCERY I,392.231,0,Guayas,C,1,888,54.01,24.67,0
13235,2021-04-06,8,PRODUCE,264.581,0,Guayas,C,1,888,54.01,24.67,0
826,2021-04-07,1,BEVERAGES,386.178,0,Pichincha,D,2,868,53.41,24.7,0
2286,2021-04-07,1,CLEANING,141.316,0,Pichincha,D,2,868,53.41,24.7,0
96,2021-04-07,1,GROCERY I,404.248,0,Pichincha,D,2,868,53.41,24.7,0
1556,2021-04-07,1,PRODUCE,279.374,0,Pichincha,D,2,868,53.41,24.7,0
3746,2021-04-07,2,BEVERAGES,276.969,0,Pichincha,D,3,767,53.41,24.7,0
5206,2021-04-07,2,CLEANING,111.888,0,Pichincha,D,3,767,53.41,24.7,0
3016,2021-04-07,2,GROCERY I,410.873,0,Pichincha,D,3,767,53.41,24.7,0
4476,2021-04-07,2,PRODUCE,188.773,0,Pichincha,D,3,767,53.41,24.7,0
6666,2021-04-07,3,BEVERAGES,448.514,0,Guayas,A,4,1156,53.41,24.7,0
8126,2021-04-07,3,CLEANING,209.709,0,Guayas,A,4,1156,53.41,24.7,0
5936,2021-04-07,3,GROCERY I,769.092,0,Guayas,A,4,1156,53.41,24.7,0
7396,2021-04-07,3,PRODUCE,278.541,0,Guayas,A,4,1156,53.41,24.7,0
9586,2021-04-07,5,BEVERAGES,192.702,0,Azuay,B,2,519,53.41,24.7,0
11046,2021-04-07,5,CLEANING,89.457,0,Azuay,B,2,519,53.41,24.7,0
8856,2021-04-07,5,GROCERY I,286.313,0,Azuay,B,2,519,53.41,24.7,0
10316,2021-04-07,5,PRODUCE,136.92,0,Azuay,B,2,519,53.41,24.7,0
12506,2021-04-07,8,BEVERAGES,479.515,23,Guayas,C,1,834,53.41,24.7,0
13966,2021-04-07,8,CLEANING,132.071,0,Guayas,C,1,834,53.41,24.7,0
11776,2021-04-07,8,GROCERY I,518.308,0,Guayas,C,1,834,53.41,24.7,0
13236,2021-04-07,8,PRODUCE,297.33,0,Guayas,C,1,834,53.41,24.7,0
827,2021-04-08,1,BEVERAGES,463.523,19,Pichincha,D,2,916,52.97,24.52,0
2287,2021-04-08,1,CLEANING,153.157,0,Pichincha,D,2,916,52.97,24.52,0
97,2021-04-08,1,GROCERY I,533.272,0,Pichincha,D,2,916,52.97,24.52,0
1557,2021-04-08,1,PRODUCE,269.347,0,Pichincha,D,2,916,52.97,24.52,0
3747,2021-04-08,2,BEVERAGES,290.225,0,Pichincha,D,3,715,52.97,24.52,0
5207,2021-04-08,2,CLEANING,126.228,0,Pichincha,D,3,715,52.97,24.52,0
3017,2021-04-08,2,GROCERY I,484.918,0,Pichincha,D,3,715,52.97,24.52,0
4477,2021-04-08,2,PRODUCE,216.405,0,Pichincha,D,3,715,52.97,24.52,0
6667,2021-04-08,3,BEVERAGES,564.044,0,Guayas,A,4,1084,52.97,24.52,0
8127,2021-04-08,3,CLEANING,209.158,0,Guayas,A,4,1084,52.97,24.52,0
5937,2021-04-08,3,GROCERY I,859.294,0,Guayas,A,4,1084,52.97,24.52,0
7397,2021-04-08,3,PRODUCE,380.167,0,Guayas,A,4,1084,52.97,24.52,0
9587,2021-04-08,5,BEVERAGES,216.705,0,Azuay,B,2,466,52.97,24.52,0
11047,2021-04-08,5,CLEANING,96.086,0,Azuay,B,2,466,52.97,24.52,0
8857,2021-04-08,5,GROCERY I,427.258,1,Azuay,B,2,466,52.97,24.52,0
10317,2021-04-08,5,PRODUCE,163.859,0,Azuay,B,2,466,52.97,24.52,0
12507,2021-04-08,8,BEVERAGES,377.23,0,Guayas,C,1,862,52.97,24.52,0
13967,2021-04-08,8,CLEANING,209.836,6,Guayas,C,1,862,52.97,24.52,0
11777,2021-04-08,8,GROCERY I,578.209,0,Guayas,C,1,862,52.97,24.52,0
13237,2021-04-08,8,PRODUCE,361.544,0,Guayas,C,1,862,52.97,24.52,0
828,2021-04-09,1,BEVERAGES,504.737,0,Pichincha,D,2,1031,53.15,26.41,0
2288,2021-04-09,1,CLEANING,166.652,0,Pichincha,D,2,1031,53.15,26.41,0
98,2021-04-09,1,GROCERY I,768.84,10,Pichincha,D,2,1031,53.15,26.41,0
1558,2021-04-09,1,PRODUCE,339.374,0,Pichincha,D,2,1031,53.15,26.41,0
3748,2021-04-09,2,BEVERAGES,353.115,0,Pichincha,D,3,819,53.15,26.41,0
5208,2021-04-09,2,CLEANING,136.033,0,Pichincha,D,3,819,53.15,26.41,0
3018,2021-04-09,2,GROCERY I,569.91,0,Pichincha,D,3,819,53.15,26.41,0
4478,2021-04-09,2,PRODUCE,258.837,0,Pichincha,D,3,819,53.15,26.41,0
6668,2021-04-09,3,BEVERAGES,431.518,0,Guayas,A,4,1424,53.15,26.41,0
8128,2021-04-09,3,CLEANING,264.148,0,Guayas,A,4,1424,53.15,26.41,0
5938,2021-04-09,3,GROCERY I,898.988,0,Guayas,A,4,1424,53.15,26.41,0
7398,2021-04-09,3,PRODUCE,381.741,0,Guayas,A,4,1424,53.15,26.41,0
9588,2021-04-09,5,BEVERAGES,295.259,0,Azuay,B,2,609,53.15,26.41,0
11048,2021-04-09,5,CLEANING,132.195,12,Azuay,B,2,609,53.15,26.41,0
8858,2021-04-09,5,GROCERY I,354.854,0,Azuay,B,2,609,53.15,26.41,0
10318,2021-04-09,5,PRODUCE,151.652,0,Azuay,B,2,609,53.15,26.41,0
12508,2021-04-09,8,BEVERAGES,363.382,0,Guayas,C,1,1098,53.15,26.41,0
13968,2021-04-09,8,CLEANING,208.81,1,Guayas,C,1,1098,53.15,26.41,0
11778,2021-04-09,8,GROCERY I,760.862,0,Guayas,C,1,1098,53.15,26.41,0
13238,2021-04-09,8,PRODUCE,347.123,0,Guayas,C,1,1098,53.15,26.41,0
829,2021-04-10,1,BEVERAGES,535.121,0,Pichincha,D,2,1234,52.74,20.99,0
2289,2021-04-10,1,CLEANING,216.832,0,Pichincha,D,2,1234,52.74,20.99,0
99,2021-04-10,1,GROCERY I,740.727,0,Pichincha,D,2,1234,52.74,20.99,0
1559,2021-04-10,1,PRODUCE,361.689,0,Pichincha,D,2,1234,52.74,20.99,0
3749,2021-04-10,2,BEVERAGES,447.327,0,Pichincha,D,3,1099,52.74,20.99,0
5209,2021-04-10,2,CLEANING,226.94,14,Pichincha,D,3,1099,52.74,20.99,0
3019,2021-04-10,2,GROCERY I,636.999,0,Pichincha,D,3,1099,52.74,20.99,0
4479,2021-04-10,2,PRODUCE,345.402,0,Pichincha,D,3,1099,52.74,20.99,0
6669,2021-04-10,3,BEVERAGES,714.011,0,Guayas,A,4,1768,52.74,20.99,0
8129,2021-04-10,3,CLEANING,298.175,0,Guayas,A,4,1768,52.74,20.99,0
5939,2021-04-10,3,GROCERY I,1057.367,0,Guayas,A,4,1768,52.74,20.99,0
7399,2021-04-10,3,PRODUCE,523.602,0,Guayas,A,4,1768,52.74,20.99,0
9589,2021-04-10,5,BEVERAGES,312.533,0,Azuay,B,2,684,52.74,20.99,0
11049,2021-04-10,5,CLEANING,124.065,0,Azuay,B,2,684,52.74,20.99,0
8859,2021-04-10,5,GROCERY I,358.7,0,Azuay,B,2,684,52.74,20.99,0
10319,2021-04-10,5,PRODUCE,213.711,0,Azuay,B,2,684,52.74,20.99,0
12509,2021-04-10,8,BEVERAGES,537.653,0,Guayas,C,1,1352,52.74,20.99,0
13969,2021-04-10,8,CLEANING,253.646,0,Guayas,C,1,1352,52.74,20.99,0
11779,2021-04-10,8,GROCERY I,847.556,0,Guayas,C,1,1352,52.74,20.99,0
13239,2021-04-10,8,PRODUCE,540.196,7,Guayas,C,1,1352,52.74,20.99,0
830,2021-04-11,1,BEVERAGES,552.54,0,Pichincha,D,2,1100,52.57,25.31,0
2290,2021-04-11,1,CLEANING,250.167,13,Pichincha,D,2,1100,52.57,25.31,0
100,2021-04-11,1,GROCERY I,868.082,9,Pichincha,D,2,1100,52.57,25.31,0
1560,2021-04-11,1,PRODUCE,365.9,7,Pichincha,D,2,1100,52.57,25.31,0
3750,2021-04-11,2,BEVERAGES,393.307,0,Pichincha,D,3,866,52.57,25.31,0
5210,2021-04-11,2,CLEANING,166.643,0,Pichincha,D,3,866,52.57,25.31,0
3020,2021-04-11,2,GROCERY I,543.16,0,Pichincha,D,3,866,52.57,25.31,0
4480,2021-04-11,2,PRODUCE,291.72,0,Pichincha,D,3,866,52.57,25.31,0
6670,2021-04-11,3,BEVERAGES,633.966,0,Guayas,A,4,1426,52.57,25.31,0
8130,2021-04-11,3,CLEANING,262.423,0,Guayas,A,4,1426,52.57,25.31,0
5940,2021-04-11,3,GROCERY I,890.292,0,Guayas,A,4,1426,52.57,25.31,0
7400,2021-04-11,3,PRODUCE,503.989,0,Guayas,A,4,1426,52.57,25.31,0
9590,2021-04-11,5,BEVERAGES,202.696,0,Azuay,B,2,659,52.57,25.31,0
11050,2021-04-11,5,CLEANING,95.148,0,Azuay,B,2,659,52.57,25.31,0
8860,2021-04-11,5,GROCERY I,390.818,0,Azuay,B,2,659,52.57,25.31,0
10320,2021-04-11,5,PRODUCE,175.072,0,Azuay,B,2,659,52.57,25.31,0
12510,2021-04-11,8,BEVERAGES,511.312,0,Guayas,C,1,1124,52.57,25.31,0
13970,2021-04-11,8,CLEANING,222.608,22,Guayas,C,1,1124,52.57,25.31,0
11780,2021-04-11,8,GROCERY I,767.948,0,Guayas,C,1,1124,52.57,25.31,0
13240,2021-04-11,8,PRODUCE,360.755,0,Guayas,C,1,1124,52.57,25.31,0
831,2021-04-12,1,BEVERAGES,356.509,0,Pichincha,D,2,816,53.15,26.97,0
2291,2021-04-12,1,CLEANING,136.553,0,Pichincha,D,2,816,53.15,26.97,0
101,2021-04-12,1,GROCERY I,540.597,0,Pichincha,D,2,816,53.15,26.97,0
1561,2021-04-12,1,PRODUCE,243.968,0,Pichincha,D,2,816,53.15,26.97,0
3751,2021-04-12,2,BEVERAGES,270.809,0,Pichincha,D,3,638,53.15,26.97,0
5211,2021-04-12,2,CLEANING,115.069,0,Pichincha,D,3,638,53.15,26.97,0
3021,2021-04-12,2,GROCERY I,533.567,19,Pichincha,D,3,638,53.15,26.97,0
4481,2021-04-12,2,PRODUCE,153.001,0,Pichincha,D,3,638,53.15,26.97,0
6671,2021-04-12,3,BEVERAGES,552.769,0,Guayas,A,4,1149,53.15,26.97,0
8131,2021-04-12,3,CLEANING,205.583,0,Guayas,A,4,1149,53.15,26.97,0
5941,2021-04-12,3,GROCERY I,762.093,0,Guayas,A,4,1149,53.15,26.97,0
7401,2021-04-12,3,PRODUCE,294.145,0,Guayas,A,4,1149,53.15,26.97,0
9591,2021-04-12,5,BEVERAGES,189.091,0,Azuay,B,2,562,53.15,26.97,0
11051,2021-04-12,5,CLEANING,82.654,0,Azuay,B,2,562,53.15,26.97,0
8861,2021-04-12,5,GROCERY I,320.27,0,Azuay,B,2,562,53.15,26.97,0
10321,2021-04-12,5,PRODUCE,164.601,0,Azuay,B,2,562,53.15,26.97,0
12511,2021-04-12,8,BEVERAGES,430.916,0,Guayas,C,1,916,53.15,26.97,0
13971,2021-04-12,8,CLEANING,167.567,0,Guayas,C,1,916,53.15,26.97,0
11781,2021-04-12,8,GROCERY I,562.616,0,Guayas,C,1,916,53.15,26.97,0
13241,2021-04-12,8,PRODUCE,288.6,0,Guayas,C,1,916,53.15,26.97,0
832,2021-04-13,1,BEVERAGES,341.719,0,Pichincha,D,2,765,52.99,23.22,0
2292,2021-04-13,1,CLEANING,143.013,0,Pichincha,D,2,765,52.99,23.22,0
102,2021-04-13,1,GROCERY I,420.677,0,Pichincha,D,2,765,52.99,23.22,0
1562,2021-04-13,1,PRODUCE,216.773,0,Pichincha,D,2,765,52.99,23.22,0
3752,2021-04-13,2,BEVERAGES,239.521,0,Pichincha,D,3,735,52.99,23.22,0
5212,2021-04-13,2,CLEANING,111.239,0,Pichincha,D,3,735,52.99,23.22,0
3022,2021-04-13,2,GROCERY I,410.69,0,Pichincha,D,3,735,52.99,23.22,0
4482,2021-04-13,2,PRODUCE,182.81,0,Pichincha,D,3,735,52.99,23.22,0
6672,2021-04-13,3,BEVERAGES,390.994,0,Guayas,A,4,1094,52.99,23.22,0
8132,2021-04-13,3,CLEANING,225.37,0,Guayas,A,4,1094,52.99,23.22,0
5942,2021-04-13,3,GROCERY I,655.531,0,Guayas,A,4,1094,52.99,23.22,0
7402,2021-04-13,3,PRODUCE,325.034,0,Guayas,A,4,1094,52.99,23.22,0
9592,2021-04-13,5,BEVERAGES,174.314,0,Azuay,B,2,462,52.99,23.22,0
11052,2021-04-13,5,CLEANING,77.048,0,Azuay,B,2,462,52.99,23.22,0
8862,2021-04-13,5,GROCERY I,331.536,0,Azuay,B,2,462,52.99,23.22,0
10322,2021-04-13,5,PRODUCE,149.773,0,Azuay,B,2,462,52.99,23.22,0
12512,2021-04-13,8,BEVERAGES,387.074,0,Guayas,C,1,874,52.99,23.22,0
13972,2021-04-13,8,CLEANING,168.115,0,Guayas,C,1,874,52.99,23.22,0
11782,2021-04-13,8,GROCERY I,571.546,0,Guayas,C,1,874,52.99,23.22,0
13242,2021-04-13,8,PRODUCE,226.28,0,Guayas,C,1,874,52.99,23.22,0
833,2021-04-14,1,BEVERAGES,307.487,0,Pichincha,D,2,793,53.32,24.29,0
2293,2021-04-14,1,CLEANING,155.021,0,Pichincha,D,2,793,53.32,24.29,0
103,2021-04-14,1,GROCERY I,548.501,0,Pichincha,D,2,793,53.32,24.29,0
1563,2021-04-14,1,PRODUCE,257.345,0,Pichincha,D,2,793,53.32,24.29,0
3753,2021-04-14,2,BEVERAGES,316.948,0,Pichincha,D,3,717,53.32,24.29,0
5213,2021-04-14,2,CLEANING,123.094,0,Pichincha,D,3,717,53.32,24.29,0
3023,2021-04-14,2,GROCERY I,500.805,0,Pichincha,D,3,717,53.32,24.29,0
4483,2021-04-14,2,PRODUCE,200.56,0,Pichincha,D,3,717,53.32,24.29,0
6673,2021-04-14,3,BEVERAGES,450.707,0,Guayas,A,4,1202,53.32,24.29,0
8133,2021-04-14,3,CLEANING,207.046,0,Guayas,A,4,1202,53.32,24.29,0
5943,2021-04-14,3,GROCERY I,702.46,0,Guayas,A,4,1202,53.32,24.29,0
7403,2021-04-14,3,PRODUCE,376.808,0,Guayas,A,4,1202,53.32,24.29,0
9593,2021-04-14,5,BEVERAGES,215.732,0,Azuay,B,2,500,53.32,24.29,0
11053,2021-04-14,5,CLEANING,94.769,10,Azuay,B,2,500,53.32,24.29,0
8863,2021-04-14,5,GROCERY I,354.13,0,Azuay,B,2,500,53.32,24.29,0
10323,2021-04-14,5,PRODUCE,144.407,0,Azuay,B,2,500,53.32,24.29,0
12513,2021-04-14,8,BEVERAGES,430.969,0,Guayas,C,1,916,53.32,24.29,0
13973,2021-04-14,8,CLEANING,157.163,0,Guayas,C,1,916,53.32,24.29,0
11783,2021-04-14,8,GROCERY I,585.696,0,Guayas,C,1,916,53.32,24.29,0
13243,2021-04-14,8,PRODUCE,204.319,0,Guayas,C,1,916,53.32,24.29,0
834,2021-04-15,1,BEVERAGES,404.533,0,Pichincha,D,2,853,52.9,23.79,0
2294,2021-04-15,1,CLEANING,142.784,0,Pichincha,D,2,853,52.9,23.79,0
104,2021-04-15,1,GROCERY I,636.691,3,Pichincha,D,2,853,52.9,23.79,0
1564,2021-04-15,1,PRODUCE,251.936,0,Pichincha,D,2,853,52.9,23.79,0
3754,2021-04-15,2,BEVERAGES,311.433,0,Pichincha,D,3,771,52.9,23.79,0
5214,2021-04-15,2,CLEANING,116.85,0,Pichincha,D,3,771,52.9,23.79,0
3024,2021-04-15,2,GROCERY I,479.327,0,Pichincha,D,3,771,52.9,23.79,0
4484,2021-04-15,2,PRODUCE,194.089,0,Pichincha,D,3,771,52.9,23.79,0
6674,2021-04-15,3,BEVERAGES,530.913,18,Guayas,A,4,1241,52.9,23.79,0
8134,2021-04-15,3,CLEANING,183.255,0,Guayas,A,4,1241,52.9,23.79,0
5944,2021-04-15,3,GROCERY I,700.764,0,Guayas,A,4,1241,52.9,23.79,0
7404,2021-04-15,3,PRODUCE,373.412,0,Guayas,A,4,1241,52.9,23.79,0
9594,2021-04-15,5,BEVERAGES,209.044,0,Azuay,B,2,492,52.9,23.79,0
11054,2021-04-15,5,CLEANING,86.506,0,Azuay,B,2,492,52.9,23.79,0
8864,2021-04-15,5,GROCERY I,328.926,0,Azuay,B,2,492,52.9,23.79,0
10324,2021-04-15,5,PRODUCE,162.663,0,Azuay,B,2,492,52.9,23.79,0
12514,2021-04-15,8,BEVERAGES,384.846,0,Guayas,C,1,998,52.9,23.79,0
13974,2021-04-15,8,CLEANING,167.669,0,Guayas,C,1,998,52.9,23.79,0
11784,2021-04-15,8,GROCERY I,588.092,0,Guayas,C,1,998,52.9,23.79,0
13244,2021-04-15,8,PRODUCE,231.43,0,Guayas,C,1,998,52.9,23.79,0
835,2021-04-16,1,BEVERAGES,414.522,0,Pichincha,D,2,988,52.81,23.61,0
2295,2021-04-16,1,CLEANING,200.008,0,Pichincha,D,2,988,52.81,23.61,0
105,2021-04-16,1,GROCERY I,701.603,0,Pichincha,D,2,988,52.81,23.61,0
1565,2021-04-16,1,PRODUCE,289.472,0,Pichincha,D,2,988,52.81,23.61,0
3755,2021-04-16,2,BEVERAGES,324.78,0,Pichincha,D,3,864,52.81,23.61,0
5215,2021-04-16,2,CLEANING,128.645,0,Pichincha,D,3,864,52.81,23.61,0
3025,2021-04-16,2,GROCERY I,550.878,0,Pichincha,D,3,864,52.81,23.61,0
4485,2021-04-16,2,PRODUCE,168.185,0,Pichincha,D,3,864,52.81,23.61,0
6675,2021-04-16,3,BEVERAGES,490.496,0,Guayas,A,4,1364,52.81,23.61,0
8135,2021-04-16,3,CLEANING,232.954,0,Guayas,A,4,1364,52.81,23.61,0
5945,2021-04-16,3,GROCERY I,1156.054,19,Guayas,A,4,1364,52.81,23.61,0
7405,2021-04-16,3,PRODUCE,408.588,0,Guayas,A,4,1364,52.81,23.61,0
9595,2021-04-16,5,BEVERAGES,272.69,0,Azuay,B,2,590,52.81,23.61,0
11055,2021-04-16,5,CLEANING,108.866,0,Azuay,B,2,590,52.81,23.61,0
8865,2021-04-16,5,GROCERY I,408.188,0,Azuay,B,2,590,52.81,23.61,0
10325,2021-04-16,5,PRODUCE,155.644,0,Azuay,B,2,590,52.81,23.61,0
12515,2021-04-16,8,BEVERAGES,549.993,24,Guayas,C,1,1221,52.81,23.61,0
13975,2021-04-16,8,CLEANING,226.019,0,Guayas,C,1,1221,52.81,23.61,0
11785,2021-04-16,8,GROCERY I,790.522,0,Guayas,C,1,1221,52.81,23.61,0
13245,2021-04-16,8,PRODUCE,318.42,0,Guayas,C,1,1221,52.81,23.61,0
836,2021-04-17,1,BEVERAGES,491.453,0,Pichincha,D,2,1261,52.38,24.42,0
2296,2021-04-17,1,CLEANING,268.733,3,Pichincha,D,2,1261,52.38,24.42,0
106,2021-04-17,1,GROCERY I,714.796,0,Pichincha,D,2,1261,52.38,24.42,0
1566,2021-04-17,1,PRODUCE,386.96,0,Pichincha,D,2,1261,52.38,24.42,0
3756,2021-04-17,2,BEVERAGES,534.066,4,Pichincha,D,3,1003,52.38,24.42,0
5216,2021-04-17,2,CLEANING,184.793,0,Pichincha,D,3,1003,52.38,24.42,0
3026,2021-04-17,2,GROCERY I,605.78,0,Pichincha,D,3,1003,52.38,24.42,0
4486,2021-04-17,2,PRODUCE,345.624,1,Pichincha,D,3,1003,52.38,24.42,0
6676,2021-04-17,3,BEVERAGES,690.479,0,Guayas,A,4,1708,52.38,24.42,0
8136,2021-04-17,3,CLEANING,379.251,23,Guayas,A,4,1708,52.38,24.42,0
5946,2021-04-17,3,GROCERY I,1238.845,9,Guayas,A,4,1708,52.38,24.42,0
7406,2021-04-17,3,PRODUCE,740.0,17,Guayas,A,4,1708,52.38,24.42,0
9596,2021-04-17,5,BEVERAGES,315.609,0,Azuay,B,2,715,52.38,24.42,0
11056,2021-04-17,5,CLEANING,118.416,0,Azuay,B,2,715,52.38,24.42,0
8866,2021-04-17,5,GROCERY I,468.219,0,Azuay,B,2,715,52.38,24.42,0
10326,2021-04-17,5,PRODUCE,251.034,0,Azuay,B,2,715,52.38,24.42,0
12516,2021-04-17,8,BEVERAGES,589.088,0,Guayas,C,1,1399,52.38,24.42,0
13976,2021-04-17,8,CLEANING,222.746,0,Guayas,C,1,1399,52.38,24.42,0
11786,2021-04-17,8,GROCERY I,994.735,0,Guayas,C,1,1399,52.38,24.42,0
13246,2021-04-17,8,PRODUCE,455.43,0,Guayas,C,1,1399,52.38,24.42,0
837,2021-04-18,1,BEVERAGES,503.861,0,Pichincha,D,2,1129,52.23,26.89,0
2297,2021-04-18,1,CLEANING,186.635,0,Pichincha,D,2,1129,52.23,26.89,0
107,2021-04-18,1,GROCERY I,855.708,8,Pichincha,D,2,1129,52.23,26.89,0
1567,2021-04-18,1,PRODUCE,287.607,0,Pichincha,D,2,1129,52.23,26.89,0
3757,2021-04-18,2,BEVERAGES,405.272,0,Pichincha,D,3,878,52.23,26.89,0
5217,2021-04-18,2,CLEANING,153.547,0,Pichincha,D,3,878,52.23,26.89,0
3027,2021-04-18,2,GROCERY I,610.567,0,Pichincha,D,3,878,52.23,26.89,0
4487,2021-04-18,2,PRODUCE,262.306,0,Pichincha,D,3,878,52.23,26.89,0
6677,2021-04-18,3,BEVERAGES,654.627,0,Guayas,A,4,1584,52.23,26.89,0
8137,2021-04-18,3,CLEANING,346.879,18,Guayas,A,4,1584,52.23,26.89,0
5947,2021-04-18,3,GROCERY I,833.723,0,Guayas,A,4,1584,52.23,26.89,0
7407,2021-04-18,3,PRODUCE,428.463,0,Guayas,A,4,1584,52.23,26.89,0
9597,2021-04-18,5,BEVERAGES,273.127,0,Azuay,B,2,693,52.23,26.89,0
11057,2021-04-18,5,CLEANING,95.164,0,Azuay,B,2,693,52.23,26.89,0
8867,2021-04-18,5,GROCERY I,413.769,0,Azuay,B,2,693,52.23,26.89,0
10327,2021-04-18,5,PRODUCE,169.863,0,Azuay,B,2,693,52.23,26.89,0
12517,2021-04-18,8,BEVERAGES,583.174,20,Guayas,C,1,1162,52.23,26.89,0
13977,2021-04-18,8,CLEANING,197.483,0,Guayas,C,1,1162,52.23,26.89,0
11787,2021-04-18,8,GROCERY I,686.796,0,Guayas,C,1,1162,52.23,26.89,0
13247,2021-04-18,8,PRODUCE,359.152,0,Guayas,C,1,1162,52.23,26.89,0
838,2021-04-19,1,BEVERAGES,388.166,0,Pichincha,D,2,784,52.61,27.48,0
2298,2021-04-19,1,CLEANING,120.77,0,Pichincha,D,2,784,52.61,27.48,0
108,2021-04-19,1,GROCERY I,647.115,10,Pichincha,D,2,784,52.61,27.48,0
1568,2021-04-19,1,PRODUCE,266.767,0,Pichincha,D,2,784,52.61,27.48,0
3758,2021-04-19,2,BEVERAGES,332.465,0,Pichincha,D,3,714,52.61,27.48,0
5218,2021-04-19,2,CLEANING,119.246,0,Pichincha,D,3,714,52.61,27.48,0
3028,2021-04-19,2,GROCERY I,420.939,0,Pichincha,D,3,714,52.61,27.48,0
4488,2021-04-19,2,PRODUCE,194.516,0,Pichincha,D,3,714,52.61,27.48,0
6678,2021-04-19,3,BEVERAGES,525.271,0,Guayas,A,4,1126,52.61,27.48,0
8138,2021-04-19,3,CLEANING,185.793,0,Guayas,A,4,1126,52.61,27.48,0
5948,2021-04-19,3,GROCERY I,660.344,0,Guayas,A,4,1126,52.61,27.48,0
7408,2021-04-19,3,PRODUCE,348.286,0,Guayas,A,4,1126,52.61,27.48,0
9598,2021-04-19,5,BEVERAGES,218.774,2,Azuay,B,2,449,52.61,27.48,0
11058,2021-04-19,5,CLEANING,94.199,13,Azuay,B,2,449,52.61,27.48,0
8868,2021-04-19,5,GROCERY I,306.767,0,Azuay,B,2,449,52.61,27.48,0
10328,2021-04-19,5,PRODUCE,194.204,11,Azuay,B,2,449,52.61,27.48,0
12518,2021-04-19,8,BEVERAGES,423.824,0,Guayas,C,1,970,52.61,27.48,0
13978,2021-04-19,8,CLEANING,170.732,0,Guayas,C,1,970,52.61,27.48,0
11788,2021-04-19,8,GROCERY I,741.378,14,Guayas,C,1,970,52.61,27.48,0
13248,2021-04-19,8,PRODUCE,263.575,0,Guayas,C,1,970,52.61,27.48,0
839,2021-04-20,1,BEVERAGES,375.245,0,Pichincha,D,2,819,51.83,24.45,0
2299,2021-04-20,1,CLEANING,138.009,0,Pichincha,D,2,819,51.83,24.45,0
109,2021-04-20,1,GROCERY I,660.856,4,Pichincha,D,2,819,51.83,24.45,0
1569,2021-04-20,1,PRODUCE,231.275,0,Pichincha,D,2,819,51.83,24.45,0
3759,2021-04-20,2,BEVERAGES,284.997,0,Pichincha,D,3,638,51.83,24.45,0
5219,2021-04-20,2,CLEANING,149.279,4,Pichincha,D,3,638,51.83,24.45,0
3029,2021-04-20,2,GROCERY I,406.199,0,Pichincha,D,3,638,51.83,24.45,0
4489,2021-04-20,2,PRODUCE,180.047,0,Pichincha,D,3,638,51.83,24.45,0
6679,2021-04-20,3,BEVERAGES,437.074,0,Guayas,A,4,1104,51.83,24.45,0
8139,2021-04-20,3,CLEANING,231.311,0,Guayas,A,4,1104,51.83,24.45,0
5949,2021-04-20,3,GROCERY I,822.587,13,Guayas,A,4,1104,51.83,24.45,0
7409,2021-04-20,3,PRODUCE,374.135,0,Guayas,A,4,1104,51.83,24.45,0
9599,2021-04-20,5,BEVERAGES,204.089,0,Azuay,B,2,476,51.83,24.45,0
11059,2021-04-20,5,CLEANING,94.32,0,Azuay,B,2,476,51.83,24.45,0
8869,2021-04-20,5,GROCERY I,312.786,0,Azuay,B,2,476,51.83,24.45,0
10329,2021-04-20,5,PRODUCE,145.42,0,Azuay,B,2,476,51.83,24.45,0
12519,2021-04-20,8,BEVERAGES,325.743,0,Guayas,C,1,963,51.83,24.45,0
13979,2021-04-20,8,CLEANING,162.329,0,Guayas,C,1,963,51.83,24.45,0
11789,2021-04-20,8,GROCERY I,503.131,0,Guayas,C,1,963,51.83,24.45,0
13249,2021-04-20,8,PRODUCE,278.215,0,Guayas,C,1,963,51.83,24.45,0
840,2021-04-21,1,BEVERAGES,332.74,0,Pichincha,D,2,827,52.03,27.6,0
2300,2021-04-21,1,CLEANING,149.062,0,Pichincha,D,2,827,52.03,27.6,0
110,2021-04-21,1,GROCERY I,538.547,0,Pichincha,D,2,827,52.03,27.6,0
1570,2021-04-21,1,PRODUCE,269.558,0,Pichincha,D,2,827,52.03,27.6,0
3760,2021-04-21,2,BEVERAGES,308.342,0,Pichincha,D,3,725,52.03,27.6,0
5220,2021-04-21,2,CLEANING,125.066,0,Pichincha,D,3,725,52.03,27.6,0
3030,2021-04-21,2,GROCERY I,466.172,0,Pichincha,D,3,725,52.03,27.6,0
4490,2021-04-21,2,PRODUCE,200.517,0,Pichincha,D,3,725,52.03,27.6,0
6680,2021-04-21,3,BEVERAGES,491.448,0,Guayas,A,4,1153,52.03,27.6,0
8140,2021-04-21,3,CLEANING,197.501,0,Guayas,A,4,1153,52.03,27.6,0
5950,2021-04-21,3,GROCERY I,686.855,0,Guayas,A,4,1153,52.03,27.6,0
7410,2021-04-21,3,PRODUCE,358.078,0,Guayas,A,4,1153,52.03,27.6,0
9600,2021-04-21,5,BEVERAGES,221.419,0,Azuay,B,2,521,52.03,27.6,0
11060,2021-04-21,5,CLEANING,86.767,0,Azuay,B,2,521,52.03,27.6,0
8870,2021-04-21,5,GROCERY I,285.238,0,Azuay,B,2,521,52.03,27.6,0
10330,2021-04-21,5,PRODUCE,143.255,0,Azuay,B,2,521,52.03,27.6,0
12520,2021-04-21,8,BEVERAGES,405.888,0,Guayas,C,1,870,52.03,27.6,0
13980,2021-04-21,8,CLEANING,154.496,0,Guayas,C,1,870,52.03,27.6,0
11790,2021-04-21,8,GROCERY I,491.196,0,Guayas,C,1,870,52.03,27.6,0
13250,2021-04-21,8,PRODUCE,0.0,0,Guayas,C,1,870,52.03,27.6,0
841,2021-04-22,1,BEVERAGES,365.366,0,Pichincha,D,2,899,52.13,25.0,0
2301,2021-04-22,1,CLEANING,178.103,0,Pichincha,D,2,899,52.13,25.0,0
111,2021-04-22,1,GROCERY I,555.284,0,Pichincha,D,2,899,52.13,25.0,0
1571,2021-04-22,1,PRODUCE,251.28,0,Pichincha,D,2,899,52.13,25.0,0
3761,2021-04-22,2,BEVERAGES,267.697,0,Pichincha,D,3,730,52.13,25.0,0
5221,2021-04-22,2,CLEANING,124.149,0,Pichincha,D,3,730,52.13,25.0,0
3031,2021-04-22,2,GROCERY I,587.247,19,Pichincha,D,3,730,52.13,25.0,0
4491,2021-04-22,2,PRODUCE,219.77,0,Pichincha,D,3,730,52.13,25.0,0
6681,2021-04-22,3,BEVERAGES,592.881,5,Guayas,A,4,1165,52.13,25.0,0
8141,2021-04-22,3,CLEANING,215.339,0,Guayas,A,4,1165,52.13,25.0,0
5951,2021-04-22,3,GROCERY I,955.793,17,Guayas,A,4,1165,52.13,25.0,0
7411,2021-04-22,3,PRODUCE,392.897,0,Guayas,A,4,1165,52.13,25.0,0
9601,2021-04-22,5,BEVERAGES,183.006,0,Azuay,B,2,571,52.13,25.0,0
11061,2021-04-22,5,CLEANING,80.631,0,Azuay,B,2,571,52.13,25.0,0
8871,2021-04-22,5,GROCERY I,383.855,0,Azuay,B,2,571,52.13,25.0,0
10331,2021-04-22,5,PRODUCE,202.099,10,Azuay,B,2,571,52.13,25.0,0
12521,2021-04-22,8,BEVERAGES,445.639,0,Guayas,C,1,924,52.13,25.0,0
13981,2021-04-22,8,CLEANING,150.123,0,Guayas,C,1,924,52.13,25.0,0
11791,2021-04-22,8,GROCERY I,680.416,0,Guayas,C,1,924,52.13,25.0,0
13251,2021-04-22,8,PRODUCE,250.457,0,Guayas,C,1,924,52.13,25.0,0
842,2021-04-23,1,BEVERAGES,426.277,0,Pichincha,D,2,1041,51.87,27.41,0
2302,2021-04-23,1,CLEANING,188.916,0,Pichincha,D,2,1041,51.87,27.41,0
112,2021-04-23,1,GROCERY I,571.863,0,Pichincha,D,2,1041,51.87,27.41,0
1572,2021-04-23,1,PRODUCE,321.456,0,Pichincha,D,2,1041,51.87,27.41,0
3762,2021-04-23,2,BEVERAGES,349.629,0,Pichincha,D,3,894,51.87,27.41,0
5222,2021-04-23,2,CLEANING,132.231,0,Pichincha,D,3,894,51.87,27.41,0
3032,2021-04-23,2,GROCERY I,513.31,6,Pichincha,D,3,894,51.87,27.41,0
4492,2021-04-23,2,PRODUCE,238.43,0,Pichincha,D,3,894,51.87,27.41,0
6682,2021-04-23,3,BEVERAGES,606.66,0,Guayas,A,4,1486,51.87,27.41,0
8142,2021-04-23,3,CLEANING,214.926,0,Guayas,A,4,1486,51.87,27.41,0
5952,2021-04-23,3,GROCERY I,881.523,0,Guayas,A,4,1486,51.87,27.41,0
7412,2021-04-23,3,PRODUCE,376.803,0,Guayas,A,4,1486,51.87,27.41,0
9602,2021-04-23,5,BEVERAGES,238.672,0,Azuay,B,2,645,51.87,27.41,0
11062,2021-04-23,5,CLEANING,114.982,0,Azuay,B,2,645,51.87,27.41,0
8872,2021-04-23,5,GROCERY I,298.546,0,Azuay,B,2,645,51.87,27.41,0
10332,2021-04-23,5,PRODUCE,189.996,0,Azuay,B,2,645,51.87,27.41,0
12522,2021-04-23,8,BEVERAGES,591.388,3,Guayas,C,1,1082,51.87,27.41,0
13982,2021-04-23,8,CLEANING,214.059,0,Guayas,C,1,1082,51.87,27.41,0
11792,2021-04-23,8,GROCERY I,857.984,0,Guayas,C,1,1082,51.87,27.41,0
13252,2021-04-23,8,PRODUCE,347.124,0,Guayas,C,1,1082,51.87,27.41,0
843,2021-04-24,1,BEVERAGES,558.938,0,Pichincha,D,2,1191,51.22,24.84,0
2303,2021-04-24,1,CLEANING,241.167,0,Pichincha,D,2,1191,51.22,24.84,0
113,2021-04-24,1,GROCERY I,701.022,0,Pichincha,D,2,1191,51.22,24.84,0
1573,2021-04-24,1,PRODUCE,459.399,23,Pichincha,D,2,1191,51.22,24.84,0
3763,2021-04-24,2,BEVERAGES,414.463,0,Pichincha,D,3,1075,51.22,24.84,0
5223,2021-04-24,2,CLEANING,168.911,0,Pichincha,D,3,1075,51.22,24.84,0
3033,2021-04-24,2,GROCERY I,652.304,0,Pichincha,D,3,1075,51.22,24.84,0
4493,2021-04-24,2,PRODUCE,340.721,0,Pichincha,D,3,1075,51.22,24.84,0
6683,2021-04-24,3,BEVERAGES,776.994,0,Guayas,A,4,1675,51.22,24.84,0
8143,2021-04-24,3,CLEANING,324.8,0,Guayas,A,4,1675,51.22,24.84,0
5953,2021-04-24,3,GROCERY I,1126.171,0,Guayas,A,4,1675,51.22,24.84,0
7413,2021-04-24,3,PRODUCE,554.728,0,Guayas,A,4,1675,51.22,24.84,0
9603,2021-04-24,5,BEVERAGES,308.876,0,Azuay,B,2,751,51.22,24.84,0
11063,2021-04-24,5,CLEANING,122.814,0,Azuay,B,2,751,51.22,24.84,0
8873,2021-04-24,5,GROCERY I,594.493,9,Azuay,B,2,751,51.22,24.84,0
10333,2021-04-24,5,PRODUCE,261.665,14,Azuay,B,2,751,51.22,24.84,0
12523,2021-04-24,8,BEVERAGES,618.767,0,Guayas,C,1,1357,51.22,24.84,0
13983,2021-04-24,8,CLEANING,259.938,9,Guayas,C,1,1357,51.22,24.84,0
11793,2021-04-24,8,GROCERY I,1048.22,14,Guayas,C,1,1357,51.22,24.84,0
13253,2021-04-24,8,PRODUCE,436.189,0,Guayas,C,1,1357,51.22,24.84,0
844,2021-04-25,1,BEVERAGES,519.622,0,Pichincha,D,2,1042,51.25,25.16,0
2304,2021-04-25,1,CLEANING,170.372,0,Pichincha,D,2,1042,51.25,25.16,0
114,2021-04-25,1,GROCERY I,668.785,0,Pichincha,D,2,1042,51.25,25.16,0
1574,2021-04-25,1,PRODUCE,345.189,0,Pichincha,D,2,1042,51.25,25.16,0
3764,2021-04-25,2,BEVERAGES,384.603,0,Pichincha,D,3,951,51.25,25.16,0
5224,2021-04-25,2,CLEANING,164.698,0,Pichincha,D,3,951,51.25,25.16,0
3034,2021-04-25,2,GROCERY I,712.76,14,Pichincha,D,3,951,51.25,25.16,0
4494,2021-04-25,2,PRODUCE,266.156,0,Pichincha,D,3,951,51.25,25.16,0
6684,2021-04-25,3,BEVERAGES,603.77,0,Guayas,A,4,1421,51.25,25.16,0
8144,2021-04-25,3,CLEANING,247.36,0,Guayas,A,4,1421,51.25,25.16,0
5954,2021-04-25,3,GROCERY I,990.091,0,Guayas,A,4,1421,51.25,25.16,0
7414,2021-04-25,3,PRODUCE,442.762,0,Guayas,A,4,1421,51.25,25.16,0
9604,2021-04-25,5,BEVERAGES,263.637,0,Azuay,B,2,634,51.25,25.16,0
11064,2021-04-25,5,CLEANING,132.059,0,Azuay,B,2,634,51.25,25.16,0
8874,2021-04-25,5,GROCERY I,507.861,9,Azuay,B,2,634,51.25,25.16,0
10334,2021-04-25,5,PRODUCE,178.424,0,Azuay,B,2,634,51.25,25.16,0
12524,2021-04-25,8,BEVERAGES,470.045,0,Guayas,C,1,1225,51.25,25.16,0
13984,2021-04-25,8,CLEANING,252.271,0,Guayas,C,1,1225,51.25,25.16,0
11794,2021-04-25,8,GROCERY I,900.512,0,Guayas,C,1,1225,51.25,25.16,0
13254,2021-04-25,8,PRODUCE,421.264,0,Guayas,C,1,1225,51.25,25.16,0
845,2021-04-26,1,BEVERAGES,366.746,0,Pichincha,D,2,858,51.01,25.49,0
2305,2021-04-26,1,CLEANING,147.165,0,Pichincha,D,2,858,51.01,25.49,0
115,2021-04-26,1,GROCERY I,549.243,0,Pichincha,D,2,858,51.01,25.49,0
1575,2021-04-26,1,PRODUCE,254.417,0,Pichincha,D,2,858,51.01,25.49,0
3765,2021-04-26,2,BEVERAGES,405.837,11,Pichincha,D,3,751,51.01,25.49,0
5225,2021-04-26,2,CLEANING,123.329,0,Pichincha,D,3,751,51.01,25.49,0
3035,2021-04-26,2,GROCERY I,436.096,0,Pichincha,D,3,751,51.01,25.49,0
4495,2021-04-26,2,PRODUCE,190.007,0,Pichincha,D,3,751,51.01,25.49,0
6685,2021-04-26,3,BEVERAGES,524.888,0,Guayas,A,4,1133,51.01,25.49,0
8145,2021-04-26,3,CLEANING,187.194,0,Guayas,A,4,1133,51.01,25.49,0
5955,2021-04-26,3,GROCERY I,790.293,0,Guayas,A,4,1133,51.01,25.49,0
7415,2021-04-26,3,PRODUCE,316.793,0,Guayas,A,4,1133,51.01,25.49,0
9605,2021-04-26,5,BEVERAGES,229.803,0,Azuay,B,2,556,51.01,25.49,0
11065,2021-04-26,5,CLEANING,106.565,22,Azuay,B,2,556,51.01,25.49,0
8875,2021-04-26,5,GROCERY I,325.615,0,Azuay,B,2,556,51.01,25.49,0
10335,2021-04-26,5,PRODUCE,146.013,0,Azuay,B,2,556,51.01,25.49,0
12525,2021-04-26,8,BEVERAGES,359.638,0,Guayas,C,1,1009,51.01,25.49,0
13985,2021-04-26,8,CLEANING,145.474,0,Guayas,C,1,1009,51.01,25.49,0
11795,2021-04-26,8,GROCERY I,566.784,0,Guayas,C,1,1009,51.01,25.49,0
13255,2021-04-26,8,PRODUCE,273.895,0,Guayas,C,1,1009,51.01,25.49,0
846,2021-04-27,1,BEVERAGES,393.5,0,Pichincha,D,2,866,51.12,29.44,0
2306,2021-04-27,1,CLEANING,155.506,0,Pichincha,D,2,866,51.12,29.44,0
116,2021-04-27,1,GROCERY I,489.018,0,Pichincha,D,2,866,51.12,29.44,0
1576,2021-04-27,1,PRODUCE,201.616,0,Pichincha,D,2,866,51.12,29.44,0
3766,2021-04-27,2,BEVERAGES,279.595,0,Pichincha,D,3,681,51.12,29.44,0
5226,2021-04-27,2,CLEANING,108.997,0,Pichincha,D,3,681,51.12,29.44,0
3036,2021-04-27,2,GROCERY I,429.509,0,Pichincha,D,3,681,51.12,29.44,0
4496,2021-04-27,2,PRODUCE,174.417,0,Pichincha,D,3,681,51.12,29.44,0
6686,2021-04-27,3,BEVERAGES,401.207,0,Guayas,A,4,1136,51.12,29.44,0
8146,2021-04-27,3,CLEANING,223.84,18,Guayas,A,4,1136,51.12,29.44,0
5956,2021-04-27,3,GROCERY I,577.617,0,Guayas,A,4,1136,51.12,29.44,0
7416,2021-04-27,3,PRODUCE,326.006,0,Guayas,A,4,1136,51.12,29.44,0
9606,2021-04-27,5,BEVERAGES,204.087,0,Azuay,B,2,453,51.12,29.44,0
11066,2021-04-27,5,CLEANING,84.407,0,Azuay,B,2,453,51.12,29.44,0
8876,2021-04-27,5,GROCERY I,264.992,0,Azuay,B,2,453,51.12,29.44,0
10336,2021-04-27,5,PRODUCE,134.667,0,Azuay,B,2,453,51.12,29.44,0
12526,2021-04-27,8,BEVERAGES,377.47,0,Guayas,C,1,942,51.12,29.44,0
13986,2021-04-27,8,CLEANING,138.168,0,Guayas,C,1,942,51.12,29.44,0
11796,2021-04-27,8,GROCERY I,554.557,0,Guayas,C,1,942,51.12,29.44,0
13256,2021-04-27,8,PRODUCE,365.064,19,Guayas,C,1,942,51.12,29.44,0
847,2021-04-28,1,BEVERAGES,374.279,0,Pichincha,D,2,739,51.13,26.19,0
2307,2021-04-28,1,CLEANING,133.626,0,Pichincha,D,2,739,51.13,26.19,0
117,2021-04-28,1,GROCERY I,566.403,0,Pichincha,D,2,739,51.13,26.19,0
1577,2021-04-28,1,PRODUCE,268.086,0,Pichincha,D,2,739,51.13,26.19,0
3767,2021-04-28,2,BEVERAGES,259.511,0,Pichincha,D,3,721,51.13,26.19,0
5227,2021-04-28,2,CLEANING,110.467,0,Pichincha,D,3,721,51.13,26.19,0
3037,2021-04-28,2,GROCERY I,367.382,0,Pichincha,D,3,721,51.13,26.19,0
4497,2021-04-28,2,PRODUCE,197.289,0,Pichincha,D,3,721,51.13,26.19,0
6687,2021-04-28,3,BEVERAGES,603.173,21,Guayas,A,4,1096,51.13,26.19,0
8147,2021-04-28,3,CLEANING,220.127,0,Guayas,A,4,1096,51.13,26.19,0
5957,2021-04-28,3,GROCERY I,649.491,0,Guayas,A,4,1096,51.13,26.19,0
7417,2021-04-28,3,PRODUCE,336.965,0,Guayas,A,4,1096,51.13,26.19,0
9607,2021-04-28,5,BEVERAGES,205.779,0,Azuay,B,2,465,51.13,26.19,0
11067,2021-04-28,5,CLEANING,109.221,5,Azuay,B,2,465,51.13,26.19,0
8877,2021-04-28,5,GROCERY I,260.965,0,Azuay,B,2,465,51.13,26.19,0
10337,2021-04-28,5,PRODUCE,145.376,0,Azuay,B,2,465,51.13,26.19,0
12527,2021-04-28,8,BEVERAGES,354.582,0,Guayas,C,1,940,51.13,26.19,0
13987,2021-04-28,8,CLEANING,163.924,0,Guayas,C,1,940,51.13,26.19,0
11797,2021-04-28,8,GROCERY I,675.335,0,Guayas,C,1,940,51.13,26.19,0
13257,2021-04-28,8,PRODUCE,259.328,0,Guayas,C,1,940,51.13,26.19,0
848,2021-04-29,1,BEVERAGES,361.002,0,Pichincha,D,2,901,51.85,24.01,0
2308,2021-04-29,1,CLEANING,168.091,0,Pichincha,D,2,901,51.85,24.01,0
118,2021-04-29,1,GROCERY I,556.688,0,Pichincha,D,2,901,51.85,24.01,0
1578,2021-04-29,1,PRODUCE,259.661,0,Pichincha,D,2,901,51.85,24.01,0
3768,2021-04-29,2,BEVERAGES,267.508,0,Pichincha,D,3,763,51.85,24.01,0
5228,2021-04-29,2,CLEANING,163.006,1,Pichincha,D,3,763,51.85,24.01,0
3038,2021-04-29,2,GROCERY I,348.271,0,Pichincha,D,3,763,51.85,24.01,0
4498,2021-04-29,2,PRODUCE,235.665,0,Pichincha,D,3,763,51.85,24.01,0
6688,2021-04-29,3,BEVERAGES,543.373,0,Guayas,A,4,1209,51.85,24.01,0
8148,2021-04-29,3,CLEANING,217.21,0,Guayas,A,4,1209,51.85,24.01,0
5958,2021-04-29,3,GROCERY I,808.183,0,Guayas,A,4,1209,51.85,24.01,0
7418,2021-04-29,3,PRODUCE,412.114,0,Guayas,A,4,1209,51.85,24.01,0
9608,2021-04-29,5,BEVERAGES,226.967,0,Azuay,B,2,592,51.85,24.01,0
11068,2021-04-29,5,CLEANING,100.513,0,Azuay,B,2,592,51.85,24.01,0
8878,2021-04-29,5,GROCERY I,345.192,0,Azuay,B,2,592,51.85,24.01,0
10338,2021-04-29,5,PRODUCE,163.814,0,Azuay,B,2,592,51.85,24.01,0
12528,2021-04-29,8,BEVERAGES,414.772,0,Guayas,C,1,976,51.85,24.01,0
13988,2021-04-29,8,CLEANING,177.726,0,Guayas,C,1,976,51.85,24.01,0
11798,2021-04-29,8,GROCERY I,573.953,0,Guayas,C,1,976,51.85,24.01,0
13258,2021-04-29,8,PRODUCE,346.613,0,Guayas,C,1,976,51.85,24.01,0
849,2021-04-30,1,BEVERAGES,462.74,0,Pichincha,D,2,1098,51.74,26.36,0
2309,2021-04-30,1,CLEANING,234.852,17,Pichincha,D,2,1098,51.74,26.36,0
119,2021-04-30,1,GROCERY I,608.861,0,Pichincha,D,2,1098,51.74,26.36,0
1579,2021-04-30,1,PRODUCE,327.318,0,Pichincha,D,2,1098,51.74,26.36,0
3769,2021-04-30,2,BEVERAGES,404.631,0,Pichincha,D,3,778,51.74,26.36,0
5229,2021-04-30,2,CLEANING,144.844,0,Pichincha,D,3,778,51.74,26.36,0
3039,2021-04-30,2,GROCERY I,497.788,0,Pichincha,D,3,778,51.74,26.36,0
4499,2021-04-30,2,PRODUCE,231.57,0,Pichincha,D,3,778,51.74,26.36,0
6689,2021-04-30,3,BEVERAGES,629.062,0,Guayas,A,4,1435,51.74,26.36,0
8149,2021-04-30,3,CLEANING,223.943,0,Guayas,A,4,1435,51.74,26.36,0
5959,2021-04-30,3,GROCERY I,915.887,0,Guayas,A,4,1435,51.74,26.36,0
7419,2021-04-30,3,PRODUCE,0.0,0,Guayas,A,4,1435,51.74,26.36,0
9609,2021-04-30,5,BEVERAGES,263.833,0,Azuay,B,2,643,51.74,26.36,0
11069,2021-04-30,5,CLEANING,121.303,4,Azuay,B,2,643,51.74,26.36,0
8879,2021-04-30,5,GROCERY I,428.354,0,Azuay,B,2,643,51.74,26.36,0
10339,2021-04-30,5,PRODUCE,182.573,0,Azuay,B,2,643,51.74,26.36,0
12529,2021-04-30,8,BEVERAGES,484.354,0,Guayas,C,1,1166,51.74,26.36,0
13989,2021-04-30,8,CLEANING,180.414,0,Guayas,C,1,1166,51.74,26.36,0
11799,2021-04-30,8,GROCERY I,790.386,0,Guayas,C,1,1166,51.74,26.36,0
13259,2021-04-30,8,PRODUCE,316.731,0,Guayas,C,1,1166,51.74,26.36,0
850,2021-05-01,1,BEVERAGES,784.199,0,Pichincha,D,2,1252,51.28,24.49,1
2310,2021-05-01,1,CLEANING,292.136,0,Pichincha,D,2,1252,51.28,24.49,1
120,2021-05-01,1,GROCERY I,1252.066,10,Pichincha,D,2,1252,51.28,24.49,1
1580,2021-05-01,1,PRODUCE,625.16,10,Pichincha,D,2,1252,51.28,24.49,1
3770,2021-05-01,2,BEVERAGES,582.106,0,Pichincha,D,3,1099,51.28,24.49,1
5230,2021-05-01,2,CLEANING,249.126,0,Pichincha,D,3,1099,51.28,24.49,1
3040,2021-05-01,2,GROCERY I,883.373,0,Pichincha,D,3,1099,51.28,24.49,1
4500,2021-05-01,2,PRODUCE,416.025,0,Pichincha,D,3,1099,51.28,24.49,1
6690,2021-05-01,3,BEVERAGES,818.646,0,Guayas,A,4,1645,51.28,24.49,1
8150,2021-05-01,3,CLEANING,365.945,0,Guayas,A,4,1645,51.28,24.49,1
5960,2021-05-01,3,GROCERY I,1543.667,0,Guayas,A,4,1645,51.28,24.49,1
7420,2021-05-01,3,PRODUCE,737.653,22,Guayas,A,4,1645,51.28,24.49,1
9610,2021-05-01,5,BEVERAGES,391.146,0,Azuay,B,2,773,51.28,24.49,1
11070,2021-05-01,5,CLEANING,184.01,0,Azuay,B,2,773,51.28,24.49,1
8880,2021-05-01,5,GROCERY I,750.757,1,Azuay,B,2,773,51.28,24.49,1
10340,2021-05-01,5,PRODUCE,281.167,0,Azuay,B,2,773,51.28,24.49,1
12530,2021-05-01,8,BEVERAGES,739.924,0,Guayas,C,1,1405,51.28,24.49,1
13990,2021-05-01,8,CLEANING,359.736,0,Guayas,C,1,1405,51.28,24.49,1
11800,2021-05-01,8,GROCERY I,1116.552,0,Guayas,C,1,1405,51.28,24.49,1
13260,2021-05-01,8,PRODUCE,558.87,0,Guayas,C,1,1405,51.28,24.49,1
851,2021-05-02,1,BEVERAGES,539.597,0,Pichincha,D,2,1126,51.36,24.31,0
2311,2021-05-02,1,CLEANING,186.116,0,Pichincha,D,2,1126,51.36,24.31,0
121,2021-05-02,1,GROCERY I,722.542,0,Pichincha,D,2,1126,51.36,24.31,0
1581,2021-05-02,1,PRODUCE,368.414,20,Pichincha,D,2,1126,51.36,24.31,0
3771,2021-05-02,2,BEVERAGES,389.393,0,Pichincha,D,3,942,51.36,24.31,0
5231,2021-05-02,2,CLEANING,169.386,0,Pichincha,D,3,942,51.36,24.31,0
3041,2021-05-02,2,GROCERY I,411.344,0,Pichincha,D,3,942,51.36,24.31,0
4501,2021-05-02,2,PRODUCE,267.892,0,Pichincha,D,3,942,51.36,24.31,0
6691,2021-05-02,3,BEVERAGES,605.067,0,Guayas,A,4,1461,51.36,24.31,0
8151,2021-05-02,3,CLEANING,291.324,0,Guayas,A,4,1461,51.36,24.31,0
5961,2021-05-02,3,GROCERY I,821.913,0,Guayas,A,4,1461,51.36,24.31,0
7421,2021-05-02,3,PRODUCE,397.681,0,Guayas,A,4,1461,51.36,24.31,0
9611,2021-05-02,5,BEVERAGES,253.799,0,Azuay,B,2,687,51.36,24.31,0
11071,2021-05-02,5,CLEANING,103.77,0,Azuay,B,2,687,51.36,24.31,0
8881,2021-05-02,5,GROCERY I,435.362,0,Azuay,B,2,687,51.36,24.31,0
10341,2021-05-02,5,PRODUCE,175.106,0,Azuay,B,2,687,51.36,24.31,0
12531,2021-05-02,8,BEVERAGES,626.519,15,Guayas,C,1,1270,51.36,24.31,0
13991,2021-05-02,8,CLEANING,216.252,0,Guayas,C,1,1270,51.36,24.31,0
11801,2021-05-02,8,GROCERY I,725.158,0,Guayas,C,1,1270,51.36,24.31,0
13261,2021-05-02,8,PRODUCE,364.586,0,Guayas,C,1,1270,51.36,24.31,0
852,2021-05-03,1,BEVERAGES,391.451,0,Pichincha,D,2,827,51.46,26.27,0
2312,2021-05-03,1,CLEANING,135.149,0,Pichincha,D,2,827,51.46,26.27,0
122,2021-05-03,1,GROCERY I,563.633,0,Pichincha,D,2,827,51.46,26.27,0
1582,2021-05-03,1,PRODUCE,230.328,0,Pichincha,D,2,827,51.46,26.27,0
3772,2021-05-03,2,BEVERAGES,280.496,0,Pichincha,D,3,755,51.46,26.27,0
5232,2021-05-03,2,CLEANING,117.965,0,Pichincha,D,3,755,51.46,26.27,0
3042,2021-05-03,2,GROCERY I,505.27,1,Pichincha,D,3,755,51.46,26.27,0
4502,2021-05-03,2,PRODUCE,242.266,0,Pichincha,D,3,755,51.46,26.27,0
6692,2021-05-03,3,BEVERAGES,489.703,0,Guayas,A,4,1175,51.46,26.27,0
8152,2021-05-03,3,CLEANING,195.669,0,Guayas,A,4,1175,51.46,26.27,0
5962,2021-05-03,3,GROCERY I,706.608,0,Guayas,A,4,1175,51.46,26.27,0
7422,2021-05-03,3,PRODUCE,336.887,0,Guayas,A,4,1175,51.46,26.27,0
9612,2021-05-03,5,BEVERAGES,220.81,0,Azuay,B,2,511,51.46,26.27,0
11072,2021-05-03,5,CLEANING,82.254,0,Azuay,B,2,511,51.46,26.27,0
8882,2021-05-03,5,GROCERY I,300.977,0,Azuay,B,2,511,51.46,26.27,0
10342,2021-05-03,5,PRODUCE,148.084,0,Azuay,B,2,511,51.46,26.27,0
12532,2021-05-03,8,BEVERAGES,409.411,0,Guayas,C,1,943,51.46,26.27,0
13992,2021-05-03,8,CLEANING,158.788,0,Guayas,C,1,943,51.46,26.27,0
11802,2021-05-03,8,GROCERY I,698.098,10,Guayas,C,1,943,51.46,26.27,0
13262,2021-05-03,8,PRODUCE,311.702,0,Guayas,C,1,943,51.46,26.27,0
853,2021-05-04,1,BEVERAGES,340.694,0,Pichincha,D,2,816,52.07,25.04,0
2313,2021-05-04,1,CLEANING,165.318,0,Pichincha,D,2,816,52.07,25.04,0
123,2021-05-04,1,GROCERY I,615.285,0,Pichincha,D,2,816,52.07,25.04,0
1583,2021-05-04,1,PRODUCE,255.453,0,Pichincha,D,2,816,52.07,25.04,0
3773,2021-05-04,2,BEVERAGES,284.893,0,Pichincha,D,3,640,52.07,25.04,0
5233,2021-05-04,2,CLEANING,126.63,0,Pichincha,D,3,640,52.07,25.04,0
3043,2021-05-04,2,GROCERY I,356.202,0,Pichincha,D,3,640,52.07,25.04,0
4503,2021-05-04,2,PRODUCE,249.316,19,Pichincha,D,3,640,52.07,25.04,0
6693,2021-05-04,3,BEVERAGES,476.456,0,Guayas,A,4,1140,52.07,25.04,0
8153,2021-05-04,3,CLEANING,201.834,0,Guayas,A,4,1140,52.07,25.04,0
5963,2021-05-04,3,GROCERY I,690.526,0,Guayas,A,4,1140,52.07,25.04,0
7423,2021-05-04,3,PRODUCE,285.763,0,Guayas,A,4,1140,52.07,25.04,0
9613,2021-05-04,5,BEVERAGES,181.82,0,Azuay,B,2,428,52.07,25.04,0
11073,2021-05-04,5,CLEANING,81.777,0,Azuay,B,2,428,52.07,25.04,0
8883,2021-05-04,5,GROCERY I,310.708,0,Azuay,B,2,428,52.07,25.04,0
10343,2021-05-04,5,PRODUCE,117.175,0,Azuay,B,2,428,52.07,25.04,0
12533,2021-05-04,8,BEVERAGES,450.017,14,Guayas,C,1,915,52.07,25.04,0
13993,2021-05-04,8,CLEANING,161.514,0,Guayas,C,1,915,52.07,25.04,0
11803,2021-05-04,8,GROCERY I,463.866,0,Guayas,C,1,915,52.07,25.04,0
13263,2021-05-04,8,PRODUCE,296.363,0,Guayas,C,1,915,52.07,25.04,0
854,2021-05-05,1,BEVERAGES,340.277,0,Pichincha,D,2,767,52.44,25.38,0
2314,2021-05-05,1,CLEANING,153.811,0,Pichincha,D,2,767,52.44,25.38,0
124,2021-05-05,1,GROCERY I,505.01,0,Pichincha,D,2,767,52.44,25.38,0
1584,2021-05-05,1,PRODUCE,239.568,0,Pichincha,D,2,767,52.44,25.38,0
3774,2021-05-05,2,BEVERAGES,258.798,0,Pichincha,D,3,700,52.44,25.38,0
5234,2021-05-05,2,CLEANING,120.592,0,Pichincha,D,3,700,52.44,25.38,0
3044,2021-05-05,2,GROCERY I,430.181,0,Pichincha,D,3,700,52.44,25.38,0
4504,2021-05-05,2,PRODUCE,188.901,0,Pichincha,D,3,700,52.44,25.38,0
6694,2021-05-05,3,BEVERAGES,472.684,0,Guayas,A,4,1110,52.44,25.38,0
8154,2021-05-05,3,CLEANING,210.392,0,Guayas,A,4,1110,52.44,25.38,0
5964,2021-05-05,3,GROCERY I,735.203,0,Guayas,A,4,1110,52.44,25.38,0
7424,2021-05-05,3,PRODUCE,310.617,0,Guayas,A,4,1110,52.44,25.38,0
9614,2021-05-05,5,BEVERAGES,197.648,0,Azuay,B,2,515,52.44,25.38,0
11074,2021-05-05,5,CLEANING,90.338,0,Azuay,B,2,515,52.44,25.38,0
8884,2021-05-05,5,GROCERY I,417.263,7,Azuay,B,2,515,52.44,25.38,0
10344,2021-05-05,5,PRODUCE,131.051,0,Azuay,B,2,515,52.44,25.38,0
12534,2021-05-05,8,BEVERAGES,443.74,11,Guayas,C,1,906,52.44,25.38,0
13994,2021-05-05,8,CLEANING,176.733,0,Guayas,C,1,906,52.44,25.38,0
11804,2021-05-05,8,GROCERY I,655.223,0,Guayas,C,1,906,52.44,25.38,0
13264,2021-05-05,8,PRODUCE,298.164,15,Guayas,C,1,906,52.44,25.38,0
855,2021-05-06,1,BEVERAGES,385.773,0,Pichincha,D,2,782,52.61,25.01,0
2315,2021-05-06,1,CLEANING,158.517,0,Pichincha,D,2,782,52.61,25.01,0
125,2021-05-06,1,GROCERY I,564.128,0,Pichincha,D,2,782,52.61,25.01,0
1585,2021-05-06,1,PRODUCE,282.216,0,Pichincha,D,2,782,52.61,25.01,0
3775,2021-05-06,2,BEVERAGES,378.957,9,Pichincha,D,3,705,52.61,25.01,0
5235,2021-05-06,2,CLEANING,128.907,0,Pichincha,D,3,705,52.61,25.01,0
3045,2021-05-06,2,GROCERY I,546.662,0,Pichincha,D,3,705,52.61,25.01,0
4505,2021-05-06,2,PRODUCE,227.135,0,Pichincha,D,3,705,52.61,25.01,0
6695,2021-05-06,3,BEVERAGES,557.968,0,Guayas,A,4,1205,52.61,25.01,0
8155,2021-05-06,3,CLEANING,143.529,0,Guayas,A,4,1205,52.61,25.01,0
5965,2021-05-06,3,GROCERY I,767.961,0,Guayas,A,4,1205,52.61,25.01,0
7425,2021-05-06,3,PRODUCE,343.138,0,Guayas,A,4,1205,52.61,25.01,0
9615,2021-05-06,5,BEVERAGES,188.355,0,Azuay,B,2,532,52.61,25.01,0
11075,2021-05-06,5,CLEANING,104.366,10,Azuay,B,2,532,52.61,25.01,0
8885,2021-05-06,5,GROCERY I,316.35,0,Azuay,B,2,532,52.61,25.01,0
10345,2021-05-06,5,PRODUCE,157.345,0,Azuay,B,2,532,52.61,25.01,0
12535,2021-05-06,8,BEVERAGES,526.252,5,Guayas,C,1,981,52.61,25.01,0
13995,2021-05-06,8,CLEANING,192.813,0,Guayas,C,1,981,52.61,25.01,0
11805,2021-05-06,8,GROCERY I,634.527,0,Guayas,C,1,981,52.61,25.01,0
13265,2021-05-06,8,PRODUCE,276.394,0,Guayas,C,1,981,52.61,25.01,0
856,2021-05-07,1,BEVERAGES,496.436,0,Pichincha,D,2,1089,53.26,25.45,0
2316,2021-05-07,1,CLEANING,174.203,0,Pichincha,D,2,1089,53.26,25.45,0
126,2021-05-07,1,GROCERY I,693.651,0,Pichincha,D,2,1089,53.26,25.45,0
1586,2021-05-07,1,PRODUCE,301.27,0,Pichincha,D,2,1089,53.26,25.45,0
3776,2021-05-07,2,BEVERAGES,315.759,0,Pichincha,D,3,923,53.26,25.45,0
5236,2021-05-07,2,CLEANING,118.904,0,Pichincha,D,3,923,53.26,25.45,0
3046,2021-05-07,2,GROCERY I,653.971,3,Pichincha,D,3,923,53.26,25.45,0
4506,2021-05-07,2,PRODUCE,267.95,0,Pichincha,D,3,923,53.26,25.45,0
6696,2021-05-07,3,BEVERAGES,513.748,0,Guayas,A,4,1400,53.26,25.45,0
8156,2021-05-07,3,CLEANING,271.634,0,Guayas,A,4,1400,53.26,25.45,0
5966,2021-05-07,3,GROCERY I,938.501,0,Guayas,A,4,1400,53.26,25.45,0
7426,2021-05-07,3,PRODUCE,397.051,0,Guayas,A,4,1400,53.26,25.45,0
9616,2021-05-07,5,BEVERAGES,321.598,21,Azuay,B,2,589,53.26,25.45,0
11076,2021-05-07,5,CLEANING,119.123,0,Azuay,B,2,589,53.26,25.45,0
8886,2021-05-07,5,GROCERY I,423.812,0,Azuay,B,2,589,53.26,25.45,0
10346,2021-05-07,5,PRODUCE,189.5,0,Azuay,B,2,589,53.26,25.45,0
12536,2021-05-07,8,BEVERAGES,484.065,0,Guayas,C,1,1139,53.26,25.45,0
13996,2021-05-07,8,CLEANING,201.561,0,Guayas,C,1,1139,53.26,25.45,0
11806,2021-05-07,8,GROCERY I,721.784,0,Guayas,C,1,1139,53.26,25.45,0
13266,2021-05-07,8,PRODUCE,399.447,0,Guayas,C,1,1139,53.26,25.45,0
857,2021-05-08,1,BEVERAGES,539.846,0,Pichincha,D,2,1217,52.73,25.57,0
2317,2021-05-08,1,CLEANING,218.624,0,Pichincha,D,2,1217,52.73,25.57,0
127,2021-05-08,1,GROCERY I,802.789,0,Pichincha,D,2,1217,52.73,25.57,0
1587,2021-05-08,1,PRODUCE,402.684,0,Pichincha,D,2,1217,52.73,25.57,0
3777,2021-05-08,2,BEVERAGES,501.992,17,Pichincha,D,3,1009,52.73,25.57,0
5237,2021-05-08,2,CLEANING,198.538,6,Pichincha,D,3,1009,52.73,25.57,0
3047,2021-05-08,2,GROCERY I,652.033,0,Pichincha,D,3,1009,52.73,25.57,0
4507,2021-05-08,2,PRODUCE,290.986,0,Pichincha,D,3,1009,52.73,25.57,0
6697,2021-05-08,3,BEVERAGES,685.211,0,Guayas,A,4,1736,52.73,25.57,0
8157,2021-05-08,3,CLEANING,330.824,6,Guayas,A,4,1736,52.73,25.57,0
5967,2021-05-08,3,GROCERY I,1073.23,0,Guayas,A,4,1736,52.73,25.57,0
7427,2021-05-08,3,PRODUCE,529.542,0,Guayas,A,4,1736,52.73,25.57,0
9617,2021-05-08,5,BEVERAGES,403.668,15,Azuay,B,2,708,52.73,25.57,0
11077,2021-05-08,5,CLEANING,139.81,0,Azuay,B,2,708,52.73,25.57,0
8887,2021-05-08,5,GROCERY I,393.324,0,Azuay,B,2,708,52.73,25.57,0
10347,2021-05-08,5,PRODUCE,257.39,20,Azuay,B,2,708,52.73,25.57,0
12537,2021-05-08,8,BEVERAGES,592.045,0,Guayas,C,1,1334,52.73,25.57,0
13997,2021-05-08,8,CLEANING,211.232,0,Guayas,C,1,1334,52.73,25.57,0
11807,2021-05-08,8,GROCERY I,826.011,0,Guayas,C,1,1334,52.73,25.57,0
13267,2021-05-08,8,PRODUCE,407.37,0,Guayas,C,1,1334,52.73,25.57,0
858,2021-05-09,1,BEVERAGES,584.221,12,Pichincha,D,2,1083,52.44,22.25,0
2318,2021-05-09,1,CLEANING,238.857,18,Pichincha,D,2,1083,52.44,22.25,0
128,2021-05-09,1,GROCERY I,680.24,0,Pichincha,D,2,1083,52.44,22.25,0
1588,2021-05-09,1,PRODUCE,338.925,0,Pichincha,D,2,1083,52.44,22.25,0
3778,2021-05-09,2,BEVERAGES,354.727,0,Pichincha,D,3,896,52.44,22.25,0
5238,2021-05-09,2,CLEANING,144.866,0,Pichincha,D,3,896,52.44,22.25,0
3048,2021-05-09,2,GROCERY I,627.02,0,Pichincha,D,3,896,52.44,22.25,0
4508,2021-05-09,2,PRODUCE,239.21,0,Pichincha,D,3,896,52.44,22.25,0
6698,2021-05-09,3,BEVERAGES,525.935,0,Guayas,A,4,1512,52.44,22.25,0
8158,2021-05-09,3,CLEANING,251.616,0,Guayas,A,4,1512,52.44,22.25,0
5968,2021-05-09,3,GROCERY I,1078.8,0,Guayas,A,4,1512,52.44,22.25,0
7428,2021-05-09,3,PRODUCE,410.87,0,Guayas,A,4,1512,52.44,22.25,0
9618,2021-05-09,5,BEVERAGES,241.516,0,Azuay,B,2,660,52.44,22.25,0
11078,2021-05-09,5,CLEANING,135.404,21,Azuay,B,2,660,52.44,22.25,0
8888,2021-05-09,5,GROCERY I,470.694,5,Azuay,B,2,660,52.44,22.25,0
10348,2021-05-09,5,PRODUCE,190.543,0,Azuay,B,2,660,52.44,22.25,0
12538,2021-05-09,8,BEVERAGES,646.834,10,Guayas,C,1,1253,52.44,22.25,0
13998,2021-05-09,8,CLEANING,228.546,1,Guayas,C,1,1253,52.44,22.25,0
11808,2021-05-09,8,GROCERY I,801.931,0,Guayas,C,1,1253,52.44,22.25,0
13268,2021-05-09,8,PRODUCE,383.709,0,Guayas,C,1,1253,52.44,22.25,0
859,2021-05-10,1,BEVERAGES,354.891,0,Pichincha,D,2,798,52.02,25.89,0
2319,2021-05-10,1,CLEANING,153.471,0,Pichincha,D,2,798,52.02,25.89,0
129,2021-05-10,1,GROCERY I,470.711,0,Pichincha,D,2,798,52.02,25.89,0
1589,2021-05-10,1,PRODUCE,257.196,0,Pichincha,D,2,798,52.02,25.89,0
3779,2021-05-10,2,BEVERAGES,204.354,0,Pichincha,D,3,755,52.02,25.89,0
5239,2021-05-10,2,CLEANING,117.763,0,Pichincha,D,3,755,52.02,25.89,0
3049,2021-05-10,2,GROCERY I,448.514,0,Pichincha,D,3,755,52.02,25.89,0
4509,2021-05-10,2,PRODUCE,215.074,0,Pichincha,D,3,755,52.02,25.89,0
6699,2021-05-10,3,BEVERAGES,502.803,0,Guayas,A,4,1145,52.02,25.89,0
8159,2021-05-10,3,CLEANING,227.352,0,Guayas,A,4,1145,52.02,25.89,0
5969,2021-05-10,3,GROCERY I,849.534,0,Guayas,A,4,1145,52.02,25.89,0
7429,2021-05-10,3,PRODUCE,262.811,0,Guayas,A,4,1145,52.02,25.89,0
9619,2021-05-10,5,BEVERAGES,199.697,0,Azuay,B,2,455,52.02,25.89,0
11079,2021-05-10,5,CLEANING,77.537,0,Azuay,B,2,455,52.02,25.89,0
8889,2021-05-10,5,GROCERY I,328.958,0,Azuay,B,2,455,52.02,25.89,0
10349,2021-05-10,5,PRODUCE,148.501,0,Azuay,B,2,455,52.02,25.89,0
12539,2021-05-10,8,BEVERAGES,392.006,0,Guayas,C,1,1013,52.02,25.89,0
13999,2021-05-10,8,CLEANING,141.563,0,Guayas,C,1,1013,52.02,25.89,0
11809,2021-05-10,8,GROCERY I,646.593,0,Guayas,C,1,1013,52.02,25.89,0
13269,2021-05-10,8,PRODUCE,248.082,0,Guayas,C,1,1013,52.02,25.89,0
860,2021-05-11,1,BEVERAGES,330.84,0,Pichincha,D,2,760,51.85,23.57,0
2320,2021-05-11,1,CLEANING,152.406,0,Pichincha,D,2,760,51.85,23.57,0
130,2021-05-11,1,GROCERY I,503.578,0,Pichincha,D,2,760,51.85,23.57,0
1590,2021-05-11,1,PRODUCE,233.786,0,Pichincha,D,2,760,51.85,23.57,0
3780,2021-05-11,2,BEVERAGES,329.755,20,Pichincha,D,3,671,51.85,23.57,0
5240,2021-05-11,2,CLEANING,118.204,0,Pichincha,D,3,671,51.85,23.57,0
3050,2021-05-11,2,GROCERY I,423.639,0,Pichincha,D,3,671,51.85,23.57,0
4510,2021-05-11,2,PRODUCE,199.131,0,Pichincha,D,3,671,51.85,23.57,0
6700,2021-05-11,3,BEVERAGES,482.461,0,Guayas,A,4,1133,51.85,23.57,0
8160,2021-05-11,3,CLEANING,265.713,7,Guayas,A,4,1133,51.85,23.57,0
5970,2021-05-11,3,GROCERY I,639.933,0,Guayas,A,4,1133,51.85,23.57,0
7430,2021-05-11,3,PRODUCE,276.635,0,Guayas,A,4,1133,51.85,23.57,0
9620,2021-05-11,5,BEVERAGES,186.976,0,Azuay,B,2,487,51.85,23.57,0
11080,2021-05-11,5,CLEANING,89.334,0,Azuay,B,2,487,51.85,23.57,0
8890,2021-05-11,5,GROCERY I,354.404,0,Azuay,B,2,487,51.85,23.57,0
10350,2021-05-11,5,PRODUCE,147.19,0,Azuay,B,2,487,51.85,23.57,0
12540,2021-05-11,8,BEVERAGES,361.739,0,Guayas,C,1,904,51.85,23.57,0
14000,2021-05-11,8,CLEANING,147.494,0,Guayas,C,1,904,51.85,23.57,0
11810,2021-05-11,8,GROCERY I,563.736,0,Guayas,C,1,904,51.85,23.57,0
13270,2021-05-11,8,PRODUCE,259.062,0,Guayas,C,1,904,51.85,23.57,0
861,2021-05-12,1,BEVERAGES,344.262,0,Pichincha,D,2,834,51.23,22.91,0
2321,2021-05-12,1,CLEANING,136.188,0,Pichincha,D,2,834,51.23,22.91,0
131,2021-05-12,1,GROCERY I,488.671,0,Pichincha,D,2,834,51.23,22.91,0
1591,2021-05-12,1,PRODUCE,308.805,22,Pichincha,D,2,834,51.23,22.91,0
3781,2021-05-12,2,BEVERAGES,262.791,0,Pichincha,D,3,674,51.23,22.91,0
5241,2021-05-12,2,CLEANING,121.578,0,Pichincha,D,3,674,51.23,22.91,0
3051,2021-05-12,2,GROCERY I,479.639,0,Pichincha,D,3,674,51.23,22.91,0
4511,2021-05-12,2,PRODUCE,175.217,0,Pichincha,D,3,674,51.23,22.91,0
6701,2021-05-12,3,BEVERAGES,612.851,0,Guayas,A,4,1118,51.23,22.91,0
8161,2021-05-12,3,CLEANING,251.617,7,Guayas,A,4,1118,51.23,22.91,0
5971,2021-05-12,3,GROCERY I,732.136,0,Guayas,A,4,1118,51.23,22.91,0
7431,2021-05-12,3,PRODUCE,333.669,0,Guayas,A,4,1118,51.23,22.91,0
9621,2021-05-12,5,BEVERAGES,219.651,0,Azuay,B,2,493,51.23,22.91,0
11081,2021-05-12,5,CLEANING,68.144,0,Azuay,B,2,493,51.23,22.91,0
8891,2021-05-12,5,GROCERY I,378.8,19,Azuay,B,2,493,51.23,22.91,0
10351,2021-05-12,5,PRODUCE,139.55,0,Azuay,B,2,493,51.23,22.91,0
12541,2021-05-12,8,BEVERAGES,440.82,13,Guayas,C,1,941,51.23,22.91,0
14001,2021-05-12,8,CLEANING,160.977,0,Guayas,C,1,941,51.23,22.91,0
11811,2021-05-12,8,GROCERY I,785.353,19,Guayas,C,1,941,51.23,22.91,0
13271,2021-05-12,8,PRODUCE,254.182,0,Guayas,C,1,941,51.23,22.91,0
862,2021-05-13,1,BEVERAGES,370.126,0,Pichincha,D,2,856,51.52,24.84,0
2322,2021-05-13,1,CLEANING,133.104,0,Pichincha,D,2,856,51.52,24.84,0
132,2021-05-13,1,GROCERY I,478.213,0,Pichincha,D,2,856,51.52,24.84,0
1592,2021-05-13,1,PRODUCE,350.587,4,Pichincha,D,2,856,51.52,24.84,0
3782,2021-05-13,2,BEVERAGES,293.603,0,Pichincha,D,3,797,51.52,24.84,0
5242,2021-05-13,2,CLEANING,128.728,0,Pichincha,D,3,797,51.52,24.84,0
3052,2021-05-13,2,GROCERY I,483.065,0,Pichincha,D,3,797,51.52,24.84,0
4512,2021-05-13,2,PRODUCE,217.25,0,Pichincha,D,3,797,51.52,24.84,0
6702,2021-05-13,3,BEVERAGES,538.441,0,Guayas,A,4,1221,51.52,24.84,0
8162,2021-05-13,3,CLEANING,220.256,0,Guayas,A,4,1221,51.52,24.84,0
5972,2021-05-13,3,GROCERY I,818.029,0,Guayas,A,4,1221,51.52,24.84,0
7432,2021-05-13,3,PRODUCE,331.333,0,Guayas,A,4,1221,51.52,24.84,0
9622,2021-05-13,5,BEVERAGES,236.35,0,Azuay,B,2,528,51.52,24.84,0
11082,2021-05-13,5,CLEANING,93.769,0,Azuay,B,2,528,51.52,24.84,0
8892,2021-05-13,5,GROCERY I,294.368,0,Azuay,B,2,528,51.52,24.84,0
10352,2021-05-13,5,PRODUCE,135.601,0,Azuay,B,2,528,51.52,24.84,0
12542,2021-05-13,8,BEVERAGES,484.631,20,Guayas,C,1,1017,51.52,24.84,0
14002,2021-05-13,8,CLEANING,171.154,0,Guayas,C,1,1017,51.52,24.84,0
11812,2021-05-13,8,GROCERY I,635.365,0,Guayas,C,1,1017,51.52,24.84,0
13272,2021-05-13,8,PRODUCE,307.856,0,Guayas,C,1,1017,51.52,24.84,0
863,2021-05-14,1,BEVERAGES,497.044,0,Pichincha,D,2,1065,51.42,25.02,0
2323,2021-05-14,1,CLEANING,221.91,22,Pichincha,D,2,1065,51.42,25.02,0
133,2021-05-14,1,GROCERY I,618.817,0,Pichincha,D,2,1065,51.42,25.02,0
1593,2021-05-14,1,PRODUCE,304.011,0,Pichincha,D,2,1065,51.42,25.02,0
3783,2021-05-14,2,BEVERAGES,352.366,0,Pichincha,D,3,934,51.42,25.02,0
5243,2021-05-14,2,CLEANING,138.636,0,Pichincha,D,3,934,51.42,25.02,0
3053,2021-05-14,2,GROCERY I,559.686,0,Pichincha,D,3,934,51.42,25.02,0
4513,2021-05-14,2,PRODUCE,235.694,0,Pichincha,D,3,934,51.42,25.02,0
6703,2021-05-14,3,BEVERAGES,597.579,0,Guayas,A,4,1437,51.42,25.02,0
8163,2021-05-14,3,CLEANING,264.758,0,Guayas,A,4,1437,51.42,25.02,0
5973,2021-05-14,3,GROCERY I,1153.9,20,Guayas,A,4,1437,51.42,25.02,0
7433,2021-05-14,3,PRODUCE,365.972,0,Guayas,A,4,1437,51.42,25.02,0
9623,2021-05-14,5,BEVERAGES,288.079,24,Azuay,B,2,647,51.42,25.02,0
11083,2021-05-14,5,CLEANING,95.812,0,Azuay,B,2,647,51.42,25.02,0
8893,2021-05-14,5,GROCERY I,446.75,0,Azuay,B,2,647,51.42,25.02,0
10353,2021-05-14,5,PRODUCE,181.23,0,Azuay,B,2,647,51.42,25.02,0
12543,2021-05-14,8,BEVERAGES,491.836,0,Guayas,C,1,1147,51.42,25.02,0
14003,2021-05-14,8,CLEANING,217.728,0,Guayas,C,1,1147,51.42,25.02,0
11813,2021-05-14,8,GROCERY I,723.771,0,Guayas,C,1,1147,51.42,25.02,0
13273,2021-05-14,8,PRODUCE,356.748,0,Guayas,C,1,1147,51.42,25.02,0
864,2021-05-15,1,BEVERAGES,509.588,0,Pichincha,D,2,1284,50.75,23.92,0
2324,2021-05-15,1,CLEANING,184.065,0,Pichincha,D,2,1284,50.75,23.92,0
134,2021-05-15,1,GROCERY I,730.44,0,Pichincha,D,2,1284,50.75,23.92,0
1594,2021-05-15,1,PRODUCE,472.49,18,Pichincha,D,2,1284,50.75,23.92,0
3784,2021-05-15,2,BEVERAGES,494.074,0,Pichincha,D,3,1107,50.75,23.92,0
5244,2021-05-15,2,CLEANING,231.645,24,Pichincha,D,3,1107,50.75,23.92,0
3054,2021-05-15,2,GROCERY I,651.758,0,Pichincha,D,3,1107,50.75,23.92,0
4514,2021-05-15,2,PRODUCE,261.238,0,Pichincha,D,3,1107,50.75,23.92,0
6704,2021-05-15,3,BEVERAGES,718.16,0,Guayas,A,4,1813,50.75,23.92,0
8164,2021-05-15,3,CLEANING,332.303,0,Guayas,A,4,1813,50.75,23.92,0
5974,2021-05-15,3,GROCERY I,1047.151,0,Guayas,A,4,1813,50.75,23.92,0
7434,2021-05-15,3,PRODUCE,586.051,0,Guayas,A,4,1813,50.75,23.92,0
9624,2021-05-15,5,BEVERAGES,262.909,20,Azuay,B,2,786,50.75,23.92,0
11084,2021-05-15,5,CLEANING,139.358,0,Azuay,B,2,786,50.75,23.92,0
8894,2021-05-15,5,GROCERY I,457.038,0,Azuay,B,2,786,50.75,23.92,0
10354,2021-05-15,5,PRODUCE,0.0,0,Azuay,B,2,786,50.75,23.92,0
12544,2021-05-15,8,BEVERAGES,597.452,0,Guayas,C,1,1399,50.75,23.92,0
14004,2021-05-15,8,CLEANING,194.541,0,Guayas,C,1,1399,50.75,23.92,0
11814,2021-05-15,8,GROCERY I,955.603,0,Guayas,C,1,1399,50.75,23.92,0
13274,2021-05-15,8,PRODUCE,548.173,2,Guayas,C,1,1399,50.75,23.92,0
865,2021-05-16,1,BEVERAGES,453.119,0,Pichincha,D,2,1120,50.3,26.04,0
2325,2021-05-16,1,CLEANING,224.008,5,Pichincha,D,2,1120,50.3,26.04,0
135,2021-05-16,1,GROCERY I,734.986,0,Pichincha,D,2,1120,50.3,26.04,0
1595,2021-05-16,1,PRODUCE,321.388,0,Pichincha,D,2,1120,50.3,26.04,0
3785,2021-05-16,2,BEVERAGES,462.641,8,Pichincha,D,3,978,50.3,26.04,0
5245,2021-05-16,2,CLEANING,219.581,14,Pichincha,D,3,978,50.3,26.04,0
3055,2021-05-16,2,GROCERY I,553.698,0,Pichincha,D,3,978,50.3,26.04,0
4515,2021-05-16,2,PRODUCE,253.636,0,Pichincha,D,3,978,50.3,26.04,0
6705,2021-05-16,3,BEVERAGES,590.589,0,Guayas,A,4,1477,50.3,26.04,0
8165,2021-05-16,3,CLEANING,290.664,0,Guayas,A,4,1477,50.3,26.04,0
5975,2021-05-16,3,GROCERY I,1174.705,4,Guayas,A,4,1477,50.3,26.04,0
7435,2021-05-16,3,PRODUCE,463.6,0,Guayas,A,4,1477,50.3,26.04,0
9625,2021-05-16,5,BEVERAGES,285.347,0,Azuay,B,2,631,50.3,26.04,0
11085,2021-05-16,5,CLEANING,94.892,0,Azuay,B,2,631,50.3,26.04,0
8895,2021-05-16,5,GROCERY I,424.245,0,Azuay,B,2,631,50.3,26.04,0
10355,2021-05-16,5,PRODUCE,168.237,0,Azuay,B,2,631,50.3,26.04,0
12545,2021-05-16,8,BEVERAGES,500.246,0,Guayas,C,1,1206,50.3,26.04,0
14005,2021-05-16,8,CLEANING,206.898,0,Guayas,C,1,1206,50.3,26.04,0
11815,2021-05-16,8,GROCERY I,890.253,13,Guayas,C,1,1206,50.3,26.04,0
13275,2021-05-16,8,PRODUCE,316.241,0,Guayas,C,1,1206,50.3,26.04,0
866,2021-05-17,1,BEVERAGES,328.008,0,Pichincha,D,2,873,50.44,22.98,0
2326,2021-05-17,1,CLEANING,142.334,0,Pichincha,D,2,873,50.44,22.98,0
136,2021-05-17,1,GROCERY I,580.576,0,Pichincha,D,2,873,50.44,22.98,0
1596,2021-05-17,1,PRODUCE,255.272,0,Pichincha,D,2,873,50.44,22.98,0
3786,2021-05-17,2,BEVERAGES,299.875,0,Pichincha,D,3,722,50.44,22.98,0
5246,2021-05-17,2,CLEANING,118.201,0,Pichincha,D,3,722,50.44,22.98,0
3056,2021-05-17,2,GROCERY I,487.976,0,Pichincha,D,3,722,50.44,22.98,0
4516,2021-05-17,2,PRODUCE,230.456,0,Pichincha,D,3,722,50.44,22.98,0
6706,2021-05-17,3,BEVERAGES,485.119,0,Guayas,A,4,1157,50.44,22.98,0
8166,2021-05-17,3,CLEANING,203.025,0,Guayas,A,4,1157,50.44,22.98,0
5976,2021-05-17,3,GROCERY I,776.687,1,Guayas,A,4,1157,50.44,22.98,0
7436,2021-05-17,3,PRODUCE,338.493,0,Guayas,A,4,1157,50.44,22.98,0
9626,2021-05-17,5,BEVERAGES,204.738,0,Azuay,B,2,556,50.44,22.98,0
11086,2021-05-17,5,CLEANING,80.414,0,Azuay,B,2,556,50.44,22.98,0
8896,2021-05-17,5,GROCERY I,306.229,0,Azuay,B,2,556,50.44,22.98,0
10356,2021-05-17,5,PRODUCE,143.058,0,Azuay,B,2,556,50.44,22.98,0
12546,2021-05-17,8,BEVERAGES,490.281,20,Guayas,C,1,923,50.44,22.98,0
14006,2021-05-17,8,CLEANING,170.123,0,Guayas,C,1,923,50.44,22.98,0
11816,2021-05-17,8,GROCERY I,535.196,0,Guayas,C,1,923,50.44,22.98,0
13276,2021-05-17,8,PRODUCE,290.086,0,Guayas,C,1,923,50.44,22.98,0
867,2021-05-18,1,BEVERAGES,359.993,0,Pichincha,D,2,896,50.81,24.27,0
2327,2021-05-18,1,CLEANING,148.095,0,Pichincha,D,2,896,50.81,24.27,0
137,2021-05-18,1,GROCERY I,586.867,16,Pichincha,D,2,896,50.81,24.27,0
1597,2021-05-18,1,PRODUCE,277.226,0,Pichincha,D,2,896,50.81,24.27,0
3787,2021-05-18,2,BEVERAGES,289.119,0,Pichincha,D,3,692,50.81,24.27,0
5247,2021-05-18,2,CLEANING,109.134,0,Pichincha,D,3,692,50.81,24.27,0
3057,2021-05-18,2,GROCERY I,415.575,0,Pichincha,D,3,692,50.81,24.27,0
4517,2021-05-18,2,PRODUCE,265.686,10,Pichincha,D,3,692,50.81,24.27,0
6707,2021-05-18,3,BEVERAGES,467.192,0,Guayas,A,4,1084,50.81,24.27,0
8167,2021-05-18,3,CLEANING,178.481,0,Guayas,A,4,1084,50.81,24.27,0
5977,2021-05-18,3,GROCERY I,704.629,0,Guayas,A,4,1084,50.81,24.27,0
7437,2021-05-18,3,PRODUCE,330.305,0,Guayas,A,4,1084,50.81,24.27,0
9627,2021-05-18,5,BEVERAGES,194.715,0,Azuay,B,2,485,50.81,24.27,0
11087,2021-05-18,5,CLEANING,84.502,0,Azuay,B,2,485,50.81,24.27,0
8897,2021-05-18,5,GROCERY I,304.016,0,Azuay,B,2,485,50.81,24.27,0
10357,2021-05-18,5,PRODUCE,162.011,20,Azuay,B,2,485,50.81,24.27,0
12547,2021-05-18,8,BEVERAGES,406.881,23,Guayas,C,1,931,50.81,24.27,0
14007,2021-05-18,8,CLEANING,116.051,0,Guayas,C,1,931,50.81,24.27,0
11817,2021-05-18,8,GROCERY I,570.668,0,Guayas,C,1,931,50.81,24.27,0
13277,2021-05-18,8,PRODUCE,263.289,0,Guayas,C,1,931,50.81,24.27,0
868,2021-05-19,1,BEVERAGES,388.479,0,Pichincha,D,2,796,51.71,24.0,0
2328,2021-05-19,1,CLEANING,170.952,0,Pichincha,D,2,796,51.71,24.0,0
138,2021-05-19,1,GROCERY I,523.087,0,Pichincha,D,2,796,51.71,24.0,0
1598,2021-05-19,1,PRODUCE,272.05,0,Pichincha,D,2,796,51.71,24.0,0
3788,2021-05-19,2,BEVERAGES,305.328,0,Pichincha,D,3,688,51.71,24.0,0
5248,2021-05-19,2,CLEANING,135.911,8,Pichincha,D,3,688,51.71,24.0,0
3058,2021-05-19,2,GROCERY I,486.947,0,Pichincha,D,3,688,51.71,24.0,0
4518,2021-05-19,2,PRODUCE,218.039,0,Pichincha,D,3,688,51.71,24.0,0
6708,2021-05-19,3,BEVERAGES,383.846,0,Guayas,A,4,1093,51.71,24.0,0
8168,2021-05-19,3,CLEANING,191.055,0,Guayas,A,4,1093,51.71,24.0,0
5978,2021-05-19,3,GROCERY I,765.089,9,Guayas,A,4,1093,51.71,24.0,0
7438,2021-05-19,3,PRODUCE,323.027,0,Guayas,A,4,1093,51.71,24.0,0
9628,2021-05-19,5,BEVERAGES,215.502,0,Azuay,B,2,585,51.71,24.0,0
11088,2021-05-19,5,CLEANING,87.662,0,Azuay,B,2,585,51.71,24.0,0
8898,2021-05-19,5,GROCERY I,291.515,0,Azuay,B,2,585,51.71,24.0,0
10358,2021-05-19,5,PRODUCE,171.295,0,Azuay,B,2,585,51.71,24.0,0
12548,2021-05-19,8,BEVERAGES,362.976,0,Guayas,C,1,951,51.71,24.0,0
14008,2021-05-19,8,CLEANING,165.34,0,Guayas,C,1,951,51.71,24.0,0
11818,2021-05-19,8,GROCERY I,588.406,0,Guayas,C,1,951,51.71,24.0,0
13278,2021-05-19,8,PRODUCE,209.684,0,Guayas,C,1,951,51.71,24.0,0
869,2021-05-20,1,BEVERAGES,416.894,0,Pichincha,D,2,888,53.02,24.73,0
2329,2021-05-20,1,CLEANING,125.832,0,Pichincha,D,2,888,53.02,24.73,0
139,2021-05-20,1,GROCERY I,468.988,0,Pichincha,D,2,888,53.02,24.73,0
1599,2021-05-20,1,PRODUCE,317.159,11,Pichincha,D,2,888,53.02,24.73,0
3789,2021-05-20,2,BEVERAGES,378.008,20,Pichincha,D,3,765,53.02,24.73,0
5249,2021-05-20,2,CLEANING,125.79,0,Pichincha,D,3,765,53.02,24.73,0
3059,2021-05-20,2,GROCERY I,417.474,0,Pichincha,D,3,765,53.02,24.73,0
4519,2021-05-20,2,PRODUCE,216.37,0,Pichincha,D,3,765,53.02,24.73,0
6709,2021-05-20,3,BEVERAGES,498.968,0,Guayas,A,4,1182,53.02,24.73,0
8169,2021-05-20,3,CLEANING,207.955,0,Guayas,A,4,1182,53.02,24.73,0
5979,2021-05-20,3,GROCERY I,793.848,0,Guayas,A,4,1182,53.02,24.73,0
7439,2021-05-20,3,PRODUCE,308.677,0,Guayas,A,4,1182,53.02,24.73,0
9629,2021-05-20,5,BEVERAGES,201.668,0,Azuay,B,2,508,53.02,24.73,0
11089,2021-05-20,5,CLEANING,82.508,0,Azuay,B,2,508,53.02,24.73,0
8899,2021-05-20,5,GROCERY I,388.434,0,Azuay,B,2,508,53.02,24.73,0
10359,2021-05-20,5,PRODUCE,135.173,0,Azuay,B,2,508,53.02,24.73,0
12549,2021-05-20,8,BEVERAGES,422.338,0,Guayas,C,1,1021,53.02,24.73,0
14009,2021-05-20,8,CLEANING,208.063,0,Guayas,C,1,1021,53.02,24.73,0
11819,2021-05-20,8,GROCERY I,604.365,0,Guayas,C,1,1021,53.02,24.73,0
13279,2021-05-20,8,PRODUCE,294.44,0,Guayas,C,1,1021,53.02,24.73,0
870,2021-05-21,1,BEVERAGES,435.449,0,Pichincha,D,2,1102,53.21,25.16,0
2330,2021-05-21,1,CLEANING,216.029,0,Pichincha,D,2,1102,53.21,25.16,0
140,2021-05-21,1,GROCERY I,632.666,0,Pichincha,D,2,1102,53.21,25.16,0
1600,2021-05-21,1,PRODUCE,309.331,0,Pichincha,D,2,1102,53.21,25.16,0
3790,2021-05-21,2,BEVERAGES,358.846,0,Pichincha,D,3,869,53.21,25.16,0
5250,2021-05-21,2,CLEANING,139.818,0,Pichincha,D,3,869,53.21,25.16,0
3060,2021-05-21,2,GROCERY I,611.82,0,Pichincha,D,3,869,53.21,25.16,0
4520,2021-05-21,2,PRODUCE,261.686,0,Pichincha,D,3,869,53.21,25.16,0
6710,2021-05-21,3,BEVERAGES,581.661,0,Guayas,A,4,1448,53.21,25.16,0
8170,2021-05-21,3,CLEANING,240.57,0,Guayas,A,4,1448,53.21,25.16,0
5980,2021-05-21,3,GROCERY I,802.881,0,Guayas,A,4,1448,53.21,25.16,0
7440,2021-05-21,3,PRODUCE,447.02,0,Guayas,A,4,1448,53.21,25.16,0
9630,2021-05-21,5,BEVERAGES,231.227,0,Azuay,B,2,558,53.21,25.16,0
11090,2021-05-21,5,CLEANING,0.0,0,Azuay,B,2,558,53.21,25.16,0
8900,2021-05-21,5,GROCERY I,512.708,23,Azuay,B,2,558,53.21,25.16,0
10360,2021-05-21,5,PRODUCE,171.453,0,Azuay,B,2,558,53.21,25.16,0
12550,2021-05-21,8,BEVERAGES,433.143,0,Guayas,C,1,1155,53.21,25.16,0
14010,2021-05-21,8,CLEANING,256.247,20,Guayas,C,1,1155,53.21,25.16,0
11820,2021-05-21,8,GROCERY I,802.707,0,Guayas,C,1,1155,53.21,25.16,0
13280,2021-05-21,8,PRODUCE,370.961,0,Guayas,C,1,1155,53.21,25.16,0
871,2021-05-22,1,BEVERAGES,545.537,0,Pichincha,D,2,1324,52.77,23.34,0
2331,2021-05-22,1,CLEANING,212.966,0,Pichincha,D,2,1324,52.77,23.34,0
141,2021-05-22,1,GROCERY I,832.026,0,Pichincha,D,2,1324,52.77,23.34,0
1601,2021-05-22,1,PRODUCE,344.872,0,Pichincha,D,2,1324,52.77,23.34,0
3791,2021-05-22,2,BEVERAGES,451.707,0,Pichincha,D,3,1057,52.77,23.34,0
5251,2021-05-22,2,CLEANING,150.305,0,Pichincha,D,3,1057,52.77,23.34,0
3061,2021-05-22,2,GROCERY I,685.266,0,Pichincha,D,3,1057,52.77,23.34,0
4521,2021-05-22,2,PRODUCE,303.955,0,Pichincha,D,3,1057,52.77,23.34,0
6711,2021-05-22,3,BEVERAGES,987.715,15,Guayas,A,4,1743,52.77,23.34,0
8171,2021-05-22,3,CLEANING,266.51,0,Guayas,A,4,1743,52.77,23.34,0
5981,2021-05-22,3,GROCERY I,1098.553,0,Guayas,A,4,1743,52.77,23.34,0
7441,2021-05-22,3,PRODUCE,534.243,0,Guayas,A,4,1743,52.77,23.34,0
9631,2021-05-22,5,BEVERAGES,287.836,0,Azuay,B,2,798,52.77,23.34,0
11091,2021-05-22,5,CLEANING,135.389,0,Azuay,B,2,798,52.77,23.34,0
8901,2021-05-22,5,GROCERY I,533.689,0,Azuay,B,2,798,52.77,23.34,0
10361,2021-05-22,5,PRODUCE,204.1,0,Azuay,B,2,798,52.77,23.34,0
12551,2021-05-22,8,BEVERAGES,575.251,0,Guayas,C,1,1339,52.77,23.34,0
14011,2021-05-22,8,CLEANING,244.806,0,Guayas,C,1,1339,52.77,23.34,0
11821,2021-05-22,8,GROCERY I,919.146,0,Guayas,C,1,1339,52.77,23.34,0
13281,2021-05-22,8,PRODUCE,460.104,0,Guayas,C,1,1339,52.77,23.34,0
872,2021-05-23,1,BEVERAGES,442.325,0,Pichincha,D,2,1044,51.81,25.74,0
2332,2021-05-23,1,CLEANING,193.978,0,Pichincha,D,2,1044,51.81,25.74,0
142,2021-05-23,1,GROCERY I,910.18,17,Pichincha,D,2,1044,51.81,25.74,0
1602,2021-05-23,1,PRODUCE,313.352,0,Pichincha,D,2,1044,51.81,25.74,0
3792,2021-05-23,2,BEVERAGES,286.91,0,Pichincha,D,3,968,51.81,25.74,0
5252,2021-05-23,2,CLEANING,133.754,0,Pichincha,D,3,968,51.81,25.74,0
3062,2021-05-23,2,GROCERY I,518.835,0,Pichincha,D,3,968,51.81,25.74,0
4522,2021-05-23,2,PRODUCE,234.599,0,Pichincha,D,3,968,51.81,25.74,0
6712,2021-05-23,3,BEVERAGES,597.43,0,Guayas,A,4,1508,51.81,25.74,0
8172,2021-05-23,3,CLEANING,263.507,0,Guayas,A,4,1508,51.81,25.74,0
5982,2021-05-23,3,GROCERY I,963.04,0,Guayas,A,4,1508,51.81,25.74,0
7442,2021-05-23,3,PRODUCE,352.711,0,Guayas,A,4,1508,51.81,25.74,0
9632,2021-05-23,5,BEVERAGES,268.431,0,Azuay,B,2,684,51.81,25.74,0
11092,2021-05-23,5,CLEANING,117.592,0,Azuay,B,2,684,51.81,25.74,0
8902,2021-05-23,5,GROCERY I,369.861,0,Azuay,B,2,684,51.81,25.74,0
10362,2021-05-23,5,PRODUCE,161.869,0,Azuay,B,2,684,51.81,25.74,0
12552,2021-05-23,8,BEVERAGES,493.435,0,Guayas,C,1,1268,51.81,25.74,0
14012,2021-05-23,8,CLEANING,200.897,0,Guayas,C,1,1268,51.81,25.74,0
11822,2021-05-23,8,GROCERY I,752.623,0,Guayas,C,1,1268,51.81,25.74,0
13282,2021-05-23,8,PRODUCE,347.453,0,Guayas,C,1,1268,51.81,25.74,0
873,2021-05-24,1,BEVERAGES,367.322,0,Pichincha,D,2,850,51.93,24.79,0
2333,2021-05-24,1,CLEANING,128.326,0,Pichincha,D,2,850,51.93,24.79,0
143,2021-05-24,1,GROCERY I,619.896,19,Pichincha,D,2,850,51.93,24.79,0
1603,2021-05-24,1,PRODUCE,255.784,0,Pichincha,D,2,850,51.93,24.79,0
3793,2021-05-24,2,BEVERAGES,340.942,0,Pichincha,D,3,787,51.93,24.79,0
5253,2021-05-24,2,CLEANING,131.398,0,Pichincha,D,3,787,51.93,24.79,0
3063,2021-05-24,2,GROCERY I,464.719,0,Pichincha,D,3,787,51.93,24.79,0
4523,2021-05-24,2,PRODUCE,187.069,0,Pichincha,D,3,787,51.93,24.79,0
6713,2021-05-24,3,BEVERAGES,440.11,0,Guayas,A,4,1153,51.93,24.79,0
8173,2021-05-24,3,CLEANING,170.25,0,Guayas,A,4,1153,51.93,24.79,0
5983,2021-05-24,3,GROCERY I,736.884,0,Guayas,A,4,1153,51.93,24.79,0
7443,2021-05-24,3,PRODUCE,342.284,0,Guayas,A,4,1153,51.93,24.79,0
9633,2021-05-24,5,BEVERAGES,216.915,0,Azuay,B,2,572,51.93,24.79,0
11093,2021-05-24,5,CLEANING,81.627,0,Azuay,B,2,572,51.93,24.79,0
8903,2021-05-24,5,GROCERY I,260.124,0,Azuay,B,2,572,51.93,24.79,0
10363,2021-05-24,5,PRODUCE,125.853,0,Azuay,B,2,572,51.93,24.79,0
12553,2021-05-24,8,BEVERAGES,463.666,5,Guayas,C,1,917,51.93,24.79,0
14013,2021-05-24,8,CLEANING,164.401,0,Guayas,C,1,917,51.93,24.79,0
11823,2021-05-24,8,GROCERY I,594.269,0,Guayas,C,1,917,51.93,24.79,0
13283,2021-05-24,8,PRODUCE,292.854,0,Guayas,C,1,917,51.93,24.79,0
874,2021-05-25,1,BEVERAGES,348.355,0,Pichincha,D,2,888,51.56,22.02,0
2334,2021-05-25,1,CLEANING,154.816,0,Pichincha,D,2,888,51.56,22.02,0
144,2021-05-25,1,GROCERY I,574.226,0,Pichincha,D,2,888,51.56,22.02,0
1604,2021-05-25,1,PRODUCE,258.832,0,Pichincha,D,2,888,51.56,22.02,0
3794,2021-05-25,2,BEVERAGES,316.935,0,Pichincha,D,3,720,51.56,22.02,0
5254,2021-05-25,2,CLEANING,129.686,0,Pichincha,D,3,720,51.56,22.02,0
3064,2021-05-25,2,GROCERY I,404.187,0,Pichincha,D,3,720,51.56,22.02,0
4524,2021-05-25,2,PRODUCE,186.016,0,Pichincha,D,3,720,51.56,22.02,0
6714,2021-05-25,3,BEVERAGES,467.705,0,Guayas,A,4,1093,51.56,22.02,0
8174,2021-05-25,3,CLEANING,192.978,0,Guayas,A,4,1093,51.56,22.02,0
5984,2021-05-25,3,GROCERY I,666.882,0,Guayas,A,4,1093,51.56,22.02,0
7444,2021-05-25,3,PRODUCE,333.912,0,Guayas,A,4,1093,51.56,22.02,0
9634,2021-05-25,5,BEVERAGES,222.751,0,Azuay,B,2,510,51.56,22.02,0
11094,2021-05-25,5,CLEANING,76.991,0,Azuay,B,2,510,51.56,22.02,0
8904,2021-05-25,5,GROCERY I,292.777,0,Azuay,B,2,510,51.56,22.02,0
10364,2021-05-25,5,PRODUCE,144.874,0,Azuay,B,2,510,51.56,22.02,0
12554,2021-05-25,8,BEVERAGES,393.648,0,Guayas,C,1,875,51.56,22.02,0
14014,2021-05-25,8,CLEANING,177.096,0,Guayas,C,1,875,51.56,22.02,0
11824,2021-05-25,8,GROCERY I,705.886,16,Guayas,C,1,875,51.56,22.02,0
13284,2021-05-25,8,PRODUCE,276.202,0,Guayas,C,1,875,51.56,22.02,0
875,2021-05-26,1,BEVERAGES,348.049,0,Pichincha,D,2,868,51.37,21.9,0
2335,2021-05-26,1,CLEANING,145.737,0,Pichincha,D,2,868,51.37,21.9,0
145,2021-05-26,1,GROCERY I,462.972,0,Pichincha,D,2,868,51.37,21.9,0
1605,2021-05-26,1,PRODUCE,262.282,0,Pichincha,D,2,868,51.37,21.9,0
3795,2021-05-26,2,BEVERAGES,288.901,0,Pichincha,D,3,799,51.37,21.9,0
5255,2021-05-26,2,CLEANING,135.94,0,Pichincha,D,3,799,51.37,21.9,0
3065,2021-05-26,2,GROCERY I,440.076,0,Pichincha,D,3,799,51.37,21.9,0
4525,2021-05-26,2,PRODUCE,226.459,0,Pichincha,D,3,799,51.37,21.9,0
6715,2021-05-26,3,BEVERAGES,469.834,0,Guayas,A,4,1100,51.37,21.9,0
8175,2021-05-26,3,CLEANING,198.351,0,Guayas,A,4,1100,51.37,21.9,0
5985,2021-05-26,3,GROCERY I,708.968,0,Guayas,A,4,1100,51.37,21.9,0
7445,2021-05-26,3,PRODUCE,321.624,0,Guayas,A,4,1100,51.37,21.9,0
9635,2021-05-26,5,BEVERAGES,205.682,0,Azuay,B,2,613,51.37,21.9,0
11095,2021-05-26,5,CLEANING,89.032,7,Azuay,B,2,613,51.37,21.9,0
8905,2021-05-26,5,GROCERY I,376.921,0,Azuay,B,2,613,51.37,21.9,0
10365,2021-05-26,5,PRODUCE,149.838,0,Azuay,B,2,613,51.37,21.9,0
12555,2021-05-26,8,BEVERAGES,386.895,0,Guayas,C,1,906,51.37,21.9,0
14015,2021-05-26,8,CLEANING,154.034,0,Guayas,C,1,906,51.37,21.9,0
11825,2021-05-26,8,GROCERY I,614.854,0,Guayas,C,1,906,51.37,21.9,0
13285,2021-05-26,8,PRODUCE,250.662,0,Guayas,C,1,906,51.37,21.9,0
876,2021-05-27,1,BEVERAGES,365.54,0,Pichincha,D,2,901,51.1,24.6,0
2336,2021-05-27,1,CLEANING,150.576,0,Pichincha,D,2,901,51.1,24.6,0
146,2021-05-27,1,GROCERY I,605.474,10,Pichincha,D,2,901,51.1,24.6,0
1606,2021-05-27,1,PRODUCE,230.657,0,Pichincha,D,2,901,51.1,24.6,0
3796,2021-05-27,2,BEVERAGES,257.921,0,Pichincha,D,3,727,51.1,24.6,0
5256,2021-05-27,2,CLEANING,126.443,0,Pichincha,D,3,727,51.1,24.6,0
3066,2021-05-27,2,GROCERY I,437.51,0,Pichincha,D,3,727,51.1,24.6,0
4526,2021-05-27,2,PRODUCE,280.638,15,Pichincha,D,3,727,51.1,24.6,0
6716,2021-05-27,3,BEVERAGES,480.981,0,Guayas,A,4,1180,51.1,24.6,0
8176,2021-05-27,3,CLEANING,206.218,0,Guayas,A,4,1180,51.1,24.6,0
5986,2021-05-27,3,GROCERY I,833.708,0,Guayas,A,4,1180,51.1,24.6,0
7446,2021-05-27,3,PRODUCE,410.597,0,Guayas,A,4,1180,51.1,24.6,0
9636,2021-05-27,5,BEVERAGES,204.284,0,Azuay,B,2,527,51.1,24.6,0
11096,2021-05-27,5,CLEANING,108.31,24,Azuay,B,2,527,51.1,24.6,0
8906,2021-05-27,5,GROCERY I,379.662,2,Azuay,B,2,527,51.1,24.6,0
10366,2021-05-27,5,PRODUCE,139.491,0,Azuay,B,2,527,51.1,24.6,0
12556,2021-05-27,8,BEVERAGES,352.771,0,Guayas,C,1,903,51.1,24.6,0
14016,2021-05-27,8,CLEANING,224.013,24,Guayas,C,1,903,51.1,24.6,0
11826,2021-05-27,8,GROCERY I,615.1,0,Guayas,C,1,903,51.1,24.6,0
13286,2021-05-27,8,PRODUCE,314.699,12,Guayas,C,1,903,51.1,24.6,0
877,2021-05-28,1,BEVERAGES,442.997,0,Pichincha,D,2,1043,51.03,24.28,0
2337,2021-05-28,1,CLEANING,147.386,0,Pichincha,D,2,1043,51.03,24.28,0
147,2021-05-28,1,GROCERY I,701.22,0,Pichincha,D,2,1043,51.03,24.28,0
1607,2021-05-28,1,PRODUCE,328.661,0,Pichincha,D,2,1043,51.03,24.28,0
3797,2021-05-28,2,BEVERAGES,386.336,0,Pichincha,D,3,812,51.03,24.28,0
5257,2021-05-28,2,CLEANING,133.068,0,Pichincha,D,3,812,51.03,24.28,0
3067,2021-05-28,2,GROCERY I,532.984,0,Pichincha,D,3,812,51.03,24.28,0
4527,2021-05-28,2,PRODUCE,272.319,19,Pichincha,D,3,812,51.03,24.28,0
6717,2021-05-28,3,BEVERAGES,507.757,0,Guayas,A,4,1363,51.03,24.28,0
8177,2021-05-28,3,CLEANING,259.063,0,Guayas,A,4,1363,51.03,24.28,0
5987,2021-05-28,3,GROCERY I,854.523,0,Guayas,A,4,1363,51.03,24.28,0
7447,2021-05-28,3,PRODUCE,480.105,0,Guayas,A,4,1363,51.03,24.28,0
9637,2021-05-28,5,BEVERAGES,263.483,0,Azuay,B,2,679,51.03,24.28,0
11097,2021-05-28,5,CLEANING,109.816,0,Azuay,B,2,679,51.03,24.28,0
8907,2021-05-28,5,GROCERY I,413.605,0,Azuay,B,2,679,51.03,24.28,0
10367,2021-05-28,5,PRODUCE,195.137,0,Azuay,B,2,679,51.03,24.28,0
12557,2021-05-28,8,BEVERAGES,487.799,0,Guayas,C,1,1148,51.03,24.28,0
14017,2021-05-28,8,CLEANING,203.645,0,Guayas,C,1,1148,51.03,24.28,0
11827,2021-05-28,8,GROCERY I,711.739,0,Guayas,C,1,1148,51.03,24.28,0
13287,2021-05-28,8,PRODUCE,329.387,0,Guayas,C,1,1148,51.03,24.28,0
878,2021-05-29,1,BEVERAGES,498.585,0,Pichincha,D,2,1252,51.51,24.41,0
2338,2021-05-29,1,CLEANING,216.196,0,Pichincha,D,2,1252,51.51,24.41,0
148,2021-05-29,1,GROCERY I,1112.961,6,Pichincha,D,2,1252,51.51,24.41,0
1608,2021-05-29,1,PRODUCE,439.874,17,Pichincha,D,2,1252,51.51,24.41,0
3798,2021-05-29,2,BEVERAGES,392.971,0,Pichincha,D,3,1111,51.51,24.41,0
5258,2021-05-29,2,CLEANING,168.842,0,Pichincha,D,3,1111,51.51,24.41,0
3068,2021-05-29,2,GROCERY I,703.99,0,Pichincha,D,3,1111,51.51,24.41,0
4528,2021-05-29,2,PRODUCE,364.643,6,Pichincha,D,3,1111,51.51,24.41,0
6718,2021-05-29,3,BEVERAGES,680.659,0,Guayas,A,4,1775,51.51,24.41,0
8178,2021-05-29,3,CLEANING,308.226,0,Guayas,A,4,1775,51.51,24.41,0
5988,2021-05-29,3,GROCERY I,1070.994,0,Guayas,A,4,1775,51.51,24.41,0
7448,2021-05-29,3,PRODUCE,473.282,0,Guayas,A,4,1775,51.51,24.41,0
9638,2021-05-29,5,BEVERAGES,267.92,0,Azuay,B,2,738,51.51,24.41,0
11098,2021-05-29,5,CLEANING,124.793,0,Azuay,B,2,738,51.51,24.41,0
8908,2021-05-29,5,GROCERY I,412.652,0,Azuay,B,2,738,51.51,24.41,0
10368,2021-05-29,5,PRODUCE,166.144,0,Azuay,B,2,738,51.51,24.41,0
12558,2021-05-29,8,BEVERAGES,535.227,0,Guayas,C,1,1424,51.51,24.41,0
14018,2021-05-29,8,CLEANING,269.613,0,Guayas,C,1,1424,51.51,24.41,0
11828,2021-05-29,8,GROCERY I,764.098,0,Guayas,C,1,1424,51.51,24.41,0
13288,2021-05-29,8,PRODUCE,389.558,0,Guayas,C,1,1424,51.51,24.41,0
879,2021-05-30,1,BEVERAGES,437.153,0,Pichincha,D,2,1123,51.59,24.48,0
2339,2021-05-30,1,CLEANING,201.679,0,Pichincha,D,2,1123,51.59,24.48,0
149,2021-05-30,1,GROCERY I,722.714,0,Pichincha,D,2,1123,51.59,24.48,0
1609,2021-05-30,1,PRODUCE,352.563,15,Pichincha,D,2,1123,51.59,24.48,0
3799,2021-05-30,2,BEVERAGES,383.329,0,Pichincha,D,3,909,51.59,24.48,0
5259,2021-05-30,2,CLEANING,132.794,0,Pichincha,D,3,909,51.59,24.48,0
3069,2021-05-30,2,GROCERY I,592.76,0,Pichincha,D,3,909,51.59,24.48,0
4529,2021-05-30,2,PRODUCE,305.199,15,Pichincha,D,3,909,51.59,24.48,0
6719,2021-05-30,3,BEVERAGES,571.013,0,Guayas,A,4,1581,51.59,24.48,0
8179,2021-05-30,3,CLEANING,303.161,0,Guayas,A,4,1581,51.59,24.48,0
5989,2021-05-30,3,GROCERY I,886.03,0,Guayas,A,4,1581,51.59,24.48,0
7449,2021-05-30,3,PRODUCE,511.116,24,Guayas,A,4,1581,51.59,24.48,0
9639,2021-05-30,5,BEVERAGES,288.914,0,Azuay,B,2,688,51.59,24.48,0
11099,2021-05-30,5,CLEANING,98.489,0,Azuay,B,2,688,51.59,24.48,0
8909,2021-05-30,5,GROCERY I,367.08,0,Azuay,B,2,688,51.59,24.48,0
10369,2021-05-30,5,PRODUCE,161.218,0,Azuay,B,2,688,51.59,24.48,0
12559,2021-05-30,8,BEVERAGES,429.313,0,Guayas,C,1,1201,51.59,24.48,0
14019,2021-05-30,8,CLEANING,225.341,0,Guayas,C,1,1201,51.59,24.48,0
11829,2021-05-30,8,GROCERY I,709.351,0,Guayas,C,1,1201,51.59,24.48,0
13289,2021-05-30,8,PRODUCE,427.077,16,Guayas,C,1,1201,51.59,24.48,0
880,2021-05-31,1,BEVERAGES,400.888,0,Pichincha,D,2,854,51.51,24.81,0
2340,2021-05-31,1,CLEANING,142.624,0,Pichincha,D,2,854,51.51,24.81,0
150,2021-05-31,1,GROCERY I,536.098,0,Pichincha,D,2,854,51.51,24.81,0
1610,2021-05-31,1,PRODUCE,337.047,22,Pichincha,D,2,854,51.51,24.81,0
3800,2021-05-31,2,BEVERAGES,306.899,22,Pichincha,D,3,723,51.51,24.81,0
5260,2021-05-31,2,CLEANING,102.84,0,Pichincha,D,3,723,51.51,24.81,0
3070,2021-05-31,2,GROCERY I,395.751,0,Pichincha,D,3,723,51.51,24.81,0
4530,2021-05-31,2,PRODUCE,199.01,0,Pichincha,D,3,723,51.51,24.81,0
6720,2021-05-31,3,BEVERAGES,459.282,0,Guayas,A,4,1081,51.51,24.81,0
8180,2021-05-31,3,CLEANING,187.277,0,Guayas,A,4,1081,51.51,24.81,0
5990,2021-05-31,3,GROCERY I,791.885,0,Guayas,A,4,1081,51.51,24.81,0
7450,2021-05-31,3,PRODUCE,322.238,0,Guayas,A,4,1081,51.51,24.81,0
9640,2021-05-31,5,BEVERAGES,202.988,0,Azuay,B,2,550,51.51,24.81,0
11100,2021-05-31,5,CLEANING,96.966,0,Azuay,B,2,550,51.51,24.81,0
8910,2021-05-31,5,GROCERY I,306.221,0,Azuay,B,2,550,51.51,24.81,0
10370,2021-05-31,5,PRODUCE,130.873,0,Azuay,B,2,550,51.51,24.81,0
12560,2021-05-31,8,BEVERAGES,495.248,12,Guayas,C,1,1012,51.51,24.81,0
14020,2021-05-31,8,CLEANING,198.0,11,Guayas,C,1,1012,51.51,24.81,0
11830,2021-05-31,8,GROCERY I,603.883,0,Guayas,C,1,1012,51.51,24.81,0
13290,2021-05-31,8,PRODUCE,259.895,0,Guayas,C,1,1012,51.51,24.81,0
881,2021-06-01,1,BEVERAGES,411.233,0,Pichincha,D,2,826,51.05,25.78,0
2341,2021-06-01,1,CLEANING,187.006,20,Pichincha,D,2,826,51.05,25.78,0
151,2021-06-01,1,GROCERY I,410.747,0,Pichincha,D,2,826,51.05,25.78,0
1611,2021-06-01,1,PRODUCE,265.507,0,Pichincha,D,2,826,51.05,25.78,0
3801,2021-06-01,2,BEVERAGES,396.221,16,Pichincha,D,3,624,51.05,25.78,0
5261,2021-06-01,2,CLEANING,116.066,0,Pichincha,D,3,624,51.05,25.78,0
3071,2021-06-01,2,GROCERY I,378.657,0,Pichincha,D,3,624,51.05,25.78,0
4531,2021-06-01,2,PRODUCE,182.745,0,Pichincha,D,3,624,51.05,25.78,0
6721,2021-06-01,3,BEVERAGES,474.984,0,Guayas,A,4,1131,51.05,25.78,0
8181,2021-06-01,3,CLEANING,233.717,24,Guayas,A,4,1131,51.05,25.78,0
5991,2021-06-01,3,GROCERY I,694.826,0,Guayas,A,4,1131,51.05,25.78,0
7451,2021-06-01,3,PRODUCE,298.847,0,Guayas,A,4,1131,51.05,25.78,0
9641,2021-06-01,5,BEVERAGES,185.607,0,Azuay,B,2,534,51.05,25.78,0
11101,2021-06-01,5,CLEANING,64.426,0,Azuay,B,2,534,51.05,25.78,0
8911,2021-06-01,5,GROCERY I,349.145,0,Azuay,B,2,534,51.05,25.78,0
10371,2021-06-01,5,PRODUCE,134.381,0,Azuay,B,2,534,51.05,25.78,0
12561,2021-06-01,8,BEVERAGES,394.516,18,Guayas,C,1,968,51.05,25.78,0
14021,2021-06-01,8,CLEANING,153.519,0,Guayas,C,1,968,51.05,25.78,0
11831,2021-06-01,8,GROCERY I,570.015,0,Guayas,C,1,968,51.05,25.78,0
13291,2021-06-01,8,PRODUCE,261.822,0,Guayas,C,1,968,51.05,25.78,0
882,2021-06-02,1,BEVERAGES,371.595,24,Pichincha,D,2,851,50.29,22.86,0
2342,2021-06-02,1,CLEANING,157.864,0,Pichincha,D,2,851,50.29,22.86,0
152,2021-06-02,1,GROCERY I,527.86,8,Pichincha,D,2,851,50.29,22.86,0
1612,2021-06-02,1,PRODUCE,248.191,0,Pichincha,D,2,851,50.29,22.86,0
3802,2021-06-02,2,BEVERAGES,243.293,0,Pichincha,D,3,680,50.29,22.86,0
5262,2021-06-02,2,CLEANING,149.977,9,Pichincha,D,3,680,50.29,22.86,0
3072,2021-06-02,2,GROCERY I,443.453,0,Pichincha,D,3,680,50.29,22.86,0
4532,2021-06-02,2,PRODUCE,223.516,0,Pichincha,D,3,680,50.29,22.86,0
6722,2021-06-02,3,BEVERAGES,432.532,0,Guayas,A,4,1156,50.29,22.86,0
8182,2021-06-02,3,CLEANING,196.848,0,Guayas,A,4,1156,50.29,22.86,0
5992,2021-06-02,3,GROCERY I,663.986,0,Guayas,A,4,1156,50.29,22.86,0
7452,2021-06-02,3,PRODUCE,299.715,0,Guayas,A,4,1156,50.29,22.86,0
9642,2021-06-02,5,BEVERAGES,178.768,0,Azuay,B,2,543,50.29,22.86,0
11102,2021-06-02,5,CLEANING,108.108,17,Azuay,B,2,543,50.29,22.86,0
8912,2021-06-02,5,GROCERY I,333.244,0,Azuay,B,2,543,50.29,22.86,0
10372,2021-06-02,5,PRODUCE,133.336,0,Azuay,B,2,543,50.29,22.86,0
12562,2021-06-02,8,BEVERAGES,362.144,0,Guayas,C,1,972,50.29,22.86,0
14022,2021-06-02,8,CLEANING,152.452,0,Guayas,C,1,972,50.29,22.86,0
11832,2021-06-02,8,GROCERY I,612.194,24,Guayas,C,1,972,50.29,22.86,0
13292,2021-06-02,8,PRODUCE,292.801,17,Guayas,C,1,972,50.29,22.86,0
883,2021-06-03,1,BEVERAGES,319.389,0,Pichincha,D,2,864,50.08,22.74,0
2343,2021-06-03,1,CLEANING,142.344,0,Pichincha,D,2,864,50.08,22.74,0
153,2021-06-03,1,GROCERY I,564.258,0,Pichincha,D,2,864,50.08,22.74,0
1613,2021-06-03,1,PRODUCE,271.948,0,Pichincha,D,2,864,50.08,22.74,0
3803,2021-06-03,2,BEVERAGES,296.641,0,Pichincha,D,3,693,50.08,22.74,0
5263,2021-06-03,2,CLEANING,145.421,0,Pichincha,D,3,693,50.08,22.74,0
3073,2021-06-03,2,GROCERY I,470.581,0,Pichincha,D,3,693,50.08,22.74,0
4533,2021-06-03,2,PRODUCE,208.865,0,Pichincha,D,3,693,50.08,22.74,0
6723,2021-06-03,3,BEVERAGES,475.898,0,Guayas,A,4,1217,50.08,22.74,0
8183,2021-06-03,3,CLEANING,206.707,0,Guayas,A,4,1217,50.08,22.74,0
5993,2021-06-03,3,GROCERY I,752.327,0,Guayas,A,4,1217,50.08,22.74,0
7453,2021-06-03,3,PRODUCE,360.315,0,Guayas,A,4,1217,50.08,22.74,0
9643,2021-06-03,5,BEVERAGES,218.146,0,Azuay,B,2,391,50.08,22.74,0
11103,2021-06-03,5,CLEANING,88.284,0,Azuay,B,2,391,50.08,22.74,0
8913,2021-06-03,5,GROCERY I,260.651,0,Azuay,B,2,391,50.08,22.74,0
10373,2021-06-03,5,PRODUCE,143.893,0,Azuay,B,2,391,50.08,22.74,0
12563,2021-06-03,8,BEVERAGES,493.954,15,Guayas,C,1,897,50.08,22.74,0
14023,2021-06-03,8,CLEANING,219.555,20,Guayas,C,1,897,50.08,22.74,0
11833,2021-06-03,8,GROCERY I,579.889,0,Guayas,C,1,897,50.08,22.74,0
13293,2021-06-03,8,PRODUCE,318.324,0,Guayas,C,1,897,50.08,22.74,0
884,2021-06-04,1,BEVERAGES,387.379,0,Pichincha,D,2,1079,50.05,22.82,0
2344,2021-06-04,1,CLEANING,203.282,0,Pichincha,D,2,1079,50.05,22.82,0
154,2021-06-04,1,GROCERY I,635.202,0,Pichincha,D,2,1079,50.05,22.82,0
1614,2021-06-04,1,PRODUCE,321.607,0,Pichincha,D,2,1079,50.05,22.82,0
3804,2021-06-04,2,BEVERAGES,280.661,0,Pichincha,D,3,877,50.05,22.82,0
5264,2021-06-04,2,CLEANING,144.396,0,Pichincha,D,3,877,50.05,22.82,0
3074,2021-06-04,2,GROCERY I,504.564,0,Pichincha,D,3,877,50.05,22.82,0
4534,2021-06-04,2,PRODUCE,306.211,3,Pichincha,D,3,877,50.05,22.82,0
6724,2021-06-04,3,BEVERAGES,599.228,0,Guayas,A,4,1397,50.05,22.82,0
8184,2021-06-04,3,CLEANING,212.341,0,Guayas,A,4,1397,50.05,22.82,0
5994,2021-06-04,3,GROCERY I,865.55,0,Guayas,A,4,1397,50.05,22.82,0
7454,2021-06-04,3,PRODUCE,477.091,0,Guayas,A,4,1397,50.05,22.82,0
9644,2021-06-04,5,BEVERAGES,236.859,0,Azuay,B,2,630,50.05,22.82,0
11104,2021-06-04,5,CLEANING,106.2,0,Azuay,B,2,630,50.05,22.82,0
8914,2021-06-04,5,GROCERY I,398.828,0,Azuay,B,2,630,50.05,22.82,0
10374,2021-06-04,5,PRODUCE,179.977,0,Azuay,B,2,630,50.05,22.82,0
12564,2021-06-04,8,BEVERAGES,461.124,0,Guayas,C,1,1225,50.05,22.82,0
14024,2021-06-04,8,CLEANING,184.319,0,Guayas,C,1,1225,50.05,22.82,0
11834,2021-06-04,8,GROCERY I,658.597,0,Guayas,C,1,1225,50.05,22.82,0
13294,2021-06-04,8,PRODUCE,275.466,0,Guayas,C,1,1225,50.05,22.82,0
885,2021-06-05,1,BEVERAGES,611.859,11,Pichincha,D,2,1403,50.85,24.71,0
2345,2021-06-05,1,CLEANING,213.155,0,Pichincha,D,2,1403,50.85,24.71,0
155,2021-06-05,1,GROCERY I,705.827,0,Pichincha,D,2,1403,50.85,24.71,0
1615,2021-06-05,1,PRODUCE,404.39,0,Pichincha,D,2,1403,50.85,24.71,0
3805,2021-06-05,2,BEVERAGES,412.769,0,Pichincha,D,3,1063,50.85,24.71,0
5265,2021-06-05,2,CLEANING,152.509,0,Pichincha,D,3,1063,50.85,24.71,0
3075,2021-06-05,2,GROCERY I,733.382,0,Pichincha,D,3,1063,50.85,24.71,0
4535,2021-06-05,2,PRODUCE,365.949,13,Pichincha,D,3,1063,50.85,24.71,0
6725,2021-06-05,3,BEVERAGES,665.836,0,Guayas,A,4,1763,50.85,24.71,0
8185,2021-06-05,3,CLEANING,255.68,0,Guayas,A,4,1763,50.85,24.71,0
5995,2021-06-05,3,GROCERY I,1189.015,0,Guayas,A,4,1763,50.85,24.71,0
7455,2021-06-05,3,PRODUCE,551.83,0,Guayas,A,4,1763,50.85,24.71,0
9645,2021-06-05,5,BEVERAGES,287.731,0,Azuay,B,2,737,50.85,24.71,0
11105,2021-06-05,5,CLEANING,113.076,0,Azuay,B,2,737,50.85,24.71,0
8915,2021-06-05,5,GROCERY I,402.877,0,Azuay,B,2,737,50.85,24.71,0
10375,2021-06-05,5,PRODUCE,232.951,0,Azuay,B,2,737,50.85,24.71,0
12565,2021-06-05,8,BEVERAGES,638.305,13,Guayas,C,1,1388,50.85,24.71,0
14025,2021-06-05,8,CLEANING,234.848,0,Guayas,C,1,1388,50.85,24.71,0
11835,2021-06-05,8,GROCERY I,963.763,0,Guayas,C,1,1388,50.85,24.71,0
13295,2021-06-05,8,PRODUCE,476.457,14,Guayas,C,1,1388,50.85,24.71,0
886,2021-06-06,1,BEVERAGES,474.855,0,Pichincha,D,2,1032,50.91,26.01,0
2346,2021-06-06,1,CLEANING,185.101,0,Pichincha,D,2,1032,50.91,26.01,0
156,2021-06-06,1,GROCERY I,684.418,0,Pichincha,D,2,1032,50.91,26.01,0
1616,2021-06-06,1,PRODUCE,332.287,0,Pichincha,D,2,1032,50.91,26.01,0
3806,2021-06-06,2,BEVERAGES,345.87,0,Pichincha,D,3,949,50.91,26.01,0
5266,2021-06-06,2,CLEANING,149.16,0,Pichincha,D,3,949,50.91,26.01,0
3076,2021-06-06,2,GROCERY I,597.624,0,Pichincha,D,3,949,50.91,26.01,0
4536,2021-06-06,2,PRODUCE,231.617,0,Pichincha,D,3,949,50.91,26.01,0
6726,2021-06-06,3,BEVERAGES,731.431,0,Guayas,A,4,1520,50.91,26.01,0
8186,2021-06-06,3,CLEANING,248.543,0,Guayas,A,4,1520,50.91,26.01,0
5996,2021-06-06,3,GROCERY I,913.475,0,Guayas,A,4,1520,50.91,26.01,0
7456,2021-06-06,3,PRODUCE,450.224,0,Guayas,A,4,1520,50.91,26.01,0
9646,2021-06-06,5,BEVERAGES,214.012,0,Azuay,B,2,650,50.91,26.01,0
11106,2021-06-06,5,CLEANING,104.186,0,Azuay,B,2,650,50.91,26.01,0
8916,2021-06-06,5,GROCERY I,366.114,0,Azuay,B,2,650,50.91,26.01,0
10376,2021-06-06,5,PRODUCE,233.847,7,Azuay,B,2,650,50.91,26.01,0
12566,2021-06-06,8,BEVERAGES,438.16,0,Guayas,C,1,1299,50.91,26.01,0
14026,2021-06-06,8,CLEANING,198.279,0,Guayas,C,1,1299,50.91,26.01,0
11836,2021-06-06,8,GROCERY I,761.918,0,Guayas,C,1,1299,50.91,26.01,0
13296,2021-06-06,8,PRODUCE,335.237,0,Guayas,C,1,1299,50.91,26.01,0
887,2021-06-07,1,BEVERAGES,363.742,0,Pichincha,D,2,882,51.35,23.63,0
2347,2021-06-07,1,CLEANING,178.267,8,Pichincha,D,2,882,51.35,23.63,0
157,2021-06-07,1,GROCERY I,659.164,6,Pichincha,D,2,882,51.35,23.63,0
1617,2021-06-07,1,PRODUCE,215.81,0,Pichincha,D,2,882,51.35,23.63,0
3807,2021-06-07,2,BEVERAGES,311.58,0,Pichincha,D,3,793,51.35,23.63,0
5267,2021-06-07,2,CLEANING,115.518,0,Pichincha,D,3,793,51.35,23.63,0
3077,2021-06-07,2,GROCERY I,503.876,12,Pichincha,D,3,793,51.35,23.63,0
4537,2021-06-07,2,PRODUCE,202.551,0,Pichincha,D,3,793,51.35,23.63,0
6727,2021-06-07,3,BEVERAGES,475.967,0,Guayas,A,4,1217,51.35,23.63,0
8187,2021-06-07,3,CLEANING,167.537,0,Guayas,A,4,1217,51.35,23.63,0
5997,2021-06-07,3,GROCERY I,631.13,0,Guayas,A,4,1217,51.35,23.63,0
7457,2021-06-07,3,PRODUCE,258.809,0,Guayas,A,4,1217,51.35,23.63,0
9647,2021-06-07,5,BEVERAGES,190.233,0,Azuay,B,2,508,51.35,23.63,0
11107,2021-06-07,5,CLEANING,85.215,0,Azuay,B,2,508,51.35,23.63,0
8917,2021-06-07,5,GROCERY I,320.628,0,Azuay,B,2,508,51.35,23.63,0
10377,2021-06-07,5,PRODUCE,141.211,0,Azuay,B,2,508,51.35,23.63,0
12567,2021-06-07,8,BEVERAGES,352.32,0,Guayas,C,1,927,51.35,23.63,0
14027,2021-06-07,8,CLEANING,139.452,0,Guayas,C,1,927,51.35,23.63,0
11837,2021-06-07,8,GROCERY I,608.267,0,Guayas,C,1,927,51.35,23.63,0
13297,2021-06-07,8,PRODUCE,265.122,0,Guayas,C,1,927,51.35,23.63,0
888,2021-06-08,1,BEVERAGES,413.42,14,Pichincha,D,2,796,51.12,20.69,0
2348,2021-06-08,1,CLEANING,140.813,0,Pichincha,D,2,796,51.12,20.69,0
158,2021-06-08,1,GROCERY I,560.618,0,Pichincha,D,2,796,51.12,20.69,0
1618,2021-06-08,1,PRODUCE,279.658,0,Pichincha,D,2,796,51.12,20.69,0
3808,2021-06-08,2,BEVERAGES,262.652,0,Pichincha,D,3,736,51.12,20.69,0
5268,2021-06-08,2,CLEANING,109.465,0,Pichincha,D,3,736,51.12,20.69,0
3078,2021-06-08,2,GROCERY I,395.388,0,Pichincha,D,3,736,51.12,20.69,0
4538,2021-06-08,2,PRODUCE,212.349,0,Pichincha,D,3,736,51.12,20.69,0
6728,2021-06-08,3,BEVERAGES,399.543,0,Guayas,A,4,1087,51.12,20.69,0
8188,2021-06-08,3,CLEANING,182.96,0,Guayas,A,4,1087,51.12,20.69,0
5998,2021-06-08,3,GROCERY I,727.752,0,Guayas,A,4,1087,51.12,20.69,0
7458,2021-06-08,3,PRODUCE,265.658,0,Guayas,A,4,1087,51.12,20.69,0
9648,2021-06-08,5,BEVERAGES,181.506,0,Azuay,B,2,542,51.12,20.69,0
11108,2021-06-08,5,CLEANING,79.6,0,Azuay,B,2,542,51.12,20.69,0
8918,2021-06-08,5,GROCERY I,333.475,0,Azuay,B,2,542,51.12,20.69,0
10378,2021-06-08,5,PRODUCE,134.777,0,Azuay,B,2,542,51.12,20.69,0
12568,2021-06-08,8,BEVERAGES,329.986,0,Guayas,C,1,906,51.12,20.69,0
14028,2021-06-08,8,CLEANING,156.281,0,Guayas,C,1,906,51.12,20.69,0
11838,2021-06-08,8,GROCERY I,562.415,0,Guayas,C,1,906,51.12,20.69,0
13298,2021-06-08,8,PRODUCE,239.633,0,Guayas,C,1,906,51.12,20.69,0
889,2021-06-09,1,BEVERAGES,355.376,0,Pichincha,D,2,875,50.59,21.76,0
2349,2021-06-09,1,CLEANING,132.471,11,Pichincha,D,2,875,50.59,21.76,0
159,2021-06-09,1,GROCERY I,531.714,0,Pichincha,D,2,875,50.59,21.76,0
1619,2021-06-09,1,PRODUCE,263.832,0,Pichincha,D,2,875,50.59,21.76,0
3809,2021-06-09,2,BEVERAGES,306.08,0,Pichincha,D,3,649,50.59,21.76,0
5269,2021-06-09,2,CLEANING,120.027,0,Pichincha,D,3,649,50.59,21.76,0
3079,2021-06-09,2,GROCERY I,513.698,14,Pichincha,D,3,649,50.59,21.76,0
4539,2021-06-09,2,PRODUCE,223.142,0,Pichincha,D,3,649,50.59,21.76,0
6729,2021-06-09,3,BEVERAGES,422.728,0,Guayas,A,4,1084,50.59,21.76,0
8189,2021-06-09,3,CLEANING,180.582,0,Guayas,A,4,1084,50.59,21.76,0
5999,2021-06-09,3,GROCERY I,821.842,0,Guayas,A,4,1084,50.59,21.76,0
7459,2021-06-09,3,PRODUCE,355.593,0,Guayas,A,4,1084,50.59,21.76,0
9649,2021-06-09,5,BEVERAGES,201.786,0,Azuay,B,2,518,50.59,21.76,0
11109,2021-06-09,5,CLEANING,68.383,0,Azuay,B,2,518,50.59,21.76,0
8919,2021-06-09,5,GROCERY I,337.664,0,Azuay,B,2,518,50.59,21.76,0
10379,2021-06-09,5,PRODUCE,151.684,0,Azuay,B,2,518,50.59,21.76,0
12569,2021-06-09,8,BEVERAGES,367.243,0,Guayas,C,1,938,50.59,21.76,0
14029,2021-06-09,8,CLEANING,134.393,0,Guayas,C,1,938,50.59,21.76,0
11839,2021-06-09,8,GROCERY I,662.166,17,Guayas,C,1,938,50.59,21.76,0
13299,2021-06-09,8,PRODUCE,227.773,0,Guayas,C,1,938,50.59,21.76,0
890,2021-06-10,1,BEVERAGES,333.59,0,Pichincha,D,2,898,50.16,22.94,0
2350,2021-06-10,1,CLEANING,178.967,21,Pichincha,D,2,898,50.16,22.94,0
160,2021-06-10,1,GROCERY I,611.735,0,Pichincha,D,2,898,50.16,22.94,0
1620,2021-06-10,1,PRODUCE,240.89,0,Pichincha,D,2,898,50.16,22.94,0
3810,2021-06-10,2,BEVERAGES,264.315,0,Pichincha,D,3,789,50.16,22.94,0
5270,2021-06-10,2,CLEANING,108.75,0,Pichincha,D,3,789,50.16,22.94,0
3080,2021-06-10,2,GROCERY I,437.35,0,Pichincha,D,3,789,50.16,22.94,0
4540,2021-06-10,2,PRODUCE,185.278,0,Pichincha,D,3,789,50.16,22.94,0
6730,2021-06-10,3,BEVERAGES,438.972,0,Guayas,A,4,1230,50.16,22.94,0
8190,2021-06-10,3,CLEANING,195.704,0,Guayas,A,4,1230,50.16,22.94,0
6000,2021-06-10,3,GROCERY I,822.497,0,Guayas,A,4,1230,50.16,22.94,0
7460,2021-06-10,3,PRODUCE,389.917,0,Guayas,A,4,1230,50.16,22.94,0
9650,2021-06-10,5,BEVERAGES,199.019,0,Azuay,B,2,515,50.16,22.94,0
11110,2021-06-10,5,CLEANING,98.7,0,Azuay,B,2,515,50.16,22.94,0
8920,2021-06-10,5,GROCERY I,325.187,0,Azuay,B,2,515,50.16,22.94,0
10380,2021-06-10,5,PRODUCE,169.268,0,Azuay,B,2,515,50.16,22.94,0
12570,2021-06-10,8,BEVERAGES,451.939,14,Guayas,C,1,944,50.16,22.94,0
14030,2021-06-10,8,CLEANING,156.775,0,Guayas,C,1,944,50.16,22.94,0
11840,2021-06-10,8,GROCERY I,579.013,0,Guayas,C,1,944,50.16,22.94,0
13300,2021-06-10,8,PRODUCE,282.444,0,Guayas,C,1,944,50.16,22.94,0
891,2021-06-11,1,BEVERAGES,408.885,0,Pichincha,D,2,1091,49.83,23.28,0
2351,2021-06-11,1,CLEANING,153.799,0,Pichincha,D,2,1091,49.83,23.28,0
161,2021-06-11,1,GROCERY I,647.801,0,Pichincha,D,2,1091,49.83,23.28,0
1621,2021-06-11,1,PRODUCE,269.202,0,Pichincha,D,2,1091,49.83,23.28,0
3811,2021-06-11,2,BEVERAGES,333.473,0,Pichincha,D,3,903,49.83,23.28,0
5271,2021-06-11,2,CLEANING,145.173,0,Pichincha,D,3,903,49.83,23.28,0
3081,2021-06-11,2,GROCERY I,589.685,0,Pichincha,D,3,903,49.83,23.28,0
4541,2021-06-11,2,PRODUCE,209.633,0,Pichincha,D,3,903,49.83,23.28,0
6731,2021-06-11,3,BEVERAGES,636.476,8,Guayas,A,4,1384,49.83,23.28,0
8191,2021-06-11,3,CLEANING,260.41,0,Guayas,A,4,1384,49.83,23.28,0
6001,2021-06-11,3,GROCERY I,958.884,19,Guayas,A,4,1384,49.83,23.28,0
7461,2021-06-11,3,PRODUCE,419.867,0,Guayas,A,4,1384,49.83,23.28,0
9651,2021-06-11,5,BEVERAGES,182.523,0,Azuay,B,2,568,49.83,23.28,0
11111,2021-06-11,5,CLEANING,106.382,0,Azuay,B,2,568,49.83,23.28,0
8921,2021-06-11,5,GROCERY I,382.625,0,Azuay,B,2,568,49.83,23.28,0
10381,2021-06-11,5,PRODUCE,179.85,0,Azuay,B,2,568,49.83,23.28,0
12571,2021-06-11,8,BEVERAGES,401.0,0,Guayas,C,1,1090,49.83,23.28,0
14031,2021-06-11,8,CLEANING,203.511,0,Guayas,C,1,1090,49.83,23.28,0
11841,2021-06-11,8,GROCERY I,740.299,0,Guayas,C,1,1090,49.83,23.28,0
13301,2021-06-11,8,PRODUCE,318.905,0,Guayas,C,1,1090,49.83,23.28,0
892,2021-06-12,1,BEVERAGES,501.748,0,Pichincha,D,2,1327,50.79,23.44,0
2352,2021-06-12,1,CLEANING,241.645,0,Pichincha,D,2,1327,50.79,23.44,0
162,2021-06-12,1,GROCERY I,770.229,0,Pichincha,D,2,1327,50.79,23.44,0
1622,2021-06-12,1,PRODUCE,372.932,0,Pichincha,D,2,1327,50.79,23.44,0
3812,2021-06-12,2,BEVERAGES,401.686,0,Pichincha,D,3,1079,50.79,23.44,0
5272,2021-06-12,2,CLEANING,182.632,0,Pichincha,D,3,1079,50.79,23.44,0
3082,2021-06-12,2,GROCERY I,693.421,0,Pichincha,D,3,1079,50.79,23.44,0
4542,2021-06-12,2,PRODUCE,293.582,0,Pichincha,D,3,1079,50.79,23.44,0
6732,2021-06-12,3,BEVERAGES,866.58,20,Guayas,A,4,1768,50.79,23.44,0
8192,2021-06-12,3,CLEANING,256.565,0,Guayas,A,4,1768,50.79,23.44,0
6002,2021-06-12,3,GROCERY I,1023.761,0,Guayas,A,4,1768,50.79,23.44,0
7462,2021-06-12,3,PRODUCE,467.629,0,Guayas,A,4,1768,50.79,23.44,0
9652,2021-06-12,5,BEVERAGES,277.383,0,Azuay,B,2,834,50.79,23.44,0
11112,2021-06-12,5,CLEANING,121.212,0,Azuay,B,2,834,50.79,23.44,0
8922,2021-06-12,5,GROCERY I,500.218,0,Azuay,B,2,834,50.79,23.44,0
10382,2021-06-12,5,PRODUCE,195.471,0,Azuay,B,2,834,50.79,23.44,0
12572,2021-06-12,8,BEVERAGES,536.108,0,Guayas,C,1,1294,50.79,23.44,0
14032,2021-06-12,8,CLEANING,234.337,0,Guayas,C,1,1294,50.79,23.44,0
11842,2021-06-12,8,GROCERY I,0.0,0,Guayas,C,1,1294,50.79,23.44,0
13302,2021-06-12,8,PRODUCE,404.149,0,Guayas,C,1,1294,50.79,23.44,0
893,2021-06-13,1,BEVERAGES,375.124,0,Pichincha,D,2,1123,50.42,24.02,0
2353,2021-06-13,1,CLEANING,255.784,4,Pichincha,D,2,1123,50.42,24.02,0
163,2021-06-13,1,GROCERY I,742.313,0,Pichincha,D,2,1123,50.42,24.02,0
1623,2021-06-13,1,PRODUCE,369.307,11,Pichincha,D,2,1123,50.42,24.02,0
3813,2021-06-13,2,BEVERAGES,456.317,17,Pichincha,D,3,946,50.42,24.02,0
5273,2021-06-13,2,CLEANING,206.595,5,Pichincha,D,3,946,50.42,24.02,0
3083,2021-06-13,2,GROCERY I,556.165,0,Pichincha,D,3,946,50.42,24.02,0
4543,2021-06-13,2,PRODUCE,279.474,0,Pichincha,D,3,946,50.42,24.02,0
6733,2021-06-13,3,BEVERAGES,647.833,13,Guayas,A,4,1409,50.42,24.02,0
8193,2021-06-13,3,CLEANING,266.67,0,Guayas,A,4,1409,50.42,24.02,0
6003,2021-06-13,3,GROCERY I,1110.962,20,Guayas,A,4,1409,50.42,24.02,0
7463,2021-06-13,3,PRODUCE,572.745,15,Guayas,A,4,1409,50.42,24.02,0
9653,2021-06-13,5,BEVERAGES,217.966,0,Azuay,B,2,639,50.42,24.02,0
11113,2021-06-13,5,CLEANING,106.111,0,Azuay,B,2,639,50.42,24.02,0
8923,2021-06-13,5,GROCERY I,406.584,6,Azuay,B,2,639,50.42,24.02,0
10383,2021-06-13,5,PRODUCE,182.137,0,Azuay,B,2,639,50.42,24.02,0
12573,2021-06-13,8,BEVERAGES,451.354,0,Guayas,C,1,1359,50.42,24.02,0
14033,2021-06-13,8,CLEANING,248.482,18,Guayas,C,1,1359,50.42,24.02,0
11843,2021-06-13,8,GROCERY I,775.401,0,Guayas,C,1,1359,50.42,24.02,0
13303,2021-06-13,8,PRODUCE,353.201,19,Guayas,C,1,1359,50.42,24.02,0
894,2021-06-14,1,BEVERAGES,305.528,0,Pichincha,D,2,920,50.79,23.49,0
2354,2021-06-14,1,CLEANING,154.05,0,Pichincha,D,2,920,50.79,23.49,0
164,2021-06-14,1,GROCERY I,481.771,0,Pichincha,D,2,920,50.79,23.49,0
1624,2021-06-14,1,PRODUCE,249.325,0,Pichincha,D,2,920,50.79,23.49,0
3814,2021-06-14,2,BEVERAGES,288.492,0,Pichincha,D,3,748,50.79,23.49,0
5274,2021-06-14,2,CLEANING,120.369,0,Pichincha,D,3,748,50.79,23.49,0
3084,2021-06-14,2,GROCERY I,458.742,0,Pichincha,D,3,748,50.79,23.49,0
4544,2021-06-14,2,PRODUCE,204.58,0,Pichincha,D,3,748,50.79,23.49,0
6734,2021-06-14,3,BEVERAGES,446.202,0,Guayas,A,4,1152,50.79,23.49,0
8194,2021-06-14,3,CLEANING,182.95,0,Guayas,A,4,1152,50.79,23.49,0
6004,2021-06-14,3,GROCERY I,710.932,0,Guayas,A,4,1152,50.79,23.49,0
7464,2021-06-14,3,PRODUCE,348.526,0,Guayas,A,4,1152,50.79,23.49,0
9654,2021-06-14,5,BEVERAGES,177.228,0,Azuay,B,2,516,50.79,23.49,0
11114,2021-06-14,5,CLEANING,94.448,0,Azuay,B,2,516,50.79,23.49,0
8924,2021-06-14,5,GROCERY I,430.229,23,Azuay,B,2,516,50.79,23.49,0
10384,2021-06-14,5,PRODUCE,146.051,0,Azuay,B,2,516,50.79,23.49,0
12574,2021-06-14,8,BEVERAGES,382.634,0,Guayas,C,1,881,50.79,23.49,0
14034,2021-06-14,8,CLEANING,144.485,0,Guayas,C,1,881,50.79,23.49,0
11844,2021-06-14,8,GROCERY I,585.95,0,Guayas,C,1,881,50.79,23.49,0
13304,2021-06-14,8,PRODUCE,373.457,2,Guayas,C,1,881,50.79,23.49,0
895,2021-06-15,1,BEVERAGES,290.64,0,Pichincha,D,2,726,50.39,25.34,0
2355,2021-06-15,1,CLEANING,161.84,9,Pichincha,D,2,726,50.39,25.34,0
165,2021-06-15,1,GROCERY I,627.338,0,Pichincha,D,2,726,50.39,25.34,0
1625,2021-06-15,1,PRODUCE,244.768,0,Pichincha,D,2,726,50.39,25.34,0
3815,2021-06-15,2,BEVERAGES,281.768,0,Pichincha,D,3,676,50.39,25.34,0
5275,2021-06-15,2,CLEANING,148.065,10,Pichincha,D,3,676,50.39,25.34,0
3085,2021-06-15,2,GROCERY I,536.8,1,Pichincha,D,3,676,50.39,25.34,0
4545,2021-06-15,2,PRODUCE,243.092,14,Pichincha,D,3,676,50.39,25.34,0
6735,2021-06-15,3,BEVERAGES,480.576,0,Guayas,A,4,1095,50.39,25.34,0
8195,2021-06-15,3,CLEANING,175.39,0,Guayas,A,4,1095,50.39,25.34,0
6005,2021-06-15,3,GROCERY I,697.858,0,Guayas,A,4,1095,50.39,25.34,0
7465,2021-06-15,3,PRODUCE,340.906,0,Guayas,A,4,1095,50.39,25.34,0
9655,2021-06-15,5,BEVERAGES,202.057,0,Azuay,B,2,595,50.39,25.34,0
11115,2021-06-15,5,CLEANING,72.517,0,Azuay,B,2,595,50.39,25.34,0
8925,2021-06-15,5,GROCERY I,267.931,0,Azuay,B,2,595,50.39,25.34,0
10385,2021-06-15,5,PRODUCE,152.429,21,Azuay,B,2,595,50.39,25.34,0
12575,2021-06-15,8,BEVERAGES,365.535,0,Guayas,C,1,840,50.39,25.34,0
14035,2021-06-15,8,CLEANING,162.464,0,Guayas,C,1,840,50.39,25.34,0
11845,2021-06-15,8,GROCERY I,562.706,0,Guayas,C,1,840,50.39,25.34,0
13305,2021-06-15,8,PRODUCE,249.419,0,Guayas,C,1,840,50.39,25.34,0
896,2021-06-16,1,BEVERAGES,356.188,0,Pichincha,D,2,922,50.81,22.88,0
2356,2021-06-16,1,CLEANING,127.079,0,Pichincha,D,2,922,50.81,22.88,0
166,2021-06-16,1,GROCERY I,533.458,0,Pichincha,D,2,922,50.81,22.88,0
1626,2021-06-16,1,PRODUCE,224.456,0,Pichincha,D,2,922,50.81,22.88,0
3816,2021-06-16,2,BEVERAGES,279.303,0,Pichincha,D,3,715,50.81,22.88,0
5276,2021-06-16,2,CLEANING,109.811,0,Pichincha,D,3,715,50.81,22.88,0
3086,2021-06-16,2,GROCERY I,424.542,0,Pichincha,D,3,715,50.81,22.88,0
4546,2021-06-16,2,PRODUCE,169.87,0,Pichincha,D,3,715,50.81,22.88,0
6736,2021-06-16,3,BEVERAGES,428.222,0,Guayas,A,4,1133,50.81,22.88,0
8196,2021-06-16,3,CLEANING,196.283,0,Guayas,A,4,1133,50.81,22.88,0
6006,2021-06-16,3,GROCERY I,674.05,0,Guayas,A,4,1133,50.81,22.88,0
7466,2021-06-16,3,PRODUCE,265.542,0,Guayas,A,4,1133,50.81,22.88,0
9656,2021-06-16,5,BEVERAGES,162.005,0,Azuay,B,2,482,50.81,22.88,0
11116,2021-06-16,5,CLEANING,73.134,0,Azuay,B,2,482,50.81,22.88,0
8926,2021-06-16,5,GROCERY I,302.75,0,Azuay,B,2,482,50.81,22.88,0
10386,2021-06-16,5,PRODUCE,146.145,0,Azuay,B,2,482,50.81,22.88,0
12576,2021-06-16,8,BEVERAGES,409.024,0,Guayas,C,1,961,50.81,22.88,0
14036,2021-06-16,8,CLEANING,140.837,0,Guayas,C,1,961,50.81,22.88,0
11846,2021-06-16,8,GROCERY I,582.704,0,Guayas,C,1,961,50.81,22.88,0
13306,2021-06-16,8,PRODUCE,188.095,0,Guayas,C,1,961,50.81,22.88,0
897,2021-06-17,1,BEVERAGES,359.273,0,Pichincha,D,2,915,50.98,22.57,0
2357,2021-06-17,1,CLEANING,138.684,0,Pichincha,D,2,915,50.98,22.57,0
167,2021-06-17,1,GROCERY I,562.931,0,Pichincha,D,2,915,50.98,22.57,0
1627,2021-06-17,1,PRODUCE,273.77,17,Pichincha,D,2,915,50.98,22.57,0
3817,2021-06-17,2,BEVERAGES,304.805,0,Pichincha,D,3,817,50.98,22.57,0
5277,2021-06-17,2,CLEANING,143.151,4,Pichincha,D,3,817,50.98,22.57,0
3087,2021-06-17,2,GROCERY I,563.134,10,Pichincha,D,3,817,50.98,22.57,0
4547,2021-06-17,2,PRODUCE,193.652,0,Pichincha,D,3,817,50.98,22.57,0
6737,2021-06-17,3,BEVERAGES,502.461,0,Guayas,A,4,1224,50.98,22.57,0
8197,2021-06-17,3,CLEANING,236.434,18,Guayas,A,4,1224,50.98,22.57,0
6007,2021-06-17,3,GROCERY I,673.208,0,Guayas,A,4,1224,50.98,22.57,0
7467,2021-06-17,3,PRODUCE,422.919,21,Guayas,A,4,1224,50.98,22.57,0
9657,2021-06-17,5,BEVERAGES,206.849,0,Azuay,B,2,526,50.98,22.57,0
11117,2021-06-17,5,CLEANING,90.966,0,Azuay,B,2,526,50.98,22.57,0
8927,2021-06-17,5,GROCERY I,298.069,0,Azuay,B,2,526,50.98,22.57,0
10387,2021-06-17,5,PRODUCE,146.4,0,Azuay,B,2,526,50.98,22.57,0
12577,2021-06-17,8,BEVERAGES,407.364,0,Guayas,C,1,924,50.98,22.57,0
14037,2021-06-17,8,CLEANING,171.681,0,Guayas,C,1,924,50.98,22.57,0
11847,2021-06-17,8,GROCERY I,692.699,4,Guayas,C,1,924,50.98,22.57,0
13307,2021-06-17,8,PRODUCE,277.812,0,Guayas,C,1,924,50.98,22.57,0
898,2021-06-18,1,BEVERAGES,433.096,0,Pichincha,D,2,1108,50.91,24.4,0
2358,2021-06-18,1,CLEANING,246.748,3,Pichincha,D,2,1108,50.91,24.4,0
168,2021-06-18,1,GROCERY I,665.683,0,Pichincha,D,2,1108,50.91,24.4,0
1628,2021-06-18,1,PRODUCE,301.453,0,Pichincha,D,2,1108,50.91,24.4,0
3818,2021-06-18,2,BEVERAGES,308.826,0,Pichincha,D,3,869,50.91,24.4,0
5278,2021-06-18,2,CLEANING,157.984,0,Pichincha,D,3,869,50.91,24.4,0
3088,2021-06-18,2,GROCERY I,548.041,0,Pichincha,D,3,869,50.91,24.4,0
4548,2021-06-18,2,PRODUCE,191.308,0,Pichincha,D,3,869,50.91,24.4,0
6738,2021-06-18,3,BEVERAGES,469.55,0,Guayas,A,4,1448,50.91,24.4,0
8198,2021-06-18,3,CLEANING,213.418,0,Guayas,A,4,1448,50.91,24.4,0
6008,2021-06-18,3,GROCERY I,930.224,0,Guayas,A,4,1448,50.91,24.4,0
7468,2021-06-18,3,PRODUCE,455.433,0,Guayas,A,4,1448,50.91,24.4,0
9658,2021-06-18,5,BEVERAGES,224.586,0,Azuay,B,2,646,50.91,24.4,0
11118,2021-06-18,5,CLEANING,102.796,0,Azuay,B,2,646,50.91,24.4,0
8928,2021-06-18,5,GROCERY I,326.469,0,Azuay,B,2,646,50.91,24.4,0
10388,2021-06-18,5,PRODUCE,184.513,0,Azuay,B,2,646,50.91,24.4,0
12578,2021-06-18,8,BEVERAGES,405.511,0,Guayas,C,1,1093,50.91,24.4,0
14038,2021-06-18,8,CLEANING,210.554,0,Guayas,C,1,1093,50.91,24.4,0
11848,2021-06-18,8,GROCERY I,676.584,0,Guayas,C,1,1093,50.91,24.4,0
13308,2021-06-18,8,PRODUCE,305.478,0,Guayas,C,1,1093,50.91,24.4,0
899,2021-06-19,1,BEVERAGES,416.83,0,Pichincha,D,2,1222,50.89,21.53,0
2359,2021-06-19,1,CLEANING,196.433,0,Pichincha,D,2,1222,50.89,21.53,0
169,2021-06-19,1,GROCERY I,904.152,0,Pichincha,D,2,1222,50.89,21.53,0
1629,2021-06-19,1,PRODUCE,337.493,0,Pichincha,D,2,1222,50.89,21.53,0
3819,2021-06-19,2,BEVERAGES,423.136,0,Pichincha,D,3,1039,50.89,21.53,0
5279,2021-06-19,2,CLEANING,150.281,0,Pichincha,D,3,1039,50.89,21.53,0
3089,2021-06-19,2,GROCERY I,660.808,0,Pichincha,D,3,1039,50.89,21.53,0
4549,2021-06-19,2,PRODUCE,286.417,0,Pichincha,D,3,1039,50.89,21.53,0
6739,2021-06-19,3,BEVERAGES,0.0,0,Guayas,A,4,1753,50.89,21.53,0
8199,2021-06-19,3,CLEANING,333.02,18,Guayas,A,4,1753,50.89,21.53,0
6009,2021-06-19,3,GROCERY I,937.193,0,Guayas,A,4,1753,50.89,21.53,0
7469,2021-06-19,3,PRODUCE,610.676,8,Guayas,A,4,1753,50.89,21.53,0
9659,2021-06-19,5,BEVERAGES,268.316,0,Azuay,B,2,694,50.89,21.53,0
11119,2021-06-19,5,CLEANING,109.171,0,Azuay,B,2,694,50.89,21.53,0
8929,2021-06-19,5,GROCERY I,563.412,22,Azuay,B,2,694,50.89,21.53,0
10389,2021-06-19,5,PRODUCE,226.136,9,Azuay,B,2,694,50.89,21.53,0
12579,2021-06-19,8,BEVERAGES,440.036,0,Guayas,C,1,1275,50.89,21.53,0
14039,2021-06-19,8,CLEANING,197.796,0,Guayas,C,1,1275,50.89,21.53,0
11849,2021-06-19,8,GROCERY I,916.279,0,Guayas,C,1,1275,50.89,21.53,0
13309,2021-06-19,8,PRODUCE,348.614,0,Guayas,C,1,1275,50.89,21.53,0
900,2021-06-20,1,BEVERAGES,373.531,0,Pichincha,D,2,1079,50.6,24.17,0
2360,2021-06-20,1,CLEANING,142.454,0,Pichincha,D,2,1079,50.6,24.17,0
170,2021-06-20,1,GROCERY I,715.106,0,Pichincha,D,2,1079,50.6,24.17,0
1630,2021-06-20,1,PRODUCE,309.958,0,Pichincha,D,2,1079,50.6,24.17,0
3820,2021-06-20,2,BEVERAGES,403.878,0,Pichincha,D,3,946,50.6,24.17,0
5280,2021-06-20,2,CLEANING,173.954,17,Pichincha,D,3,946,50.6,24.17,0
3090,2021-06-20,2,GROCERY I,507.999,0,Pichincha,D,3,946,50.6,24.17,0
4550,2021-06-20,2,PRODUCE,201.613,0,Pichincha,D,3,946,50.6,24.17,0
6740,2021-06-20,3,BEVERAGES,534.763,0,Guayas,A,4,1541,50.6,24.17,0
8200,2021-06-20,3,CLEANING,204.721,0,Guayas,A,4,1541,50.6,24.17,0
6010,2021-06-20,3,GROCERY I,834.809,0,Guayas,A,4,1541,50.6,24.17,0
7470,2021-06-20,3,PRODUCE,447.586,0,Guayas,A,4,1541,50.6,24.17,0
9660,2021-06-20,5,BEVERAGES,225.34,0,Azuay,B,2,592,50.6,24.17,0
11120,2021-06-20,5,CLEANING,113.785,0,Azuay,B,2,592,50.6,24.17,0
8930,2021-06-20,5,GROCERY I,390.785,0,Azuay,B,2,592,50.6,24.17,0
10390,2021-06-20,5,PRODUCE,147.889,0,Azuay,B,2,592,50.6,24.17,0
12580,2021-06-20,8,BEVERAGES,407.541,0,Guayas,C,1,1241,50.6,24.17,0
14040,2021-06-20,8,CLEANING,232.68,18,Guayas,C,1,1241,50.6,24.17,0
11850,2021-06-20,8,GROCERY I,851.089,0,Guayas,C,1,1241,50.6,24.17,0
13310,2021-06-20,8,PRODUCE,372.162,0,Guayas,C,1,1241,50.6,24.17,0
901,2021-06-21,1,BEVERAGES,356.055,0,Pichincha,D,2,877,50.8,23.72,0
2361,2021-06-21,1,CLEANING,153.967,0,Pichincha,D,2,877,50.8,23.72,0
171,2021-06-21,1,GROCERY I,445.104,0,Pichincha,D,2,877,50.8,23.72,0
1631,2021-06-21,1,PRODUCE,209.623,0,Pichincha,D,2,877,50.8,23.72,0
3821,2021-06-21,2,BEVERAGES,233.41,0,Pichincha,D,3,689,50.8,23.72,0
5281,2021-06-21,2,CLEANING,127.029,0,Pichincha,D,3,689,50.8,23.72,0
3091,2021-06-21,2,GROCERY I,399.817,0,Pichincha,D,3,689,50.8,23.72,0
4551,2021-06-21,2,PRODUCE,218.559,0,Pichincha,D,3,689,50.8,23.72,0
6741,2021-06-21,3,BEVERAGES,465.136,0,Guayas,A,4,1168,50.8,23.72,0
8201,2021-06-21,3,CLEANING,196.449,0,Guayas,A,4,1168,50.8,23.72,0
6011,2021-06-21,3,GROCERY I,629.983,0,Guayas,A,4,1168,50.8,23.72,0
7471,2021-06-21,3,PRODUCE,322.477,0,Guayas,A,4,1168,50.8,23.72,0
9661,2021-06-21,5,BEVERAGES,198.149,0,Azuay,B,2,501,50.8,23.72,0
11121,2021-06-21,5,CLEANING,82.916,0,Azuay,B,2,501,50.8,23.72,0
8931,2021-06-21,5,GROCERY I,360.396,18,Azuay,B,2,501,50.8,23.72,0
10391,2021-06-21,5,PRODUCE,131.859,0,Azuay,B,2,501,50.8,23.72,0
12581,2021-06-21,8,BEVERAGES,428.581,8,Guayas,C,1,910,50.8,23.72,0
14041,2021-06-21,8,CLEANING,179.797,5,Guayas,C,1,910,50.8,23.72,0
11851,2021-06-21,8,GROCERY I,616.777,0,Guayas,C,1,910,50.8,23.72,0
13311,2021-06-21,8,PRODUCE,282.965,0,Guayas,C,1,910,50.8,23.72,0
902,2021-06-22,1,BEVERAGES,240.884,0,Pichincha,D,2,832,50.59,23.31,0
2362,2021-06-22,1,CLEANING,152.893,0,Pichincha,D,2,832,50.59,23.31,0
172,2021-06-22,1,GROCERY I,560.185,0,Pichincha,D,2,832,50.59,23.31,0
1632,2021-06-22,1,PRODUCE,222.784,0,Pichincha,D,2,832,50.59,23.31,0
3822,2021-06-22,2,BEVERAGES,274.456,0,Pichincha,D,3,631,50.59,23.31,0
5282,2021-06-22,2,CLEANING,131.94,5,Pichincha,D,3,631,50.59,23.31,0
3092,2021-06-22,2,GROCERY I,396.477,0,Pichincha,D,3,631,50.59,23.31,0
4552,2021-06-22,2,PRODUCE,212.671,0,Pichincha,D,3,631,50.59,23.31,0
6742,2021-06-22,3,BEVERAGES,392.661,0,Guayas,A,4,1220,50.59,23.31,0
8202,2021-06-22,3,CLEANING,130.885,0,Guayas,A,4,1220,50.59,23.31,0
6012,2021-06-22,3,GROCERY I,707.368,0,Guayas,A,4,1220,50.59,23.31,0
7472,2021-06-22,3,PRODUCE,310.213,0,Guayas,A,4,1220,50.59,23.31,0
9662,2021-06-22,5,BEVERAGES,191.29,0,Azuay,B,2,480,50.59,23.31,0
11122,2021-06-22,5,CLEANING,86.592,10,Azuay,B,2,480,50.59,23.31,0
8932,2021-06-22,5,GROCERY I,281.193,0,Azuay,B,2,480,50.59,23.31,0
10392,2021-06-22,5,PRODUCE,130.955,0,Azuay,B,2,480,50.59,23.31,0
12582,2021-06-22,8,BEVERAGES,300.841,0,Guayas,C,1,945,50.59,23.31,0
14042,2021-06-22,8,CLEANING,151.128,0,Guayas,C,1,945,50.59,23.31,0
11852,2021-06-22,8,GROCERY I,407.931,0,Guayas,C,1,945,50.59,23.31,0
13312,2021-06-22,8,PRODUCE,257.303,0,Guayas,C,1,945,50.59,23.31,0
903,2021-06-23,1,BEVERAGES,360.424,0,Pichincha,D,2,865,50.04,25.69,0
2363,2021-06-23,1,CLEANING,156.47,0,Pichincha,D,2,865,50.04,25.69,0
173,2021-06-23,1,GROCERY I,487.25,0,Pichincha,D,2,865,50.04,25.69,0
1633,2021-06-23,1,PRODUCE,299.164,2,Pichincha,D,2,865,50.04,25.69,0
3823,2021-06-23,2,BEVERAGES,0.0,0,Pichincha,D,3,709,50.04,25.69,0
5283,2021-06-23,2,CLEANING,108.556,0,Pichincha,D,3,709,50.04,25.69,0
3093,2021-06-23,2,GROCERY I,385.231,0,Pichincha,D,3,709,50.04,25.69,0
4553,2021-06-23,2,PRODUCE,190.943,0,Pichincha,D,3,709,50.04,25.69,0
6743,2021-06-23,3,BEVERAGES,519.121,0,Guayas,A,4,1213,50.04,25.69,0
8203,2021-06-23,3,CLEANING,198.18,0,Guayas,A,4,1213,50.04,25.69,0
6013,2021-06-23,3,GROCERY I,684.079,0,Guayas,A,4,1213,50.04,25.69,0
7473,2021-06-23,3,PRODUCE,349.762,0,Guayas,A,4,1213,50.04,25.69,0
9663,2021-06-23,5,BEVERAGES,157.205,0,Azuay,B,2,517,50.04,25.69,0
11123,2021-06-23,5,CLEANING,81.486,0,Azuay,B,2,517,50.04,25.69,0
8933,2021-06-23,5,GROCERY I,327.728,0,Azuay,B,2,517,50.04,25.69,0
10393,2021-06-23,5,PRODUCE,110.665,0,Azuay,B,2,517,50.04,25.69,0
12583,2021-06-23,8,BEVERAGES,335.787,0,Guayas,C,1,934,50.04,25.69,0
14043,2021-06-23,8,CLEANING,136.422,0,Guayas,C,1,934,50.04,25.69,0
11853,2021-06-23,8,GROCERY I,512.9,0,Guayas,C,1,934,50.04,25.69,0
13313,2021-06-23,8,PRODUCE,254.039,0,Guayas,C,1,934,50.04,25.69,0
904,2021-06-24,1,BEVERAGES,289.472,0,Pichincha,D,2,949,49.47,22.54,0
2364,2021-06-24,1,CLEANING,158.794,0,Pichincha,D,2,949,49.47,22.54,0
174,2021-06-24,1,GROCERY I,660.48,21,Pichincha,D,2,949,49.47,22.54,0
1634,2021-06-24,1,PRODUCE,259.163,0,Pichincha,D,2,949,49.47,22.54,0
3824,2021-06-24,2,BEVERAGES,320.689,0,Pichincha,D,3,830,49.47,22.54,0
5284,2021-06-24,2,CLEANING,116.014,0,Pichincha,D,3,830,49.47,22.54,0
3094,2021-06-24,2,GROCERY I,464.404,13,Pichincha,D,3,830,49.47,22.54,0
4554,2021-06-24,2,PRODUCE,173.754,0,Pichincha,D,3,830,49.47,22.54,0
6744,2021-06-24,3,BEVERAGES,397.927,0,Guayas,A,4,1201,49.47,22.54,0
8204,2021-06-24,3,CLEANING,206.595,0,Guayas,A,4,1201,49.47,22.54,0
6014,2021-06-24,3,GROCERY I,780.261,0,Guayas,A,4,1201,49.47,22.54,0
7474,2021-06-24,3,PRODUCE,311.308,0,Guayas,A,4,1201,49.47,22.54,0
9664,2021-06-24,5,BEVERAGES,219.07,0,Azuay,B,2,496,49.47,22.54,0
11124,2021-06-24,5,CLEANING,85.801,0,Azuay,B,2,496,49.47,22.54,0
8934,2021-06-24,5,GROCERY I,368.039,0,Azuay,B,2,496,49.47,22.54,0
10394,2021-06-24,5,PRODUCE,133.167,0,Azuay,B,2,496,49.47,22.54,0
12584,2021-06-24,8,BEVERAGES,380.317,0,Guayas,C,1,994,49.47,22.54,0
14044,2021-06-24,8,CLEANING,142.346,0,Guayas,C,1,994,49.47,22.54,0
11854,2021-06-24,8,GROCERY I,593.235,0,Guayas,C,1,994,49.47,22.54,0
13314,2021-06-24,8,PRODUCE,343.245,8,Guayas,C,1,994,49.47,22.54,0
905,2021-06-25,1,BEVERAGES,431.734,0,Pichincha,D,2,982,49.54,26.24,0
2365,2021-06-25,1,CLEANING,186.474,0,Pichincha,D,2,982,49.54,26.24,0
175,2021-06-25,1,GROCERY I,549.796,0,Pichincha,D,2,982,49.54,26.24,0
1635,2021-06-25,1,PRODUCE,322.777,21,Pichincha,D,2,982,49.54,26.24,0
3825,2021-06-25,2,BEVERAGES,349.871,0,Pichincha,D,3,900,49.54,26.24,0
5285,2021-06-25,2,CLEANING,139.173,0,Pichincha,D,3,900,49.54,26.24,0
3095,2021-06-25,2,GROCERY I,539.444,0,Pichincha,D,3,900,49.54,26.24,0
4555,2021-06-25,2,PRODUCE,240.947,0,Pichincha,D,3,900,49.54,26.24,0
6745,2021-06-25,3,BEVERAGES,727.364,9,Guayas,A,4,1427,49.54,26.24,0
8205,2021-06-25,3,CLEANING,259.526,0,Guayas,A,4,1427,49.54,26.24,0
6015,2021-06-25,3,GROCERY I,778.349,0,Guayas,A,4,1427,49.54,26.24,0
7475,2021-06-25,3,PRODUCE,357.35,0,Guayas,A,4,1427,49.54,26.24,0
9665,2021-06-25,5,BEVERAGES,250.675,12,Azuay,B,2,656,49.54,26.24,0
11125,2021-06-25,5,CLEANING,95.7,0,Azuay,B,2,656,49.54,26.24,0
8935,2021-06-25,5,GROCERY I,483.533,5,Azuay,B,2,656,49.54,26.24,0
10395,2021-06-25,5,PRODUCE,222.169,2,Azuay,B,2,656,49.54,26.24,0
12585,2021-06-25,8,BEVERAGES,417.146,0,Guayas,C,1,1147,49.54,26.24,0
14045,2021-06-25,8,CLEANING,183.383,0,Guayas,C,1,1147,49.54,26.24,0
11855,2021-06-25,8,GROCERY I,613.14,0,Guayas,C,1,1147,49.54,26.24,0
13315,2021-06-25,8,PRODUCE,326.422,14,Guayas,C,1,1147,49.54,26.24,0
906,2021-06-26,1,BEVERAGES,548.858,18,Pichincha,D,2,1323,50.25,22.99,0
2366,2021-06-26,1,CLEANING,251.365,19,Pichincha,D,2,1323,50.25,22.99,0
176,2021-06-26,1,GROCERY I,793.002,0,Pichincha,D,2,1323,50.25,22.99,0
1636,2021-06-26,1,PRODUCE,310.537,0,Pichincha,D,2,1323,50.25,22.99,0
3826,2021-06-26,2,BEVERAGES,403.81,0,Pichincha,D,3,1096,50.25,22.99,0
5286,2021-06-26,2,CLEANING,184.229,0,Pichincha,D,3,1096,50.25,22.99,0
3096,2021-06-26,2,GROCERY I,638.979,0,Pichincha,D,3,1096,50.25,22.99,0
4556,2021-06-26,2,PRODUCE,404.469,16,Pichincha,D,3,1096,50.25,22.99,0
6746,2021-06-26,3,BEVERAGES,711.244,0,Guayas,A,4,1712,50.25,22.99,0
8206,2021-06-26,3,CLEANING,330.699,0,Guayas,A,4,1712,50.25,22.99,0
6016,2021-06-26,3,GROCERY I,905.513,0,Guayas,A,4,1712,50.25,22.99,0
7476,2021-06-26,3,PRODUCE,447.646,0,Guayas,A,4,1712,50.25,22.99,0
9666,2021-06-26,5,BEVERAGES,290.115,0,Azuay,B,2,671,50.25,22.99,0
11126,2021-06-26,5,CLEANING,121.616,0,Azuay,B,2,671,50.25,22.99,0
8936,2021-06-26,5,GROCERY I,444.866,0,Azuay,B,2,671,50.25,22.99,0
10396,2021-06-26,5,PRODUCE,208.478,0,Azuay,B,2,671,50.25,22.99,0
12586,2021-06-26,8,BEVERAGES,669.66,18,Guayas,C,1,1395,50.25,22.99,0
14046,2021-06-26,8,CLEANING,213.211,0,Guayas,C,1,1395,50.25,22.99,0
11856,2021-06-26,8,GROCERY I,743.666,0,Guayas,C,1,1395,50.25,22.99,0
13316,2021-06-26,8,PRODUCE,386.566,0,Guayas,C,1,1395,50.25,22.99,0
907,2021-06-27,1,BEVERAGES,572.851,5,Pichincha,D,2,1119,50.33,21.46,0
2367,2021-06-27,1,CLEANING,178.488,15,Pichincha,D,2,1119,50.33,21.46,0
177,2021-06-27,1,GROCERY I,762.971,7,Pichincha,D,2,1119,50.33,21.46,0
1637,2021-06-27,1,PRODUCE,304.917,0,Pichincha,D,2,1119,50.33,21.46,0
3827,2021-06-27,2,BEVERAGES,364.731,0,Pichincha,D,3,855,50.33,21.46,0
5287,2021-06-27,2,CLEANING,159.501,0,Pichincha,D,3,855,50.33,21.46,0
3097,2021-06-27,2,GROCERY I,478.161,0,Pichincha,D,3,855,50.33,21.46,0
4557,2021-06-27,2,PRODUCE,259.865,0,Pichincha,D,3,855,50.33,21.46,0
6747,2021-06-27,3,BEVERAGES,594.471,0,Guayas,A,4,1527,50.33,21.46,0
8207,2021-06-27,3,CLEANING,320.807,4,Guayas,A,4,1527,50.33,21.46,0
6017,2021-06-27,3,GROCERY I,859.722,0,Guayas,A,4,1527,50.33,21.46,0
7477,2021-06-27,3,PRODUCE,411.303,0,Guayas,A,4,1527,50.33,21.46,0
9667,2021-06-27,5,BEVERAGES,219.808,0,Azuay,B,2,668,50.33,21.46,0
11127,2021-06-27,5,CLEANING,108.953,0,Azuay,B,2,668,50.33,21.46,0
8937,2021-06-27,5,GROCERY I,324.709,0,Azuay,B,2,668,50.33,21.46,0
10397,2021-06-27,5,PRODUCE,176.716,0,Azuay,B,2,668,50.33,21.46,0
12587,2021-06-27,8,BEVERAGES,444.098,0,Guayas,C,1,1190,50.33,21.46,0
14047,2021-06-27,8,CLEANING,194.437,0,Guayas,C,1,1190,50.33,21.46,0
11857,2021-06-27,8,GROCERY I,700.062,0,Guayas,C,1,1190,50.33,21.46,0
13317,2021-06-27,8,PRODUCE,370.565,0,Guayas,C,1,1190,50.33,21.46,0
908,2021-06-28,1,BEVERAGES,426.932,0,Pichincha,D,2,863,50.27,23.28,0
2368,2021-06-28,1,CLEANING,139.272,0,Pichincha,D,2,863,50.27,23.28,0
178,2021-06-28,1,GROCERY I,517.574,0,Pichincha,D,2,863,50.27,23.28,0
1638,2021-06-28,1,PRODUCE,301.307,3,Pichincha,D,2,863,50.27,23.28,0
3828,2021-06-28,2,BEVERAGES,253.189,0,Pichincha,D,3,761,50.27,23.28,0
5288,2021-06-28,2,CLEANING,113.815,0,Pichincha,D,3,761,50.27,23.28,0
3098,2021-06-28,2,GROCERY I,501.058,12,Pichincha,D,3,761,50.27,23.28,0
4558,2021-06-28,2,PRODUCE,212.931,0,Pichincha,D,3,761,50.27,23.28,0
6748,2021-06-28,3,BEVERAGES,448.742,0,Guayas,A,4,1134,50.27,23.28,0
8208,2021-06-28,3,CLEANING,176.691,0,Guayas,A,4,1134,50.27,23.28,0
6018,2021-06-28,3,GROCERY I,680.083,0,Guayas,A,4,1134,50.27,23.28,0
7478,2021-06-28,3,PRODUCE,270.987,0,Guayas,A,4,1134,50.27,23.28,0
9668,2021-06-28,5,BEVERAGES,182.058,0,Azuay,B,2,540,50.27,23.28,0
11128,2021-06-28,5,CLEANING,86.19,0,Azuay,B,2,540,50.27,23.28,0
8938,2021-06-28,5,GROCERY I,310.643,0,Azuay,B,2,540,50.27,23.28,0
10398,2021-06-28,5,PRODUCE,121.965,0,Azuay,B,2,540,50.27,23.28,0
12588,2021-06-28,8,BEVERAGES,337.891,0,Guayas,C,1,924,50.27,23.28,0
14048,2021-06-28,8,CLEANING,200.508,5,Guayas,C,1,924,50.27,23.28,0
11858,2021-06-28,8,GROCERY I,579.163,0,Guayas,C,1,924,50.27,23.28,0
13318,2021-06-28,8,PRODUCE,281.547,0,Guayas,C,1,924,50.27,23.28,0
909,2021-06-29,1,BEVERAGES,253.136,0,Pichincha,D,2,769,50.4,21.62,0
2369,2021-06-29,1,CLEANING,140.923,0,Pichincha,D,2,769,50.4,21.62,0
179,2021-06-29,1,GROCERY I,585.801,15,Pichincha,D,2,769,50.4,21.62,0
1639,2021-06-29,1,PRODUCE,285.585,10,Pichincha,D,2,769,50.4,21.62,0
3829,2021-06-29,2,BEVERAGES,306.661,3,Pichincha,D,3,714,50.4,21.62,0
5289,2021-06-29,2,CLEANING,119.962,0,Pichincha,D,3,714,50.4,21.62,0
3099,2021-06-29,2,GROCERY I,396.598,0,Pichincha,D,3,714,50.4,21.62,0
4559,2021-06-29,2,PRODUCE,176.769,0,Pichincha,D,3,714,50.4,21.62,0
6749,2021-06-29,3,BEVERAGES,500.6,0,Guayas,A,4,1091,50.4,21.62,0
8209,2021-06-29,3,CLEANING,215.072,0,Guayas,A,4,1091,50.4,21.62,0
6019,2021-06-29,3,GROCERY I,676.731,0,Guayas,A,4,1091,50.4,21.62,0
7479,2021-06-29,3,PRODUCE,324.47,0,Guayas,A,4,1091,50.4,21.62,0
9669,2021-06-29,5,BEVERAGES,161.435,0,Azuay,B,2,516,50.4,21.62,0
11129,2021-06-29,5,CLEANING,77.242,0,Azuay,B,2,516,50.4,21.62,0
8939,2021-06-29,5,GROCERY I,365.443,9,Azuay,B,2,516,50.4,21.62,0
10399,2021-06-29,5,PRODUCE,144.036,0,Azuay,B,2,516,50.4,21.62,0
12589,2021-06-29,8,BEVERAGES,490.518,8,Guayas,C,1,869,50.4,21.62,0
14049,2021-06-29,8,CLEANING,124.869,0,Guayas,C,1,869,50.4,21.62,0
11859,2021-06-29,8,GROCERY I,569.592,0,Guayas,C,1,869,50.4,21.62,0
13319,2021-06-29,8,PRODUCE,273.198,10,Guayas,C,1,869,50.4,21.62,0
910,2021-06-30,1,BEVERAGES,344.467,0,Pichincha,D,2,877,50.99,22.02,0
2370,2021-06-30,1,CLEANING,163.835,24,Pichincha,D,2,877,50.99,22.02,0
180,2021-06-30,1,GROCERY I,588.918,0,Pichincha,D,2,877,50.99,22.02,0
1640,2021-06-30,1,PRODUCE,219.458,0,Pichincha,D,2,877,50.99,22.02,0
3830,2021-06-30,2,BEVERAGES,233.419,0,Pichincha,D,3,696,50.99,22.02,0
5290,2021-06-30,2,CLEANING,114.683,0,Pichincha,D,3,696,50.99,22.02,0
3100,2021-06-30,2,GROCERY I,417.534,0,Pichincha,D,3,696,50.99,22.02,0
4560,2021-06-30,2,PRODUCE,173.523,0,Pichincha,D,3,696,50.99,22.02,0
6750,2021-06-30,3,BEVERAGES,534.161,0,Guayas,A,4,1055,50.99,22.02,0
8210,2021-06-30,3,CLEANING,163.56,0,Guayas,A,4,1055,50.99,22.02,0
6020,2021-06-30,3,GROCERY I,574.168,0,Guayas,A,4,1055,50.99,22.02,0
7480,2021-06-30,3,PRODUCE,305.532,0,Guayas,A,4,1055,50.99,22.02,0
9670,2021-06-30,5,BEVERAGES,215.928,23,Azuay,B,2,505,50.99,22.02,0
11130,2021-06-30,5,CLEANING,76.032,0,Azuay,B,2,505,50.99,22.02,0
8940,2021-06-30,5,GROCERY I,307.718,0,Azuay,B,2,505,50.99,22.02,0
10400,2021-06-30,5,PRODUCE,126.928,0,Azuay,B,2,505,50.99,22.02,0
12590,2021-06-30,8,BEVERAGES,353.936,0,Guayas,C,1,1008,50.99,22.02,0
14050,2021-06-30,8,CLEANING,147.343,0,Guayas,C,1,1008,50.99,22.02,0
11860,2021-06-30,8,GROCERY I,531.492,0,Guayas,C,1,1008,50.99,22.02,0
13320,2021-06-30,8,PRODUCE,256.137,0,Guayas,C,1,1008,50.99,22.02,0
911,2021-07-01,1,BEVERAGES,284.028,0,Pichincha,D,2,793,51.09,23.57,0
2371,2021-07-01,1,CLEANING,139.944,0,Pichincha,D,2,793,51.09,23.57,0
181,2021-07-01,1,GROCERY I,618.973,0,Pichincha,D,2,793,51.09,23.57,0
1641,2021-07-01,1,PRODUCE,247.199,0,Pichincha,D,2,793,51.09,23.57,0
3831,2021-07-01,2,BEVERAGES,314.79,0,Pichincha,D,3,775,51.09,23.57,0
5291,2021-07-01,2,CLEANING,125.429,0,Pichincha,D,3,775,51.09,23.57,0
3101,2021-07-01,2,GROCERY I,388.025,0,Pichincha,D,3,775,51.09,23.57,0
4561,2021-07-01,2,PRODUCE,195.774,0,Pichincha,D,3,775,51.09,23.57,0
6751,2021-07-01,3,BEVERAGES,448.745,0,Guayas,A,4,1199,51.09,23.57,0
8211,2021-07-01,3,CLEANING,158.923,0,Guayas,A,4,1199,51.09,23.57,0
6021,2021-07-01,3,GROCERY I,738.545,0,Guayas,A,4,1199,51.09,23.57,0
7481,2021-07-01,3,PRODUCE,349.451,0,Guayas,A,4,1199,51.09,23.57,0
9671,2021-07-01,5,BEVERAGES,190.946,0,Azuay,B,2,511,51.09,23.57,0
11131,2021-07-01,5,CLEANING,83.304,0,Azuay,B,2,511,51.09,23.57,0
8941,2021-07-01,5,GROCERY I,270.185,0,Azuay,B,2,511,51.09,23.57,0
10401,2021-07-01,5,PRODUCE,139.186,0,Azuay,B,2,511,51.09,23.57,0
12591,2021-07-01,8,BEVERAGES,457.771,1,Guayas,C,1,974,51.09,23.57,0
14051,2021-07-01,8,CLEANING,147.495,0,Guayas,C,1,974,51.09,23.57,0
11861,2021-07-01,8,GROCERY I,673.683,18,Guayas,C,1,974,51.09,23.57,0
13321,2021-07-01,8,PRODUCE,289.126,17,Guayas,C,1,974,51.09,23.57,0
912,2021-07-02,1,BEVERAGES,414.007,0,Pichincha,D,2,1093,50.9,23.73,0
2372,2021-07-02,1,CLEANING,152.687,0,Pichincha,D,2,1093,50.9,23.73,0
182,2021-07-02,1,GROCERY I,756.299,4,Pichincha,D,2,1093,50.9,23.73,0
1642,2021-07-02,1,PRODUCE,321.202,0,Pichincha,D,2,1093,50.9,23.73,0
3832,2021-07-02,2,BEVERAGES,339.517,0,Pichincha,D,3,912,50.9,23.73,0
5292,2021-07-02,2,CLEANING,124.17,0,Pichincha,D,3,912,50.9,23.73,0
3102,2021-07-02,2,GROCERY I,443.668,0,Pichincha,D,3,912,50.9,23.73,0
4562,2021-07-02,2,PRODUCE,233.522,21,Pichincha,D,3,912,50.9,23.73,0
6752,2021-07-02,3,BEVERAGES,545.058,0,Guayas,A,4,1483,50.9,23.73,0
8212,2021-07-02,3,CLEANING,262.947,0,Guayas,A,4,1483,50.9,23.73,0
6022,2021-07-02,3,GROCERY I,765.173,0,Guayas,A,4,1483,50.9,23.73,0
7482,2021-07-02,3,PRODUCE,308.661,0,Guayas,A,4,1483,50.9,23.73,0
9672,2021-07-02,5,BEVERAGES,204.909,0,Azuay,B,2,629,50.9,23.73,0
11132,2021-07-02,5,CLEANING,106.116,0,Azuay,B,2,629,50.9,23.73,0
8942,2021-07-02,5,GROCERY I,380.957,0,Azuay,B,2,629,50.9,23.73,0
10402,2021-07-02,5,PRODUCE,168.143,0,Azuay,B,2,629,50.9,23.73,0
12592,2021-07-02,8,BEVERAGES,469.763,0,Guayas,C,1,1068,50.9,23.73,0
14052,2021-07-02,8,CLEANING,223.841,15,Guayas,C,1,1068,50.9,23.73,0
11862,2021-07-02,8,GROCERY I,624.68,0,Guayas,C,1,1068,50.9,23.73,0
13322,2021-07-02,8,PRODUCE,314.218,0,Guayas,C,1,1068,50.9,23.73,0
913,2021-07-03,1,BEVERAGES,473.707,0,Pichincha,D,2,1215,51.4,22.02,0
2373,2021-07-03,1,CLEANING,224.686,24,Pichincha,D,2,1215,51.4,22.02,0
183,2021-07-03,1,GROCERY I,751.694,0,Pichincha,D,2,1215,51.4,22.02,0
1643,2021-07-03,1,PRODUCE,348.879,0,Pichincha,D,2,1215,51.4,22.02,0
3833,2021-07-03,2,BEVERAGES,362.47,0,Pichincha,D,3,1042,51.4,22.02,0
5293,2021-07-03,2,CLEANING,191.584,0,Pichincha,D,3,1042,51.4,22.02,0
3103,2021-07-03,2,GROCERY I,781.152,24,Pichincha,D,3,1042,51.4,22.02,0
4563,2021-07-03,2,PRODUCE,337.479,0,Pichincha,D,3,1042,51.4,22.02,0
6753,2021-07-03,3,BEVERAGES,618.303,0,Guayas,A,4,1724,51.4,22.02,0
8213,2021-07-03,3,CLEANING,287.626,0,Guayas,A,4,1724,51.4,22.02,0
6023,2021-07-03,3,GROCERY I,948.757,0,Guayas,A,4,1724,51.4,22.02,0
7483,2021-07-03,3,PRODUCE,497.389,0,Guayas,A,4,1724,51.4,22.02,0
9673,2021-07-03,5,BEVERAGES,347.127,3,Azuay,B,2,825,51.4,22.02,0
11133,2021-07-03,5,CLEANING,122.614,0,Azuay,B,2,825,51.4,22.02,0
8943,2021-07-03,5,GROCERY I,488.652,0,Azuay,B,2,825,51.4,22.02,0
10403,2021-07-03,5,PRODUCE,199.394,0,Azuay,B,2,825,51.4,22.02,0
12593,2021-07-03,8,BEVERAGES,570.292,0,Guayas,C,1,1422,51.4,22.02,0
14053,2021-07-03,8,CLEANING,209.948,0,Guayas,C,1,1422,51.4,22.02,0
11863,2021-07-03,8,GROCERY I,1044.055,15,Guayas,C,1,1422,51.4,22.02,0
13323,2021-07-03,8,PRODUCE,349.72,0,Guayas,C,1,1422,51.4,22.02,0
914,2021-07-04,1,BEVERAGES,422.017,0,Pichincha,D,2,1123,51.59,24.21,0
2374,2021-07-04,1,CLEANING,248.723,13,Pichincha,D,2,1123,51.59,24.21,0
184,2021-07-04,1,GROCERY I,624.193,0,Pichincha,D,2,1123,51.59,24.21,0
1644,2021-07-04,1,PRODUCE,252.526,0,Pichincha,D,2,1123,51.59,24.21,0
3834,2021-07-04,2,BEVERAGES,349.736,0,Pichincha,D,3,968,51.59,24.21,0
5294,2021-07-04,2,CLEANING,146.004,0,Pichincha,D,3,968,51.59,24.21,0
3104,2021-07-04,2,GROCERY I,455.638,0,Pichincha,D,3,968,51.59,24.21,0
4564,2021-07-04,2,PRODUCE,245.328,0,Pichincha,D,3,968,51.59,24.21,0
6754,2021-07-04,3,BEVERAGES,503.124,0,Guayas,A,4,1509,51.59,24.21,0
8214,2021-07-04,3,CLEANING,195.993,0,Guayas,A,4,1509,51.59,24.21,0
6024,2021-07-04,3,GROCERY I,962.626,0,Guayas,A,4,1509,51.59,24.21,0
7484,2021-07-04,3,PRODUCE,447.064,0,Guayas,A,4,1509,51.59,24.21,0
9674,2021-07-04,5,BEVERAGES,248.713,0,Azuay,B,2,646,51.59,24.21,0
11134,2021-07-04,5,CLEANING,97.33,0,Azuay,B,2,646,51.59,24.21,0
8944,2021-07-04,5,GROCERY I,337.516,0,Azuay,B,2,646,51.59,24.21,0
10404,2021-07-04,5,PRODUCE,234.834,17,Azuay,B,2,646,51.59,24.21,0
12594,2021-07-04,8,BEVERAGES,441.745,0,Guayas,C,1,1197,51.59,24.21,0
14054,2021-07-04,8,CLEANING,171.212,0,Guayas,C,1,1197,51.59,24.21,0
11864,2021-07-04,8,GROCERY I,735.297,0,Guayas,C,1,1197,51.59,24.21,0
13324,2021-07-04,8,PRODUCE,298.794,0,Guayas,C,1,1197,51.59,24.21,0
915,2021-07-05,1,BEVERAGES,297.578,0,Pichincha,D,2,869,52.29,24.39,0
2375,2021-07-05,1,CLEANING,158.878,0,Pichincha,D,2,869,52.29,24.39,0
185,2021-07-05,1,GROCERY I,673.339,22,Pichincha,D,2,869,52.29,24.39,0
1645,2021-07-05,1,PRODUCE,234.269,0,Pichincha,D,2,869,52.29,24.39,0
3835,2021-07-05,2,BEVERAGES,292.995,0,Pichincha,D,3,797,52.29,24.39,0
5295,2021-07-05,2,CLEANING,83.74,0,Pichincha,D,3,797,52.29,24.39,0
3105,2021-07-05,2,GROCERY I,402.204,0,Pichincha,D,3,797,52.29,24.39,0
4565,2021-07-05,2,PRODUCE,202.974,0,Pichincha,D,3,797,52.29,24.39,0
6755,2021-07-05,3,BEVERAGES,455.194,0,Guayas,A,4,1193,52.29,24.39,0
8215,2021-07-05,3,CLEANING,160.897,0,Guayas,A,4,1193,52.29,24.39,0
6025,2021-07-05,3,GROCERY I,543.669,0,Guayas,A,4,1193,52.29,24.39,0
7485,2021-07-05,3,PRODUCE,322.356,0,Guayas,A,4,1193,52.29,24.39,0
9675,2021-07-05,5,BEVERAGES,231.092,0,Azuay,B,2,569,52.29,24.39,0
11135,2021-07-05,5,CLEANING,78.32,0,Azuay,B,2,569,52.29,24.39,0
8945,2021-07-05,5,GROCERY I,305.472,0,Azuay,B,2,569,52.29,24.39,0
10405,2021-07-05,5,PRODUCE,138.708,0,Azuay,B,2,569,52.29,24.39,0
12595,2021-07-05,8,BEVERAGES,388.408,0,Guayas,C,1,960,52.29,24.39,0
14055,2021-07-05,8,CLEANING,154.133,0,Guayas,C,1,960,52.29,24.39,0
11865,2021-07-05,8,GROCERY I,594.534,0,Guayas,C,1,960,52.29,24.39,0
13325,2021-07-05,8,PRODUCE,317.259,14,Guayas,C,1,960,52.29,24.39,0
916,2021-07-06,1,BEVERAGES,330.579,0,Pichincha,D,2,889,52.37,24.72,0
2376,2021-07-06,1,CLEANING,129.5,0,Pichincha,D,2,889,52.37,24.72,0
186,2021-07-06,1,GROCERY I,464.109,0,Pichincha,D,2,889,52.37,24.72,0
1646,2021-07-06,1,PRODUCE,259.53,0,Pichincha,D,2,889,52.37,24.72,0
3836,2021-07-06,2,BEVERAGES,335.964,3,Pichincha,D,3,701,52.37,24.72,0
5296,2021-07-06,2,CLEANING,121.843,0,Pichincha,D,3,701,52.37,24.72,0
3106,2021-07-06,2,GROCERY I,379.934,0,Pichincha,D,3,701,52.37,24.72,0
4566,2021-07-06,2,PRODUCE,171.95,0,Pichincha,D,3,701,52.37,24.72,0
6756,2021-07-06,3,BEVERAGES,425.715,0,Guayas,A,4,1084,52.37,24.72,0
8216,2021-07-06,3,CLEANING,183.266,0,Guayas,A,4,1084,52.37,24.72,0
6026,2021-07-06,3,GROCERY I,663.401,0,Guayas,A,4,1084,52.37,24.72,0
7486,2021-07-06,3,PRODUCE,296.281,0,Guayas,A,4,1084,52.37,24.72,0
9676,2021-07-06,5,BEVERAGES,191.864,0,Azuay,B,2,553,52.37,24.72,0
11136,2021-07-06,5,CLEANING,85.384,0,Azuay,B,2,553,52.37,24.72,0
8946,2021-07-06,5,GROCERY I,254.134,0,Azuay,B,2,553,52.37,24.72,0
10406,2021-07-06,5,PRODUCE,129.485,0,Azuay,B,2,553,52.37,24.72,0
12596,2021-07-06,8,BEVERAGES,324.576,0,Guayas,C,1,908,52.37,24.72,0
14056,2021-07-06,8,CLEANING,177.222,0,Guayas,C,1,908,52.37,24.72,0
11866,2021-07-06,8,GROCERY I,529.842,0,Guayas,C,1,908,52.37,24.72,0
13326,2021-07-06,8,PRODUCE,273.722,10,Guayas,C,1,908,52.37,24.72,0
917,2021-07-07,1,BEVERAGES,275.498,0,Pichincha,D,2,848,51.82,23.39,0
2377,2021-07-07,1,CLEANING,136.215,0,Pichincha,D,2,848,51.82,23.39,0
187,2021-07-07,1,GROCERY I,471.917,0,Pichincha,D,2,848,51.82,23.39,0
1647,2021-07-07,1,PRODUCE,198.772,0,Pichincha,D,2,848,51.82,23.39,0
3837,2021-07-07,2,BEVERAGES,237.623,0,Pichincha,D,3,688,51.82,23.39,0
5297,2021-07-07,2,CLEANING,108.775,0,Pichincha,D,3,688,51.82,23.39,0
3107,2021-07-07,2,GROCERY I,396.994,0,Pichincha,D,3,688,51.82,23.39,0
4567,2021-07-07,2,PRODUCE,158.444,0,Pichincha,D,3,688,51.82,23.39,0
6757,2021-07-07,3,BEVERAGES,365.142,0,Guayas,A,4,1156,51.82,23.39,0
8217,2021-07-07,3,CLEANING,201.367,12,Guayas,A,4,1156,51.82,23.39,0
6027,2021-07-07,3,GROCERY I,680.169,0,Guayas,A,4,1156,51.82,23.39,0
7487,2021-07-07,3,PRODUCE,326.649,0,Guayas,A,4,1156,51.82,23.39,0
9677,2021-07-07,5,BEVERAGES,200.827,0,Azuay,B,2,435,51.82,23.39,0
11137,2021-07-07,5,CLEANING,81.29,0,Azuay,B,2,435,51.82,23.39,0
8947,2021-07-07,5,GROCERY I,339.829,19,Azuay,B,2,435,51.82,23.39,0
10407,2021-07-07,5,PRODUCE,127.875,0,Azuay,B,2,435,51.82,23.39,0
12597,2021-07-07,8,BEVERAGES,378.633,0,Guayas,C,1,1008,51.82,23.39,0
14057,2021-07-07,8,CLEANING,144.159,0,Guayas,C,1,1008,51.82,23.39,0
11867,2021-07-07,8,GROCERY I,473.755,0,Guayas,C,1,1008,51.82,23.39,0
13327,2021-07-07,8,PRODUCE,228.582,0,Guayas,C,1,1008,51.82,23.39,0
918,2021-07-08,1,BEVERAGES,369.142,0,Pichincha,D,2,872,51.2,24.49,0
2378,2021-07-08,1,CLEANING,126.95,0,Pichincha,D,2,872,51.2,24.49,0
188,2021-07-08,1,GROCERY I,559.404,0,Pichincha,D,2,872,51.2,24.49,0
1648,2021-07-08,1,PRODUCE,236.27,0,Pichincha,D,2,872,51.2,24.49,0
3838,2021-07-08,2,BEVERAGES,195.101,0,Pichincha,D,3,760,51.2,24.49,0
5298,2021-07-08,2,CLEANING,109.901,0,Pichincha,D,3,760,51.2,24.49,0
3108,2021-07-08,2,GROCERY I,430.337,0,Pichincha,D,3,760,51.2,24.49,0
4568,2021-07-08,2,PRODUCE,217.599,0,Pichincha,D,3,760,51.2,24.49,0
6758,2021-07-08,3,BEVERAGES,465.945,0,Guayas,A,4,1260,51.2,24.49,0
8218,2021-07-08,3,CLEANING,175.427,0,Guayas,A,4,1260,51.2,24.49,0
6028,2021-07-08,3,GROCERY I,641.953,0,Guayas,A,4,1260,51.2,24.49,0
7488,2021-07-08,3,PRODUCE,353.981,0,Guayas,A,4,1260,51.2,24.49,0
9678,2021-07-08,5,BEVERAGES,160.035,0,Azuay,B,2,536,51.2,24.49,0
11138,2021-07-08,5,CLEANING,80.91,0,Azuay,B,2,536,51.2,24.49,0
8948,2021-07-08,5,GROCERY I,269.555,0,Azuay,B,2,536,51.2,24.49,0
10408,2021-07-08,5,PRODUCE,140.33,0,Azuay,B,2,536,51.2,24.49,0
12598,2021-07-08,8,BEVERAGES,323.223,0,Guayas,C,1,977,51.2,24.49,0
14058,2021-07-08,8,CLEANING,142.512,0,Guayas,C,1,977,51.2,24.49,0
11868,2021-07-08,8,GROCERY I,545.313,0,Guayas,C,1,977,51.2,24.49,0
13328,2021-07-08,8,PRODUCE,324.769,20,Guayas,C,1,977,51.2,24.49,0
919,2021-07-09,1,BEVERAGES,383.077,0,Pichincha,D,2,1043,51.94,19.88,0
2379,2021-07-09,1,CLEANING,215.25,4,Pichincha,D,2,1043,51.94,19.88,0
189,2021-07-09,1,GROCERY I,585.999,0,Pichincha,D,2,1043,51.94,19.88,0
1649,2021-07-09,1,PRODUCE,276.508,0,Pichincha,D,2,1043,51.94,19.88,0
3839,2021-07-09,2,BEVERAGES,337.089,0,Pichincha,D,3,944,51.94,19.88,0
5299,2021-07-09,2,CLEANING,157.455,12,Pichincha,D,3,944,51.94,19.88,0
3109,2021-07-09,2,GROCERY I,576.521,0,Pichincha,D,3,944,51.94,19.88,0
4569,2021-07-09,2,PRODUCE,207.634,0,Pichincha,D,3,944,51.94,19.88,0
6759,2021-07-09,3,BEVERAGES,670.737,1,Guayas,A,4,1452,51.94,19.88,0
8219,2021-07-09,3,CLEANING,264.615,0,Guayas,A,4,1452,51.94,19.88,0
6029,2021-07-09,3,GROCERY I,796.729,0,Guayas,A,4,1452,51.94,19.88,0
7489,2021-07-09,3,PRODUCE,398.38,0,Guayas,A,4,1452,51.94,19.88,0
9679,2021-07-09,5,BEVERAGES,187.808,0,Azuay,B,2,595,51.94,19.88,0
11139,2021-07-09,5,CLEANING,128.617,8,Azuay,B,2,595,51.94,19.88,0
8949,2021-07-09,5,GROCERY I,341.881,0,Azuay,B,2,595,51.94,19.88,0
10409,2021-07-09,5,PRODUCE,158.745,0,Azuay,B,2,595,51.94,19.88,0
12599,2021-07-09,8,BEVERAGES,423.507,0,Guayas,C,1,1209,51.94,19.88,0
14059,2021-07-09,8,CLEANING,170.656,0,Guayas,C,1,1209,51.94,19.88,0
11869,2021-07-09,8,GROCERY I,726.379,0,Guayas,C,1,1209,51.94,19.88,0
13329,2021-07-09,8,PRODUCE,267.874,0,Guayas,C,1,1209,51.94,19.88,0
920,2021-07-10,1,BEVERAGES,414.245,0,Pichincha,D,2,1342,52.72,22.01,0
2380,2021-07-10,1,CLEANING,230.301,0,Pichincha,D,2,1342,52.72,22.01,0
190,2021-07-10,1,GROCERY I,731.59,0,Pichincha,D,2,1342,52.72,22.01,0
1650,2021-07-10,1,PRODUCE,339.359,0,Pichincha,D,2,1342,52.72,22.01,0
3840,2021-07-10,2,BEVERAGES,357.038,0,Pichincha,D,3,1037,52.72,22.01,0
5300,2021-07-10,2,CLEANING,206.362,13,Pichincha,D,3,1037,52.72,22.01,0
3110,2021-07-10,2,GROCERY I,627.447,13,Pichincha,D,3,1037,52.72,22.01,0
4570,2021-07-10,2,PRODUCE,284.006,0,Pichincha,D,3,1037,52.72,22.01,0
6760,2021-07-10,3,BEVERAGES,604.486,0,Guayas,A,4,1778,52.72,22.01,0
8220,2021-07-10,3,CLEANING,319.809,0,Guayas,A,4,1778,52.72,22.01,0
6030,2021-07-10,3,GROCERY I,1098.266,0,Guayas,A,4,1778,52.72,22.01,0
7490,2021-07-10,3,PRODUCE,583.069,2,Guayas,A,4,1778,52.72,22.01,0
9680,2021-07-10,5,BEVERAGES,264.509,0,Azuay,B,2,703,52.72,22.01,0
11140,2021-07-10,5,CLEANING,108.399,0,Azuay,B,2,703,52.72,22.01,0
8950,2021-07-10,5,GROCERY I,407.822,0,Azuay,B,2,703,52.72,22.01,0
10410,2021-07-10,5,PRODUCE,196.159,0,Azuay,B,2,703,52.72,22.01,0
12600,2021-07-10,8,BEVERAGES,529.56,0,Guayas,C,1,1445,52.72,22.01,0
14060,2021-07-10,8,CLEANING,236.027,0,Guayas,C,1,1445,52.72,22.01,0
11870,2021-07-10,8,GROCERY I,678.302,0,Guayas,C,1,1445,52.72,22.01,0
13330,2021-07-10,8,PRODUCE,357.758,0,Guayas,C,1,1445,52.72,22.01,0
921,2021-07-11,1,BEVERAGES,578.53,2,Pichincha,D,2,1147,52.64,21.18,0
2381,2021-07-11,1,CLEANING,149.964,0,Pichincha,D,2,1147,52.64,21.18,0
191,2021-07-11,1,GROCERY I,550.704,0,Pichincha,D,2,1147,52.64,21.18,0
1651,2021-07-11,1,PRODUCE,299.434,0,Pichincha,D,2,1147,52.64,21.18,0
3841,2021-07-11,2,BEVERAGES,358.389,0,Pichincha,D,3,981,52.64,21.18,0
5301,2021-07-11,2,CLEANING,130.942,0,Pichincha,D,3,981,52.64,21.18,0
3111,2021-07-11,2,GROCERY I,691.679,6,Pichincha,D,3,981,52.64,21.18,0
4571,2021-07-11,2,PRODUCE,250.455,0,Pichincha,D,3,981,52.64,21.18,0
6761,2021-07-11,3,BEVERAGES,525.444,0,Guayas,A,4,1573,52.64,21.18,0
8221,2021-07-11,3,CLEANING,237.505,0,Guayas,A,4,1573,52.64,21.18,0
6031,2021-07-11,3,GROCERY I,1018.413,0,Guayas,A,4,1573,52.64,21.18,0
7491,2021-07-11,3,PRODUCE,455.849,0,Guayas,A,4,1573,52.64,21.18,0
9681,2021-07-11,5,BEVERAGES,336.648,1,Azuay,B,2,710,52.64,21.18,0
11141,2021-07-11,5,CLEANING,125.217,7,Azuay,B,2,710,52.64,21.18,0
8951,2021-07-11,5,GROCERY I,381.729,0,Azuay,B,2,710,52.64,21.18,0
10411,2021-07-11,5,PRODUCE,163.511,0,Azuay,B,2,710,52.64,21.18,0
12601,2021-07-11,8,BEVERAGES,468.84,0,Guayas,C,1,1174,52.64,21.18,0
14061,2021-07-11,8,CLEANING,175.397,0,Guayas,C,1,1174,52.64,21.18,0
11871,2021-07-11,8,GROCERY I,697.747,0,Guayas,C,1,1174,52.64,21.18,0
13331,2021-07-11,8,PRODUCE,277.682,0,Guayas,C,1,1174,52.64,21.18,0
922,2021-07-12,1,BEVERAGES,318.804,0,Pichincha,D,2,859,52.47,22.49,0
2382,2021-07-12,1,CLEANING,140.123,0,Pichincha,D,2,859,52.47,22.49,0
192,2021-07-12,1,GROCERY I,528.119,0,Pichincha,D,2,859,52.47,22.49,0
1652,2021-07-12,1,PRODUCE,250.982,0,Pichincha,D,2,859,52.47,22.49,0
3842,2021-07-12,2,BEVERAGES,284.956,0,Pichincha,D,3,714,52.47,22.49,0
5302,2021-07-12,2,CLEANING,104.367,0,Pichincha,D,3,714,52.47,22.49,0
3112,2021-07-12,2,GROCERY I,314.562,0,Pichincha,D,3,714,52.47,22.49,0
4572,2021-07-12,2,PRODUCE,187.534,0,Pichincha,D,3,714,52.47,22.49,0
6762,2021-07-12,3,BEVERAGES,448.849,0,Guayas,A,4,1212,52.47,22.49,0
8222,2021-07-12,3,CLEANING,178.856,0,Guayas,A,4,1212,52.47,22.49,0
6032,2021-07-12,3,GROCERY I,895.004,23,Guayas,A,4,1212,52.47,22.49,0
7492,2021-07-12,3,PRODUCE,327.855,0,Guayas,A,4,1212,52.47,22.49,0
9682,2021-07-12,5,BEVERAGES,224.813,0,Azuay,B,2,547,52.47,22.49,0
11142,2021-07-12,5,CLEANING,90.122,0,Azuay,B,2,547,52.47,22.49,0
8952,2021-07-12,5,GROCERY I,307.512,0,Azuay,B,2,547,52.47,22.49,0
10412,2021-07-12,5,PRODUCE,124.621,0,Azuay,B,2,547,52.47,22.49,0
12602,2021-07-12,8,BEVERAGES,324.568,0,Guayas,C,1,972,52.47,22.49,0
14062,2021-07-12,8,CLEANING,164.521,0,Guayas,C,1,972,52.47,22.49,0
11872,2021-07-12,8,GROCERY I,557.806,0,Guayas,C,1,972,52.47,22.49,0
13332,2021-07-12,8,PRODUCE,218.866,0,Guayas,C,1,972,52.47,22.49,0
923,2021-07-13,1,BEVERAGES,360.0,0,Pichincha,D,2,827,53.12,21.46,0
2383,2021-07-13,1,CLEANING,135.097,0,Pichincha,D,2,827,53.12,21.46,0
193,2021-07-13,1,GROCERY I,558.843,0,Pichincha,D,2,827,53.12,21.46,0
1653,2021-07-13,1,PRODUCE,219.712,0,Pichincha,D,2,827,53.12,21.46,0
3843,2021-07-13,2,BEVERAGES,276.661,0,Pichincha,D,3,723,53.12,21.46,0
5303,2021-07-13,2,CLEANING,100.203,0,Pichincha,D,3,723,53.12,21.46,0
3113,2021-07-13,2,GROCERY I,438.193,0,Pichincha,D,3,723,53.12,21.46,0
4573,2021-07-13,2,PRODUCE,202.341,23,Pichincha,D,3,723,53.12,21.46,0
6763,2021-07-13,3,BEVERAGES,578.442,19,Guayas,A,4,1099,53.12,21.46,0
8223,2021-07-13,3,CLEANING,187.788,0,Guayas,A,4,1099,53.12,21.46,0
6033,2021-07-13,3,GROCERY I,750.128,0,Guayas,A,4,1099,53.12,21.46,0
7493,2021-07-13,3,PRODUCE,272.753,0,Guayas,A,4,1099,53.12,21.46,0
9683,2021-07-13,5,BEVERAGES,165.231,0,Azuay,B,2,515,53.12,21.46,0
11143,2021-07-13,5,CLEANING,78.205,0,Azuay,B,2,515,53.12,21.46,0
8953,2021-07-13,5,GROCERY I,302.567,0,Azuay,B,2,515,53.12,21.46,0
10413,2021-07-13,5,PRODUCE,114.69,0,Azuay,B,2,515,53.12,21.46,0
12603,2021-07-13,8,BEVERAGES,286.528,0,Guayas,C,1,888,53.12,21.46,0
14063,2021-07-13,8,CLEANING,120.309,0,Guayas,C,1,888,53.12,21.46,0
11873,2021-07-13,8,GROCERY I,614.906,0,Guayas,C,1,888,53.12,21.46,0
13333,2021-07-13,8,PRODUCE,263.932,0,Guayas,C,1,888,53.12,21.46,0
924,2021-07-14,1,BEVERAGES,347.131,0,Pichincha,D,2,787,52.63,21.96,0
2384,2021-07-14,1,CLEANING,137.382,0,Pichincha,D,2,787,52.63,21.96,0
194,2021-07-14,1,GROCERY I,515.696,0,Pichincha,D,2,787,52.63,21.96,0
1654,2021-07-14,1,PRODUCE,247.468,0,Pichincha,D,2,787,52.63,21.96,0
3844,2021-07-14,2,BEVERAGES,296.155,0,Pichincha,D,3,703,52.63,21.96,0
5304,2021-07-14,2,CLEANING,104.516,0,Pichincha,D,3,703,52.63,21.96,0
3114,2021-07-14,2,GROCERY I,323.46,0,Pichincha,D,3,703,52.63,21.96,0
4574,2021-07-14,2,PRODUCE,179.204,0,Pichincha,D,3,703,52.63,21.96,0
6764,2021-07-14,3,BEVERAGES,532.771,3,Guayas,A,4,1142,52.63,21.96,0
8224,2021-07-14,3,CLEANING,167.856,0,Guayas,A,4,1142,52.63,21.96,0
6034,2021-07-14,3,GROCERY I,612.155,0,Guayas,A,4,1142,52.63,21.96,0
7494,2021-07-14,3,PRODUCE,333.293,0,Guayas,A,4,1142,52.63,21.96,0
9684,2021-07-14,5,BEVERAGES,169.825,0,Azuay,B,2,466,52.63,21.96,0
11144,2021-07-14,5,CLEANING,86.151,0,Azuay,B,2,466,52.63,21.96,0
8954,2021-07-14,5,GROCERY I,261.312,0,Azuay,B,2,466,52.63,21.96,0
10414,2021-07-14,5,PRODUCE,124.128,0,Azuay,B,2,466,52.63,21.96,0
12604,2021-07-14,8,BEVERAGES,356.669,0,Guayas,C,1,889,52.63,21.96,0
14064,2021-07-14,8,CLEANING,146.107,0,Guayas,C,1,889,52.63,21.96,0
11874,2021-07-14,8,GROCERY I,501.603,0,Guayas,C,1,889,52.63,21.96,0
13334,2021-07-14,8,PRODUCE,233.943,0,Guayas,C,1,889,52.63,21.96,0
925,2021-07-15,1,BEVERAGES,302.143,0,Pichincha,D,2,923,52.22,24.76,0
2385,2021-07-15,1,CLEANING,156.695,0,Pichincha,D,2,923,52.22,24.76,0
195,2021-07-15,1,GROCERY I,570.355,0,Pichincha,D,2,923,52.22,24.76,0
1655,2021-07-15,1,PRODUCE,228.573,0,Pichincha,D,2,923,52.22,24.76,0
3845,2021-07-15,2,BEVERAGES,296.062,0,Pichincha,D,3,744,52.22,24.76,0
5305,2021-07-15,2,CLEANING,106.543,0,Pichincha,D,3,744,52.22,24.76,0
3115,2021-07-15,2,GROCERY I,502.971,0,Pichincha,D,3,744,52.22,24.76,0
4575,2021-07-15,2,PRODUCE,172.904,0,Pichincha,D,3,744,52.22,24.76,0
6765,2021-07-15,3,BEVERAGES,469.623,0,Guayas,A,4,1309,52.22,24.76,0
8225,2021-07-15,3,CLEANING,147.073,0,Guayas,A,4,1309,52.22,24.76,0
6035,2021-07-15,3,GROCERY I,582.812,0,Guayas,A,4,1309,52.22,24.76,0
7495,2021-07-15,3,PRODUCE,307.939,0,Guayas,A,4,1309,52.22,24.76,0
9685,2021-07-15,5,BEVERAGES,195.741,0,Azuay,B,2,553,52.22,24.76,0
11145,2021-07-15,5,CLEANING,77.665,0,Azuay,B,2,553,52.22,24.76,0
8955,2021-07-15,5,GROCERY I,298.298,0,Azuay,B,2,553,52.22,24.76,0
10415,2021-07-15,5,PRODUCE,128.417,0,Azuay,B,2,553,52.22,24.76,0
12605,2021-07-15,8,BEVERAGES,349.837,0,Guayas,C,1,942,52.22,24.76,0
14065,2021-07-15,8,CLEANING,158.411,0,Guayas,C,1,942,52.22,24.76,0
11875,2021-07-15,8,GROCERY I,545.907,0,Guayas,C,1,942,52.22,24.76,0
13335,2021-07-15,8,PRODUCE,236.648,0,Guayas,C,1,942,52.22,24.76,0
926,2021-07-16,1,BEVERAGES,384.335,0,Pichincha,D,2,988,52.51,21.82,0
2386,2021-07-16,1,CLEANING,192.176,0,Pichincha,D,2,988,52.51,21.82,0
196,2021-07-16,1,GROCERY I,554.021,0,Pichincha,D,2,988,52.51,21.82,0
1656,2021-07-16,1,PRODUCE,266.195,0,Pichincha,D,2,988,52.51,21.82,0
3846,2021-07-16,2,BEVERAGES,366.881,0,Pichincha,D,3,976,52.51,21.82,0
5306,2021-07-16,2,CLEANING,143.126,0,Pichincha,D,3,976,52.51,21.82,0
3116,2021-07-16,2,GROCERY I,473.577,0,Pichincha,D,3,976,52.51,21.82,0
4576,2021-07-16,2,PRODUCE,241.329,0,Pichincha,D,3,976,52.51,21.82,0
6766,2021-07-16,3,BEVERAGES,482.964,0,Guayas,A,4,1455,52.51,21.82,0
8226,2021-07-16,3,CLEANING,164.518,0,Guayas,A,4,1455,52.51,21.82,0
6036,2021-07-16,3,GROCERY I,804.531,0,Guayas,A,4,1455,52.51,21.82,0
7496,2021-07-16,3,PRODUCE,371.608,0,Guayas,A,4,1455,52.51,21.82,0
9686,2021-07-16,5,BEVERAGES,218.077,0,Azuay,B,2,582,52.51,21.82,0
11146,2021-07-16,5,CLEANING,89.113,0,Azuay,B,2,582,52.51,21.82,0
8956,2021-07-16,5,GROCERY I,309.791,0,Azuay,B,2,582,52.51,21.82,0
10416,2021-07-16,5,PRODUCE,223.872,9,Azuay,B,2,582,52.51,21.82,0
12606,2021-07-16,8,BEVERAGES,409.196,0,Guayas,C,1,1211,52.51,21.82,0
14066,2021-07-16,8,CLEANING,190.057,0,Guayas,C,1,1211,52.51,21.82,0
11876,2021-07-16,8,GROCERY I,756.428,0,Guayas,C,1,1211,52.51,21.82,0
13336,2021-07-16,8,PRODUCE,324.032,0,Guayas,C,1,1211,52.51,21.82,0
927,2021-07-17,1,BEVERAGES,469.204,0,Pichincha,D,2,1321,52.34,22.58,0
2387,2021-07-17,1,CLEANING,190.552,0,Pichincha,D,2,1321,52.34,22.58,0
197,2021-07-17,1,GROCERY I,733.966,0,Pichincha,D,2,1321,52.34,22.58,0
1657,2021-07-17,1,PRODUCE,309.557,0,Pichincha,D,2,1321,52.34,22.58,0
3847,2021-07-17,2,BEVERAGES,427.013,0,Pichincha,D,3,1031,52.34,22.58,0
5307,2021-07-17,2,CLEANING,163.185,0,Pichincha,D,3,1031,52.34,22.58,0
3117,2021-07-17,2,GROCERY I,656.488,0,Pichincha,D,3,1031,52.34,22.58,0
4577,2021-07-17,2,PRODUCE,283.449,0,Pichincha,D,3,1031,52.34,22.58,0
6767,2021-07-17,3,BEVERAGES,602.329,0,Guayas,A,4,1746,52.34,22.58,0
8227,2021-07-17,3,CLEANING,260.634,0,Guayas,A,4,1746,52.34,22.58,0
6037,2021-07-17,3,GROCERY I,1038.932,0,Guayas,A,4,1746,52.34,22.58,0
7497,2021-07-17,3,PRODUCE,448.285,0,Guayas,A,4,1746,52.34,22.58,0
9687,2021-07-17,5,BEVERAGES,261.953,0,Azuay,B,2,776,52.34,22.58,0
11147,2021-07-17,5,CLEANING,123.229,0,Azuay,B,2,776,52.34,22.58,0
8957,2021-07-17,5,GROCERY I,407.876,0,Azuay,B,2,776,52.34,22.58,0
10417,2021-07-17,5,PRODUCE,205.684,0,Azuay,B,2,776,52.34,22.58,0
12607,2021-07-17,8,BEVERAGES,583.944,0,Guayas,C,1,1535,52.34,22.58,0
14067,2021-07-17,8,CLEANING,226.423,0,Guayas,C,1,1535,52.34,22.58,0
11877,2021-07-17,8,GROCERY I,745.321,0,Guayas,C,1,1535,52.34,22.58,0
13337,2021-07-17,8,PRODUCE,504.061,23,Guayas,C,1,1535,52.34,22.58,0
928,2021-07-18,1,BEVERAGES,461.954,0,Pichincha,D,2,1131,52.33,21.6,0
2388,2021-07-18,1,CLEANING,180.645,0,Pichincha,D,2,1131,52.33,21.6,0
198,2021-07-18,1,GROCERY I,575.511,0,Pichincha,D,2,1131,52.33,21.6,0
1658,2021-07-18,1,PRODUCE,241.104,0,Pichincha,D,2,1131,52.33,21.6,0
3848,2021-07-18,2,BEVERAGES,376.273,0,Pichincha,D,3,978,52.33,21.6,0
5308,2021-07-18,2,CLEANING,176.08,24,Pichincha,D,3,978,52.33,21.6,0
3118,2021-07-18,2,GROCERY I,564.918,0,Pichincha,D,3,978,52.33,21.6,0
4578,2021-07-18,2,PRODUCE,235.449,0,Pichincha,D,3,978,52.33,21.6,0
6768,2021-07-18,3,BEVERAGES,577.452,0,Guayas,A,4,1481,52.33,21.6,0
8228,2021-07-18,3,CLEANING,247.816,0,Guayas,A,4,1481,52.33,21.6,0
6038,2021-07-18,3,GROCERY I,706.22,0,Guayas,A,4,1481,52.33,21.6,0
7498,2021-07-18,3,PRODUCE,422.423,0,Guayas,A,4,1481,52.33,21.6,0
9688,2021-07-18,5,BEVERAGES,246.134,0,Azuay,B,2,646,52.33,21.6,0
11148,2021-07-18,5,CLEANING,81.572,0,Azuay,B,2,646,52.33,21.6,0
8958,2021-07-18,5,GROCERY I,361.897,0,Azuay,B,2,646,52.33,21.6,0
10418,2021-07-18,5,PRODUCE,163.241,0,Azuay,B,2,646,52.33,21.6,0
12608,2021-07-18,8,BEVERAGES,433.038,0,Guayas,C,1,1202,52.33,21.6,0
14068,2021-07-18,8,CLEANING,190.981,0,Guayas,C,1,1202,52.33,21.6,0
11878,2021-07-18,8,GROCERY I,755.282,0,Guayas,C,1,1202,52.33,21.6,0
13338,2021-07-18,8,PRODUCE,393.803,9,Guayas,C,1,1202,52.33,21.6,0
929,2021-07-19,1,BEVERAGES,327.745,0,Pichincha,D,2,985,52.26,21.97,0
2389,2021-07-19,1,CLEANING,133.237,0,Pichincha,D,2,985,52.26,21.97,0
199,2021-07-19,1,GROCERY I,478.242,0,Pichincha,D,2,985,52.26,21.97,0
1659,2021-07-19,1,PRODUCE,229.336,0,Pichincha,D,2,985,52.26,21.97,0
3849,2021-07-19,2,BEVERAGES,257.121,0,Pichincha,D,3,824,52.26,21.97,0
5309,2021-07-19,2,CLEANING,114.17,0,Pichincha,D,3,824,52.26,21.97,0
3119,2021-07-19,2,GROCERY I,383.895,0,Pichincha,D,3,824,52.26,21.97,0
4579,2021-07-19,2,PRODUCE,173.778,0,Pichincha,D,3,824,52.26,21.97,0
6769,2021-07-19,3,BEVERAGES,373.09,0,Guayas,A,4,1181,52.26,21.97,0
8229,2021-07-19,3,CLEANING,217.776,22,Guayas,A,4,1181,52.26,21.97,0
6039,2021-07-19,3,GROCERY I,603.269,0,Guayas,A,4,1181,52.26,21.97,0
7499,2021-07-19,3,PRODUCE,349.129,0,Guayas,A,4,1181,52.26,21.97,0
9689,2021-07-19,5,BEVERAGES,224.938,0,Azuay,B,2,574,52.26,21.97,0
11149,2021-07-19,5,CLEANING,77.032,0,Azuay,B,2,574,52.26,21.97,0
8959,2021-07-19,5,GROCERY I,256.649,0,Azuay,B,2,574,52.26,21.97,0
10419,2021-07-19,5,PRODUCE,123.394,0,Azuay,B,2,574,52.26,21.97,0
12609,2021-07-19,8,BEVERAGES,329.236,0,Guayas,C,1,975,52.26,21.97,0
14069,2021-07-19,8,CLEANING,159.837,0,Guayas,C,1,975,52.26,21.97,0
11879,2021-07-19,8,GROCERY I,675.335,6,Guayas,C,1,975,52.26,21.97,0
13339,2021-07-19,8,PRODUCE,267.564,0,Guayas,C,1,975,52.26,21.97,0
930,2021-07-20,1,BEVERAGES,305.753,0,Pichincha,D,2,790,52.41,21.8,0
2390,2021-07-20,1,CLEANING,119.036,0,Pichincha,D,2,790,52.41,21.8,0
200,2021-07-20,1,GROCERY I,498.418,0,Pichincha,D,2,790,52.41,21.8,0
1660,2021-07-20,1,PRODUCE,253.082,0,Pichincha,D,2,790,52.41,21.8,0
3850,2021-07-20,2,BEVERAGES,217.742,0,Pichincha,D,3,745,52.41,21.8,0
5310,2021-07-20,2,CLEANING,102.432,0,Pichincha,D,3,745,52.41,21.8,0
3120,2021-07-20,2,GROCERY I,369.057,0,Pichincha,D,3,745,52.41,21.8,0
4580,2021-07-20,2,PRODUCE,207.966,0,Pichincha,D,3,745,52.41,21.8,0
6770,2021-07-20,3,BEVERAGES,413.274,0,Guayas,A,4,1166,52.41,21.8,0
8230,2021-07-20,3,CLEANING,182.538,0,Guayas,A,4,1166,52.41,21.8,0
6040,2021-07-20,3,GROCERY I,582.093,0,Guayas,A,4,1166,52.41,21.8,0
7500,2021-07-20,3,PRODUCE,288.555,0,Guayas,A,4,1166,52.41,21.8,0
9690,2021-07-20,5,BEVERAGES,235.205,4,Azuay,B,2,488,52.41,21.8,0
11150,2021-07-20,5,CLEANING,79.066,0,Azuay,B,2,488,52.41,21.8,0
8960,2021-07-20,5,GROCERY I,280.592,0,Azuay,B,2,488,52.41,21.8,0
10420,2021-07-20,5,PRODUCE,129.221,0,Azuay,B,2,488,52.41,21.8,0
12610,2021-07-20,8,BEVERAGES,276.189,0,Guayas,C,1,938,52.41,21.8,0
14070,2021-07-20,8,CLEANING,125.886,0,Guayas,C,1,938,52.41,21.8,0
11880,2021-07-20,8,GROCERY I,500.175,0,Guayas,C,1,938,52.41,21.8,0
13340,2021-07-20,8,PRODUCE,222.287,0,Guayas,C,1,938,52.41,21.8,0
931,2021-07-21,1,BEVERAGES,300.768,0,Pichincha,D,2,855,53.04,22.35,0
2391,2021-07-21,1,CLEANING,160.515,24,Pichincha,D,2,855,53.04,22.35,0
201,2021-07-21,1,GROCERY I,478.582,0,Pichincha,D,2,855,53.04,22.35,0
1661,2021-07-21,1,PRODUCE,226.322,0,Pichincha,D,2,855,53.04,22.35,0
3851,2021-07-21,2,BEVERAGES,306.662,0,Pichincha,D,3,670,53.04,22.35,0
5311,2021-07-21,2,CLEANING,95.464,0,Pichincha,D,3,670,53.04,22.35,0
3121,2021-07-21,2,GROCERY I,358.88,0,Pichincha,D,3,670,53.04,22.35,0
4581,2021-07-21,2,PRODUCE,191.593,2,Pichincha,D,3,670,53.04,22.35,0
6771,2021-07-21,3,BEVERAGES,431.186,0,Guayas,A,4,1160,53.04,22.35,0
8231,2021-07-21,3,CLEANING,187.309,0,Guayas,A,4,1160,53.04,22.35,0
6041,2021-07-21,3,GROCERY I,659.769,0,Guayas,A,4,1160,53.04,22.35,0
7501,2021-07-21,3,PRODUCE,338.644,0,Guayas,A,4,1160,53.04,22.35,0
9691,2021-07-21,5,BEVERAGES,205.107,0,Azuay,B,2,526,53.04,22.35,0
11151,2021-07-21,5,CLEANING,77.354,0,Azuay,B,2,526,53.04,22.35,0
8961,2021-07-21,5,GROCERY I,268.043,0,Azuay,B,2,526,53.04,22.35,0
10421,2021-07-21,5,PRODUCE,146.38,0,Azuay,B,2,526,53.04,22.35,0
12611,2021-07-21,8,BEVERAGES,302.705,0,Guayas,C,1,921,53.04,22.35,0
14071,2021-07-21,8,CLEANING,132.494,0,Guayas,C,1,921,53.04,22.35,0
11881,2021-07-21,8,GROCERY I,540.42,0,Guayas,C,1,921,53.04,22.35,0
13341,2021-07-21,8,PRODUCE,239.183,0,Guayas,C,1,921,53.04,22.35,0
932,2021-07-22,1,BEVERAGES,319.711,0,Pichincha,D,2,988,53.09,23.29,0
2392,2021-07-22,1,CLEANING,142.825,0,Pichincha,D,2,988,53.09,23.29,0
202,2021-07-22,1,GROCERY I,434.073,0,Pichincha,D,2,988,53.09,23.29,0
1662,2021-07-22,1,PRODUCE,242.016,0,Pichincha,D,2,988,53.09,23.29,0
3852,2021-07-22,2,BEVERAGES,264.342,0,Pichincha,D,3,713,53.09,23.29,0
5312,2021-07-22,2,CLEANING,156.327,1,Pichincha,D,3,713,53.09,23.29,0
3122,2021-07-22,2,GROCERY I,435.839,0,Pichincha,D,3,713,53.09,23.29,0
4582,2021-07-22,2,PRODUCE,160.609,0,Pichincha,D,3,713,53.09,23.29,0
6772,2021-07-22,3,BEVERAGES,431.428,0,Guayas,A,4,1201,53.09,23.29,0
8232,2021-07-22,3,CLEANING,249.122,24,Guayas,A,4,1201,53.09,23.29,0
6042,2021-07-22,3,GROCERY I,684.075,0,Guayas,A,4,1201,53.09,23.29,0
7502,2021-07-22,3,PRODUCE,380.386,2,Guayas,A,4,1201,53.09,23.29,0
9692,2021-07-22,5,BEVERAGES,153.553,0,Azuay,B,2,555,53.09,23.29,0
11152,2021-07-22,5,CLEANING,62.598,0,Azuay,B,2,555,53.09,23.29,0
8962,2021-07-22,5,GROCERY I,289.035,0,Azuay,B,2,555,53.09,23.29,0
10422,2021-07-22,5,PRODUCE,140.026,0,Azuay,B,2,555,53.09,23.29,0
12612,2021-07-22,8,BEVERAGES,379.422,0,Guayas,C,1,1061,53.09,23.29,0
14072,2021-07-22,8,CLEANING,142.137,0,Guayas,C,1,1061,53.09,23.29,0
11882,2021-07-22,8,GROCERY I,537.337,0,Guayas,C,1,1061,53.09,23.29,0
13342,2021-07-22,8,PRODUCE,249.758,0,Guayas,C,1,1061,53.09,23.29,0
933,2021-07-23,1,BEVERAGES,420.878,0,Pichincha,D,2,1123,53.38,23.9,0
2393,2021-07-23,1,CLEANING,161.035,0,Pichincha,D,2,1123,53.38,23.9,0
203,2021-07-23,1,GROCERY I,514.182,0,Pichincha,D,2,1123,53.38,23.9,0
1663,2021-07-23,1,PRODUCE,257.366,0,Pichincha,D,2,1123,53.38,23.9,0
3853,2021-07-23,2,BEVERAGES,342.348,0,Pichincha,D,3,875,53.38,23.9,0
5313,2021-07-23,2,CLEANING,140.061,0,Pichincha,D,3,875,53.38,23.9,0
3123,2021-07-23,2,GROCERY I,459.114,0,Pichincha,D,3,875,53.38,23.9,0
4583,2021-07-23,2,PRODUCE,217.15,0,Pichincha,D,3,875,53.38,23.9,0
6773,2021-07-23,3,BEVERAGES,522.311,0,Guayas,A,4,1431,53.38,23.9,0
8233,2021-07-23,3,CLEANING,216.483,0,Guayas,A,4,1431,53.38,23.9,0
6043,2021-07-23,3,GROCERY I,731.298,0,Guayas,A,4,1431,53.38,23.9,0
7503,2021-07-23,3,PRODUCE,405.785,0,Guayas,A,4,1431,53.38,23.9,0
9693,2021-07-23,5,BEVERAGES,236.8,0,Azuay,B,2,638,53.38,23.9,0
11153,2021-07-23,5,CLEANING,79.576,0,Azuay,B,2,638,53.38,23.9,0
8963,2021-07-23,5,GROCERY I,371.164,0,Azuay,B,2,638,53.38,23.9,0
10423,2021-07-23,5,PRODUCE,129.509,0,Azuay,B,2,638,53.38,23.9,0
12613,2021-07-23,8,BEVERAGES,385.526,0,Guayas,C,1,1276,53.38,23.9,0
14073,2021-07-23,8,CLEANING,196.059,0,Guayas,C,1,1276,53.38,23.9,0
11883,2021-07-23,8,GROCERY I,937.464,11,Guayas,C,1,1276,53.38,23.9,0
13343,2021-07-23,8,PRODUCE,301.241,0,Guayas,C,1,1276,53.38,23.9,0
934,2021-07-24,1,BEVERAGES,456.428,0,Pichincha,D,2,1258,52.45,21.96,0
2394,2021-07-24,1,CLEANING,176.167,0,Pichincha,D,2,1258,52.45,21.96,0
204,2021-07-24,1,GROCERY I,618.671,0,Pichincha,D,2,1258,52.45,21.96,0
1664,2021-07-24,1,PRODUCE,316.688,0,Pichincha,D,2,1258,52.45,21.96,0
3854,2021-07-24,2,BEVERAGES,354.93,0,Pichincha,D,3,1103,52.45,21.96,0
5314,2021-07-24,2,CLEANING,179.328,0,Pichincha,D,3,1103,52.45,21.96,0
3124,2021-07-24,2,GROCERY I,535.585,0,Pichincha,D,3,1103,52.45,21.96,0
4584,2021-07-24,2,PRODUCE,258.856,0,Pichincha,D,3,1103,52.45,21.96,0
6774,2021-07-24,3,BEVERAGES,618.246,0,Guayas,A,4,1795,52.45,21.96,0
8234,2021-07-24,3,CLEANING,322.478,5,Guayas,A,4,1795,52.45,21.96,0
6044,2021-07-24,3,GROCERY I,967.739,0,Guayas,A,4,1795,52.45,21.96,0
7504,2021-07-24,3,PRODUCE,542.02,5,Guayas,A,4,1795,52.45,21.96,0
9694,2021-07-24,5,BEVERAGES,239.198,0,Azuay,B,2,779,52.45,21.96,0
11154,2021-07-24,5,CLEANING,108.556,0,Azuay,B,2,779,52.45,21.96,0
8964,2021-07-24,5,GROCERY I,389.404,0,Azuay,B,2,779,52.45,21.96,0
10424,2021-07-24,5,PRODUCE,244.051,5,Azuay,B,2,779,52.45,21.96,0
12614,2021-07-24,8,BEVERAGES,527.908,0,Guayas,C,1,1392,52.45,21.96,0
14074,2021-07-24,8,CLEANING,218.32,0,Guayas,C,1,1392,52.45,21.96,0
11884,2021-07-24,8,GROCERY I,629.823,0,Guayas,C,1,1392,52.45,21.96,0
13344,2021-07-24,8,PRODUCE,385.371,0,Guayas,C,1,1392,52.45,21.96,0
935,2021-07-25,1,BEVERAGES,383.053,0,Pichincha,D,2,1138,52.43,22.28,0
2395,2021-07-25,1,CLEANING,159.607,0,Pichincha,D,2,1138,52.43,22.28,0
205,2021-07-25,1,GROCERY I,783.456,18,Pichincha,D,2,1138,52.43,22.28,0
1665,2021-07-25,1,PRODUCE,306.842,0,Pichincha,D,2,1138,52.43,22.28,0
3855,2021-07-25,2,BEVERAGES,353.252,0,Pichincha,D,3,969,52.43,22.28,0
5315,2021-07-25,2,CLEANING,149.004,0,Pichincha,D,3,969,52.43,22.28,0
3125,2021-07-25,2,GROCERY I,527.644,0,Pichincha,D,3,969,52.43,22.28,0
4585,2021-07-25,2,PRODUCE,253.47,0,Pichincha,D,3,969,52.43,22.28,0
6775,2021-07-25,3,BEVERAGES,505.398,0,Guayas,A,4,1552,52.43,22.28,0
8235,2021-07-25,3,CLEANING,223.769,0,Guayas,A,4,1552,52.43,22.28,0
6045,2021-07-25,3,GROCERY I,743.558,0,Guayas,A,4,1552,52.43,22.28,0
7505,2021-07-25,3,PRODUCE,363.106,0,Guayas,A,4,1552,52.43,22.28,0
9695,2021-07-25,5,BEVERAGES,262.029,0,Azuay,B,2,690,52.43,22.28,0
11155,2021-07-25,5,CLEANING,99.558,0,Azuay,B,2,690,52.43,22.28,0
8965,2021-07-25,5,GROCERY I,379.507,0,Azuay,B,2,690,52.43,22.28,0
10425,2021-07-25,5,PRODUCE,176.706,0,Azuay,B,2,690,52.43,22.28,0
12615,2021-07-25,8,BEVERAGES,384.331,0,Guayas,C,1,1319,52.43,22.28,0
14075,2021-07-25,8,CLEANING,193.581,0,Guayas,C,1,1319,52.43,22.28,0
11885,2021-07-25,8,GROCERY I,800.699,15,Guayas,C,1,1319,52.43,22.28,0
13345,2021-07-25,8,PRODUCE,267.834,0,Guayas,C,1,1319,52.43,22.28,0
936,2021-07-26,1,BEVERAGES,296.045,0,Pichincha,D,2,880,52.05,19.78,0
2396,2021-07-26,1,CLEANING,125.426,0,Pichincha,D,2,880,52.05,19.78,0
206,2021-07-26,1,GROCERY I,572.631,0,Pichincha,D,2,880,52.05,19.78,0
1666,2021-07-26,1,PRODUCE,261.356,0,Pichincha,D,2,880,52.05,19.78,0
3856,2021-07-26,2,BEVERAGES,199.088,0,Pichincha,D,3,690,52.05,19.78,0
5316,2021-07-26,2,CLEANING,102.608,0,Pichincha,D,3,690,52.05,19.78,0
3126,2021-07-26,2,GROCERY I,363.322,0,Pichincha,D,3,690,52.05,19.78,0
4586,2021-07-26,2,PRODUCE,191.684,0,Pichincha,D,3,690,52.05,19.78,0
6776,2021-07-26,3,BEVERAGES,375.842,0,Guayas,A,4,1211,52.05,19.78,0
8236,2021-07-26,3,CLEANING,172.204,0,Guayas,A,4,1211,52.05,19.78,0
6046,2021-07-26,3,GROCERY I,625.987,0,Guayas,A,4,1211,52.05,19.78,0
7506,2021-07-26,3,PRODUCE,349.975,0,Guayas,A,4,1211,52.05,19.78,0
9696,2021-07-26,5,BEVERAGES,200.631,0,Azuay,B,2,487,52.05,19.78,0
11156,2021-07-26,5,CLEANING,78.446,0,Azuay,B,2,487,52.05,19.78,0
8966,2021-07-26,5,GROCERY I,312.785,0,Azuay,B,2,487,52.05,19.78,0
10426,2021-07-26,5,PRODUCE,151.997,0,Azuay,B,2,487,52.05,19.78,0
12616,2021-07-26,8,BEVERAGES,314.818,0,Guayas,C,1,943,52.05,19.78,0
14076,2021-07-26,8,CLEANING,140.916,0,Guayas,C,1,943,52.05,19.78,0
11886,2021-07-26,8,GROCERY I,516.781,0,Guayas,C,1,943,52.05,19.78,0
13346,2021-07-26,8,PRODUCE,222.963,0,Guayas,C,1,943,52.05,19.78,0
937,2021-07-27,1,BEVERAGES,281.058,0,Pichincha,D,2,854,51.5,21.19,0
2397,2021-07-27,1,CLEANING,114.64,0,Pichincha,D,2,854,51.5,21.19,0
207,2021-07-27,1,GROCERY I,514.176,0,Pichincha,D,2,854,51.5,21.19,0
1667,2021-07-27,1,PRODUCE,238.035,0,Pichincha,D,2,854,51.5,21.19,0
3857,2021-07-27,2,BEVERAGES,233.145,0,Pichincha,D,3,676,51.5,21.19,0
5317,2021-07-27,2,CLEANING,80.068,0,Pichincha,D,3,676,51.5,21.19,0
3127,2021-07-27,2,GROCERY I,363.747,0,Pichincha,D,3,676,51.5,21.19,0
4587,2021-07-27,2,PRODUCE,172.261,0,Pichincha,D,3,676,51.5,21.19,0
6777,2021-07-27,3,BEVERAGES,482.496,10,Guayas,A,4,1156,51.5,21.19,0
8237,2021-07-27,3,CLEANING,175.133,22,Guayas,A,4,1156,51.5,21.19,0
6047,2021-07-27,3,GROCERY I,0.0,0,Guayas,A,4,1156,51.5,21.19,0
7507,2021-07-27,3,PRODUCE,267.998,0,Guayas,A,4,1156,51.5,21.19,0
9697,2021-07-27,5,BEVERAGES,178.781,0,Azuay,B,2,523,51.5,21.19,0
11157,2021-07-27,5,CLEANING,86.704,12,Azuay,B,2,523,51.5,21.19,0
8967,2021-07-27,5,GROCERY I,295.201,0,Azuay,B,2,523,51.5,21.19,0
10427,2021-07-27,5,PRODUCE,117.648,0,Azuay,B,2,523,51.5,21.19,0
12617,2021-07-27,8,BEVERAGES,297.833,0,Guayas,C,1,882,51.5,21.19,0
14077,2021-07-27,8,CLEANING,145.822,0,Guayas,C,1,882,51.5,21.19,0
11887,2021-07-27,8,GROCERY I,495.5,0,Guayas,C,1,882,51.5,21.19,0
13347,2021-07-27,8,PRODUCE,219.836,0,Guayas,C,1,882,51.5,21.19,0
938,2021-07-28,1,BEVERAGES,262.149,0,Pichincha,D,2,829,51.11,22.57,0
2398,2021-07-28,1,CLEANING,129.359,0,Pichincha,D,2,829,51.11,22.57,0
208,2021-07-28,1,GROCERY I,385.259,0,Pichincha,D,2,829,51.11,22.57,0
1668,2021-07-28,1,PRODUCE,278.571,8,Pichincha,D,2,829,51.11,22.57,0
3858,2021-07-28,2,BEVERAGES,243.355,0,Pichincha,D,3,695,51.11,22.57,0
5318,2021-07-28,2,CLEANING,91.574,0,Pichincha,D,3,695,51.11,22.57,0
3128,2021-07-28,2,GROCERY I,383.84,0,Pichincha,D,3,695,51.11,22.57,0
4588,2021-07-28,2,PRODUCE,182.093,0,Pichincha,D,3,695,51.11,22.57,0
6778,2021-07-28,3,BEVERAGES,451.877,0,Guayas,A,4,1109,51.11,22.57,0
8238,2021-07-28,3,CLEANING,187.474,0,Guayas,A,4,1109,51.11,22.57,0
6048,2021-07-28,3,GROCERY I,617.699,0,Guayas,A,4,1109,51.11,22.57,0
7508,2021-07-28,3,PRODUCE,270.079,0,Guayas,A,4,1109,51.11,22.57,0
9698,2021-07-28,5,BEVERAGES,160.479,0,Azuay,B,2,555,51.11,22.57,0
11158,2021-07-28,5,CLEANING,76.859,0,Azuay,B,2,555,51.11,22.57,0
8968,2021-07-28,5,GROCERY I,261.778,0,Azuay,B,2,555,51.11,22.57,0
10428,2021-07-28,5,PRODUCE,123.57,0,Azuay,B,2,555,51.11,22.57,0
12618,2021-07-28,8,BEVERAGES,342.618,0,Guayas,C,1,941,51.11,22.57,0
14078,2021-07-28,8,CLEANING,118.524,0,Guayas,C,1,941,51.11,22.57,0
11888,2021-07-28,8,GROCERY I,558.142,0,Guayas,C,1,941,51.11,22.57,0
13348,2021-07-28,8,PRODUCE,212.788,0,Guayas,C,1,941,51.11,22.57,0
939,2021-07-29,1,BEVERAGES,294.649,0,Pichincha,D,2,905,50.96,22.39,0
2399,2021-07-29,1,CLEANING,137.498,0,Pichincha,D,2,905,50.96,22.39,0
209,2021-07-29,1,GROCERY I,551.85,0,Pichincha,D,2,905,50.96,22.39,0
1669,2021-07-29,1,PRODUCE,224.96,0,Pichincha,D,2,905,50.96,22.39,0
3859,2021-07-29,2,BEVERAGES,269.378,0,Pichincha,D,3,764,50.96,22.39,0
5319,2021-07-29,2,CLEANING,139.888,19,Pichincha,D,3,764,50.96,22.39,0
3129,2021-07-29,2,GROCERY I,0.0,0,Pichincha,D,3,764,50.96,22.39,0
4589,2021-07-29,2,PRODUCE,191.494,0,Pichincha,D,3,764,50.96,22.39,0
6779,2021-07-29,3,BEVERAGES,465.212,0,Guayas,A,4,1239,50.96,22.39,0
8239,2021-07-29,3,CLEANING,172.452,0,Guayas,A,4,1239,50.96,22.39,0
6049,2021-07-29,3,GROCERY I,612.01,0,Guayas,A,4,1239,50.96,22.39,0
7509,2021-07-29,3,PRODUCE,268.111,0,Guayas,A,4,1239,50.96,22.39,0
9699,2021-07-29,5,BEVERAGES,173.252,0,Azuay,B,2,563,50.96,22.39,0
11159,2021-07-29,5,CLEANING,78.948,0,Azuay,B,2,563,50.96,22.39,0
8969,2021-07-29,5,GROCERY I,255.921,0,Azuay,B,2,563,50.96,22.39,0
10429,2021-07-29,5,PRODUCE,133.759,0,Azuay,B,2,563,50.96,22.39,0
12619,2021-07-29,8,BEVERAGES,339.424,0,Guayas,C,1,1039,50.96,22.39,0
14079,2021-07-29,8,CLEANING,139.767,0,Guayas,C,1,1039,50.96,22.39,0
11889,2021-07-29,8,GROCERY I,514.223,0,Guayas,C,1,1039,50.96,22.39,0
13349,2021-07-29,8,PRODUCE,305.786,20,Guayas,C,1,1039,50.96,22.39,0
940,2021-07-30,1,BEVERAGES,423.236,0,Pichincha,D,2,1000,51.37,21.41,0
2400,2021-07-30,1,CLEANING,170.182,0,Pichincha,D,2,1000,51.37,21.41,0
210,2021-07-30,1,GROCERY I,626.124,0,Pichincha,D,2,1000,51.37,21.41,0
1670,2021-07-30,1,PRODUCE,269.664,0,Pichincha,D,2,1000,51.37,21.41,0
3860,2021-07-30,2,BEVERAGES,334.67,0,Pichincha,D,3,1000,51.37,21.41,0
5320,2021-07-30,2,CLEANING,126.824,0,Pichincha,D,3,1000,51.37,21.41,0
3130,2021-07-30,2,GROCERY I,451.693,0,Pichincha,D,3,1000,51.37,21.41,0
4590,2021-07-30,2,PRODUCE,257.617,0,Pichincha,D,3,1000,51.37,21.41,0
6780,2021-07-30,3,BEVERAGES,487.089,0,Guayas,A,4,1495,51.37,21.41,0
8240,2021-07-30,3,CLEANING,202.447,0,Guayas,A,4,1495,51.37,21.41,0
6050,2021-07-30,3,GROCERY I,826.759,0,Guayas,A,4,1495,51.37,21.41,0
7510,2021-07-30,3,PRODUCE,397.455,0,Guayas,A,4,1495,51.37,21.41,0
9700,2021-07-30,5,BEVERAGES,206.035,0,Azuay,B,2,627,51.37,21.41,0
11160,2021-07-30,5,CLEANING,88.615,0,Azuay,B,2,627,51.37,21.41,0
8970,2021-07-30,5,GROCERY I,309.875,0,Azuay,B,2,627,51.37,21.41,0
10430,2021-07-30,5,PRODUCE,141.288,0,Azuay,B,2,627,51.37,21.41,0
12620,2021-07-30,8,BEVERAGES,367.568,0,Guayas,C,1,1174,51.37,21.41,0
14080,2021-07-30,8,CLEANING,204.85,13,Guayas,C,1,1174,51.37,21.41,0
11890,2021-07-30,8,GROCERY I,805.625,1,Guayas,C,1,1174,51.37,21.41,0
13350,2021-07-30,8,PRODUCE,295.495,0,Guayas,C,1,1174,51.37,21.41,0
941,2021-07-31,1,BEVERAGES,438.364,0,Pichincha,D,2,1298,50.77,22.28,0
2401,2021-07-31,1,CLEANING,172.855,0,Pichincha,D,2,1298,50.77,22.28,0
211,2021-07-31,1,GROCERY I,595.43,0,Pichincha,D,2,1298,50.77,22.28,0
1671,2021-07-31,1,PRODUCE,295.494,0,Pichincha,D,2,1298,50.77,22.28,0
3861,2021-07-31,2,BEVERAGES,329.564,0,Pichincha,D,3,1057,50.77,22.28,0
5321,2021-07-31,2,CLEANING,147.507,0,Pichincha,D,3,1057,50.77,22.28,0
3131,2021-07-31,2,GROCERY I,644.228,0,Pichincha,D,3,1057,50.77,22.28,0
4591,2021-07-31,2,PRODUCE,265.347,0,Pichincha,D,3,1057,50.77,22.28,0
6781,2021-07-31,3,BEVERAGES,582.258,0,Guayas,A,4,1733,50.77,22.28,0
8241,2021-07-31,3,CLEANING,240.184,0,Guayas,A,4,1733,50.77,22.28,0
6051,2021-07-31,3,GROCERY I,930.082,0,Guayas,A,4,1733,50.77,22.28,0
7511,2021-07-31,3,PRODUCE,485.112,0,Guayas,A,4,1733,50.77,22.28,0
9701,2021-07-31,5,BEVERAGES,273.619,0,Azuay,B,2,783,50.77,22.28,0
11161,2021-07-31,5,CLEANING,112.572,0,Azuay,B,2,783,50.77,22.28,0
8971,2021-07-31,5,GROCERY I,339.851,0,Azuay,B,2,783,50.77,22.28,0
10431,2021-07-31,5,PRODUCE,167.738,0,Azuay,B,2,783,50.77,22.28,0
12621,2021-07-31,8,BEVERAGES,520.579,0,Guayas,C,1,1455,50.77,22.28,0
14081,2021-07-31,8,CLEANING,196.361,0,Guayas,C,1,1455,50.77,22.28,0
11891,2021-07-31,8,GROCERY I,773.134,0,Guayas,C,1,1455,50.77,22.28,0
13351,2021-07-31,8,PRODUCE,348.953,0,Guayas,C,1,1455,50.77,22.28,0
942,2021-08-01,1,BEVERAGES,415.023,0,Pichincha,D,2,1150,50.79,21.66,0
2402,2021-08-01,1,CLEANING,155.16,0,Pichincha,D,2,1150,50.79,21.66,0
212,2021-08-01,1,GROCERY I,587.815,0,Pichincha,D,2,1150,50.79,21.66,0
1672,2021-08-01,1,PRODUCE,240.874,0,Pichincha,D,2,1150,50.79,21.66,0
3862,2021-08-01,2,BEVERAGES,338.384,0,Pichincha,D,3,916,50.79,21.66,0
5322,2021-08-01,2,CLEANING,103.863,0,Pichincha,D,3,916,50.79,21.66,0
3132,2021-08-01,2,GROCERY I,485.483,0,Pichincha,D,3,916,50.79,21.66,0
4592,2021-08-01,2,PRODUCE,212.785,0,Pichincha,D,3,916,50.79,21.66,0
6782,2021-08-01,3,BEVERAGES,505.266,0,Guayas,A,4,1569,50.79,21.66,0
8242,2021-08-01,3,CLEANING,236.683,4,Guayas,A,4,1569,50.79,21.66,0
6052,2021-08-01,3,GROCERY I,797.961,0,Guayas,A,4,1569,50.79,21.66,0
7512,2021-08-01,3,PRODUCE,385.889,0,Guayas,A,4,1569,50.79,21.66,0
9702,2021-08-01,5,BEVERAGES,231.859,0,Azuay,B,2,662,50.79,21.66,0
11162,2021-08-01,5,CLEANING,88.354,0,Azuay,B,2,662,50.79,21.66,0
8972,2021-08-01,5,GROCERY I,367.803,0,Azuay,B,2,662,50.79,21.66,0
10432,2021-08-01,5,PRODUCE,164.48,0,Azuay,B,2,662,50.79,21.66,0
12622,2021-08-01,8,BEVERAGES,544.595,5,Guayas,C,1,1253,50.79,21.66,0
14082,2021-08-01,8,CLEANING,0.0,0,Guayas,C,1,1253,50.79,21.66,0
11892,2021-08-01,8,GROCERY I,868.252,10,Guayas,C,1,1253,50.79,21.66,0
13352,2021-08-01,8,PRODUCE,356.615,18,Guayas,C,1,1253,50.79,21.66,0
943,2021-08-02,1,BEVERAGES,234.854,0,Pichincha,D,2,871,50.57,22.59,0
2403,2021-08-02,1,CLEANING,176.294,21,Pichincha,D,2,871,50.57,22.59,0
213,2021-08-02,1,GROCERY I,514.214,0,Pichincha,D,2,871,50.57,22.59,0
1673,2021-08-02,1,PRODUCE,192.773,0,Pichincha,D,2,871,50.57,22.59,0
3863,2021-08-02,2,BEVERAGES,274.713,0,Pichincha,D,3,698,50.57,22.59,0
5323,2021-08-02,2,CLEANING,103.626,0,Pichincha,D,3,698,50.57,22.59,0
3133,2021-08-02,2,GROCERY I,370.673,0,Pichincha,D,3,698,50.57,22.59,0
4593,2021-08-02,2,PRODUCE,178.711,0,Pichincha,D,3,698,50.57,22.59,0
6783,2021-08-02,3,BEVERAGES,477.457,21,Guayas,A,4,1214,50.57,22.59,0
8243,2021-08-02,3,CLEANING,206.867,17,Guayas,A,4,1214,50.57,22.59,0
6053,2021-08-02,3,GROCERY I,731.337,0,Guayas,A,4,1214,50.57,22.59,0
7513,2021-08-02,3,PRODUCE,263.572,0,Guayas,A,4,1214,50.57,22.59,0
9703,2021-08-02,5,BEVERAGES,238.429,21,Azuay,B,2,523,50.57,22.59,0
11163,2021-08-02,5,CLEANING,93.737,23,Azuay,B,2,523,50.57,22.59,0
8973,2021-08-02,5,GROCERY I,286.38,0,Azuay,B,2,523,50.57,22.59,0
10433,2021-08-02,5,PRODUCE,129.198,9,Azuay,B,2,523,50.57,22.59,0
12623,2021-08-02,8,BEVERAGES,341.166,0,Guayas,C,1,1030,50.57,22.59,0
14083,2021-08-02,8,CLEANING,145.649,0,Guayas,C,1,1030,50.57,22.59,0
11893,2021-08-02,8,GROCERY I,506.225,0,Guayas,C,1,1030,50.57,22.59,0
13353,2021-08-02,8,PRODUCE,321.368,5,Guayas,C,1,1030,50.57,22.59,0
944,2021-08-03,1,BEVERAGES,304.708,0,Pichincha,D,2,770,50.42,21.24,0
2404,2021-08-03,1,CLEANING,119.763,0,Pichincha,D,2,770,50.42,21.24,0
214,2021-08-03,1,GROCERY I,471.084,0,Pichincha,D,2,770,50.42,21.24,0
1674,2021-08-03,1,PRODUCE,206.644,0,Pichincha,D,2,770,50.42,21.24,0
3864,2021-08-03,2,BEVERAGES,287.333,0,Pichincha,D,3,745,50.42,21.24,0
5324,2021-08-03,2,CLEANING,109.56,14,Pichincha,D,3,745,50.42,21.24,0
3134,2021-08-03,2,GROCERY I,361.555,0,Pichincha,D,3,745,50.42,21.24,0
4594,2021-08-03,2,PRODUCE,128.686,0,Pichincha,D,3,745,50.42,21.24,0
6784,2021-08-03,3,BEVERAGES,400.87,0,Guayas,A,4,1175,50.42,21.24,0
8244,2021-08-03,3,CLEANING,209.205,8,Guayas,A,4,1175,50.42,21.24,0
6054,2021-08-03,3,GROCERY I,625.905,0,Guayas,A,4,1175,50.42,21.24,0
7514,2021-08-03,3,PRODUCE,277.138,0,Guayas,A,4,1175,50.42,21.24,0
9704,2021-08-03,5,BEVERAGES,190.264,0,Azuay,B,2,452,50.42,21.24,0
11164,2021-08-03,5,CLEANING,78.536,14,Azuay,B,2,452,50.42,21.24,0
8974,2021-08-03,5,GROCERY I,260.019,0,Azuay,B,2,452,50.42,21.24,0
10434,2021-08-03,5,PRODUCE,103.951,0,Azuay,B,2,452,50.42,21.24,0
12624,2021-08-03,8,BEVERAGES,325.87,0,Guayas,C,1,951,50.42,21.24,0
14084,2021-08-03,8,CLEANING,135.973,0,Guayas,C,1,951,50.42,21.24,0
11894,2021-08-03,8,GROCERY I,505.765,0,Guayas,C,1,951,50.42,21.24,0
13354,2021-08-03,8,PRODUCE,229.668,0,Guayas,C,1,951,50.42,21.24,0
945,2021-08-04,1,BEVERAGES,292.463,0,Pichincha,D,2,907,50.87,20.27,0
2405,2021-08-04,1,CLEANING,124.79,0,Pichincha,D,2,907,50.87,20.27,0
215,2021-08-04,1,GROCERY I,405.379,0,Pichincha,D,2,907,50.87,20.27,0
1675,2021-08-04,1,PRODUCE,205.078,0,Pichincha,D,2,907,50.87,20.27,0
3865,2021-08-04,2,BEVERAGES,258.33,0,Pichincha,D,3,731,50.87,20.27,0
5325,2021-08-04,2,CLEANING,95.214,0,Pichincha,D,3,731,50.87,20.27,0
3135,2021-08-04,2,GROCERY I,391.46,0,Pichincha,D,3,731,50.87,20.27,0
4595,2021-08-04,2,PRODUCE,171.862,0,Pichincha,D,3,731,50.87,20.27,0
6785,2021-08-04,3,BEVERAGES,438.113,0,Guayas,A,4,1167,50.87,20.27,0
8245,2021-08-04,3,CLEANING,157.11,0,Guayas,A,4,1167,50.87,20.27,0
6055,2021-08-04,3,GROCERY I,598.893,0,Guayas,A,4,1167,50.87,20.27,0
7515,2021-08-04,3,PRODUCE,276.167,0,Guayas,A,4,1167,50.87,20.27,0
9705,2021-08-04,5,BEVERAGES,157.18,0,Azuay,B,2,580,50.87,20.27,0
11165,2021-08-04,5,CLEANING,74.472,0,Azuay,B,2,580,50.87,20.27,0
8975,2021-08-04,5,GROCERY I,281.566,18,Azuay,B,2,580,50.87,20.27,0
10435,2021-08-04,5,PRODUCE,129.596,0,Azuay,B,2,580,50.87,20.27,0
12625,2021-08-04,8,BEVERAGES,300.004,0,Guayas,C,1,1018,50.87,20.27,0
14085,2021-08-04,8,CLEANING,150.923,0,Guayas,C,1,1018,50.87,20.27,0
11895,2021-08-04,8,GROCERY I,497.606,0,Guayas,C,1,1018,50.87,20.27,0
13355,2021-08-04,8,PRODUCE,227.514,0,Guayas,C,1,1018,50.87,20.27,0
946,2021-08-05,1,BEVERAGES,363.266,4,Pichincha,D,2,927,51.11,21.17,0
2406,2021-08-05,1,CLEANING,128.465,0,Pichincha,D,2,927,51.11,21.17,0
216,2021-08-05,1,GROCERY I,620.27,19,Pichincha,D,2,927,51.11,21.17,0
1676,2021-08-05,1,PRODUCE,191.672,0,Pichincha,D,2,927,51.11,21.17,0
3866,2021-08-05,2,BEVERAGES,297.916,17,Pichincha,D,3,734,51.11,21.17,0
5326,2021-08-05,2,CLEANING,114.994,0,Pichincha,D,3,734,51.11,21.17,0
3136,2021-08-05,2,GROCERY I,436.416,22,Pichincha,D,3,734,51.11,21.17,0
4596,2021-08-05,2,PRODUCE,198.557,0,Pichincha,D,3,734,51.11,21.17,0
6786,2021-08-05,3,BEVERAGES,504.991,0,Guayas,A,4,1269,51.11,21.17,0
8246,2021-08-05,3,CLEANING,192.37,0,Guayas,A,4,1269,51.11,21.17,0
6056,2021-08-05,3,GROCERY I,615.495,0,Guayas,A,4,1269,51.11,21.17,0
7516,2021-08-05,3,PRODUCE,270.131,0,Guayas,A,4,1269,51.11,21.17,0
9706,2021-08-05,5,BEVERAGES,226.981,10,Azuay,B,2,634,51.11,21.17,0
11166,2021-08-05,5,CLEANING,77.938,0,Azuay,B,2,634,51.11,21.17,0
8976,2021-08-05,5,GROCERY I,267.18,0,Azuay,B,2,634,51.11,21.17,0
10436,2021-08-05,5,PRODUCE,161.398,11,Azuay,B,2,634,51.11,21.17,0
12626,2021-08-05,8,BEVERAGES,379.435,0,Guayas,C,1,963,51.11,21.17,0
14086,2021-08-05,8,CLEANING,141.631,20,Guayas,C,1,963,51.11,21.17,0
11896,2021-08-05,8,GROCERY I,480.901,0,Guayas,C,1,963,51.11,21.17,0
13356,2021-08-05,8,PRODUCE,243.327,0,Guayas,C,1,963,51.11,21.17,0
947,2021-08-06,1,BEVERAGES,462.09,11,Pichincha,D,2,1041,51.72,16.53,0
2407,2021-08-06,1,CLEANING,172.228,0,Pichincha,D,2,1041,51.72,16.53,0
217,2021-08-06,1,GROCERY I,466.058,0,Pichincha,D,2,1041,51.72,16.53,0
1677,2021-08-06,1,PRODUCE,263.603,0,Pichincha,D,2,1041,51.72,16.53,0
3867,2021-08-06,2,BEVERAGES,329.529,20,Pichincha,D,3,897,51.72,16.53,0
5327,2021-08-06,2,CLEANING,141.597,7,Pichincha,D,3,897,51.72,16.53,0
3137,2021-08-06,2,GROCERY I,490.445,0,Pichincha,D,3,897,51.72,16.53,0
4597,2021-08-06,2,PRODUCE,278.399,14,Pichincha,D,3,897,51.72,16.53,0
6787,2021-08-06,3,BEVERAGES,464.857,0,Guayas,A,4,1384,51.72,16.53,0
8247,2021-08-06,3,CLEANING,248.501,16,Guayas,A,4,1384,51.72,16.53,0
6057,2021-08-06,3,GROCERY I,695.183,0,Guayas,A,4,1384,51.72,16.53,0
7517,2021-08-06,3,PRODUCE,340.839,0,Guayas,A,4,1384,51.72,16.53,0
9707,2021-08-06,5,BEVERAGES,222.547,0,Azuay,B,2,613,51.72,16.53,0
11167,2021-08-06,5,CLEANING,87.183,0,Azuay,B,2,613,51.72,16.53,0
8977,2021-08-06,5,GROCERY I,371.897,0,Azuay,B,2,613,51.72,16.53,0
10437,2021-08-06,5,PRODUCE,168.672,0,Azuay,B,2,613,51.72,16.53,0
12627,2021-08-06,8,BEVERAGES,404.406,0,Guayas,C,1,1172,51.72,16.53,0
14087,2021-08-06,8,CLEANING,194.07,0,Guayas,C,1,1172,51.72,16.53,0
11897,2021-08-06,8,GROCERY I,881.896,11,Guayas,C,1,1172,51.72,16.53,0
13357,2021-08-06,8,PRODUCE,309.034,0,Guayas,C,1,1172,51.72,16.53,0
948,2021-08-07,1,BEVERAGES,420.274,0,Pichincha,D,2,1282,51.65,21.1,0
2408,2021-08-07,1,CLEANING,203.931,0,Pichincha,D,2,1282,51.65,21.1,0
218,2021-08-07,1,GROCERY I,667.482,0,Pichincha,D,2,1282,51.65,21.1,0
1678,2021-08-07,1,PRODUCE,303.243,0,Pichincha,D,2,1282,51.65,21.1,0
3868,2021-08-07,2,BEVERAGES,419.295,0,Pichincha,D,3,1065,51.65,21.1,0
5328,2021-08-07,2,CLEANING,138.291,0,Pichincha,D,3,1065,51.65,21.1,0
3138,2021-08-07,2,GROCERY I,570.293,0,Pichincha,D,3,1065,51.65,21.1,0
4598,2021-08-07,2,PRODUCE,262.367,0,Pichincha,D,3,1065,51.65,21.1,0
6788,2021-08-07,3,BEVERAGES,627.729,0,Guayas,A,4,1750,51.65,21.1,0
8248,2021-08-07,3,CLEANING,214.367,0,Guayas,A,4,1750,51.65,21.1,0
6058,2021-08-07,3,GROCERY I,912.714,0,Guayas,A,4,1750,51.65,21.1,0
7518,2021-08-07,3,PRODUCE,439.977,0,Guayas,A,4,1750,51.65,21.1,0
9708,2021-08-07,5,BEVERAGES,250.016,0,Azuay,B,2,812,51.65,21.1,0
11168,2021-08-07,5,CLEANING,111.793,0,Azuay,B,2,812,51.65,21.1,0
8978,2021-08-07,5,GROCERY I,411.886,0,Azuay,B,2,812,51.65,21.1,0
10438,2021-08-07,5,PRODUCE,186.423,0,Azuay,B,2,812,51.65,21.1,0
12628,2021-08-07,8,BEVERAGES,493.337,0,Guayas,C,1,1424,51.65,21.1,0
14088,2021-08-07,8,CLEANING,190.198,0,Guayas,C,1,1424,51.65,21.1,0
11898,2021-08-07,8,GROCERY I,847.558,6,Guayas,C,1,1424,51.65,21.1,0
13358,2021-08-07,8,PRODUCE,348.446,0,Guayas,C,1,1424,51.65,21.1,0
949,2021-08-08,1,BEVERAGES,387.002,15,Pichincha,D,2,1065,51.33,15.39,0
2409,2021-08-08,1,CLEANING,180.94,0,Pichincha,D,2,1065,51.33,15.39,0
219,2021-08-08,1,GROCERY I,669.438,0,Pichincha,D,2,1065,51.33,15.39,0
1679,2021-08-08,1,PRODUCE,248.942,0,Pichincha,D,2,1065,51.33,15.39,0
3869,2021-08-08,2,BEVERAGES,342.266,0,Pichincha,D,3,976,51.33,15.39,0
5329,2021-08-08,2,CLEANING,166.953,22,Pichincha,D,3,976,51.33,15.39,0
3139,2021-08-08,2,GROCERY I,416.977,0,Pichincha,D,3,976,51.33,15.39,0
4599,2021-08-08,2,PRODUCE,241.092,0,Pichincha,D,3,976,51.33,15.39,0
6789,2021-08-08,3,BEVERAGES,554.449,0,Guayas,A,4,1561,51.33,15.39,0
8249,2021-08-08,3,CLEANING,249.098,0,Guayas,A,4,1561,51.33,15.39,0
6059,2021-08-08,3,GROCERY I,841.21,0,Guayas,A,4,1561,51.33,15.39,0
7519,2021-08-08,3,PRODUCE,354.734,0,Guayas,A,4,1561,51.33,15.39,0
9709,2021-08-08,5,BEVERAGES,297.522,19,Azuay,B,2,745,51.33,15.39,0
11169,2021-08-08,5,CLEANING,107.367,0,Azuay,B,2,745,51.33,15.39,0
8979,2021-08-08,5,GROCERY I,372.633,0,Azuay,B,2,745,51.33,15.39,0
10439,2021-08-08,5,PRODUCE,159.696,0,Azuay,B,2,745,51.33,15.39,0
12629,2021-08-08,8,BEVERAGES,541.993,3,Guayas,C,1,1207,51.33,15.39,0
14089,2021-08-08,8,CLEANING,201.425,0,Guayas,C,1,1207,51.33,15.39,0
11899,2021-08-08,8,GROCERY I,636.329,0,Guayas,C,1,1207,51.33,15.39,0
13359,2021-08-08,8,PRODUCE,281.071,0,Guayas,C,1,1207,51.33,15.39,0
950,2021-08-09,1,BEVERAGES,326.815,0,Pichincha,D,2,837,51.23,18.01,0
2410,2021-08-09,1,CLEANING,154.757,4,Pichincha,D,2,837,51.23,18.01,0
220,2021-08-09,1,GROCERY I,468.027,0,Pichincha,D,2,837,51.23,18.01,0
1680,2021-08-09,1,PRODUCE,207.023,0,Pichincha,D,2,837,51.23,18.01,0
3870,2021-08-09,2,BEVERAGES,246.483,0,Pichincha,D,3,871,51.23,18.01,0
5330,2021-08-09,2,CLEANING,111.7,0,Pichincha,D,3,871,51.23,18.01,0
3140,2021-08-09,2,GROCERY I,444.16,0,Pichincha,D,3,871,51.23,18.01,0
4600,2021-08-09,2,PRODUCE,192.673,0,Pichincha,D,3,871,51.23,18.01,0
6790,2021-08-09,3,BEVERAGES,394.701,0,Guayas,A,4,1205,51.23,18.01,0
8250,2021-08-09,3,CLEANING,173.629,0,Guayas,A,4,1205,51.23,18.01,0
6060,2021-08-09,3,GROCERY I,521.325,0,Guayas,A,4,1205,51.23,18.01,0
7520,2021-08-09,3,PRODUCE,296.257,0,Guayas,A,4,1205,51.23,18.01,0
9710,2021-08-09,5,BEVERAGES,180.631,0,Azuay,B,2,487,51.23,18.01,0
11170,2021-08-09,5,CLEANING,65.883,0,Azuay,B,2,487,51.23,18.01,0
8980,2021-08-09,5,GROCERY I,347.597,0,Azuay,B,2,487,51.23,18.01,0
10440,2021-08-09,5,PRODUCE,137.008,0,Azuay,B,2,487,51.23,18.01,0
12630,2021-08-09,8,BEVERAGES,302.349,0,Guayas,C,1,926,51.23,18.01,0
14090,2021-08-09,8,CLEANING,133.369,0,Guayas,C,1,926,51.23,18.01,0
11900,2021-08-09,8,GROCERY I,472.209,0,Guayas,C,1,926,51.23,18.01,0
13360,2021-08-09,8,PRODUCE,271.72,0,Guayas,C,1,926,51.23,18.01,0
951,2021-08-10,1,BEVERAGES,377.865,0,Pichincha,D,2,821,51.34,20.99,1
2411,2021-08-10,1,CLEANING,174.329,2,Pichincha,D,2,821,51.34,20.99,1
221,2021-08-10,1,GROCERY I,667.155,3,Pichincha,D,2,821,51.34,20.99,1
1681,2021-08-10,1,PRODUCE,254.843,0,Pichincha,D,2,821,51.34,20.99,1
3871,2021-08-10,2,BEVERAGES,258.513,0,Pichincha,D,3,743,51.34,20.99,1
5331,2021-08-10,2,CLEANING,122.311,0,Pichincha,D,3,743,51.34,20.99,1
3141,2021-08-10,2,GROCERY I,530.199,0,Pichincha,D,3,743,51.34,20.99,1
4601,2021-08-10,2,PRODUCE,295.631,11,Pichincha,D,3,743,51.34,20.99,1
6791,2021-08-10,3,BEVERAGES,452.422,0,Guayas,A,4,1190,51.34,20.99,1
8251,2021-08-10,3,CLEANING,274.826,12,Guayas,A,4,1190,51.34,20.99,1
6061,2021-08-10,3,GROCERY I,677.048,0,Guayas,A,4,1190,51.34,20.99,1
7521,2021-08-10,3,PRODUCE,297.186,0,Guayas,A,4,1190,51.34,20.99,1
9711,2021-08-10,5,BEVERAGES,201.012,0,Azuay,B,2,410,51.34,20.99,1
11171,2021-08-10,5,CLEANING,96.526,0,Azuay,B,2,410,51.34,20.99,1
8981,2021-08-10,5,GROCERY I,337.908,0,Azuay,B,2,410,51.34,20.99,1
10441,2021-08-10,5,PRODUCE,144.707,0,Azuay,B,2,410,51.34,20.99,1
12631,2021-08-10,8,BEVERAGES,474.036,0,Guayas,C,1,946,51.34,20.99,1
14091,2021-08-10,8,CLEANING,175.455,0,Guayas,C,1,946,51.34,20.99,1
11901,2021-08-10,8,GROCERY I,649.667,0,Guayas,C,1,946,51.34,20.99,1
13361,2021-08-10,8,PRODUCE,299.314,0,Guayas,C,1,946,51.34,20.99,1
952,2021-08-11,1,BEVERAGES,281.929,0,Pichincha,D,2,920,51.42,20.96,0
2412,2021-08-11,1,CLEANING,174.151,10,Pichincha,D,2,920,51.42,20.96,0
222,2021-08-11,1,GROCERY I,485.184,0,Pichincha,D,2,920,51.42,20.96,0
1682,2021-08-11,1,PRODUCE,194.469,0,Pichincha,D,2,920,51.42,20.96,0
3872,2021-08-11,2,BEVERAGES,217.545,0,Pichincha,D,3,730,51.42,20.96,0
5332,2021-08-11,2,CLEANING,112.722,0,Pichincha,D,3,730,51.42,20.96,0
3142,2021-08-11,2,GROCERY I,416.222,9,Pichincha,D,3,730,51.42,20.96,0
4602,2021-08-11,2,PRODUCE,175.295,0,Pichincha,D,3,730,51.42,20.96,0
6792,2021-08-11,3,BEVERAGES,400.773,0,Guayas,A,4,1160,51.42,20.96,0
8252,2021-08-11,3,CLEANING,177.092,0,Guayas,A,4,1160,51.42,20.96,0
6062,2021-08-11,3,GROCERY I,704.45,14,Guayas,A,4,1160,51.42,20.96,0
7522,2021-08-11,3,PRODUCE,319.485,0,Guayas,A,4,1160,51.42,20.96,0
9712,2021-08-11,5,BEVERAGES,164.186,0,Azuay,B,2,587,51.42,20.96,0
11172,2021-08-11,5,CLEANING,76.564,0,Azuay,B,2,587,51.42,20.96,0
8982,2021-08-11,5,GROCERY I,207.487,0,Azuay,B,2,587,51.42,20.96,0
10442,2021-08-11,5,PRODUCE,114.488,0,Azuay,B,2,587,51.42,20.96,0
12632,2021-08-11,8,BEVERAGES,386.653,21,Guayas,C,1,981,51.42,20.96,0
14092,2021-08-11,8,CLEANING,120.318,0,Guayas,C,1,981,51.42,20.96,0
11902,2021-08-11,8,GROCERY I,470.757,0,Guayas,C,1,981,51.42,20.96,0
13362,2021-08-11,8,PRODUCE,202.09,0,Guayas,C,1,981,51.42,20.96,0
953,2021-08-12,1,BEVERAGES,281.465,0,Pichincha,D,2,884,50.93,18.59,0
2413,2021-08-12,1,CLEANING,139.238,0,Pichincha,D,2,884,50.93,18.59,0
223,2021-08-12,1,GROCERY I,519.197,0,Pichincha,D,2,884,50.93,18.59,0
1683,2021-08-12,1,PRODUCE,289.163,2,Pichincha,D,2,884,50.93,18.59,0
3873,2021-08-12,2,BEVERAGES,325.287,21,Pichincha,D,3,746,50.93,18.59,0
5333,2021-08-12,2,CLEANING,93.625,0,Pichincha,D,3,746,50.93,18.59,0
3143,2021-08-12,2,GROCERY I,351.186,0,Pichincha,D,3,746,50.93,18.59,0
4603,2021-08-12,2,PRODUCE,173.953,0,Pichincha,D,3,746,50.93,18.59,0
6793,2021-08-12,3,BEVERAGES,494.82,0,Guayas,A,4,1207,50.93,18.59,0
8253,2021-08-12,3,CLEANING,159.42,0,Guayas,A,4,1207,50.93,18.59,0
6063,2021-08-12,3,GROCERY I,707.384,7,Guayas,A,4,1207,50.93,18.59,0
7523,2021-08-12,3,PRODUCE,284.51,0,Guayas,A,4,1207,50.93,18.59,0
9713,2021-08-12,5,BEVERAGES,171.161,0,Azuay,B,2,547,50.93,18.59,0
11173,2021-08-12,5,CLEANING,72.724,0,Azuay,B,2,547,50.93,18.59,0
8983,2021-08-12,5,GROCERY I,246.507,0,Azuay,B,2,547,50.93,18.59,0
10443,2021-08-12,5,PRODUCE,124.682,0,Azuay,B,2,547,50.93,18.59,0
12633,2021-08-12,8,BEVERAGES,413.076,8,Guayas,C,1,1009,50.93,18.59,0
14093,2021-08-12,8,CLEANING,126.068,0,Guayas,C,1,1009,50.93,18.59,0
11903,2021-08-12,8,GROCERY I,724.647,7,Guayas,C,1,1009,50.93,18.59,0
13363,2021-08-12,8,PRODUCE,200.415,0,Guayas,C,1,1009,50.93,18.59,0
954,2021-08-13,1,BEVERAGES,313.774,0,Pichincha,D,2,1105,50.97,19.16,0
2414,2021-08-13,1,CLEANING,145.411,0,Pichincha,D,2,1105,50.97,19.16,0
224,2021-08-13,1,GROCERY I,625.928,0,Pichincha,D,2,1105,50.97,19.16,0
1684,2021-08-13,1,PRODUCE,259.465,1,Pichincha,D,2,1105,50.97,19.16,0
3874,2021-08-13,2,BEVERAGES,305.372,0,Pichincha,D,3,854,50.97,19.16,0
5334,2021-08-13,2,CLEANING,107.866,0,Pichincha,D,3,854,50.97,19.16,0
3144,2021-08-13,2,GROCERY I,570.529,8,Pichincha,D,3,854,50.97,19.16,0
4604,2021-08-13,2,PRODUCE,166.296,0,Pichincha,D,3,854,50.97,19.16,0
6794,2021-08-13,3,BEVERAGES,499.242,0,Guayas,A,4,1379,50.97,19.16,0
8254,2021-08-13,3,CLEANING,237.666,12,Guayas,A,4,1379,50.97,19.16,0
6064,2021-08-13,3,GROCERY I,757.683,0,Guayas,A,4,1379,50.97,19.16,0
7524,2021-08-13,3,PRODUCE,373.018,0,Guayas,A,4,1379,50.97,19.16,0
9714,2021-08-13,5,BEVERAGES,236.337,17,Azuay,B,2,622,50.97,19.16,0
11174,2021-08-13,5,CLEANING,93.195,0,Azuay,B,2,622,50.97,19.16,0
8984,2021-08-13,5,GROCERY I,329.794,0,Azuay,B,2,622,50.97,19.16,0
10444,2021-08-13,5,PRODUCE,153.074,0,Azuay,B,2,622,50.97,19.16,0
12634,2021-08-13,8,BEVERAGES,381.28,0,Guayas,C,1,1231,50.97,19.16,0
14094,2021-08-13,8,CLEANING,174.742,0,Guayas,C,1,1231,50.97,19.16,0
11904,2021-08-13,8,GROCERY I,642.597,0,Guayas,C,1,1231,50.97,19.16,0
13364,2021-08-13,8,PRODUCE,298.44,0,Guayas,C,1,1231,50.97,19.16,0
955,2021-08-14,1,BEVERAGES,438.399,0,Pichincha,D,2,1273,51.08,22.01,0
2415,2021-08-14,1,CLEANING,203.307,0,Pichincha,D,2,1273,51.08,22.01,0
225,2021-08-14,1,GROCERY I,717.764,0,Pichincha,D,2,1273,51.08,22.01,0
1685,2021-08-14,1,PRODUCE,250.47,0,Pichincha,D,2,1273,51.08,22.01,0
3875,2021-08-14,2,BEVERAGES,353.919,11,Pichincha,D,3,1136,51.08,22.01,0
5335,2021-08-14,2,CLEANING,127.057,0,Pichincha,D,3,1136,51.08,22.01,0
3145,2021-08-14,2,GROCERY I,474.693,0,Pichincha,D,3,1136,51.08,22.01,0
4605,2021-08-14,2,PRODUCE,271.571,0,Pichincha,D,3,1136,51.08,22.01,0
6795,2021-08-14,3,BEVERAGES,538.233,0,Guayas,A,4,1739,51.08,22.01,0
8255,2021-08-14,3,CLEANING,265.534,0,Guayas,A,4,1739,51.08,22.01,0
6065,2021-08-14,3,GROCERY I,911.646,0,Guayas,A,4,1739,51.08,22.01,0
7525,2021-08-14,3,PRODUCE,418.08,0,Guayas,A,4,1739,51.08,22.01,0
9715,2021-08-14,5,BEVERAGES,244.454,0,Azuay,B,2,781,51.08,22.01,0
11175,2021-08-14,5,CLEANING,100.94,0,Azuay,B,2,781,51.08,22.01,0
8985,2021-08-14,5,GROCERY I,382.082,0,Azuay,B,2,781,51.08,22.01,0
10445,2021-08-14,5,PRODUCE,173.778,0,Azuay,B,2,781,51.08,22.01,0
12635,2021-08-14,8,BEVERAGES,519.291,0,Guayas,C,1,1378,51.08,22.01,0
14095,2021-08-14,8,CLEANING,183.033,6,Guayas,C,1,1378,51.08,22.01,0
11905,2021-08-14,8,GROCERY I,710.495,0,Guayas,C,1,1378,51.08,22.01,0
13365,2021-08-14,8,PRODUCE,454.834,19,Guayas,C,1,1378,51.08,22.01,0
956,2021-08-15,1,BEVERAGES,433.564,0,Pichincha,D,2,1146,52.21,19.34,0
2416,2021-08-15,1,CLEANING,151.11,0,Pichincha,D,2,1146,52.21,19.34,0
226,2021-08-15,1,GROCERY I,643.254,0,Pichincha,D,2,1146,52.21,19.34,0
1686,2021-08-15,1,PRODUCE,327.882,5,Pichincha,D,2,1146,52.21,19.34,0
3876,2021-08-15,2,BEVERAGES,399.531,15,Pichincha,D,3,995,52.21,19.34,0
5336,2021-08-15,2,CLEANING,110.614,0,Pichincha,D,3,995,52.21,19.34,0
3146,2021-08-15,2,GROCERY I,538.665,0,Pichincha,D,3,995,52.21,19.34,0
4606,2021-08-15,2,PRODUCE,230.085,0,Pichincha,D,3,995,52.21,19.34,0
6796,2021-08-15,3,BEVERAGES,503.103,0,Guayas,A,4,1555,52.21,19.34,0
8256,2021-08-15,3,CLEANING,249.355,0,Guayas,A,4,1555,52.21,19.34,0
6066,2021-08-15,3,GROCERY I,781.484,0,Guayas,A,4,1555,52.21,19.34,0
7526,2021-08-15,3,PRODUCE,375.286,0,Guayas,A,4,1555,52.21,19.34,0
9716,2021-08-15,5,BEVERAGES,191.693,0,Azuay,B,2,664,52.21,19.34,0
11176,2021-08-15,5,CLEANING,101.3,0,Azuay,B,2,664,52.21,19.34,0
8986,2021-08-15,5,GROCERY I,330.836,0,Azuay,B,2,664,52.21,19.34,0
10446,2021-08-15,5,PRODUCE,133.432,0,Azuay,B,2,664,52.21,19.34,0
12636,2021-08-15,8,BEVERAGES,459.056,0,Guayas,C,1,1230,52.21,19.34,0
14096,2021-08-15,8,CLEANING,188.905,4,Guayas,C,1,1230,52.21,19.34,0
11906,2021-08-15,8,GROCERY I,589.362,0,Guayas,C,1,1230,52.21,19.34,0
13366,2021-08-15,8,PRODUCE,306.182,0,Guayas,C,1,1230,52.21,19.34,0
957,2021-08-16,1,BEVERAGES,295.272,0,Pichincha,D,2,878,53.05,23.09,0
2417,2021-08-16,1,CLEANING,137.039,0,Pichincha,D,2,878,53.05,23.09,0
227,2021-08-16,1,GROCERY I,478.601,0,Pichincha,D,2,878,53.05,23.09,0
1687,2021-08-16,1,PRODUCE,207.565,0,Pichincha,D,2,878,53.05,23.09,0
3877,2021-08-16,2,BEVERAGES,203.817,0,Pichincha,D,3,731,53.05,23.09,0
5337,2021-08-16,2,CLEANING,102.534,0,Pichincha,D,3,731,53.05,23.09,0
3147,2021-08-16,2,GROCERY I,351.965,0,Pichincha,D,3,731,53.05,23.09,0
4607,2021-08-16,2,PRODUCE,170.732,0,Pichincha,D,3,731,53.05,23.09,0
6797,2021-08-16,3,BEVERAGES,350.761,0,Guayas,A,4,1229,53.05,23.09,0
8257,2021-08-16,3,CLEANING,164.847,0,Guayas,A,4,1229,53.05,23.09,0
6067,2021-08-16,3,GROCERY I,635.186,0,Guayas,A,4,1229,53.05,23.09,0
7527,2021-08-16,3,PRODUCE,249.131,0,Guayas,A,4,1229,53.05,23.09,0
9717,2021-08-16,5,BEVERAGES,173.313,0,Azuay,B,2,664,53.05,23.09,0
11177,2021-08-16,5,CLEANING,52.524,0,Azuay,B,2,664,53.05,23.09,0
8987,2021-08-16,5,GROCERY I,309.638,14,Azuay,B,2,664,53.05,23.09,0
10447,2021-08-16,5,PRODUCE,115.135,0,Azuay,B,2,664,53.05,23.09,0
12637,2021-08-16,8,BEVERAGES,322.055,0,Guayas,C,1,920,53.05,23.09,0
14097,2021-08-16,8,CLEANING,142.346,0,Guayas,C,1,920,53.05,23.09,0
11907,2021-08-16,8,GROCERY I,486.763,0,Guayas,C,1,920,53.05,23.09,0
13367,2021-08-16,8,PRODUCE,237.771,0,Guayas,C,1,920,53.05,23.09,0
958,2021-08-17,1,BEVERAGES,245.313,0,Pichincha,D,2,886,52.67,19.89,0
2418,2021-08-17,1,CLEANING,162.416,9,Pichincha,D,2,886,52.67,19.89,0
228,2021-08-17,1,GROCERY I,444.197,0,Pichincha,D,2,886,52.67,19.89,0
1688,2021-08-17,1,PRODUCE,206.072,0,Pichincha,D,2,886,52.67,19.89,0
3878,2021-08-17,2,BEVERAGES,257.249,0,Pichincha,D,3,774,52.67,19.89,0
5338,2021-08-17,2,CLEANING,87.698,0,Pichincha,D,3,774,52.67,19.89,0
3148,2021-08-17,2,GROCERY I,406.878,0,Pichincha,D,3,774,52.67,19.89,0
4608,2021-08-17,2,PRODUCE,152.656,0,Pichincha,D,3,774,52.67,19.89,0
6798,2021-08-17,3,BEVERAGES,378.305,0,Guayas,A,4,1080,52.67,19.89,0
8258,2021-08-17,3,CLEANING,149.44,0,Guayas,A,4,1080,52.67,19.89,0
6068,2021-08-17,3,GROCERY I,675.885,16,Guayas,A,4,1080,52.67,19.89,0
7528,2021-08-17,3,PRODUCE,249.681,0,Guayas,A,4,1080,52.67,19.89,0
9718,2021-08-17,5,BEVERAGES,180.909,0,Azuay,B,2,484,52.67,19.89,0
11178,2021-08-17,5,CLEANING,76.112,0,Azuay,B,2,484,52.67,19.89,0
8988,2021-08-17,5,GROCERY I,281.983,8,Azuay,B,2,484,52.67,19.89,0
10448,2021-08-17,5,PRODUCE,113.66,0,Azuay,B,2,484,52.67,19.89,0
12638,2021-08-17,8,BEVERAGES,266.337,0,Guayas,C,1,937,52.67,19.89,0
14098,2021-08-17,8,CLEANING,123.865,0,Guayas,C,1,937,52.67,19.89,0
11908,2021-08-17,8,GROCERY I,497.3,0,Guayas,C,1,937,52.67,19.89,0
13368,2021-08-17,8,PRODUCE,230.238,0,Guayas,C,1,937,52.67,19.89,0
959,2021-08-18,1,BEVERAGES,290.968,0,Pichincha,D,2,842,52.54,20.39,0
2419,2021-08-18,1,CLEANING,109.677,0,Pichincha,D,2,842,52.54,20.39,0
229,2021-08-18,1,GROCERY I,445.141,0,Pichincha,D,2,842,52.54,20.39,0
1689,2021-08-18,1,PRODUCE,234.942,9,Pichincha,D,2,842,52.54,20.39,0
3879,2021-08-18,2,BEVERAGES,237.785,0,Pichincha,D,3,737,52.54,20.39,0
5339,2021-08-18,2,CLEANING,104.257,20,Pichincha,D,3,737,52.54,20.39,0
3149,2021-08-18,2,GROCERY I,334.585,0,Pichincha,D,3,737,52.54,20.39,0
4609,2021-08-18,2,PRODUCE,180.03,0,Pichincha,D,3,737,52.54,20.39,0
6799,2021-08-18,3,BEVERAGES,408.072,0,Guayas,A,4,1222,52.54,20.39,0
8259,2021-08-18,3,CLEANING,185.62,0,Guayas,A,4,1222,52.54,20.39,0
6069,2021-08-18,3,GROCERY I,723.194,12,Guayas,A,4,1222,52.54,20.39,0
7529,2021-08-18,3,PRODUCE,254.702,0,Guayas,A,4,1222,52.54,20.39,0
9719,2021-08-18,5,BEVERAGES,200.356,7,Azuay,B,2,534,52.54,20.39,0
11179,2021-08-18,5,CLEANING,61.695,0,Azuay,B,2,534,52.54,20.39,0
8989,2021-08-18,5,GROCERY I,261.652,0,Azuay,B,2,534,52.54,20.39,0
10449,2021-08-18,5,PRODUCE,117.22,0,Azuay,B,2,534,52.54,20.39,0
12639,2021-08-18,8,BEVERAGES,307.675,0,Guayas,C,1,975,52.54,20.39,0
14099,2021-08-18,8,CLEANING,120.565,0,Guayas,C,1,975,52.54,20.39,0
11909,2021-08-18,8,GROCERY I,481.56,0,Guayas,C,1,975,52.54,20.39,0
13369,2021-08-18,8,PRODUCE,270.505,17,Guayas,C,1,975,52.54,20.39,0
960,2021-08-19,1,BEVERAGES,296.837,0,Pichincha,D,2,844,51.88,22.02,0
2420,2021-08-19,1,CLEANING,131.63,0,Pichincha,D,2,844,51.88,22.02,0
230,2021-08-19,1,GROCERY I,451.974,0,Pichincha,D,2,844,51.88,22.02,0
1690,2021-08-19,1,PRODUCE,194.188,0,Pichincha,D,2,844,51.88,22.02,0
3880,2021-08-19,2,BEVERAGES,233.927,0,Pichincha,D,3,812,51.88,22.02,0
5340,2021-08-19,2,CLEANING,105.867,0,Pichincha,D,3,812,51.88,22.02,0
3150,2021-08-19,2,GROCERY I,374.157,0,Pichincha,D,3,812,51.88,22.02,0
4610,2021-08-19,2,PRODUCE,169.228,0,Pichincha,D,3,812,51.88,22.02,0
6800,2021-08-19,3,BEVERAGES,0.0,0,Guayas,A,4,1191,51.88,22.02,0
8260,2021-08-19,3,CLEANING,159.096,0,Guayas,A,4,1191,51.88,22.02,0
6070,2021-08-19,3,GROCERY I,566.326,0,Guayas,A,4,1191,51.88,22.02,0
7530,2021-08-19,3,PRODUCE,285.982,0,Guayas,A,4,1191,51.88,22.02,0
9720,2021-08-19,5,BEVERAGES,185.545,0,Azuay,B,2,607,51.88,22.02,0
11180,2021-08-19,5,CLEANING,72.282,0,Azuay,B,2,607,51.88,22.02,0
8990,2021-08-19,5,GROCERY I,363.522,17,Azuay,B,2,607,51.88,22.02,0
10450,2021-08-19,5,PRODUCE,116.434,0,Azuay,B,2,607,51.88,22.02,0
12640,2021-08-19,8,BEVERAGES,324.709,0,Guayas,C,1,1066,51.88,22.02,0
14100,2021-08-19,8,CLEANING,155.742,0,Guayas,C,1,1066,51.88,22.02,0
11910,2021-08-19,8,GROCERY I,499.346,0,Guayas,C,1,1066,51.88,22.02,0
13370,2021-08-19,8,PRODUCE,196.717,0,Guayas,C,1,1066,51.88,22.02,0
961,2021-08-20,1,BEVERAGES,381.225,0,Pichincha,D,2,1016,51.62,19.87,0
2421,2021-08-20,1,CLEANING,193.707,6,Pichincha,D,2,1016,51.62,19.87,0
231,2021-08-20,1,GROCERY I,0.0,0,Pichincha,D,2,1016,51.62,19.87,0
1691,2021-08-20,1,PRODUCE,250.861,0,Pichincha,D,2,1016,51.62,19.87,0
3881,2021-08-20,2,BEVERAGES,315.287,0,Pichincha,D,3,930,51.62,19.87,0
5341,2021-08-20,2,CLEANING,130.401,0,Pichincha,D,3,930,51.62,19.87,0
3151,2021-08-20,2,GROCERY I,499.363,0,Pichincha,D,3,930,51.62,19.87,0
4611,2021-08-20,2,PRODUCE,204.807,0,Pichincha,D,3,930,51.62,19.87,0
6801,2021-08-20,3,BEVERAGES,337.096,0,Guayas,A,4,1450,51.62,19.87,0
8261,2021-08-20,3,CLEANING,205.869,0,Guayas,A,4,1450,51.62,19.87,0
6071,2021-08-20,3,GROCERY I,757.185,0,Guayas,A,4,1450,51.62,19.87,0
7531,2021-08-20,3,PRODUCE,378.762,0,Guayas,A,4,1450,51.62,19.87,0
9721,2021-08-20,5,BEVERAGES,205.602,0,Azuay,B,2,705,51.62,19.87,0
11181,2021-08-20,5,CLEANING,78.803,0,Azuay,B,2,705,51.62,19.87,0
8991,2021-08-20,5,GROCERY I,362.913,0,Azuay,B,2,705,51.62,19.87,0
10451,2021-08-20,5,PRODUCE,150.448,0,Azuay,B,2,705,51.62,19.87,0
12641,2021-08-20,8,BEVERAGES,371.595,0,Guayas,C,1,1133,51.62,19.87,0
14101,2021-08-20,8,CLEANING,189.834,0,Guayas,C,1,1133,51.62,19.87,0
11911,2021-08-20,8,GROCERY I,544.669,0,Guayas,C,1,1133,51.62,19.87,0
13371,2021-08-20,8,PRODUCE,257.596,0,Guayas,C,1,1133,51.62,19.87,0
962,2021-08-21,1,BEVERAGES,451.386,0,Pichincha,D,2,1276,51.76,18.22,0
2422,2021-08-21,1,CLEANING,221.731,0,Pichincha,D,2,1276,51.76,18.22,0
232,2021-08-21,1,GROCERY I,605.751,0,Pichincha,D,2,1276,51.76,18.22,0
1692,2021-08-21,1,PRODUCE,291.68,0,Pichincha,D,2,1276,51.76,18.22,0
3882,2021-08-21,2,BEVERAGES,361.438,0,Pichincha,D,3,1097,51.76,18.22,0
5342,2021-08-21,2,CLEANING,160.791,0,Pichincha,D,3,1097,51.76,18.22,0
3152,2021-08-21,2,GROCERY I,526.611,0,Pichincha,D,3,1097,51.76,18.22,0
4612,2021-08-21,2,PRODUCE,247.343,0,Pichincha,D,3,1097,51.76,18.22,0
6802,2021-08-21,3,BEVERAGES,591.327,0,Guayas,A,4,1729,51.76,18.22,0
8262,2021-08-21,3,CLEANING,0.0,0,Guayas,A,4,1729,51.76,18.22,0
6072,2021-08-21,3,GROCERY I,899.444,0,Guayas,A,4,1729,51.76,18.22,0
7532,2021-08-21,3,PRODUCE,519.005,23,Guayas,A,4,1729,51.76,18.22,0
9722,2021-08-21,5,BEVERAGES,222.787,0,Azuay,B,2,829,51.76,18.22,0
11182,2021-08-21,5,CLEANING,142.435,22,Azuay,B,2,829,51.76,18.22,0
8992,2021-08-21,5,GROCERY I,438.17,0,Azuay,B,2,829,51.76,18.22,0
10452,2021-08-21,5,PRODUCE,148.886,0,Azuay,B,2,829,51.76,18.22,0
12642,2021-08-21,8,BEVERAGES,427.218,0,Guayas,C,1,1447,51.76,18.22,0
14102,2021-08-21,8,CLEANING,196.558,0,Guayas,C,1,1447,51.76,18.22,0
11912,2021-08-21,8,GROCERY I,872.236,0,Guayas,C,1,1447,51.76,18.22,0
13372,2021-08-21,8,PRODUCE,434.82,5,Guayas,C,1,1447,51.76,18.22,0
963,2021-08-22,1,BEVERAGES,271.577,0,Pichincha,D,2,1080,52.3,19.41,0
2423,2021-08-22,1,CLEANING,177.307,23,Pichincha,D,2,1080,52.3,19.41,0
233,2021-08-22,1,GROCERY I,560.436,0,Pichincha,D,2,1080,52.3,19.41,0
1693,2021-08-22,1,PRODUCE,300.348,0,Pichincha,D,2,1080,52.3,19.41,0
3883,2021-08-22,2,BEVERAGES,340.182,0,Pichincha,D,3,923,52.3,19.41,0
5343,2021-08-22,2,CLEANING,137.499,0,Pichincha,D,3,923,52.3,19.41,0
3153,2021-08-22,2,GROCERY I,482.14,0,Pichincha,D,3,923,52.3,19.41,0
4613,2021-08-22,2,PRODUCE,224.432,0,Pichincha,D,3,923,52.3,19.41,0
6803,2021-08-22,3,BEVERAGES,478.004,0,Guayas,A,4,1553,52.3,19.41,0
8263,2021-08-22,3,CLEANING,215.013,0,Guayas,A,4,1553,52.3,19.41,0
6073,2021-08-22,3,GROCERY I,691.513,0,Guayas,A,4,1553,52.3,19.41,0
7533,2021-08-22,3,PRODUCE,326.478,0,Guayas,A,4,1553,52.3,19.41,0
9723,2021-08-22,5,BEVERAGES,251.344,0,Azuay,B,2,663,52.3,19.41,0
11183,2021-08-22,5,CLEANING,106.671,22,Azuay,B,2,663,52.3,19.41,0
8993,2021-08-22,5,GROCERY I,301.273,0,Azuay,B,2,663,52.3,19.41,0
10453,2021-08-22,5,PRODUCE,156.736,0,Azuay,B,2,663,52.3,19.41,0
12643,2021-08-22,8,BEVERAGES,349.788,0,Guayas,C,1,1315,52.3,19.41,0
14103,2021-08-22,8,CLEANING,190.091,0,Guayas,C,1,1315,52.3,19.41,0
11913,2021-08-22,8,GROCERY I,618.291,0,Guayas,C,1,1315,52.3,19.41,0
13373,2021-08-22,8,PRODUCE,303.83,0,Guayas,C,1,1315,52.3,19.41,0
964,2021-08-23,1,BEVERAGES,302.908,0,Pichincha,D,2,905,51.97,19.45,0
2424,2021-08-23,1,CLEANING,136.695,0,Pichincha,D,2,905,51.97,19.45,0
234,2021-08-23,1,GROCERY I,557.29,18,Pichincha,D,2,905,51.97,19.45,0
1694,2021-08-23,1,PRODUCE,198.932,0,Pichincha,D,2,905,51.97,19.45,0
3884,2021-08-23,2,BEVERAGES,290.385,20,Pichincha,D,3,747,51.97,19.45,0
5344,2021-08-23,2,CLEANING,90.909,0,Pichincha,D,3,747,51.97,19.45,0
3154,2021-08-23,2,GROCERY I,401.879,0,Pichincha,D,3,747,51.97,19.45,0
4614,2021-08-23,2,PRODUCE,150.366,0,Pichincha,D,3,747,51.97,19.45,0
6804,2021-08-23,3,BEVERAGES,362.916,0,Guayas,A,4,1201,51.97,19.45,0
8264,2021-08-23,3,CLEANING,149.329,0,Guayas,A,4,1201,51.97,19.45,0
6074,2021-08-23,3,GROCERY I,594.239,0,Guayas,A,4,1201,51.97,19.45,0
7534,2021-08-23,3,PRODUCE,339.63,19,Guayas,A,4,1201,51.97,19.45,0
9724,2021-08-23,5,BEVERAGES,129.432,0,Azuay,B,2,525,51.97,19.45,0
11184,2021-08-23,5,CLEANING,66.024,0,Azuay,B,2,525,51.97,19.45,0
8994,2021-08-23,5,GROCERY I,255.821,0,Azuay,B,2,525,51.97,19.45,0
10454,2021-08-23,5,PRODUCE,136.418,0,Azuay,B,2,525,51.97,19.45,0
12644,2021-08-23,8,BEVERAGES,358.047,0,Guayas,C,1,930,51.97,19.45,0
14104,2021-08-23,8,CLEANING,150.697,0,Guayas,C,1,930,51.97,19.45,0
11914,2021-08-23,8,GROCERY I,429.011,0,Guayas,C,1,930,51.97,19.45,0
13374,2021-08-23,8,PRODUCE,220.438,0,Guayas,C,1,930,51.97,19.45,0
965,2021-08-24,1,BEVERAGES,252.503,0,Pichincha,D,2,827,51.68,17.52,0
2425,2021-08-24,1,CLEANING,116.583,0,Pichincha,D,2,827,51.68,17.52,0
235,2021-08-24,1,GROCERY I,485.52,0,Pichincha,D,2,827,51.68,17.52,0
1695,2021-08-24,1,PRODUCE,239.173,4,Pichincha,D,2,827,51.68,17.52,0
3885,2021-08-24,2,BEVERAGES,230.007,0,Pichincha,D,3,759,51.68,17.52,0
5345,2021-08-24,2,CLEANING,97.632,0,Pichincha,D,3,759,51.68,17.52,0
3155,2021-08-24,2,GROCERY I,407.655,7,Pichincha,D,3,759,51.68,17.52,0
4615,2021-08-24,2,PRODUCE,206.643,12,Pichincha,D,3,759,51.68,17.52,0
6805,2021-08-24,3,BEVERAGES,348.589,0,Guayas,A,4,1176,51.68,17.52,0
8265,2021-08-24,3,CLEANING,151.614,0,Guayas,A,4,1176,51.68,17.52,0
6075,2021-08-24,3,GROCERY I,577.369,0,Guayas,A,4,1176,51.68,17.52,0
7535,2021-08-24,3,PRODUCE,321.597,1,Guayas,A,4,1176,51.68,17.52,0
9725,2021-08-24,5,BEVERAGES,159.264,0,Azuay,B,2,411,51.68,17.52,0
11185,2021-08-24,5,CLEANING,73.453,0,Azuay,B,2,411,51.68,17.52,0
8995,2021-08-24,5,GROCERY I,239.415,0,Azuay,B,2,411,51.68,17.52,0
10455,2021-08-24,5,PRODUCE,106.755,0,Azuay,B,2,411,51.68,17.52,0
12645,2021-08-24,8,BEVERAGES,324.242,0,Guayas,C,1,877,51.68,17.52,0
14105,2021-08-24,8,CLEANING,127.278,0,Guayas,C,1,877,51.68,17.52,0
11915,2021-08-24,8,GROCERY I,425.104,0,Guayas,C,1,877,51.68,17.52,0
13375,2021-08-24,8,PRODUCE,205.068,0,Guayas,C,1,877,51.68,17.52,0
966,2021-08-25,1,BEVERAGES,245.466,0,Pichincha,D,2,975,50.71,19.01,0
2426,2021-08-25,1,CLEANING,104.853,0,Pichincha,D,2,975,50.71,19.01,0
236,2021-08-25,1,GROCERY I,434.205,0,Pichincha,D,2,975,50.71,19.01,0
1696,2021-08-25,1,PRODUCE,298.005,19,Pichincha,D,2,975,50.71,19.01,0
3886,2021-08-25,2,BEVERAGES,224.456,0,Pichincha,D,3,715,50.71,19.01,0
5346,2021-08-25,2,CLEANING,100.927,0,Pichincha,D,3,715,50.71,19.01,0
3156,2021-08-25,2,GROCERY I,316.196,0,Pichincha,D,3,715,50.71,19.01,0
4616,2021-08-25,2,PRODUCE,152.881,0,Pichincha,D,3,715,50.71,19.01,0
6806,2021-08-25,3,BEVERAGES,393.098,0,Guayas,A,4,1254,50.71,19.01,0
8266,2021-08-25,3,CLEANING,150.133,0,Guayas,A,4,1254,50.71,19.01,0
6076,2021-08-25,3,GROCERY I,602.363,0,Guayas,A,4,1254,50.71,19.01,0
7536,2021-08-25,3,PRODUCE,318.139,11,Guayas,A,4,1254,50.71,19.01,0
9726,2021-08-25,5,BEVERAGES,150.198,0,Azuay,B,2,517,50.71,19.01,0
11186,2021-08-25,5,CLEANING,72.125,0,Azuay,B,2,517,50.71,19.01,0
8996,2021-08-25,5,GROCERY I,263.157,0,Azuay,B,2,517,50.71,19.01,0
10456,2021-08-25,5,PRODUCE,115.106,0,Azuay,B,2,517,50.71,19.01,0
12646,2021-08-25,8,BEVERAGES,309.194,0,Guayas,C,1,888,50.71,19.01,0
14106,2021-08-25,8,CLEANING,150.429,1,Guayas,C,1,888,50.71,19.01,0
11916,2021-08-25,8,GROCERY I,462.491,0,Guayas,C,1,888,50.71,19.01,0
13376,2021-08-25,8,PRODUCE,222.172,0,Guayas,C,1,888,50.71,19.01,0
967,2021-08-26,1,BEVERAGES,292.193,0,Pichincha,D,2,838,50.64,18.27,0
2427,2021-08-26,1,CLEANING,123.301,0,Pichincha,D,2,838,50.64,18.27,0
237,2021-08-26,1,GROCERY I,501.799,0,Pichincha,D,2,838,50.64,18.27,0
1697,2021-08-26,1,PRODUCE,207.243,0,Pichincha,D,2,838,50.64,18.27,0
3887,2021-08-26,2,BEVERAGES,249.019,0,Pichincha,D,3,799,50.64,18.27,0
5347,2021-08-26,2,CLEANING,97.653,0,Pichincha,D,3,799,50.64,18.27,0
3157,2021-08-26,2,GROCERY I,327.213,0,Pichincha,D,3,799,50.64,18.27,0
4617,2021-08-26,2,PRODUCE,161.982,0,Pichincha,D,3,799,50.64,18.27,0
6807,2021-08-26,3,BEVERAGES,385.954,0,Guayas,A,4,1255,50.64,18.27,0
8267,2021-08-26,3,CLEANING,178.034,0,Guayas,A,4,1255,50.64,18.27,0
6077,2021-08-26,3,GROCERY I,778.535,13,Guayas,A,4,1255,50.64,18.27,0
7537,2021-08-26,3,PRODUCE,283.947,0,Guayas,A,4,1255,50.64,18.27,0
9727,2021-08-26,5,BEVERAGES,194.644,0,Azuay,B,2,551,50.64,18.27,0
11187,2021-08-26,5,CLEANING,69.308,0,Azuay,B,2,551,50.64,18.27,0
8997,2021-08-26,5,GROCERY I,261.864,0,Azuay,B,2,551,50.64,18.27,0
10457,2021-08-26,5,PRODUCE,118.232,0,Azuay,B,2,551,50.64,18.27,0
12647,2021-08-26,8,BEVERAGES,306.453,0,Guayas,C,1,1036,50.64,18.27,0
14107,2021-08-26,8,CLEANING,137.584,0,Guayas,C,1,1036,50.64,18.27,0
11917,2021-08-26,8,GROCERY I,592.191,0,Guayas,C,1,1036,50.64,18.27,0
13377,2021-08-26,8,PRODUCE,223.857,0,Guayas,C,1,1036,50.64,18.27,0
968,2021-08-27,1,BEVERAGES,359.208,0,Pichincha,D,2,1090,50.16,20.54,0
2428,2021-08-27,1,CLEANING,145.295,0,Pichincha,D,2,1090,50.16,20.54,0
238,2021-08-27,1,GROCERY I,588.455,0,Pichincha,D,2,1090,50.16,20.54,0
1698,2021-08-27,1,PRODUCE,258.134,0,Pichincha,D,2,1090,50.16,20.54,0
3888,2021-08-27,2,BEVERAGES,326.818,0,Pichincha,D,3,870,50.16,20.54,0
5348,2021-08-27,2,CLEANING,120.648,0,Pichincha,D,3,870,50.16,20.54,0
3158,2021-08-27,2,GROCERY I,462.01,0,Pichincha,D,3,870,50.16,20.54,0
4618,2021-08-27,2,PRODUCE,217.22,0,Pichincha,D,3,870,50.16,20.54,0
6808,2021-08-27,3,BEVERAGES,506.031,0,Guayas,A,4,1433,50.16,20.54,0
8268,2021-08-27,3,CLEANING,198.686,0,Guayas,A,4,1433,50.16,20.54,0
6078,2021-08-27,3,GROCERY I,676.061,0,Guayas,A,4,1433,50.16,20.54,0
7538,2021-08-27,3,PRODUCE,432.058,6,Guayas,A,4,1433,50.16,20.54,0
9728,2021-08-27,5,BEVERAGES,202.429,0,Azuay,B,2,682,50.16,20.54,0
11188,2021-08-27,5,CLEANING,75.843,0,Azuay,B,2,682,50.16,20.54,0
8998,2021-08-27,5,GROCERY I,367.487,8,Azuay,B,2,682,50.16,20.54,0
10458,2021-08-27,5,PRODUCE,138.001,0,Azuay,B,2,682,50.16,20.54,0
12648,2021-08-27,8,BEVERAGES,477.769,2,Guayas,C,1,1156,50.16,20.54,0
14108,2021-08-27,8,CLEANING,138.247,0,Guayas,C,1,1156,50.16,20.54,0
11918,2021-08-27,8,GROCERY I,705.559,10,Guayas,C,1,1156,50.16,20.54,0
13378,2021-08-27,8,PRODUCE,326.067,22,Guayas,C,1,1156,50.16,20.54,0
969,2021-08-28,1,BEVERAGES,356.835,0,Pichincha,D,2,1252,49.92,19.23,0
2429,2021-08-28,1,CLEANING,158.834,0,Pichincha,D,2,1252,49.92,19.23,0
239,2021-08-28,1,GROCERY I,634.74,0,Pichincha,D,2,1252,49.92,19.23,0
1699,2021-08-28,1,PRODUCE,314.394,0,Pichincha,D,2,1252,49.92,19.23,0
3889,2021-08-28,2,BEVERAGES,327.132,0,Pichincha,D,3,1142,49.92,19.23,0
5349,2021-08-28,2,CLEANING,127.5,0,Pichincha,D,3,1142,49.92,19.23,0
3159,2021-08-28,2,GROCERY I,549.096,0,Pichincha,D,3,1142,49.92,19.23,0
4619,2021-08-28,2,PRODUCE,221.385,0,Pichincha,D,3,1142,49.92,19.23,0
6809,2021-08-28,3,BEVERAGES,612.711,0,Guayas,A,4,1779,49.92,19.23,0
8269,2021-08-28,3,CLEANING,255.405,0,Guayas,A,4,1779,49.92,19.23,0
6079,2021-08-28,3,GROCERY I,933.866,0,Guayas,A,4,1779,49.92,19.23,0
7539,2021-08-28,3,PRODUCE,374.547,0,Guayas,A,4,1779,49.92,19.23,0
9729,2021-08-28,5,BEVERAGES,295.19,0,Azuay,B,2,862,49.92,19.23,0
11189,2021-08-28,5,CLEANING,90.441,0,Azuay,B,2,862,49.92,19.23,0
8999,2021-08-28,5,GROCERY I,420.249,0,Azuay,B,2,862,49.92,19.23,0
10459,2021-08-28,5,PRODUCE,154.553,0,Azuay,B,2,862,49.92,19.23,0
12649,2021-08-28,8,BEVERAGES,466.873,0,Guayas,C,1,1454,49.92,19.23,0
14109,2021-08-28,8,CLEANING,202.08,0,Guayas,C,1,1454,49.92,19.23,0
11919,2021-08-28,8,GROCERY I,685.914,0,Guayas,C,1,1454,49.92,19.23,0
13379,2021-08-28,8,PRODUCE,329.224,0,Guayas,C,1,1454,49.92,19.23,0
970,2021-08-29,1,BEVERAGES,474.527,4,Pichincha,D,2,1117,49.53,18.73,0
2430,2021-08-29,1,CLEANING,157.694,0,Pichincha,D,2,1117,49.53,18.73,0
240,2021-08-29,1,GROCERY I,596.654,0,Pichincha,D,2,1117,49.53,18.73,0
1700,2021-08-29,1,PRODUCE,276.66,0,Pichincha,D,2,1117,49.53,18.73,0
3890,2021-08-29,2,BEVERAGES,386.499,23,Pichincha,D,3,982,49.53,18.73,0
5350,2021-08-29,2,CLEANING,118.442,0,Pichincha,D,3,982,49.53,18.73,0
3160,2021-08-29,2,GROCERY I,507.791,0,Pichincha,D,3,982,49.53,18.73,0
4620,2021-08-29,2,PRODUCE,229.33,0,Pichincha,D,3,982,49.53,18.73,0
6810,2021-08-29,3,BEVERAGES,481.027,0,Guayas,A,4,1625,49.53,18.73,0
8270,2021-08-29,3,CLEANING,191.391,0,Guayas,A,4,1625,49.53,18.73,0
6080,2021-08-29,3,GROCERY I,799.349,0,Guayas,A,4,1625,49.53,18.73,0
7540,2021-08-29,3,PRODUCE,339.004,0,Guayas,A,4,1625,49.53,18.73,0
9730,2021-08-29,5,BEVERAGES,210.351,0,Azuay,B,2,715,49.53,18.73,0
11190,2021-08-29,5,CLEANING,98.017,0,Azuay,B,2,715,49.53,18.73,0
9000,2021-08-29,5,GROCERY I,327.527,0,Azuay,B,2,715,49.53,18.73,0
10460,2021-08-29,5,PRODUCE,175.47,0,Azuay,B,2,715,49.53,18.73,0
12650,2021-08-29,8,BEVERAGES,386.068,0,Guayas,C,1,1243,49.53,18.73,0
14110,2021-08-29,8,CLEANING,162.983,0,Guayas,C,1,1243,49.53,18.73,0
11920,2021-08-29,8,GROCERY I,667.32,0,Guayas,C,1,1243,49.53,18.73,0
13380,2021-08-29,8,PRODUCE,264.363,0,Guayas,C,1,1243,49.53,18.73,0
971,2021-08-30,1,BEVERAGES,303.79,0,Pichincha,D,2,895,49.49,18.91,0
2431,2021-08-30,1,CLEANING,129.482,0,Pichincha,D,2,895,49.49,18.91,0
241,2021-08-30,1,GROCERY I,525.21,22,Pichincha,D,2,895,49.49,18.91,0
1701,2021-08-30,1,PRODUCE,252.528,2,Pichincha,D,2,895,49.49,18.91,0
3891,2021-08-30,2,BEVERAGES,214.21,0,Pichincha,D,3,701,49.49,18.91,0
5351,2021-08-30,2,CLEANING,100.825,0,Pichincha,D,3,701,49.49,18.91,0
3161,2021-08-30,2,GROCERY I,351.339,0,Pichincha,D,3,701,49.49,18.91,0
4621,2021-08-30,2,PRODUCE,166.609,0,Pichincha,D,3,701,49.49,18.91,0
6811,2021-08-30,3,BEVERAGES,365.213,0,Guayas,A,4,1229,49.49,18.91,0
8271,2021-08-30,3,CLEANING,192.36,20,Guayas,A,4,1229,49.49,18.91,0
6081,2021-08-30,3,GROCERY I,554.613,0,Guayas,A,4,1229,49.49,18.91,0
7541,2021-08-30,3,PRODUCE,295.967,0,Guayas,A,4,1229,49.49,18.91,0
9731,2021-08-30,5,BEVERAGES,151.793,0,Azuay,B,2,581,49.49,18.91,0
11191,2021-08-30,5,CLEANING,86.511,17,Azuay,B,2,581,49.49,18.91,0
9001,2021-08-30,5,GROCERY I,255.132,0,Azuay,B,2,581,49.49,18.91,0
10461,2021-08-30,5,PRODUCE,119.658,0,Azuay,B,2,581,49.49,18.91,0
12651,2021-08-30,8,BEVERAGES,322.198,0,Guayas,C,1,1058,49.49,18.91,0
14111,2021-08-30,8,CLEANING,131.201,0,Guayas,C,1,1058,49.49,18.91,0
11921,2021-08-30,8,GROCERY I,521.791,0,Guayas,C,1,1058,49.49,18.91,0
13381,2021-08-30,8,PRODUCE,288.915,6,Guayas,C,1,1058,49.49,18.91,0
972,2021-08-31,1,BEVERAGES,271.958,0,Pichincha,D,2,745,48.7,19.32,0
2432,2021-08-31,1,CLEANING,116.001,0,Pichincha,D,2,745,48.7,19.32,0
242,2021-08-31,1,GROCERY I,469.219,0,Pichincha,D,2,745,48.7,19.32,0
1702,2021-08-31,1,PRODUCE,195.543,0,Pichincha,D,2,745,48.7,19.32,0
3892,2021-08-31,2,BEVERAGES,180.412,0,Pichincha,D,3,712,48.7,19.32,0
5352,2021-08-31,2,CLEANING,105.555,0,Pichincha,D,3,712,48.7,19.32,0
3162,2021-08-31,2,GROCERY I,298.991,0,Pichincha,D,3,712,48.7,19.32,0
4622,2021-08-31,2,PRODUCE,163.429,20,Pichincha,D,3,712,48.7,19.32,0
6812,2021-08-31,3,BEVERAGES,450.476,24,Guayas,A,4,1190,48.7,19.32,0
8272,2021-08-31,3,CLEANING,197.269,19,Guayas,A,4,1190,48.7,19.32,0
6082,2021-08-31,3,GROCERY I,507.104,0,Guayas,A,4,1190,48.7,19.32,0
7542,2021-08-31,3,PRODUCE,270.0,0,Guayas,A,4,1190,48.7,19.32,0
9732,2021-08-31,5,BEVERAGES,131.347,0,Azuay,B,2,509,48.7,19.32,0
11192,2021-08-31,5,CLEANING,66.118,0,Azuay,B,2,509,48.7,19.32,0
9002,2021-08-31,5,GROCERY I,249.315,0,Azuay,B,2,509,48.7,19.32,0
10462,2021-08-31,5,PRODUCE,126.295,22,Azuay,B,2,509,48.7,19.32,0
12652,2021-08-31,8,BEVERAGES,310.229,0,Guayas,C,1,970,48.7,19.32,0
14112,2021-08-31,8,CLEANING,124.831,0,Guayas,C,1,970,48.7,19.32,0
11922,2021-08-31,8,GROCERY I,486.417,0,Guayas,C,1,970,48.7,19.32,0
13382,2021-08-31,8,PRODUCE,252.952,15,Guayas,C,1,970,48.7,19.32,0
973,2021-09-01,1,BEVERAGES,254.232,0,Pichincha,D,2,880,48.03,19.81,0
2433,2021-09-01,1,CLEANING,110.004,0,Pichincha,D,2,880,48.03,19.81,0
243,2021-09-01,1,GROCERY I,451.427,0,Pichincha,D,2,880,48.03,19.81,0
1703,2021-09-01,1,PRODUCE,197.472,0,Pichincha,D,2,880,48.03,19.81,0
3893,2021-09-01,2,BEVERAGES,229.905,0,Pichincha,D,3,781,48.03,19.81,0
5353,2021-09-01,2,CLEANING,104.453,0,Pichincha,D,3,781,48.03,19.81,0
3163,2021-09-01,2,GROCERY I,336.062,14,Pichincha,D,3,781,48.03,19.81,0
4623,2021-09-01,2,PRODUCE,179.837,0,Pichincha,D,3,781,48.03,19.81,0
6813,2021-09-01,3,BEVERAGES,366.86,0,Guayas,A,4,1102,48.03,19.81,0
8273,2021-09-01,3,CLEANING,204.876,19,Guayas,A,4,1102,48.03,19.81,0
6083,2021-09-01,3,GROCERY I,661.236,11,Guayas,A,4,1102,48.03,19.81,0
7543,2021-09-01,3,PRODUCE,294.173,0,Guayas,A,4,1102,48.03,19.81,0
9733,2021-09-01,5,BEVERAGES,173.826,0,Azuay,B,2,579,48.03,19.81,0
11193,2021-09-01,5,CLEANING,69.229,0,Azuay,B,2,579,48.03,19.81,0
9003,2021-09-01,5,GROCERY I,259.668,0,Azuay,B,2,579,48.03,19.81,0
10463,2021-09-01,5,PRODUCE,104.264,0,Azuay,B,2,579,48.03,19.81,0
12653,2021-09-01,8,BEVERAGES,391.203,12,Guayas,C,1,920,48.03,19.81,0
14113,2021-09-01,8,CLEANING,116.976,0,Guayas,C,1,920,48.03,19.81,0
11923,2021-09-01,8,GROCERY I,475.989,0,Guayas,C,1,920,48.03,19.81,0
13383,2021-09-01,8,PRODUCE,223.711,0,Guayas,C,1,920,48.03,19.81,0
974,2021-09-02,1,BEVERAGES,267.251,0,Pichincha,D,2,1004,48.99,17.49,0
2434,2021-09-02,1,CLEANING,121.264,0,Pichincha,D,2,1004,48.99,17.49,0
244,2021-09-02,1,GROCERY I,405.185,0,Pichincha,D,2,1004,48.99,17.49,0
1704,2021-09-02,1,PRODUCE,197.213,0,Pichincha,D,2,1004,48.99,17.49,0
3894,2021-09-02,2,BEVERAGES,302.391,22,Pichincha,D,3,724,48.99,17.49,0
5354,2021-09-02,2,CLEANING,130.017,22,Pichincha,D,3,724,48.99,17.49,0
3164,2021-09-02,2,GROCERY I,467.269,0,Pichincha,D,3,724,48.99,17.49,0
4624,2021-09-02,2,PRODUCE,174.98,0,Pichincha,D,3,724,48.99,17.49,0
6814,2021-09-02,3,BEVERAGES,405.962,7,Guayas,A,4,1257,48.99,17.49,0
8274,2021-09-02,3,CLEANING,144.116,0,Guayas,A,4,1257,48.99,17.49,0
6084,2021-09-02,3,GROCERY I,530.698,0,Guayas,A,4,1257,48.99,17.49,0
7544,2021-09-02,3,PRODUCE,316.602,0,Guayas,A,4,1257,48.99,17.49,0
9734,2021-09-02,5,BEVERAGES,155.387,0,Azuay,B,2,551,48.99,17.49,0
11194,2021-09-02,5,CLEANING,70.881,15,Azuay,B,2,551,48.99,17.49,0
9004,2021-09-02,5,GROCERY I,276.11,0,Azuay,B,2,551,48.99,17.49,0
10464,2021-09-02,5,PRODUCE,119.892,0,Azuay,B,2,551,48.99,17.49,0
12654,2021-09-02,8,BEVERAGES,295.288,0,Guayas,C,1,996,48.99,17.49,0
14114,2021-09-02,8,CLEANING,134.155,0,Guayas,C,1,996,48.99,17.49,0
11924,2021-09-02,8,GROCERY I,447.551,0,Guayas,C,1,996,48.99,17.49,0
13384,2021-09-02,8,PRODUCE,229.067,0,Guayas,C,1,996,48.99,17.49,0
975,2021-09-03,1,BEVERAGES,376.731,0,Pichincha,D,2,1062,48.41,17.37,0
2435,2021-09-03,1,CLEANING,144.571,0,Pichincha,D,2,1062,48.41,17.37,0
245,2021-09-03,1,GROCERY I,541.781,0,Pichincha,D,2,1062,48.41,17.37,0
1705,2021-09-03,1,PRODUCE,251.929,0,Pichincha,D,2,1062,48.41,17.37,0
3895,2021-09-03,2,BEVERAGES,279.465,0,Pichincha,D,3,872,48.41,17.37,0
5355,2021-09-03,2,CLEANING,145.444,6,Pichincha,D,3,872,48.41,17.37,0
3165,2021-09-03,2,GROCERY I,558.486,18,Pichincha,D,3,872,48.41,17.37,0
4625,2021-09-03,2,PRODUCE,207.42,0,Pichincha,D,3,872,48.41,17.37,0
6815,2021-09-03,3,BEVERAGES,544.984,0,Guayas,A,4,1449,48.41,17.37,0
8275,2021-09-03,3,CLEANING,200.533,0,Guayas,A,4,1449,48.41,17.37,0
6085,2021-09-03,3,GROCERY I,733.315,0,Guayas,A,4,1449,48.41,17.37,0
7545,2021-09-03,3,PRODUCE,289.527,0,Guayas,A,4,1449,48.41,17.37,0
9735,2021-09-03,5,BEVERAGES,190.235,0,Azuay,B,2,701,48.41,17.37,0
11195,2021-09-03,5,CLEANING,80.487,0,Azuay,B,2,701,48.41,17.37,0
9005,2021-09-03,5,GROCERY I,425.642,24,Azuay,B,2,701,48.41,17.37,0
10465,2021-09-03,5,PRODUCE,112.934,0,Azuay,B,2,701,48.41,17.37,0
12655,2021-09-03,8,BEVERAGES,392.327,0,Guayas,C,1,1226,48.41,17.37,0
14115,2021-09-03,8,CLEANING,139.0,0,Guayas,C,1,1226,48.41,17.37,0
11925,2021-09-03,8,GROCERY I,545.251,0,Guayas,C,1,1226,48.41,17.37,0
13385,2021-09-03,8,PRODUCE,305.225,0,Guayas,C,1,1226,48.41,17.37,0
976,2021-09-04,1,BEVERAGES,432.105,23,Pichincha,D,2,1317,47.92,20.32,0
2436,2021-09-04,1,CLEANING,175.273,0,Pichincha,D,2,1317,47.92,20.32,0
246,2021-09-04,1,GROCERY I,728.899,0,Pichincha,D,2,1317,47.92,20.32,0
1706,2021-09-04,1,PRODUCE,344.042,0,Pichincha,D,2,1317,47.92,20.32,0
3896,2021-09-04,2,BEVERAGES,290.331,0,Pichincha,D,3,1106,47.92,20.32,0
5356,2021-09-04,2,CLEANING,139.742,0,Pichincha,D,3,1106,47.92,20.32,0
3166,2021-09-04,2,GROCERY I,525.883,0,Pichincha,D,3,1106,47.92,20.32,0
4626,2021-09-04,2,PRODUCE,316.813,6,Pichincha,D,3,1106,47.92,20.32,0
6816,2021-09-04,3,BEVERAGES,588.113,0,Guayas,A,4,1731,47.92,20.32,0
8276,2021-09-04,3,CLEANING,214.769,0,Guayas,A,4,1731,47.92,20.32,0
6086,2021-09-04,3,GROCERY I,946.76,0,Guayas,A,4,1731,47.92,20.32,0
7546,2021-09-04,3,PRODUCE,402.334,0,Guayas,A,4,1731,47.92,20.32,0
9736,2021-09-04,5,BEVERAGES,260.971,0,Azuay,B,2,819,47.92,20.32,0
11196,2021-09-04,5,CLEANING,95.904,0,Azuay,B,2,819,47.92,20.32,0
9006,2021-09-04,5,GROCERY I,321.764,0,Azuay,B,2,819,47.92,20.32,0
10466,2021-09-04,5,PRODUCE,182.574,0,Azuay,B,2,819,47.92,20.32,0
12656,2021-09-04,8,BEVERAGES,496.481,0,Guayas,C,1,1388,47.92,20.32,0
14116,2021-09-04,8,CLEANING,180.078,0,Guayas,C,1,1388,47.92,20.32,0
11926,2021-09-04,8,GROCERY I,595.556,0,Guayas,C,1,1388,47.92,20.32,0
13386,2021-09-04,8,PRODUCE,334.145,0,Guayas,C,1,1388,47.92,20.32,0
977,2021-09-05,1,BEVERAGES,395.169,0,Pichincha,D,2,1187,48.75,18.14,0
2437,2021-09-05,1,CLEANING,202.927,18,Pichincha,D,2,1187,48.75,18.14,0
247,2021-09-05,1,GROCERY I,670.113,12,Pichincha,D,2,1187,48.75,18.14,0
1707,2021-09-05,1,PRODUCE,346.248,18,Pichincha,D,2,1187,48.75,18.14,0
3897,2021-09-05,2,BEVERAGES,303.221,0,Pichincha,D,3,1066,48.75,18.14,0
5357,2021-09-05,2,CLEANING,107.643,0,Pichincha,D,3,1066,48.75,18.14,0
3167,2021-09-05,2,GROCERY I,468.448,0,Pichincha,D,3,1066,48.75,18.14,0
4627,2021-09-05,2,PRODUCE,237.714,0,Pichincha,D,3,1066,48.75,18.14,0
6817,2021-09-05,3,BEVERAGES,568.31,7,Guayas,A,4,1540,48.75,18.14,0
8277,2021-09-05,3,CLEANING,220.533,0,Guayas,A,4,1540,48.75,18.14,0
6087,2021-09-05,3,GROCERY I,1035.751,6,Guayas,A,4,1540,48.75,18.14,0
7547,2021-09-05,3,PRODUCE,329.207,0,Guayas,A,4,1540,48.75,18.14,0
9737,2021-09-05,5,BEVERAGES,226.322,0,Azuay,B,2,702,48.75,18.14,0
11197,2021-09-05,5,CLEANING,94.348,0,Azuay,B,2,702,48.75,18.14,0
9007,2021-09-05,5,GROCERY I,401.912,3,Azuay,B,2,702,48.75,18.14,0
10467,2021-09-05,5,PRODUCE,139.923,0,Azuay,B,2,702,48.75,18.14,0
12657,2021-09-05,8,BEVERAGES,405.431,0,Guayas,C,1,1308,48.75,18.14,0
14117,2021-09-05,8,CLEANING,149.009,0,Guayas,C,1,1308,48.75,18.14,0
11927,2021-09-05,8,GROCERY I,599.13,0,Guayas,C,1,1308,48.75,18.14,0
13387,2021-09-05,8,PRODUCE,290.531,0,Guayas,C,1,1308,48.75,18.14,0
978,2021-09-06,1,BEVERAGES,277.966,0,Pichincha,D,2,883,50.05,16.67,0
2438,2021-09-06,1,CLEANING,121.221,0,Pichincha,D,2,883,50.05,16.67,0
248,2021-09-06,1,GROCERY I,454.498,0,Pichincha,D,2,883,50.05,16.67,0
1708,2021-09-06,1,PRODUCE,205.72,0,Pichincha,D,2,883,50.05,16.67,0
3898,2021-09-06,2,BEVERAGES,236.46,0,Pichincha,D,3,726,50.05,16.67,0
5358,2021-09-06,2,CLEANING,89.558,0,Pichincha,D,3,726,50.05,16.67,0
3168,2021-09-06,2,GROCERY I,311.5,0,Pichincha,D,3,726,50.05,16.67,0
4628,2021-09-06,2,PRODUCE,166.847,0,Pichincha,D,3,726,50.05,16.67,0
6818,2021-09-06,3,BEVERAGES,314.744,0,Guayas,A,4,1206,50.05,16.67,0
8278,2021-09-06,3,CLEANING,186.206,0,Guayas,A,4,1206,50.05,16.67,0
6088,2021-09-06,3,GROCERY I,531.181,0,Guayas,A,4,1206,50.05,16.67,0
7548,2021-09-06,3,PRODUCE,240.801,0,Guayas,A,4,1206,50.05,16.67,0
9738,2021-09-06,5,BEVERAGES,152.873,0,Azuay,B,2,465,50.05,16.67,0
11198,2021-09-06,5,CLEANING,58.861,0,Azuay,B,2,465,50.05,16.67,0
9008,2021-09-06,5,GROCERY I,248.14,0,Azuay,B,2,465,50.05,16.67,0
10468,2021-09-06,5,PRODUCE,118.805,0,Azuay,B,2,465,50.05,16.67,0
12658,2021-09-06,8,BEVERAGES,370.387,0,Guayas,C,1,968,50.05,16.67,0
14118,2021-09-06,8,CLEANING,119.349,0,Guayas,C,1,968,50.05,16.67,0
11928,2021-09-06,8,GROCERY I,460.136,0,Guayas,C,1,968,50.05,16.67,0
13388,2021-09-06,8,PRODUCE,226.604,0,Guayas,C,1,968,50.05,16.67,0
979,2021-09-07,1,BEVERAGES,264.306,0,Pichincha,D,2,825,49.53,19.22,0
2439,2021-09-07,1,CLEANING,119.179,18,Pichincha,D,2,825,49.53,19.22,0
249,2021-09-07,1,GROCERY I,433.089,0,Pichincha,D,2,825,49.53,19.22,0
1709,2021-09-07,1,PRODUCE,203.777,0,Pichincha,D,2,825,49.53,19.22,0
3899,2021-09-07,2,BEVERAGES,200.741,0,Pichincha,D,3,746,49.53,19.22,0
5359,2021-09-07,2,CLEANING,84.889,0,Pichincha,D,3,746,49.53,19.22,0
3169,2021-09-07,2,GROCERY I,382.689,15,Pichincha,D,3,746,49.53,19.22,0
4629,2021-09-07,2,PRODUCE,199.409,4,Pichincha,D,3,746,49.53,19.22,0
6819,2021-09-07,3,BEVERAGES,353.539,0,Guayas,A,4,1121,49.53,19.22,0
8279,2021-09-07,3,CLEANING,115.279,0,Guayas,A,4,1121,49.53,19.22,0
6089,2021-09-07,3,GROCERY I,595.856,0,Guayas,A,4,1121,49.53,19.22,0
7549,2021-09-07,3,PRODUCE,236.926,0,Guayas,A,4,1121,49.53,19.22,0
9739,2021-09-07,5,BEVERAGES,146.585,0,Azuay,B,2,560,49.53,19.22,0
11199,2021-09-07,5,CLEANING,85.604,13,Azuay,B,2,560,49.53,19.22,0
9009,2021-09-07,5,GROCERY I,230.232,0,Azuay,B,2,560,49.53,19.22,0
10469,2021-09-07,5,PRODUCE,112.712,0,Azuay,B,2,560,49.53,19.22,0
12659,2021-09-07,8,BEVERAGES,287.206,0,Guayas,C,1,973,49.53,19.22,0
14119,2021-09-07,8,CLEANING,97.554,0,Guayas,C,1,973,49.53,19.22,0
11929,2021-09-07,8,GROCERY I,430.546,0,Guayas,C,1,973,49.53,19.22,0
13389,2021-09-07,8,PRODUCE,246.047,0,Guayas,C,1,973,49.53,19.22,0
980,2021-09-08,1,BEVERAGES,230.279,0,Pichincha,D,2,769,49.36,19.2,0
2440,2021-09-08,1,CLEANING,108.336,0,Pichincha,D,2,769,49.36,19.2,0
250,2021-09-08,1,GROCERY I,382.023,0,Pichincha,D,2,769,49.36,19.2,0
1710,2021-09-08,1,PRODUCE,178.004,0,Pichincha,D,2,769,49.36,19.2,0
3900,2021-09-08,2,BEVERAGES,195.571,0,Pichincha,D,3,752,49.36,19.2,0
5360,2021-09-08,2,CLEANING,98.221,0,Pichincha,D,3,752,49.36,19.2,0
3170,2021-09-08,2,GROCERY I,398.928,0,Pichincha,D,3,752,49.36,19.2,0
4630,2021-09-08,2,PRODUCE,163.324,0,Pichincha,D,3,752,49.36,19.2,0
6820,2021-09-08,3,BEVERAGES,347.385,0,Guayas,A,4,1184,49.36,19.2,0
8280,2021-09-08,3,CLEANING,144.737,0,Guayas,A,4,1184,49.36,19.2,0
6090,2021-09-08,3,GROCERY I,572.261,0,Guayas,A,4,1184,49.36,19.2,0
7550,2021-09-08,3,PRODUCE,253.26,0,Guayas,A,4,1184,49.36,19.2,0
9740,2021-09-08,5,BEVERAGES,131.333,0,Azuay,B,2,540,49.36,19.2,0
11200,2021-09-08,5,CLEANING,75.977,0,Azuay,B,2,540,49.36,19.2,0
9010,2021-09-08,5,GROCERY I,257.998,0,Azuay,B,2,540,49.36,19.2,0
10470,2021-09-08,5,PRODUCE,146.786,16,Azuay,B,2,540,49.36,19.2,0
12660,2021-09-08,8,BEVERAGES,251.909,0,Guayas,C,1,949,49.36,19.2,0
14120,2021-09-08,8,CLEANING,120.129,0,Guayas,C,1,949,49.36,19.2,0
11930,2021-09-08,8,GROCERY I,472.975,0,Guayas,C,1,949,49.36,19.2,0
13390,2021-09-08,8,PRODUCE,210.626,0,Guayas,C,1,949,49.36,19.2,0
981,2021-09-09,1,BEVERAGES,286.035,0,Pichincha,D,2,949,49.51,16.35,0
2441,2021-09-09,1,CLEANING,123.371,0,Pichincha,D,2,949,49.51,16.35,0
251,2021-09-09,1,GROCERY I,572.727,3,Pichincha,D,2,949,49.51,16.35,0
1711,2021-09-09,1,PRODUCE,200.886,0,Pichincha,D,2,949,49.51,16.35,0
3901,2021-09-09,2,BEVERAGES,231.839,0,Pichincha,D,3,755,49.51,16.35,0
5361,2021-09-09,2,CLEANING,131.691,21,Pichincha,D,3,755,49.51,16.35,0
3171,2021-09-09,2,GROCERY I,389.085,0,Pichincha,D,3,755,49.51,16.35,0
4631,2021-09-09,2,PRODUCE,163.16,0,Pichincha,D,3,755,49.51,16.35,0
6821,2021-09-09,3,BEVERAGES,388.595,0,Guayas,A,4,1234,49.51,16.35,0
8281,2021-09-09,3,CLEANING,167.742,0,Guayas,A,4,1234,49.51,16.35,0
6091,2021-09-09,3,GROCERY I,474.536,0,Guayas,A,4,1234,49.51,16.35,0
7551,2021-09-09,3,PRODUCE,269.939,0,Guayas,A,4,1234,49.51,16.35,0
9741,2021-09-09,5,BEVERAGES,135.423,0,Azuay,B,2,583,49.51,16.35,0
11201,2021-09-09,5,CLEANING,58.9,0,Azuay,B,2,583,49.51,16.35,0
9011,2021-09-09,5,GROCERY I,287.305,0,Azuay,B,2,583,49.51,16.35,0
10471,2021-09-09,5,PRODUCE,123.15,0,Azuay,B,2,583,49.51,16.35,0
12661,2021-09-09,8,BEVERAGES,293.163,0,Guayas,C,1,988,49.51,16.35,0
14121,2021-09-09,8,CLEANING,138.926,0,Guayas,C,1,988,49.51,16.35,0
11931,2021-09-09,8,GROCERY I,462.41,0,Guayas,C,1,988,49.51,16.35,0
13391,2021-09-09,8,PRODUCE,228.584,0,Guayas,C,1,988,49.51,16.35,0
982,2021-09-10,1,BEVERAGES,356.453,0,Pichincha,D,2,1080,50.29,18.76,0
2442,2021-09-10,1,CLEANING,155.989,0,Pichincha,D,2,1080,50.29,18.76,0
252,2021-09-10,1,GROCERY I,457.431,0,Pichincha,D,2,1080,50.29,18.76,0
1712,2021-09-10,1,PRODUCE,260.179,0,Pichincha,D,2,1080,50.29,18.76,0
3902,2021-09-10,2,BEVERAGES,292.706,0,Pichincha,D,3,929,50.29,18.76,0
5362,2021-09-10,2,CLEANING,123.621,0,Pichincha,D,3,929,50.29,18.76,0
3172,2021-09-10,2,GROCERY I,398.649,0,Pichincha,D,3,929,50.29,18.76,0
4632,2021-09-10,2,PRODUCE,168.238,0,Pichincha,D,3,929,50.29,18.76,0
6822,2021-09-10,3,BEVERAGES,366.665,0,Guayas,A,4,1496,50.29,18.76,0
8282,2021-09-10,3,CLEANING,190.884,0,Guayas,A,4,1496,50.29,18.76,0
6092,2021-09-10,3,GROCERY I,683.955,0,Guayas,A,4,1496,50.29,18.76,0
7552,2021-09-10,3,PRODUCE,305.496,0,Guayas,A,4,1496,50.29,18.76,0
9742,2021-09-10,5,BEVERAGES,206.951,0,Azuay,B,2,665,50.29,18.76,0
11202,2021-09-10,5,CLEANING,81.326,0,Azuay,B,2,665,50.29,18.76,0
9012,2021-09-10,5,GROCERY I,283.864,0,Azuay,B,2,665,50.29,18.76,0
10472,2021-09-10,5,PRODUCE,146.615,0,Azuay,B,2,665,50.29,18.76,0
12662,2021-09-10,8,BEVERAGES,347.625,0,Guayas,C,1,1162,50.29,18.76,0
14122,2021-09-10,8,CLEANING,157.605,0,Guayas,C,1,1162,50.29,18.76,0
11932,2021-09-10,8,GROCERY I,555.209,0,Guayas,C,1,1162,50.29,18.76,0
13392,2021-09-10,8,PRODUCE,264.991,0,Guayas,C,1,1162,50.29,18.76,0
983,2021-09-11,1,BEVERAGES,356.543,0,Pichincha,D,2,1262,49.85,19.42,0
2443,2021-09-11,1,CLEANING,189.812,0,Pichincha,D,2,1262,49.85,19.42,0
253,2021-09-11,1,GROCERY I,592.21,0,Pichincha,D,2,1262,49.85,19.42,0
1713,2021-09-11,1,PRODUCE,326.122,0,Pichincha,D,2,1262,49.85,19.42,0
3903,2021-09-11,2,BEVERAGES,344.134,0,Pichincha,D,3,1091,49.85,19.42,0
5363,2021-09-11,2,CLEANING,153.904,0,Pichincha,D,3,1091,49.85,19.42,0
3173,2021-09-11,2,GROCERY I,456.886,0,Pichincha,D,3,1091,49.85,19.42,0
4633,2021-09-11,2,PRODUCE,239.95,0,Pichincha,D,3,1091,49.85,19.42,0
6823,2021-09-11,3,BEVERAGES,523.098,0,Guayas,A,4,1776,49.85,19.42,0
8283,2021-09-11,3,CLEANING,248.476,0,Guayas,A,4,1776,49.85,19.42,0
6093,2021-09-11,3,GROCERY I,990.801,21,Guayas,A,4,1776,49.85,19.42,0
7553,2021-09-11,3,PRODUCE,387.233,0,Guayas,A,4,1776,49.85,19.42,0
9743,2021-09-11,5,BEVERAGES,250.606,0,Azuay,B,2,807,49.85,19.42,0
11203,2021-09-11,5,CLEANING,124.205,2,Azuay,B,2,807,49.85,19.42,0
9013,2021-09-11,5,GROCERY I,414.354,0,Azuay,B,2,807,49.85,19.42,0
10473,2021-09-11,5,PRODUCE,180.002,0,Azuay,B,2,807,49.85,19.42,0
12663,2021-09-11,8,BEVERAGES,466.124,0,Guayas,C,1,1517,49.85,19.42,0
14123,2021-09-11,8,CLEANING,204.271,0,Guayas,C,1,1517,49.85,19.42,0
11933,2021-09-11,8,GROCERY I,657.115,0,Guayas,C,1,1517,49.85,19.42,0
13393,2021-09-11,8,PRODUCE,259.234,0,Guayas,C,1,1517,49.85,19.42,0
984,2021-09-12,1,BEVERAGES,370.237,0,Pichincha,D,2,1149,49.74,18.86,0
2444,2021-09-12,1,CLEANING,210.237,24,Pichincha,D,2,1149,49.74,18.86,0
254,2021-09-12,1,GROCERY I,601.766,0,Pichincha,D,2,1149,49.74,18.86,0
1714,2021-09-12,1,PRODUCE,285.502,13,Pichincha,D,2,1149,49.74,18.86,0
3904,2021-09-12,2,BEVERAGES,267.005,0,Pichincha,D,3,956,49.74,18.86,0
5364,2021-09-12,2,CLEANING,122.401,0,Pichincha,D,3,956,49.74,18.86,0
3174,2021-09-12,2,GROCERY I,428.183,0,Pichincha,D,3,956,49.74,18.86,0
4634,2021-09-12,2,PRODUCE,231.343,0,Pichincha,D,3,956,49.74,18.86,0
6824,2021-09-12,3,BEVERAGES,459.952,0,Guayas,A,4,1561,49.74,18.86,0
8284,2021-09-12,3,CLEANING,201.723,0,Guayas,A,4,1561,49.74,18.86,0
6094,2021-09-12,3,GROCERY I,820.154,0,Guayas,A,4,1561,49.74,18.86,0
7554,2021-09-12,3,PRODUCE,413.605,0,Guayas,A,4,1561,49.74,18.86,0
9744,2021-09-12,5,BEVERAGES,255.775,2,Azuay,B,2,745,49.74,18.86,0
11204,2021-09-12,5,CLEANING,91.873,0,Azuay,B,2,745,49.74,18.86,0
9014,2021-09-12,5,GROCERY I,273.986,0,Azuay,B,2,745,49.74,18.86,0
10474,2021-09-12,5,PRODUCE,170.637,19,Azuay,B,2,745,49.74,18.86,0
12664,2021-09-12,8,BEVERAGES,417.064,0,Guayas,C,1,1244,49.74,18.86,0
14124,2021-09-12,8,CLEANING,148.764,0,Guayas,C,1,1244,49.74,18.86,0
11934,2021-09-12,8,GROCERY I,599.076,0,Guayas,C,1,1244,49.74,18.86,0
13394,2021-09-12,8,PRODUCE,277.671,0,Guayas,C,1,1244,49.74,18.86,0
985,2021-09-13,1,BEVERAGES,277.595,0,Pichincha,D,2,865,50.09,19.17,0
2445,2021-09-13,1,CLEANING,142.549,23,Pichincha,D,2,865,50.09,19.17,0
255,2021-09-13,1,GROCERY I,440.1,0,Pichincha,D,2,865,50.09,19.17,0
1715,2021-09-13,1,PRODUCE,186.931,0,Pichincha,D,2,865,50.09,19.17,0
3905,2021-09-13,2,BEVERAGES,228.16,0,Pichincha,D,3,683,50.09,19.17,0
5365,2021-09-13,2,CLEANING,86.154,0,Pichincha,D,3,683,50.09,19.17,0
3175,2021-09-13,2,GROCERY I,339.073,0,Pichincha,D,3,683,50.09,19.17,0
4635,2021-09-13,2,PRODUCE,168.346,0,Pichincha,D,3,683,50.09,19.17,0
6825,2021-09-13,3,BEVERAGES,364.792,0,Guayas,A,4,1248,50.09,19.17,0
8285,2021-09-13,3,CLEANING,148.249,0,Guayas,A,4,1248,50.09,19.17,0
6095,2021-09-13,3,GROCERY I,529.73,0,Guayas,A,4,1248,50.09,19.17,0
7555,2021-09-13,3,PRODUCE,222.538,0,Guayas,A,4,1248,50.09,19.17,0
9745,2021-09-13,5,BEVERAGES,160.525,0,Azuay,B,2,514,50.09,19.17,0
11205,2021-09-13,5,CLEANING,53.305,0,Azuay,B,2,514,50.09,19.17,0
9015,2021-09-13,5,GROCERY I,257.422,0,Azuay,B,2,514,50.09,19.17,0
10475,2021-09-13,5,PRODUCE,133.726,0,Azuay,B,2,514,50.09,19.17,0
12665,2021-09-13,8,BEVERAGES,305.259,0,Guayas,C,1,1120,50.09,19.17,0
14125,2021-09-13,8,CLEANING,121.014,0,Guayas,C,1,1120,50.09,19.17,0
11935,2021-09-13,8,GROCERY I,482.262,0,Guayas,C,1,1120,50.09,19.17,0
13395,2021-09-13,8,PRODUCE,233.588,0,Guayas,C,1,1120,50.09,19.17,0
986,2021-09-14,1,BEVERAGES,250.537,0,Pichincha,D,2,829,50.28,16.27,0
2446,2021-09-14,1,CLEANING,119.187,0,Pichincha,D,2,829,50.28,16.27,0
256,2021-09-14,1,GROCERY I,400.503,0,Pichincha,D,2,829,50.28,16.27,0
1716,2021-09-14,1,PRODUCE,225.789,0,Pichincha,D,2,829,50.28,16.27,0
3906,2021-09-14,2,BEVERAGES,235.032,0,Pichincha,D,3,724,50.28,16.27,0
5366,2021-09-14,2,CLEANING,90.864,0,Pichincha,D,3,724,50.28,16.27,0
3176,2021-09-14,2,GROCERY I,399.166,0,Pichincha,D,3,724,50.28,16.27,0
4636,2021-09-14,2,PRODUCE,139.625,0,Pichincha,D,3,724,50.28,16.27,0
6826,2021-09-14,3,BEVERAGES,350.866,0,Guayas,A,4,1177,50.28,16.27,0
8286,2021-09-14,3,CLEANING,136.528,0,Guayas,A,4,1177,50.28,16.27,0
6096,2021-09-14,3,GROCERY I,583.205,0,Guayas,A,4,1177,50.28,16.27,0
7556,2021-09-14,3,PRODUCE,280.448,0,Guayas,A,4,1177,50.28,16.27,0
9746,2021-09-14,5,BEVERAGES,142.763,0,Azuay,B,2,533,50.28,16.27,0
11206,2021-09-14,5,CLEANING,65.874,0,Azuay,B,2,533,50.28,16.27,0
9016,2021-09-14,5,GROCERY I,217.132,0,Azuay,B,2,533,50.28,16.27,0
10476,2021-09-14,5,PRODUCE,136.186,12,Azuay,B,2,533,50.28,16.27,0
12666,2021-09-14,8,BEVERAGES,298.893,0,Guayas,C,1,945,50.28,16.27,0
14126,2021-09-14,8,CLEANING,132.207,0,Guayas,C,1,945,50.28,16.27,0
11936,2021-09-14,8,GROCERY I,483.562,2,Guayas,C,1,945,50.28,16.27,0
13396,2021-09-14,8,PRODUCE,216.251,0,Guayas,C,1,945,50.28,16.27,0
987,2021-09-15,1,BEVERAGES,289.64,0,Pichincha,D,2,900,50.11,18.65,0
2447,2021-09-15,1,CLEANING,98.022,0,Pichincha,D,2,900,50.11,18.65,0
257,2021-09-15,1,GROCERY I,433.175,0,Pichincha,D,2,900,50.11,18.65,0
1717,2021-09-15,1,PRODUCE,192.523,0,Pichincha,D,2,900,50.11,18.65,0
3907,2021-09-15,2,BEVERAGES,196.884,0,Pichincha,D,3,782,50.11,18.65,0
5367,2021-09-15,2,CLEANING,86.285,0,Pichincha,D,3,782,50.11,18.65,0
3177,2021-09-15,2,GROCERY I,335.048,0,Pichincha,D,3,782,50.11,18.65,0
4637,2021-09-15,2,PRODUCE,171.64,0,Pichincha,D,3,782,50.11,18.65,0
6827,2021-09-15,3,BEVERAGES,364.244,0,Guayas,A,4,1178,50.11,18.65,0
8287,2021-09-15,3,CLEANING,135.77,0,Guayas,A,4,1178,50.11,18.65,0
6097,2021-09-15,3,GROCERY I,555.94,0,Guayas,A,4,1178,50.11,18.65,0
7557,2021-09-15,3,PRODUCE,256.86,0,Guayas,A,4,1178,50.11,18.65,0
9747,2021-09-15,5,BEVERAGES,174.547,0,Azuay,B,2,489,50.11,18.65,0
11207,2021-09-15,5,CLEANING,63.381,0,Azuay,B,2,489,50.11,18.65,0
9017,2021-09-15,5,GROCERY I,224.935,0,Azuay,B,2,489,50.11,18.65,0
10477,2021-09-15,5,PRODUCE,109.139,0,Azuay,B,2,489,50.11,18.65,0
12667,2021-09-15,8,BEVERAGES,345.278,0,Guayas,C,1,922,50.11,18.65,0
14127,2021-09-15,8,CLEANING,122.544,0,Guayas,C,1,922,50.11,18.65,0
11937,2021-09-15,8,GROCERY I,474.626,0,Guayas,C,1,922,50.11,18.65,0
13397,2021-09-15,8,PRODUCE,237.436,0,Guayas,C,1,922,50.11,18.65,0
988,2021-09-16,1,BEVERAGES,228.058,0,Pichincha,D,2,861,50.05,17.71,0
2448,2021-09-16,1,CLEANING,123.894,0,Pichincha,D,2,861,50.05,17.71,0
258,2021-09-16,1,GROCERY I,438.032,0,Pichincha,D,2,861,50.05,17.71,0
1718,2021-09-16,1,PRODUCE,234.981,0,Pichincha,D,2,861,50.05,17.71,0
3908,2021-09-16,2,BEVERAGES,234.108,0,Pichincha,D,3,786,50.05,17.71,0
5368,2021-09-16,2,CLEANING,103.399,0,Pichincha,D,3,786,50.05,17.71,0
3178,2021-09-16,2,GROCERY I,392.661,1,Pichincha,D,3,786,50.05,17.71,0
4638,2021-09-16,2,PRODUCE,160.601,0,Pichincha,D,3,786,50.05,17.71,0
6828,2021-09-16,3,BEVERAGES,435.899,0,Guayas,A,4,1150,50.05,17.71,0
8288,2021-09-16,3,CLEANING,150.036,0,Guayas,A,4,1150,50.05,17.71,0
6098,2021-09-16,3,GROCERY I,516.414,0,Guayas,A,4,1150,50.05,17.71,0
7558,2021-09-16,3,PRODUCE,318.875,5,Guayas,A,4,1150,50.05,17.71,0
9748,2021-09-16,5,BEVERAGES,136.871,0,Azuay,B,2,579,50.05,17.71,0
11208,2021-09-16,5,CLEANING,66.633,0,Azuay,B,2,579,50.05,17.71,0
9018,2021-09-16,5,GROCERY I,253.83,0,Azuay,B,2,579,50.05,17.71,0
10478,2021-09-16,5,PRODUCE,106.954,0,Azuay,B,2,579,50.05,17.71,0
12668,2021-09-16,8,BEVERAGES,288.172,0,Guayas,C,1,942,50.05,17.71,0
14128,2021-09-16,8,CLEANING,132.791,0,Guayas,C,1,942,50.05,17.71,0
11938,2021-09-16,8,GROCERY I,493.745,0,Guayas,C,1,942,50.05,17.71,0
13398,2021-09-16,8,PRODUCE,236.671,0,Guayas,C,1,942,50.05,17.71,0
989,2021-09-17,1,BEVERAGES,345.598,0,Pichincha,D,2,1134,49.44,17.41,0
2449,2021-09-17,1,CLEANING,126.942,0,Pichincha,D,2,1134,49.44,17.41,0
259,2021-09-17,1,GROCERY I,633.81,23,Pichincha,D,2,1134,49.44,17.41,0
1719,2021-09-17,1,PRODUCE,242.27,0,Pichincha,D,2,1134,49.44,17.41,0
3909,2021-09-17,2,BEVERAGES,307.355,0,Pichincha,D,3,973,49.44,17.41,0
5369,2021-09-17,2,CLEANING,111.306,0,Pichincha,D,3,973,49.44,17.41,0
3179,2021-09-17,2,GROCERY I,422.46,0,Pichincha,D,3,973,49.44,17.41,0
4639,2021-09-17,2,PRODUCE,158.004,0,Pichincha,D,3,973,49.44,17.41,0
6829,2021-09-17,3,BEVERAGES,430.821,0,Guayas,A,4,1490,49.44,17.41,0
8289,2021-09-17,3,CLEANING,219.372,4,Guayas,A,4,1490,49.44,17.41,0
6099,2021-09-17,3,GROCERY I,810.979,16,Guayas,A,4,1490,49.44,17.41,0
7559,2021-09-17,3,PRODUCE,262.37,0,Guayas,A,4,1490,49.44,17.41,0
9749,2021-09-17,5,BEVERAGES,184.018,0,Azuay,B,2,663,49.44,17.41,0
11209,2021-09-17,5,CLEANING,95.568,0,Azuay,B,2,663,49.44,17.41,0
9019,2021-09-17,5,GROCERY I,286.796,0,Azuay,B,2,663,49.44,17.41,0
10479,2021-09-17,5,PRODUCE,133.801,0,Azuay,B,2,663,49.44,17.41,0
12669,2021-09-17,8,BEVERAGES,364.59,0,Guayas,C,1,1251,49.44,17.41,0
14129,2021-09-17,8,CLEANING,223.487,13,Guayas,C,1,1251,49.44,17.41,0
11939,2021-09-17,8,GROCERY I,589.663,0,Guayas,C,1,1251,49.44,17.41,0
13399,2021-09-17,8,PRODUCE,332.105,21,Guayas,C,1,1251,49.44,17.41,0
990,2021-09-18,1,BEVERAGES,458.688,0,Pichincha,D,2,1247,49.33,19.26,0
2450,2021-09-18,1,CLEANING,166.939,0,Pichincha,D,2,1247,49.33,19.26,0
260,2021-09-18,1,GROCERY I,656.523,0,Pichincha,D,2,1247,49.33,19.26,0
1720,2021-09-18,1,PRODUCE,290.406,0,Pichincha,D,2,1247,49.33,19.26,0
3910,2021-09-18,2,BEVERAGES,290.049,0,Pichincha,D,3,1140,49.33,19.26,0
5370,2021-09-18,2,CLEANING,136.181,0,Pichincha,D,3,1140,49.33,19.26,0
3180,2021-09-18,2,GROCERY I,519.389,0,Pichincha,D,3,1140,49.33,19.26,0
4640,2021-09-18,2,PRODUCE,253.823,0,Pichincha,D,3,1140,49.33,19.26,0
6830,2021-09-18,3,BEVERAGES,495.391,0,Guayas,A,4,1728,49.33,19.26,0
8290,2021-09-18,3,CLEANING,234.118,0,Guayas,A,4,1728,49.33,19.26,0
6100,2021-09-18,3,GROCERY I,1159.927,17,Guayas,A,4,1728,49.33,19.26,0
7560,2021-09-18,3,PRODUCE,409.264,0,Guayas,A,4,1728,49.33,19.26,0
9750,2021-09-18,5,BEVERAGES,232.812,0,Azuay,B,2,758,49.33,19.26,0
11210,2021-09-18,5,CLEANING,94.372,0,Azuay,B,2,758,49.33,19.26,0
9020,2021-09-18,5,GROCERY I,321.803,8,Azuay,B,2,758,49.33,19.26,0
10480,2021-09-18,5,PRODUCE,168.756,0,Azuay,B,2,758,49.33,19.26,0
12670,2021-09-18,8,BEVERAGES,420.541,0,Guayas,C,1,1433,49.33,19.26,0
14130,2021-09-18,8,CLEANING,179.636,0,Guayas,C,1,1433,49.33,19.26,0
11940,2021-09-18,8,GROCERY I,686.939,0,Guayas,C,1,1433,49.33,19.26,0
13400,2021-09-18,8,PRODUCE,336.005,0,Guayas,C,1,1433,49.33,19.26,0
991,2021-09-19,1,BEVERAGES,393.357,0,Pichincha,D,2,1116,49.21,20.07,0
2451,2021-09-19,1,CLEANING,185.852,0,Pichincha,D,2,1116,49.21,20.07,0
261,2021-09-19,1,GROCERY I,503.895,0,Pichincha,D,2,1116,49.21,20.07,0
1721,2021-09-19,1,PRODUCE,240.335,0,Pichincha,D,2,1116,49.21,20.07,0
3911,2021-09-19,2,BEVERAGES,383.854,14,Pichincha,D,3,971,49.21,20.07,0
5371,2021-09-19,2,CLEANING,126.975,0,Pichincha,D,3,971,49.21,20.07,0
3181,2021-09-19,2,GROCERY I,390.426,0,Pichincha,D,3,971,49.21,20.07,0
4641,2021-09-19,2,PRODUCE,185.046,0,Pichincha,D,3,971,49.21,20.07,0
6831,2021-09-19,3,BEVERAGES,396.428,0,Guayas,A,4,1543,49.21,20.07,0
8291,2021-09-19,3,CLEANING,194.069,0,Guayas,A,4,1543,49.21,20.07,0
6101,2021-09-19,3,GROCERY I,715.473,0,Guayas,A,4,1543,49.21,20.07,0
7561,2021-09-19,3,PRODUCE,289.921,0,Guayas,A,4,1543,49.21,20.07,0
9751,2021-09-19,5,BEVERAGES,199.613,0,Azuay,B,2,692,49.21,20.07,0
11211,2021-09-19,5,CLEANING,87.101,0,Azuay,B,2,692,49.21,20.07,0
9021,2021-09-19,5,GROCERY I,326.099,0,Azuay,B,2,692,49.21,20.07,0
10481,2021-09-19,5,PRODUCE,142.881,0,Azuay,B,2,692,49.21,20.07,0
12671,2021-09-19,8,BEVERAGES,341.041,0,Guayas,C,1,1297,49.21,20.07,0
14131,2021-09-19,8,CLEANING,152.944,0,Guayas,C,1,1297,49.21,20.07,0
11941,2021-09-19,8,GROCERY I,609.656,0,Guayas,C,1,1297,49.21,20.07,0
13401,2021-09-19,8,PRODUCE,279.504,0,Guayas,C,1,1297,49.21,20.07,0
992,2021-09-20,1,BEVERAGES,280.131,0,Pichincha,D,2,980,49.31,20.46,0
2452,2021-09-20,1,CLEANING,116.593,0,Pichincha,D,2,980,49.31,20.46,0
262,2021-09-20,1,GROCERY I,420.572,0,Pichincha,D,2,980,49.31,20.46,0
1722,2021-09-20,1,PRODUCE,208.358,0,Pichincha,D,2,980,49.31,20.46,0
3912,2021-09-20,2,BEVERAGES,253.771,0,Pichincha,D,3,731,49.31,20.46,0
5372,2021-09-20,2,CLEANING,86.689,0,Pichincha,D,3,731,49.31,20.46,0
3182,2021-09-20,2,GROCERY I,433.553,1,Pichincha,D,3,731,49.31,20.46,0
4642,2021-09-20,2,PRODUCE,182.381,0,Pichincha,D,3,731,49.31,20.46,0
6832,2021-09-20,3,BEVERAGES,348.029,0,Guayas,A,4,1223,49.31,20.46,0
8292,2021-09-20,3,CLEANING,144.023,0,Guayas,A,4,1223,49.31,20.46,0
6102,2021-09-20,3,GROCERY I,610.919,0,Guayas,A,4,1223,49.31,20.46,0
7562,2021-09-20,3,PRODUCE,278.188,0,Guayas,A,4,1223,49.31,20.46,0
9752,2021-09-20,5,BEVERAGES,155.113,0,Azuay,B,2,510,49.31,20.46,0
11212,2021-09-20,5,CLEANING,78.513,9,Azuay,B,2,510,49.31,20.46,0
9022,2021-09-20,5,GROCERY I,257.077,0,Azuay,B,2,510,49.31,20.46,0
10482,2021-09-20,5,PRODUCE,128.208,0,Azuay,B,2,510,49.31,20.46,0
12672,2021-09-20,8,BEVERAGES,242.351,0,Guayas,C,1,1087,49.31,20.46,0
14132,2021-09-20,8,CLEANING,138.072,14,Guayas,C,1,1087,49.31,20.46,0
11942,2021-09-20,8,GROCERY I,441.715,0,Guayas,C,1,1087,49.31,20.46,0
13402,2021-09-20,8,PRODUCE,205.009,0,Guayas,C,1,1087,49.31,20.46,0
993,2021-09-21,1,BEVERAGES,252.168,0,Pichincha,D,2,906,49.06,19.75,0
2453,2021-09-21,1,CLEANING,100.249,0,Pichincha,D,2,906,49.06,19.75,0
263,2021-09-21,1,GROCERY I,390.071,0,Pichincha,D,2,906,49.06,19.75,0
1723,2021-09-21,1,PRODUCE,206.432,0,Pichincha,D,2,906,49.06,19.75,0
3913,2021-09-21,2,BEVERAGES,207.896,0,Pichincha,D,3,705,49.06,19.75,0
5373,2021-09-21,2,CLEANING,96.679,0,Pichincha,D,3,705,49.06,19.75,0
3183,2021-09-21,2,GROCERY I,364.211,0,Pichincha,D,3,705,49.06,19.75,0
4643,2021-09-21,2,PRODUCE,166.102,0,Pichincha,D,3,705,49.06,19.75,0
6833,2021-09-21,3,BEVERAGES,305.337,0,Guayas,A,4,1214,49.06,19.75,0
8293,2021-09-21,3,CLEANING,133.213,0,Guayas,A,4,1214,49.06,19.75,0
6103,2021-09-21,3,GROCERY I,710.585,5,Guayas,A,4,1214,49.06,19.75,0
7563,2021-09-21,3,PRODUCE,286.823,0,Guayas,A,4,1214,49.06,19.75,0
9753,2021-09-21,5,BEVERAGES,141.645,0,Azuay,B,2,496,49.06,19.75,0
11213,2021-09-21,5,CLEANING,63.664,0,Azuay,B,2,496,49.06,19.75,0
9023,2021-09-21,5,GROCERY I,226.738,0,Azuay,B,2,496,49.06,19.75,0
10483,2021-09-21,5,PRODUCE,101.749,0,Azuay,B,2,496,49.06,19.75,0
12673,2021-09-21,8,BEVERAGES,316.964,0,Guayas,C,1,970,49.06,19.75,0
14133,2021-09-21,8,CLEANING,115.933,0,Guayas,C,1,970,49.06,19.75,0
11943,2021-09-21,8,GROCERY I,457.037,0,Guayas,C,1,970,49.06,19.75,0
13403,2021-09-21,8,PRODUCE,199.107,0,Guayas,C,1,970,49.06,19.75,0
994,2021-09-22,1,BEVERAGES,251.576,0,Pichincha,D,2,879,49.28,17.71,0
2454,2021-09-22,1,CLEANING,141.532,5,Pichincha,D,2,879,49.28,17.71,0
264,2021-09-22,1,GROCERY I,432.145,17,Pichincha,D,2,879,49.28,17.71,0
1724,2021-09-22,1,PRODUCE,171.734,0,Pichincha,D,2,879,49.28,17.71,0
3914,2021-09-22,2,BEVERAGES,211.649,0,Pichincha,D,3,677,49.28,17.71,0
5374,2021-09-22,2,CLEANING,80.476,0,Pichincha,D,3,677,49.28,17.71,0
3184,2021-09-22,2,GROCERY I,342.373,0,Pichincha,D,3,677,49.28,17.71,0
4644,2021-09-22,2,PRODUCE,185.207,11,Pichincha,D,3,677,49.28,17.71,0
6834,2021-09-22,3,BEVERAGES,390.78,0,Guayas,A,4,1264,49.28,17.71,0
8294,2021-09-22,3,CLEANING,172.389,11,Guayas,A,4,1264,49.28,17.71,0
6104,2021-09-22,3,GROCERY I,534.484,0,Guayas,A,4,1264,49.28,17.71,0
7564,2021-09-22,3,PRODUCE,275.474,1,Guayas,A,4,1264,49.28,17.71,0
9754,2021-09-22,5,BEVERAGES,195.706,3,Azuay,B,2,541,49.28,17.71,0
11214,2021-09-22,5,CLEANING,82.153,21,Azuay,B,2,541,49.28,17.71,0
9024,2021-09-22,5,GROCERY I,231.745,0,Azuay,B,2,541,49.28,17.71,0
10484,2021-09-22,5,PRODUCE,115.195,0,Azuay,B,2,541,49.28,17.71,0
12674,2021-09-22,8,BEVERAGES,272.111,0,Guayas,C,1,977,49.28,17.71,0
14134,2021-09-22,8,CLEANING,133.808,0,Guayas,C,1,977,49.28,17.71,0
11944,2021-09-22,8,GROCERY I,499.06,0,Guayas,C,1,977,49.28,17.71,0
13404,2021-09-22,8,PRODUCE,162.898,0,Guayas,C,1,977,49.28,17.71,0
995,2021-09-23,1,BEVERAGES,272.94,0,Pichincha,D,2,881,49.73,18.32,0
2455,2021-09-23,1,CLEANING,136.873,16,Pichincha,D,2,881,49.73,18.32,0
265,2021-09-23,1,GROCERY I,398.47,0,Pichincha,D,2,881,49.73,18.32,0
1725,2021-09-23,1,PRODUCE,192.812,0,Pichincha,D,2,881,49.73,18.32,0
3915,2021-09-23,2,BEVERAGES,250.991,0,Pichincha,D,3,773,49.73,18.32,0
5375,2021-09-23,2,CLEANING,120.728,19,Pichincha,D,3,773,49.73,18.32,0
3185,2021-09-23,2,GROCERY I,330.063,0,Pichincha,D,3,773,49.73,18.32,0
4645,2021-09-23,2,PRODUCE,169.707,0,Pichincha,D,3,773,49.73,18.32,0
6835,2021-09-23,3,BEVERAGES,374.955,0,Guayas,A,4,1205,49.73,18.32,0
8295,2021-09-23,3,CLEANING,183.682,3,Guayas,A,4,1205,49.73,18.32,0
6105,2021-09-23,3,GROCERY I,517.994,0,Guayas,A,4,1205,49.73,18.32,0
7565,2021-09-23,3,PRODUCE,296.643,0,Guayas,A,4,1205,49.73,18.32,0
9755,2021-09-23,5,BEVERAGES,143.252,0,Azuay,B,2,566,49.73,18.32,0
11215,2021-09-23,5,CLEANING,72.875,0,Azuay,B,2,566,49.73,18.32,0
9025,2021-09-23,5,GROCERY I,240.695,0,Azuay,B,2,566,49.73,18.32,0
10485,2021-09-23,5,PRODUCE,102.586,0,Azuay,B,2,566,49.73,18.32,0
12675,2021-09-23,8,BEVERAGES,366.41,8,Guayas,C,1,1071,49.73,18.32,0
14135,2021-09-23,8,CLEANING,135.503,0,Guayas,C,1,1071,49.73,18.32,0
11945,2021-09-23,8,GROCERY I,454.546,0,Guayas,C,1,1071,49.73,18.32,0
13405,2021-09-23,8,PRODUCE,249.359,0,Guayas,C,1,1071,49.73,18.32,0
996,2021-09-24,1,BEVERAGES,345.768,0,Pichincha,D,2,1065,49.8,18.85,0
2456,2021-09-24,1,CLEANING,126.281,0,Pichincha,D,2,1065,49.8,18.85,0
266,2021-09-24,1,GROCERY I,582.44,0,Pichincha,D,2,1065,49.8,18.85,0
1726,2021-09-24,1,PRODUCE,253.201,0,Pichincha,D,2,1065,49.8,18.85,0
3916,2021-09-24,2,BEVERAGES,265.259,0,Pichincha,D,3,932,49.8,18.85,0
5376,2021-09-24,2,CLEANING,112.207,0,Pichincha,D,3,932,49.8,18.85,0
3186,2021-09-24,2,GROCERY I,397.839,0,Pichincha,D,3,932,49.8,18.85,0
4646,2021-09-24,2,PRODUCE,233.222,0,Pichincha,D,3,932,49.8,18.85,0
6836,2021-09-24,3,BEVERAGES,587.926,3,Guayas,A,4,1411,49.8,18.85,0
8296,2021-09-24,3,CLEANING,173.789,0,Guayas,A,4,1411,49.8,18.85,0
6106,2021-09-24,3,GROCERY I,616.685,0,Guayas,A,4,1411,49.8,18.85,0
7566,2021-09-24,3,PRODUCE,316.058,0,Guayas,A,4,1411,49.8,18.85,0
9756,2021-09-24,5,BEVERAGES,186.513,0,Azuay,B,2,567,49.8,18.85,0
11216,2021-09-24,5,CLEANING,73.701,0,Azuay,B,2,567,49.8,18.85,0
9026,2021-09-24,5,GROCERY I,247.518,0,Azuay,B,2,567,49.8,18.85,0
10486,2021-09-24,5,PRODUCE,195.751,6,Azuay,B,2,567,49.8,18.85,0
12676,2021-09-24,8,BEVERAGES,374.955,0,Guayas,C,1,1234,49.8,18.85,0
14136,2021-09-24,8,CLEANING,170.89,0,Guayas,C,1,1234,49.8,18.85,0
11946,2021-09-24,8,GROCERY I,535.823,0,Guayas,C,1,1234,49.8,18.85,0
13406,2021-09-24,8,PRODUCE,251.599,0,Guayas,C,1,1234,49.8,18.85,0
997,2021-09-25,1,BEVERAGES,369.344,0,Pichincha,D,2,1316,49.96,17.91,0
2457,2021-09-25,1,CLEANING,198.635,0,Pichincha,D,2,1316,49.96,17.91,0
267,2021-09-25,1,GROCERY I,638.045,0,Pichincha,D,2,1316,49.96,17.91,0
1727,2021-09-25,1,PRODUCE,279.355,0,Pichincha,D,2,1316,49.96,17.91,0
3917,2021-09-25,2,BEVERAGES,256.927,0,Pichincha,D,3,1193,49.96,17.91,0
5377,2021-09-25,2,CLEANING,146.871,0,Pichincha,D,3,1193,49.96,17.91,0
3187,2021-09-25,2,GROCERY I,429.36,0,Pichincha,D,3,1193,49.96,17.91,0
4647,2021-09-25,2,PRODUCE,252.145,0,Pichincha,D,3,1193,49.96,17.91,0
6837,2021-09-25,3,BEVERAGES,607.689,0,Guayas,A,4,1787,49.96,17.91,0
8297,2021-09-25,3,CLEANING,238.778,0,Guayas,A,4,1787,49.96,17.91,0
6107,2021-09-25,3,GROCERY I,939.888,0,Guayas,A,4,1787,49.96,17.91,0
7567,2021-09-25,3,PRODUCE,309.193,0,Guayas,A,4,1787,49.96,17.91,0
9757,2021-09-25,5,BEVERAGES,237.187,0,Azuay,B,2,804,49.96,17.91,0
11217,2021-09-25,5,CLEANING,118.412,1,Azuay,B,2,804,49.96,17.91,0
9027,2021-09-25,5,GROCERY I,295.696,0,Azuay,B,2,804,49.96,17.91,0
10487,2021-09-25,5,PRODUCE,144.622,0,Azuay,B,2,804,49.96,17.91,0
12677,2021-09-25,8,BEVERAGES,475.101,10,Guayas,C,1,1387,49.96,17.91,0
14137,2021-09-25,8,CLEANING,188.836,0,Guayas,C,1,1387,49.96,17.91,0
11947,2021-09-25,8,GROCERY I,713.63,0,Guayas,C,1,1387,49.96,17.91,0
13407,2021-09-25,8,PRODUCE,280.45,0,Guayas,C,1,1387,49.96,17.91,0
998,2021-09-26,1,BEVERAGES,371.417,0,Pichincha,D,2,1150,49.98,17.88,0
2458,2021-09-26,1,CLEANING,159.816,0,Pichincha,D,2,1150,49.98,17.88,0
268,2021-09-26,1,GROCERY I,474.26,0,Pichincha,D,2,1150,49.98,17.88,0
1728,2021-09-26,1,PRODUCE,235.807,0,Pichincha,D,2,1150,49.98,17.88,0
3918,2021-09-26,2,BEVERAGES,282.044,0,Pichincha,D,3,999,49.98,17.88,0
5378,2021-09-26,2,CLEANING,104.576,0,Pichincha,D,3,999,49.98,17.88,0
3188,2021-09-26,2,GROCERY I,435.324,0,Pichincha,D,3,999,49.98,17.88,0
4648,2021-09-26,2,PRODUCE,206.286,0,Pichincha,D,3,999,49.98,17.88,0
6838,2021-09-26,3,BEVERAGES,527.303,23,Guayas,A,4,1561,49.98,17.88,0
8298,2021-09-26,3,CLEANING,269.321,21,Guayas,A,4,1561,49.98,17.88,0
6108,2021-09-26,3,GROCERY I,735.651,0,Guayas,A,4,1561,49.98,17.88,0
7568,2021-09-26,3,PRODUCE,361.806,20,Guayas,A,4,1561,49.98,17.88,0
9758,2021-09-26,5,BEVERAGES,193.36,0,Azuay,B,2,675,49.98,17.88,0
11218,2021-09-26,5,CLEANING,85.002,0,Azuay,B,2,675,49.98,17.88,0
9028,2021-09-26,5,GROCERY I,330.955,0,Azuay,B,2,675,49.98,17.88,0
10488,2021-09-26,5,PRODUCE,167.865,0,Azuay,B,2,675,49.98,17.88,0
12678,2021-09-26,8,BEVERAGES,352.17,0,Guayas,C,1,1323,49.98,17.88,0
14138,2021-09-26,8,CLEANING,155.517,11,Guayas,C,1,1323,49.98,17.88,0
11948,2021-09-26,8,GROCERY I,683.412,22,Guayas,C,1,1323,49.98,17.88,0
13408,2021-09-26,8,PRODUCE,261.311,0,Guayas,C,1,1323,49.98,17.88,0
999,2021-09-27,1,BEVERAGES,321.56,0,Pichincha,D,2,891,49.98,18.82,0
2459,2021-09-27,1,CLEANING,116.647,0,Pichincha,D,2,891,49.98,18.82,0
269,2021-09-27,1,GROCERY I,359.798,0,Pichincha,D,2,891,49.98,18.82,0
1729,2021-09-27,1,PRODUCE,208.843,0,Pichincha,D,2,891,49.98,18.82,0
3919,2021-09-27,2,BEVERAGES,280.758,7,Pichincha,D,3,722,49.98,18.82,0
5379,2021-09-27,2,CLEANING,79.831,0,Pichincha,D,3,722,49.98,18.82,0
3189,2021-09-27,2,GROCERY I,351.419,0,Pichincha,D,3,722,49.98,18.82,0
4649,2021-09-27,2,PRODUCE,197.426,0,Pichincha,D,3,722,49.98,18.82,0
6839,2021-09-27,3,BEVERAGES,352.271,0,Guayas,A,4,1154,49.98,18.82,0
8299,2021-09-27,3,CLEANING,166.351,1,Guayas,A,4,1154,49.98,18.82,0
6109,2021-09-27,3,GROCERY I,475.193,0,Guayas,A,4,1154,49.98,18.82,0
7569,2021-09-27,3,PRODUCE,262.206,0,Guayas,A,4,1154,49.98,18.82,0
9759,2021-09-27,5,BEVERAGES,154.71,0,Azuay,B,2,518,49.98,18.82,0
11219,2021-09-27,5,CLEANING,55.232,0,Azuay,B,2,518,49.98,18.82,0
9029,2021-09-27,5,GROCERY I,262.392,0,Azuay,B,2,518,49.98,18.82,0
10489,2021-09-27,5,PRODUCE,108.405,0,Azuay,B,2,518,49.98,18.82,0
12679,2021-09-27,8,BEVERAGES,294.832,0,Guayas,C,1,983,49.98,18.82,0
14139,2021-09-27,8,CLEANING,130.895,0,Guayas,C,1,983,49.98,18.82,0
11949,2021-09-27,8,GROCERY I,427.8,0,Guayas,C,1,983,49.98,18.82,0
13409,2021-09-27,8,PRODUCE,242.8,0,Guayas,C,1,983,49.98,18.82,0
1000,2021-09-28,1,BEVERAGES,314.265,7,Pichincha,D,2,855,49.66,17.54,0
2460,2021-09-28,1,CLEANING,104.798,0,Pichincha,D,2,855,49.66,17.54,0
270,2021-09-28,1,GROCERY I,397.041,0,Pichincha,D,2,855,49.66,17.54,0
1730,2021-09-28,1,PRODUCE,202.089,0,Pichincha,D,2,855,49.66,17.54,0
3920,2021-09-28,2,BEVERAGES,226.121,0,Pichincha,D,3,663,49.66,17.54,0
5380,2021-09-28,2,CLEANING,94.905,0,Pichincha,D,3,663,49.66,17.54,0
3190,2021-09-28,2,GROCERY I,368.158,7,Pichincha,D,3,663,49.66,17.54,0
4650,2021-09-28,2,PRODUCE,152.044,0,Pichincha,D,3,663,49.66,17.54,0
6840,2021-09-28,3,BEVERAGES,391.023,0,Guayas,A,4,1156,49.66,17.54,0
8300,2021-09-28,3,CLEANING,161.178,0,Guayas,A,4,1156,49.66,17.54,0
6110,2021-09-28,3,GROCERY I,581.236,0,Guayas,A,4,1156,49.66,17.54,0
7570,2021-09-28,3,PRODUCE,256.748,0,Guayas,A,4,1156,49.66,17.54,0
9760,2021-09-28,5,BEVERAGES,151.372,0,Azuay,B,2,463,49.66,17.54,0
11220,2021-09-28,5,CLEANING,56.926,0,Azuay,B,2,463,49.66,17.54,0
9030,2021-09-28,5,GROCERY I,242.273,0,Azuay,B,2,463,49.66,17.54,0
10490,2021-09-28,5,PRODUCE,84.188,0,Azuay,B,2,463,49.66,17.54,0
12680,2021-09-28,8,BEVERAGES,272.47,0,Guayas,C,1,1012,49.66,17.54,0
14140,2021-09-28,8,CLEANING,146.485,16,Guayas,C,1,1012,49.66,17.54,0
11950,2021-09-28,8,GROCERY I,556.2,15,Guayas,C,1,1012,49.66,17.54,0
13410,2021-09-28,8,PRODUCE,202.608,0,Guayas,C,1,1012,49.66,17.54,0
1001,2021-09-29,1,BEVERAGES,233.503,0,Pichincha,D,2,867,49.8,16.57,0
2461,2021-09-29,1,CLEANING,108.284,0,Pichincha,D,2,867,49.8,16.57,0
271,2021-09-29,1,GROCERY I,572.32,8,Pichincha,D,2,867,49.8,16.57,0
1731,2021-09-29,1,PRODUCE,180.893,0,Pichincha,D,2,867,49.8,16.57,0
3921,2021-09-29,2,BEVERAGES,200.177,0,Pichincha,D,3,736,49.8,16.57,0
5381,2021-09-29,2,CLEANING,87.964,0,Pichincha,D,3,736,49.8,16.57,0
3191,2021-09-29,2,GROCERY I,395.399,0,Pichincha,D,3,736,49.8,16.57,0
4651,2021-09-29,2,PRODUCE,162.369,0,Pichincha,D,3,736,49.8,16.57,0
6841,2021-09-29,3,BEVERAGES,444.299,20,Guayas,A,4,1210,49.8,16.57,0
8301,2021-09-29,3,CLEANING,159.532,0,Guayas,A,4,1210,49.8,16.57,0
6111,2021-09-29,3,GROCERY I,465.284,0,Guayas,A,4,1210,49.8,16.57,0
7571,2021-09-29,3,PRODUCE,217.97,0,Guayas,A,4,1210,49.8,16.57,0
9761,2021-09-29,5,BEVERAGES,128.147,0,Azuay,B,2,524,49.8,16.57,0
11221,2021-09-29,5,CLEANING,68.98,0,Azuay,B,2,524,49.8,16.57,0
9031,2021-09-29,5,GROCERY I,243.836,0,Azuay,B,2,524,49.8,16.57,0
10491,2021-09-29,5,PRODUCE,121.22,0,Azuay,B,2,524,49.8,16.57,0
12681,2021-09-29,8,BEVERAGES,257.491,0,Guayas,C,1,987,49.8,16.57,0
14141,2021-09-29,8,CLEANING,122.007,0,Guayas,C,1,987,49.8,16.57,0
11951,2021-09-29,8,GROCERY I,432.968,0,Guayas,C,1,987,49.8,16.57,0
13411,2021-09-29,8,PRODUCE,211.216,0,Guayas,C,1,987,49.8,16.57,0
1002,2021-09-30,1,BEVERAGES,245.813,0,Pichincha,D,2,860,49.76,16.97,0
2462,2021-09-30,1,CLEANING,133.557,0,Pichincha,D,2,860,49.76,16.97,0
272,2021-09-30,1,GROCERY I,519.406,18,Pichincha,D,2,860,49.76,16.97,0
1732,2021-09-30,1,PRODUCE,202.261,0,Pichincha,D,2,860,49.76,16.97,0
3922,2021-09-30,2,BEVERAGES,223.32,0,Pichincha,D,3,823,49.76,16.97,0
5382,2021-09-30,2,CLEANING,116.14,13,Pichincha,D,3,823,49.76,16.97,0
3192,2021-09-30,2,GROCERY I,379.661,0,Pichincha,D,3,823,49.76,16.97,0
4652,2021-09-30,2,PRODUCE,181.467,4,Pichincha,D,3,823,49.76,16.97,0
6842,2021-09-30,3,BEVERAGES,394.666,0,Guayas,A,4,1194,49.76,16.97,0
8302,2021-09-30,3,CLEANING,160.644,0,Guayas,A,4,1194,49.76,16.97,0
6112,2021-09-30,3,GROCERY I,540.3,0,Guayas,A,4,1194,49.76,16.97,0
7572,2021-09-30,3,PRODUCE,268.292,0,Guayas,A,4,1194,49.76,16.97,0
9762,2021-09-30,5,BEVERAGES,136.257,0,Azuay,B,2,532,49.76,16.97,0
11222,2021-09-30,5,CLEANING,64.435,0,Azuay,B,2,532,49.76,16.97,0
9032,2021-09-30,5,GROCERY I,265.714,0,Azuay,B,2,532,49.76,16.97,0
10492,2021-09-30,5,PRODUCE,114.614,0,Azuay,B,2,532,49.76,16.97,0
12682,2021-09-30,8,BEVERAGES,322.976,0,Guayas,C,1,1071,49.76,16.97,0
14142,2021-09-30,8,CLEANING,173.855,24,Guayas,C,1,1071,49.76,16.97,0
11952,2021-09-30,8,GROCERY I,526.319,0,Guayas,C,1,1071,49.76,16.97,0
13412,2021-09-30,8,PRODUCE,258.138,0,Guayas,C,1,1071,49.76,16.97,0
1003,2021-10-01,1,BEVERAGES,350.405,0,Pichincha,D,2,1068,50.7,18.41,0
2463,2021-10-01,1,CLEANING,141.134,0,Pichincha,D,2,1068,50.7,18.41,0
273,2021-10-01,1,GROCERY I,566.772,0,Pichincha,D,2,1068,50.7,18.41,0
1733,2021-10-01,1,PRODUCE,207.15,0,Pichincha,D,2,1068,50.7,18.41,0
3923,2021-10-01,2,BEVERAGES,291.61,0,Pichincha,D,3,917,50.7,18.41,0
5383,2021-10-01,2,CLEANING,105.731,0,Pichincha,D,3,917,50.7,18.41,0
3193,2021-10-01,2,GROCERY I,424.644,16,Pichincha,D,3,917,50.7,18.41,0
4653,2021-10-01,2,PRODUCE,161.553,0,Pichincha,D,3,917,50.7,18.41,0
6843,2021-10-01,3,BEVERAGES,482.523,0,Guayas,A,4,1428,50.7,18.41,0
8303,2021-10-01,3,CLEANING,210.574,0,Guayas,A,4,1428,50.7,18.41,0
6113,2021-10-01,3,GROCERY I,840.07,20,Guayas,A,4,1428,50.7,18.41,0
7573,2021-10-01,3,PRODUCE,336.53,0,Guayas,A,4,1428,50.7,18.41,0
9763,2021-10-01,5,BEVERAGES,231.811,18,Azuay,B,2,712,50.7,18.41,0
11223,2021-10-01,5,CLEANING,97.241,0,Azuay,B,2,712,50.7,18.41,0
9033,2021-10-01,5,GROCERY I,309.439,0,Azuay,B,2,712,50.7,18.41,0
10493,2021-10-01,5,PRODUCE,127.802,0,Azuay,B,2,712,50.7,18.41,0
12683,2021-10-01,8,BEVERAGES,343.66,0,Guayas,C,1,1190,50.7,18.41,0
14143,2021-10-01,8,CLEANING,178.957,16,Guayas,C,1,1190,50.7,18.41,0
11953,2021-10-01,8,GROCERY I,532.02,0,Guayas,C,1,1190,50.7,18.41,0
13413,2021-10-01,8,PRODUCE,273.659,0,Guayas,C,1,1190,50.7,18.41,0
1004,2021-10-02,1,BEVERAGES,393.701,0,Pichincha,D,2,1357,51.41,17.49,0
2464,2021-10-02,1,CLEANING,119.938,0,Pichincha,D,2,1357,51.41,17.49,0
274,2021-10-02,1,GROCERY I,632.311,0,Pichincha,D,2,1357,51.41,17.49,0
1734,2021-10-02,1,PRODUCE,258.272,0,Pichincha,D,2,1357,51.41,17.49,0
3924,2021-10-02,2,BEVERAGES,322.204,0,Pichincha,D,3,1143,51.41,17.49,0
5384,2021-10-02,2,CLEANING,179.355,23,Pichincha,D,3,1143,51.41,17.49,0
3194,2021-10-02,2,GROCERY I,421.598,0,Pichincha,D,3,1143,51.41,17.49,0
4654,2021-10-02,2,PRODUCE,223.948,0,Pichincha,D,3,1143,51.41,17.49,0
6844,2021-10-02,3,BEVERAGES,576.618,0,Guayas,A,4,1747,51.41,17.49,0
8304,2021-10-02,3,CLEANING,268.796,11,Guayas,A,4,1747,51.41,17.49,0
6114,2021-10-02,3,GROCERY I,1013.573,0,Guayas,A,4,1747,51.41,17.49,0
7574,2021-10-02,3,PRODUCE,412.691,0,Guayas,A,4,1747,51.41,17.49,0
9764,2021-10-02,5,BEVERAGES,214.483,0,Azuay,B,2,711,51.41,17.49,0
11224,2021-10-02,5,CLEANING,103.402,0,Azuay,B,2,711,51.41,17.49,0
9034,2021-10-02,5,GROCERY I,326.514,0,Azuay,B,2,711,51.41,17.49,0
10494,2021-10-02,5,PRODUCE,170.331,0,Azuay,B,2,711,51.41,17.49,0
12684,2021-10-02,8,BEVERAGES,438.789,0,Guayas,C,1,1379,51.41,17.49,0
14144,2021-10-02,8,CLEANING,191.254,0,Guayas,C,1,1379,51.41,17.49,0
11954,2021-10-02,8,GROCERY I,621.676,0,Guayas,C,1,1379,51.41,17.49,0
13414,2021-10-02,8,PRODUCE,299.634,0,Guayas,C,1,1379,51.41,17.49,0
1005,2021-10-03,1,BEVERAGES,372.31,0,Pichincha,D,2,1089,51.58,17.93,0
2465,2021-10-03,1,CLEANING,176.241,0,Pichincha,D,2,1089,51.58,17.93,0
275,2021-10-03,1,GROCERY I,556.977,0,Pichincha,D,2,1089,51.58,17.93,0
1735,2021-10-03,1,PRODUCE,247.631,0,Pichincha,D,2,1089,51.58,17.93,0
3925,2021-10-03,2,BEVERAGES,243.561,0,Pichincha,D,3,969,51.58,17.93,0
5385,2021-10-03,2,CLEANING,121.623,0,Pichincha,D,3,969,51.58,17.93,0
3195,2021-10-03,2,GROCERY I,398.565,0,Pichincha,D,3,969,51.58,17.93,0
4655,2021-10-03,2,PRODUCE,201.119,0,Pichincha,D,3,969,51.58,17.93,0
6845,2021-10-03,3,BEVERAGES,482.334,0,Guayas,A,4,1543,51.58,17.93,0
8305,2021-10-03,3,CLEANING,246.587,21,Guayas,A,4,1543,51.58,17.93,0
6115,2021-10-03,3,GROCERY I,773.134,0,Guayas,A,4,1543,51.58,17.93,0
7575,2021-10-03,3,PRODUCE,317.845,0,Guayas,A,4,1543,51.58,17.93,0
9765,2021-10-03,5,BEVERAGES,188.058,0,Azuay,B,2,647,51.58,17.93,0
11225,2021-10-03,5,CLEANING,86.328,0,Azuay,B,2,647,51.58,17.93,0
9035,2021-10-03,5,GROCERY I,312.426,0,Azuay,B,2,647,51.58,17.93,0
10495,2021-10-03,5,PRODUCE,148.779,0,Azuay,B,2,647,51.58,17.93,0
12685,2021-10-03,8,BEVERAGES,379.815,0,Guayas,C,1,1291,51.58,17.93,0
14145,2021-10-03,8,CLEANING,143.109,0,Guayas,C,1,1291,51.58,17.93,0
11955,2021-10-03,8,GROCERY I,584.85,0,Guayas,C,1,1291,51.58,17.93,0
13415,2021-10-03,8,PRODUCE,227.146,0,Guayas,C,1,1291,51.58,17.93,0
1006,2021-10-04,1,BEVERAGES,255.476,0,Pichincha,D,2,888,51.24,18.36,0
2466,2021-10-04,1,CLEANING,114.394,0,Pichincha,D,2,888,51.24,18.36,0
276,2021-10-04,1,GROCERY I,365.579,0,Pichincha,D,2,888,51.24,18.36,0
1736,2021-10-04,1,PRODUCE,190.991,0,Pichincha,D,2,888,51.24,18.36,0
3926,2021-10-04,2,BEVERAGES,244.099,0,Pichincha,D,3,795,51.24,18.36,0
5386,2021-10-04,2,CLEANING,94.1,0,Pichincha,D,3,795,51.24,18.36,0
3196,2021-10-04,2,GROCERY I,388.229,0,Pichincha,D,3,795,51.24,18.36,0
4656,2021-10-04,2,PRODUCE,160.488,0,Pichincha,D,3,795,51.24,18.36,0
6846,2021-10-04,3,BEVERAGES,407.209,0,Guayas,A,4,1242,51.24,18.36,0
8306,2021-10-04,3,CLEANING,187.135,8,Guayas,A,4,1242,51.24,18.36,0
6116,2021-10-04,3,GROCERY I,653.684,13,Guayas,A,4,1242,51.24,18.36,0
7576,2021-10-04,3,PRODUCE,325.563,18,Guayas,A,4,1242,51.24,18.36,0
9766,2021-10-04,5,BEVERAGES,197.295,4,Azuay,B,2,492,51.24,18.36,0
11226,2021-10-04,5,CLEANING,73.283,0,Azuay,B,2,492,51.24,18.36,0
9036,2021-10-04,5,GROCERY I,282.863,7,Azuay,B,2,492,51.24,18.36,0
10496,2021-10-04,5,PRODUCE,113.25,0,Azuay,B,2,492,51.24,18.36,0
12686,2021-10-04,8,BEVERAGES,319.518,0,Guayas,C,1,1031,51.24,18.36,0
14146,2021-10-04,8,CLEANING,106.397,0,Guayas,C,1,1031,51.24,18.36,0
11956,2021-10-04,8,GROCERY I,472.861,0,Guayas,C,1,1031,51.24,18.36,0
13416,2021-10-04,8,PRODUCE,220.549,0,Guayas,C,1,1031,51.24,18.36,0
1007,2021-10-05,1,BEVERAGES,277.304,0,Pichincha,D,2,821,50.74,16.87,0
2467,2021-10-05,1,CLEANING,111.544,0,Pichincha,D,2,821,50.74,16.87,0
277,2021-10-05,1,GROCERY I,433.218,0,Pichincha,D,2,821,50.74,16.87,0
1737,2021-10-05,1,PRODUCE,167.174,0,Pichincha,D,2,821,50.74,16.87,0
3927,2021-10-05,2,BEVERAGES,252.656,16,Pichincha,D,3,658,50.74,16.87,0
5387,2021-10-05,2,CLEANING,79.231,0,Pichincha,D,3,658,50.74,16.87,0
3197,2021-10-05,2,GROCERY I,353.181,0,Pichincha,D,3,658,50.74,16.87,0
4657,2021-10-05,2,PRODUCE,130.71,0,Pichincha,D,3,658,50.74,16.87,0
6847,2021-10-05,3,BEVERAGES,421.706,22,Guayas,A,4,1144,50.74,16.87,0
8307,2021-10-05,3,CLEANING,146.498,0,Guayas,A,4,1144,50.74,16.87,0
6117,2021-10-05,3,GROCERY I,539.897,0,Guayas,A,4,1144,50.74,16.87,0
7577,2021-10-05,3,PRODUCE,270.647,0,Guayas,A,4,1144,50.74,16.87,0
9767,2021-10-05,5,BEVERAGES,164.387,6,Azuay,B,2,527,50.74,16.87,0
11227,2021-10-05,5,CLEANING,80.933,23,Azuay,B,2,527,50.74,16.87,0
9037,2021-10-05,5,GROCERY I,223.186,0,Azuay,B,2,527,50.74,16.87,0
10497,2021-10-05,5,PRODUCE,115.689,0,Azuay,B,2,527,50.74,16.87,0
12687,2021-10-05,8,BEVERAGES,291.519,0,Guayas,C,1,919,50.74,16.87,0
14147,2021-10-05,8,CLEANING,112.099,0,Guayas,C,1,919,50.74,16.87,0
11957,2021-10-05,8,GROCERY I,450.094,0,Guayas,C,1,919,50.74,16.87,0
13417,2021-10-05,8,PRODUCE,188.273,0,Guayas,C,1,919,50.74,16.87,0
1008,2021-10-06,1,BEVERAGES,258.347,0,Pichincha,D,2,883,51.27,18.42,0
2468,2021-10-06,1,CLEANING,147.198,4,Pichincha,D,2,883,51.27,18.42,0
278,2021-10-06,1,GROCERY I,393.571,0,Pichincha,D,2,883,51.27,18.42,0
1738,2021-10-06,1,PRODUCE,174.008,0,Pichincha,D,2,883,51.27,18.42,0
3928,2021-10-06,2,BEVERAGES,235.557,0,Pichincha,D,3,818,51.27,18.42,0
5388,2021-10-06,2,CLEANING,94.008,0,Pichincha,D,3,818,51.27,18.42,0
3198,2021-10-06,2,GROCERY I,464.393,11,Pichincha,D,3,818,51.27,18.42,0
4658,2021-10-06,2,PRODUCE,161.271,0,Pichincha,D,3,818,51.27,18.42,0
6848,2021-10-06,3,BEVERAGES,369.792,0,Guayas,A,4,1188,51.27,18.42,0
8308,2021-10-06,3,CLEANING,154.269,0,Guayas,A,4,1188,51.27,18.42,0
6118,2021-10-06,3,GROCERY I,592.288,0,Guayas,A,4,1188,51.27,18.42,0
7578,2021-10-06,3,PRODUCE,269.948,0,Guayas,A,4,1188,51.27,18.42,0
9768,2021-10-06,5,BEVERAGES,117.607,0,Azuay,B,2,580,51.27,18.42,0
11228,2021-10-06,5,CLEANING,64.047,0,Azuay,B,2,580,51.27,18.42,0
9038,2021-10-06,5,GROCERY I,256.496,0,Azuay,B,2,580,51.27,18.42,0
10498,2021-10-06,5,PRODUCE,109.043,0,Azuay,B,2,580,51.27,18.42,0
12688,2021-10-06,8,BEVERAGES,264.712,0,Guayas,C,1,957,51.27,18.42,0
14148,2021-10-06,8,CLEANING,116.954,0,Guayas,C,1,957,51.27,18.42,0
11958,2021-10-06,8,GROCERY I,465.928,0,Guayas,C,1,957,51.27,18.42,0
13418,2021-10-06,8,PRODUCE,215.769,0,Guayas,C,1,957,51.27,18.42,0
1009,2021-10-07,1,BEVERAGES,258.806,0,Pichincha,D,2,910,51.39,17.86,0
2469,2021-10-07,1,CLEANING,121.058,0,Pichincha,D,2,910,51.39,17.86,0
279,2021-10-07,1,GROCERY I,462.341,0,Pichincha,D,2,910,51.39,17.86,0
1739,2021-10-07,1,PRODUCE,177.784,0,Pichincha,D,2,910,51.39,17.86,0
3929,2021-10-07,2,BEVERAGES,198.282,0,Pichincha,D,3,738,51.39,17.86,0
5389,2021-10-07,2,CLEANING,86.601,0,Pichincha,D,3,738,51.39,17.86,0
3199,2021-10-07,2,GROCERY I,428.752,11,Pichincha,D,3,738,51.39,17.86,0
4659,2021-10-07,2,PRODUCE,148.9,0,Pichincha,D,3,738,51.39,17.86,0
6849,2021-10-07,3,BEVERAGES,367.543,0,Guayas,A,4,1353,51.39,17.86,0
8309,2021-10-07,3,CLEANING,157.277,0,Guayas,A,4,1353,51.39,17.86,0
6119,2021-10-07,3,GROCERY I,652.303,0,Guayas,A,4,1353,51.39,17.86,0
7579,2021-10-07,3,PRODUCE,286.319,0,Guayas,A,4,1353,51.39,17.86,0
9769,2021-10-07,5,BEVERAGES,182.517,0,Azuay,B,2,579,51.39,17.86,0
11229,2021-10-07,5,CLEANING,58.129,0,Azuay,B,2,579,51.39,17.86,0
9039,2021-10-07,5,GROCERY I,342.557,13,Azuay,B,2,579,51.39,17.86,0
10499,2021-10-07,5,PRODUCE,119.31,0,Azuay,B,2,579,51.39,17.86,0
12689,2021-10-07,8,BEVERAGES,335.144,0,Guayas,C,1,920,51.39,17.86,0
14149,2021-10-07,8,CLEANING,162.884,23,Guayas,C,1,920,51.39,17.86,0
11959,2021-10-07,8,GROCERY I,446.405,0,Guayas,C,1,920,51.39,17.86,0
13419,2021-10-07,8,PRODUCE,214.388,0,Guayas,C,1,920,51.39,17.86,0
1010,2021-10-08,1,BEVERAGES,317.523,0,Pichincha,D,2,1160,51.61,15.58,0
2470,2021-10-08,1,CLEANING,147.427,0,Pichincha,D,2,1160,51.61,15.58,0
280,2021-10-08,1,GROCERY I,472.683,0,Pichincha,D,2,1160,51.61,15.58,0
1740,2021-10-08,1,PRODUCE,243.351,0,Pichincha,D,2,1160,51.61,15.58,0
3930,2021-10-08,2,BEVERAGES,0.0,0,Pichincha,D,3,965,51.61,15.58,0
5390,2021-10-08,2,CLEANING,106.356,0,Pichincha,D,3,965,51.61,15.58,0
3200,2021-10-08,2,GROCERY I,409.569,0,Pichincha,D,3,965,51.61,15.58,0
4660,2021-10-08,2,PRODUCE,201.808,0,Pichincha,D,3,965,51.61,15.58,0
6850,2021-10-08,3,BEVERAGES,591.482,17,Guayas,A,4,1433,51.61,15.58,0
8310,2021-10-08,3,CLEANING,194.021,0,Guayas,A,4,1433,51.61,15.58,0
6120,2021-10-08,3,GROCERY I,672.217,0,Guayas,A,4,1433,51.61,15.58,0
7580,2021-10-08,3,PRODUCE,318.342,0,Guayas,A,4,1433,51.61,15.58,0
9770,2021-10-08,5,BEVERAGES,209.395,0,Azuay,B,2,607,51.61,15.58,0
11230,2021-10-08,5,CLEANING,83.93,0,Azuay,B,2,607,51.61,15.58,0
9040,2021-10-08,5,GROCERY I,0.0,0,Azuay,B,2,607,51.61,15.58,0
10500,2021-10-08,5,PRODUCE,127.718,0,Azuay,B,2,607,51.61,15.58,0
12690,2021-10-08,8,BEVERAGES,345.358,0,Guayas,C,1,1196,51.61,15.58,0
14150,2021-10-08,8,CLEANING,136.33,0,Guayas,C,1,1196,51.61,15.58,0
11960,2021-10-08,8,GROCERY I,615.618,0,Guayas,C,1,1196,51.61,15.58,0
13420,2021-10-08,8,PRODUCE,265.415,0,Guayas,C,1,1196,51.61,15.58,0
1011,2021-10-09,1,BEVERAGES,348.938,0,Pichincha,D,2,1341,50.82,19.3,0
2471,2021-10-09,1,CLEANING,157.743,0,Pichincha,D,2,1341,50.82,19.3,0
281,2021-10-09,1,GROCERY I,615.177,0,Pichincha,D,2,1341,50.82,19.3,0
1741,2021-10-09,1,PRODUCE,228.386,0,Pichincha,D,2,1341,50.82,19.3,0
3931,2021-10-09,2,BEVERAGES,334.741,0,Pichincha,D,3,1108,50.82,19.3,0
5391,2021-10-09,2,CLEANING,143.625,9,Pichincha,D,3,1108,50.82,19.3,0
3201,2021-10-09,2,GROCERY I,439.933,0,Pichincha,D,3,1108,50.82,19.3,0
4661,2021-10-09,2,PRODUCE,246.25,0,Pichincha,D,3,1108,50.82,19.3,0
6851,2021-10-09,3,BEVERAGES,493.904,0,Guayas,A,4,1750,50.82,19.3,0
8311,2021-10-09,3,CLEANING,207.737,0,Guayas,A,4,1750,50.82,19.3,0
6121,2021-10-09,3,GROCERY I,800.173,0,Guayas,A,4,1750,50.82,19.3,0
7581,2021-10-09,3,PRODUCE,370.924,0,Guayas,A,4,1750,50.82,19.3,0
9771,2021-10-09,5,BEVERAGES,248.333,0,Azuay,B,2,772,50.82,19.3,0
11231,2021-10-09,5,CLEANING,129.11,3,Azuay,B,2,772,50.82,19.3,0
9041,2021-10-09,5,GROCERY I,339.148,0,Azuay,B,2,772,50.82,19.3,0
10501,2021-10-09,5,PRODUCE,207.469,19,Azuay,B,2,772,50.82,19.3,0
12691,2021-10-09,8,BEVERAGES,484.187,2,Guayas,C,1,1394,50.82,19.3,0
14151,2021-10-09,8,CLEANING,203.942,0,Guayas,C,1,1394,50.82,19.3,0
11961,2021-10-09,8,GROCERY I,688.442,14,Guayas,C,1,1394,50.82,19.3,0
13421,2021-10-09,8,PRODUCE,328.417,0,Guayas,C,1,1394,50.82,19.3,0
1012,2021-10-10,1,BEVERAGES,407.234,0,Pichincha,D,2,1093,51.24,16.56,0
2472,2021-10-10,1,CLEANING,128.811,0,Pichincha,D,2,1093,51.24,16.56,0
282,2021-10-10,1,GROCERY I,551.747,0,Pichincha,D,2,1093,51.24,16.56,0
1742,2021-10-10,1,PRODUCE,222.802,0,Pichincha,D,2,1093,51.24,16.56,0
3932,2021-10-10,2,BEVERAGES,280.459,0,Pichincha,D,3,974,51.24,16.56,0
5392,2021-10-10,2,CLEANING,142.583,1,Pichincha,D,3,974,51.24,16.56,0
3202,2021-10-10,2,GROCERY I,451.467,0,Pichincha,D,3,974,51.24,16.56,0
4662,2021-10-10,2,PRODUCE,193.468,0,Pichincha,D,3,974,51.24,16.56,0
6852,2021-10-10,3,BEVERAGES,481.979,23,Guayas,A,4,1586,51.24,16.56,0
8312,2021-10-10,3,CLEANING,184.022,0,Guayas,A,4,1586,51.24,16.56,0
6122,2021-10-10,3,GROCERY I,667.044,0,Guayas,A,4,1586,51.24,16.56,0
7582,2021-10-10,3,PRODUCE,338.504,0,Guayas,A,4,1586,51.24,16.56,0
9772,2021-10-10,5,BEVERAGES,178.024,0,Azuay,B,2,655,51.24,16.56,0
11232,2021-10-10,5,CLEANING,78.6,0,Azuay,B,2,655,51.24,16.56,0
9042,2021-10-10,5,GROCERY I,298.091,0,Azuay,B,2,655,51.24,16.56,0
10502,2021-10-10,5,PRODUCE,133.97,0,Azuay,B,2,655,51.24,16.56,0
12692,2021-10-10,8,BEVERAGES,345.477,0,Guayas,C,1,1291,51.24,16.56,0
14152,2021-10-10,8,CLEANING,144.826,0,Guayas,C,1,1291,51.24,16.56,0
11962,2021-10-10,8,GROCERY I,544.48,0,Guayas,C,1,1291,51.24,16.56,0
13422,2021-10-10,8,PRODUCE,226.643,0,Guayas,C,1,1291,51.24,16.56,0
1013,2021-10-11,1,BEVERAGES,268.569,0,Pichincha,D,2,929,51.44,14.92,0
2473,2021-10-11,1,CLEANING,142.101,8,Pichincha,D,2,929,51.44,14.92,0
283,2021-10-11,1,GROCERY I,413.672,0,Pichincha,D,2,929,51.44,14.92,0
1743,2021-10-11,1,PRODUCE,160.029,0,Pichincha,D,2,929,51.44,14.92,0
3933,2021-10-11,2,BEVERAGES,198.117,0,Pichincha,D,3,753,51.44,14.92,0
5393,2021-10-11,2,CLEANING,101.889,0,Pichincha,D,3,753,51.44,14.92,0
3203,2021-10-11,2,GROCERY I,337.254,0,Pichincha,D,3,753,51.44,14.92,0
4663,2021-10-11,2,PRODUCE,143.704,0,Pichincha,D,3,753,51.44,14.92,0
6853,2021-10-11,3,BEVERAGES,386.716,0,Guayas,A,4,1258,51.44,14.92,0
8313,2021-10-11,3,CLEANING,143.85,0,Guayas,A,4,1258,51.44,14.92,0
6123,2021-10-11,3,GROCERY I,599.306,0,Guayas,A,4,1258,51.44,14.92,0
7583,2021-10-11,3,PRODUCE,241.352,0,Guayas,A,4,1258,51.44,14.92,0
9773,2021-10-11,5,BEVERAGES,154.221,0,Azuay,B,2,562,51.44,14.92,0
11233,2021-10-11,5,CLEANING,54.424,0,Azuay,B,2,562,51.44,14.92,0
9043,2021-10-11,5,GROCERY I,265.606,0,Azuay,B,2,562,51.44,14.92,0
10503,2021-10-11,5,PRODUCE,99.06,0,Azuay,B,2,562,51.44,14.92,0
12693,2021-10-11,8,BEVERAGES,234.098,0,Guayas,C,1,1004,51.44,14.92,0
14153,2021-10-11,8,CLEANING,123.423,0,Guayas,C,1,1004,51.44,14.92,0
11963,2021-10-11,8,GROCERY I,460.946,0,Guayas,C,1,1004,51.44,14.92,0
13423,2021-10-11,8,PRODUCE,212.979,0,Guayas,C,1,1004,51.44,14.92,0
1014,2021-10-12,1,BEVERAGES,273.191,0,Pichincha,D,2,825,50.94,15.75,0
2474,2021-10-12,1,CLEANING,122.235,0,Pichincha,D,2,825,50.94,15.75,0
284,2021-10-12,1,GROCERY I,414.371,0,Pichincha,D,2,825,50.94,15.75,0
1744,2021-10-12,1,PRODUCE,190.159,0,Pichincha,D,2,825,50.94,15.75,0
3934,2021-10-12,2,BEVERAGES,165.931,0,Pichincha,D,3,742,50.94,15.75,0
5394,2021-10-12,2,CLEANING,90.429,0,Pichincha,D,3,742,50.94,15.75,0
3204,2021-10-12,2,GROCERY I,320.303,0,Pichincha,D,3,742,50.94,15.75,0
4664,2021-10-12,2,PRODUCE,208.387,4,Pichincha,D,3,742,50.94,15.75,0
6854,2021-10-12,3,BEVERAGES,316.107,0,Guayas,A,4,1180,50.94,15.75,0
8314,2021-10-12,3,CLEANING,141.17,0,Guayas,A,4,1180,50.94,15.75,0
6124,2021-10-12,3,GROCERY I,718.215,12,Guayas,A,4,1180,50.94,15.75,0
7584,2021-10-12,3,PRODUCE,0.0,0,Guayas,A,4,1180,50.94,15.75,0
9774,2021-10-12,5,BEVERAGES,131.122,0,Azuay,B,2,496,50.94,15.75,0
11234,2021-10-12,5,CLEANING,56.099,0,Azuay,B,2,496,50.94,15.75,0
9044,2021-10-12,5,GROCERY I,243.115,20,Azuay,B,2,496,50.94,15.75,0
10504,2021-10-12,5,PRODUCE,103.096,0,Azuay,B,2,496,50.94,15.75,0
12694,2021-10-12,8,BEVERAGES,267.272,0,Guayas,C,1,947,50.94,15.75,0
14154,2021-10-12,8,CLEANING,118.699,0,Guayas,C,1,947,50.94,15.75,0
11964,2021-10-12,8,GROCERY I,500.624,2,Guayas,C,1,947,50.94,15.75,0
13424,2021-10-12,8,PRODUCE,200.337,0,Guayas,C,1,947,50.94,15.75,0
1015,2021-10-13,1,BEVERAGES,251.243,0,Pichincha,D,2,854,50.73,15.76,0
2475,2021-10-13,1,CLEANING,127.19,2,Pichincha,D,2,854,50.73,15.76,0
285,2021-10-13,1,GROCERY I,398.971,0,Pichincha,D,2,854,50.73,15.76,0
1745,2021-10-13,1,PRODUCE,191.487,4,Pichincha,D,2,854,50.73,15.76,0
3935,2021-10-13,2,BEVERAGES,245.681,0,Pichincha,D,3,768,50.73,15.76,0
5395,2021-10-13,2,CLEANING,87.003,0,Pichincha,D,3,768,50.73,15.76,0
3205,2021-10-13,2,GROCERY I,383.264,0,Pichincha,D,3,768,50.73,15.76,0
4665,2021-10-13,2,PRODUCE,165.38,0,Pichincha,D,3,768,50.73,15.76,0
6855,2021-10-13,3,BEVERAGES,320.015,0,Guayas,A,4,1269,50.73,15.76,0
8315,2021-10-13,3,CLEANING,162.842,0,Guayas,A,4,1269,50.73,15.76,0
6125,2021-10-13,3,GROCERY I,454.87,0,Guayas,A,4,1269,50.73,15.76,0
7585,2021-10-13,3,PRODUCE,217.762,0,Guayas,A,4,1269,50.73,15.76,0
9775,2021-10-13,5,BEVERAGES,150.519,0,Azuay,B,2,464,50.73,15.76,0
11235,2021-10-13,5,CLEANING,89.683,19,Azuay,B,2,464,50.73,15.76,0
9045,2021-10-13,5,GROCERY I,171.278,0,Azuay,B,2,464,50.73,15.76,0
10505,2021-10-13,5,PRODUCE,127.775,16,Azuay,B,2,464,50.73,15.76,0
12695,2021-10-13,8,BEVERAGES,365.283,18,Guayas,C,1,1027,50.73,15.76,0
14155,2021-10-13,8,CLEANING,124.497,0,Guayas,C,1,1027,50.73,15.76,0
11965,2021-10-13,8,GROCERY I,435.149,0,Guayas,C,1,1027,50.73,15.76,0
13425,2021-10-13,8,PRODUCE,210.478,0,Guayas,C,1,1027,50.73,15.76,0
1016,2021-10-14,1,BEVERAGES,250.767,0,Pichincha,D,2,943,50.85,17.24,0
2476,2021-10-14,1,CLEANING,108.547,0,Pichincha,D,2,943,50.85,17.24,0
286,2021-10-14,1,GROCERY I,403.835,0,Pichincha,D,2,943,50.85,17.24,0
1746,2021-10-14,1,PRODUCE,197.135,0,Pichincha,D,2,943,50.85,17.24,0
3936,2021-10-14,2,BEVERAGES,231.754,0,Pichincha,D,3,837,50.85,17.24,0
5396,2021-10-14,2,CLEANING,95.999,0,Pichincha,D,3,837,50.85,17.24,0
3206,2021-10-14,2,GROCERY I,347.019,0,Pichincha,D,3,837,50.85,17.24,0
4666,2021-10-14,2,PRODUCE,163.08,0,Pichincha,D,3,837,50.85,17.24,0
6856,2021-10-14,3,BEVERAGES,507.375,7,Guayas,A,4,1268,50.85,17.24,0
8316,2021-10-14,3,CLEANING,183.077,14,Guayas,A,4,1268,50.85,17.24,0
6126,2021-10-14,3,GROCERY I,557.482,0,Guayas,A,4,1268,50.85,17.24,0
7586,2021-10-14,3,PRODUCE,252.949,0,Guayas,A,4,1268,50.85,17.24,0
9776,2021-10-14,5,BEVERAGES,153.81,0,Azuay,B,2,584,50.85,17.24,0
11236,2021-10-14,5,CLEANING,67.067,0,Azuay,B,2,584,50.85,17.24,0
9046,2021-10-14,5,GROCERY I,264.024,0,Azuay,B,2,584,50.85,17.24,0
10506,2021-10-14,5,PRODUCE,148.955,11,Azuay,B,2,584,50.85,17.24,0
12696,2021-10-14,8,BEVERAGES,324.693,15,Guayas,C,1,1033,50.85,17.24,0
14156,2021-10-14,8,CLEANING,132.359,0,Guayas,C,1,1033,50.85,17.24,0
11966,2021-10-14,8,GROCERY I,428.162,0,Guayas,C,1,1033,50.85,17.24,0
13426,2021-10-14,8,PRODUCE,225.03,0,Guayas,C,1,1033,50.85,17.24,0
1017,2021-10-15,1,BEVERAGES,320.238,0,Pichincha,D,2,1073,50.87,16.77,0
2477,2021-10-15,1,CLEANING,152.256,0,Pichincha,D,2,1073,50.87,16.77,0
287,2021-10-15,1,GROCERY I,579.703,0,Pichincha,D,2,1073,50.87,16.77,0
1747,2021-10-15,1,PRODUCE,266.408,0,Pichincha,D,2,1073,50.87,16.77,0
3937,2021-10-15,2,BEVERAGES,295.838,0,Pichincha,D,3,994,50.87,16.77,0
5397,2021-10-15,2,CLEANING,113.318,0,Pichincha,D,3,994,50.87,16.77,0
3207,2021-10-15,2,GROCERY I,464.197,0,Pichincha,D,3,994,50.87,16.77,0
4667,2021-10-15,2,PRODUCE,215.107,0,Pichincha,D,3,994,50.87,16.77,0
6857,2021-10-15,3,BEVERAGES,479.301,0,Guayas,A,4,1390,50.87,16.77,0
8317,2021-10-15,3,CLEANING,195.774,0,Guayas,A,4,1390,50.87,16.77,0
6127,2021-10-15,3,GROCERY I,608.201,0,Guayas,A,4,1390,50.87,16.77,0
7587,2021-10-15,3,PRODUCE,311.914,0,Guayas,A,4,1390,50.87,16.77,0
9777,2021-10-15,5,BEVERAGES,206.58,24,Azuay,B,2,714,50.87,16.77,0
11237,2021-10-15,5,CLEANING,88.97,0,Azuay,B,2,714,50.87,16.77,0
9047,2021-10-15,5,GROCERY I,315.521,0,Azuay,B,2,714,50.87,16.77,0
10507,2021-10-15,5,PRODUCE,115.675,0,Azuay,B,2,714,50.87,16.77,0
12697,2021-10-15,8,BEVERAGES,413.302,0,Guayas,C,1,1214,50.87,16.77,0
14157,2021-10-15,8,CLEANING,180.803,0,Guayas,C,1,1214,50.87,16.77,0
11967,2021-10-15,8,GROCERY I,544.268,0,Guayas,C,1,1214,50.87,16.77,0
13427,2021-10-15,8,PRODUCE,257.697,0,Guayas,C,1,1214,50.87,16.77,0
1018,2021-10-16,1,BEVERAGES,433.528,0,Pichincha,D,2,1361,50.74,16.66,0
2478,2021-10-16,1,CLEANING,158.602,0,Pichincha,D,2,1361,50.74,16.66,0
288,2021-10-16,1,GROCERY I,668.398,0,Pichincha,D,2,1361,50.74,16.66,0
1748,2021-10-16,1,PRODUCE,322.082,0,Pichincha,D,2,1361,50.74,16.66,0
3938,2021-10-16,2,BEVERAGES,349.794,0,Pichincha,D,3,1137,50.74,16.66,0
5398,2021-10-16,2,CLEANING,136.178,0,Pichincha,D,3,1137,50.74,16.66,0
3208,2021-10-16,2,GROCERY I,428.4,0,Pichincha,D,3,1137,50.74,16.66,0
4668,2021-10-16,2,PRODUCE,230.81,0,Pichincha,D,3,1137,50.74,16.66,0
6858,2021-10-16,3,BEVERAGES,515.299,0,Guayas,A,4,1787,50.74,16.66,0
8318,2021-10-16,3,CLEANING,228.293,0,Guayas,A,4,1787,50.74,16.66,0
6128,2021-10-16,3,GROCERY I,834.441,0,Guayas,A,4,1787,50.74,16.66,0
7588,2021-10-16,3,PRODUCE,393.277,0,Guayas,A,4,1787,50.74,16.66,0
9778,2021-10-16,5,BEVERAGES,236.351,0,Azuay,B,2,784,50.74,16.66,0
11238,2021-10-16,5,CLEANING,94.982,0,Azuay,B,2,784,50.74,16.66,0
9048,2021-10-16,5,GROCERY I,293.891,0,Azuay,B,2,784,50.74,16.66,0
10508,2021-10-16,5,PRODUCE,176.259,0,Azuay,B,2,784,50.74,16.66,0
12698,2021-10-16,8,BEVERAGES,344.825,0,Guayas,C,1,1467,50.74,16.66,0
14158,2021-10-16,8,CLEANING,171.307,0,Guayas,C,1,1467,50.74,16.66,0
11968,2021-10-16,8,GROCERY I,696.665,0,Guayas,C,1,1467,50.74,16.66,0
13428,2021-10-16,8,PRODUCE,288.657,0,Guayas,C,1,1467,50.74,16.66,0
1019,2021-10-17,1,BEVERAGES,398.815,5,Pichincha,D,2,1120,50.7,17.98,0
2479,2021-10-17,1,CLEANING,138.512,0,Pichincha,D,2,1120,50.7,17.98,0
289,2021-10-17,1,GROCERY I,494.687,0,Pichincha,D,2,1120,50.7,17.98,0
1749,2021-10-17,1,PRODUCE,203.839,0,Pichincha,D,2,1120,50.7,17.98,0
3939,2021-10-17,2,BEVERAGES,295.771,0,Pichincha,D,3,1059,50.7,17.98,0
5399,2021-10-17,2,CLEANING,145.898,5,Pichincha,D,3,1059,50.7,17.98,0
3209,2021-10-17,2,GROCERY I,658.52,18,Pichincha,D,3,1059,50.7,17.98,0
4669,2021-10-17,2,PRODUCE,188.077,0,Pichincha,D,3,1059,50.7,17.98,0
6859,2021-10-17,3,BEVERAGES,335.598,0,Guayas,A,4,1533,50.7,17.98,0
8319,2021-10-17,3,CLEANING,186.172,0,Guayas,A,4,1533,50.7,17.98,0
6129,2021-10-17,3,GROCERY I,636.086,0,Guayas,A,4,1533,50.7,17.98,0
7589,2021-10-17,3,PRODUCE,423.962,10,Guayas,A,4,1533,50.7,17.98,0
9779,2021-10-17,5,BEVERAGES,192.028,0,Azuay,B,2,698,50.7,17.98,0
11239,2021-10-17,5,CLEANING,78.764,0,Azuay,B,2,698,50.7,17.98,0
9049,2021-10-17,5,GROCERY I,301.015,0,Azuay,B,2,698,50.7,17.98,0
10509,2021-10-17,5,PRODUCE,131.704,0,Azuay,B,2,698,50.7,17.98,0
12699,2021-10-17,8,BEVERAGES,425.899,5,Guayas,C,1,1244,50.7,17.98,0
14159,2021-10-17,8,CLEANING,161.93,0,Guayas,C,1,1244,50.7,17.98,0
11969,2021-10-17,8,GROCERY I,553.5,0,Guayas,C,1,1244,50.7,17.98,0
13429,2021-10-17,8,PRODUCE,239.442,0,Guayas,C,1,1244,50.7,17.98,0
1020,2021-10-18,1,BEVERAGES,246.861,0,Pichincha,D,2,873,50.58,17.57,0
2480,2021-10-18,1,CLEANING,108.551,0,Pichincha,D,2,873,50.58,17.57,0
290,2021-10-18,1,GROCERY I,435.948,0,Pichincha,D,2,873,50.58,17.57,0
1750,2021-10-18,1,PRODUCE,195.19,0,Pichincha,D,2,873,50.58,17.57,0
3940,2021-10-18,2,BEVERAGES,212.87,0,Pichincha,D,3,770,50.58,17.57,0
5400,2021-10-18,2,CLEANING,83.323,0,Pichincha,D,3,770,50.58,17.57,0
3210,2021-10-18,2,GROCERY I,328.019,0,Pichincha,D,3,770,50.58,17.57,0
4670,2021-10-18,2,PRODUCE,141.543,0,Pichincha,D,3,770,50.58,17.57,0
6860,2021-10-18,3,BEVERAGES,378.376,0,Guayas,A,4,1278,50.58,17.57,0
8320,2021-10-18,3,CLEANING,169.247,0,Guayas,A,4,1278,50.58,17.57,0
6130,2021-10-18,3,GROCERY I,492.622,0,Guayas,A,4,1278,50.58,17.57,0
7590,2021-10-18,3,PRODUCE,290.565,0,Guayas,A,4,1278,50.58,17.57,0
9780,2021-10-18,5,BEVERAGES,177.347,0,Azuay,B,2,472,50.58,17.57,0
11240,2021-10-18,5,CLEANING,93.645,14,Azuay,B,2,472,50.58,17.57,0
9050,2021-10-18,5,GROCERY I,329.989,4,Azuay,B,2,472,50.58,17.57,0
10510,2021-10-18,5,PRODUCE,84.792,0,Azuay,B,2,472,50.58,17.57,0
12700,2021-10-18,8,BEVERAGES,254.038,0,Guayas,C,1,1035,50.58,17.57,0
14160,2021-10-18,8,CLEANING,122.074,0,Guayas,C,1,1035,50.58,17.57,0
11970,2021-10-18,8,GROCERY I,418.224,0,Guayas,C,1,1035,50.58,17.57,0
13430,2021-10-18,8,PRODUCE,178.409,0,Guayas,C,1,1035,50.58,17.57,0
1021,2021-10-19,1,BEVERAGES,259.866,0,Pichincha,D,2,832,50.65,17.53,0
2481,2021-10-19,1,CLEANING,106.844,0,Pichincha,D,2,832,50.65,17.53,0
291,2021-10-19,1,GROCERY I,370.297,0,Pichincha,D,2,832,50.65,17.53,0
1751,2021-10-19,1,PRODUCE,202.139,7,Pichincha,D,2,832,50.65,17.53,0
3941,2021-10-19,2,BEVERAGES,218.989,0,Pichincha,D,3,781,50.65,17.53,0
5401,2021-10-19,2,CLEANING,88.8,0,Pichincha,D,3,781,50.65,17.53,0
3211,2021-10-19,2,GROCERY I,345.435,0,Pichincha,D,3,781,50.65,17.53,0
4671,2021-10-19,2,PRODUCE,179.836,4,Pichincha,D,3,781,50.65,17.53,0
6861,2021-10-19,3,BEVERAGES,366.056,0,Guayas,A,4,1207,50.65,17.53,0
8321,2021-10-19,3,CLEANING,188.45,17,Guayas,A,4,1207,50.65,17.53,0
6131,2021-10-19,3,GROCERY I,588.99,0,Guayas,A,4,1207,50.65,17.53,0
7591,2021-10-19,3,PRODUCE,246.879,0,Guayas,A,4,1207,50.65,17.53,0
9781,2021-10-19,5,BEVERAGES,148.046,0,Azuay,B,2,424,50.65,17.53,0
11241,2021-10-19,5,CLEANING,59.547,0,Azuay,B,2,424,50.65,17.53,0
9051,2021-10-19,5,GROCERY I,250.594,23,Azuay,B,2,424,50.65,17.53,0
10511,2021-10-19,5,PRODUCE,92.93,0,Azuay,B,2,424,50.65,17.53,0
12701,2021-10-19,8,BEVERAGES,303.828,0,Guayas,C,1,906,50.65,17.53,0
14161,2021-10-19,8,CLEANING,128.099,0,Guayas,C,1,906,50.65,17.53,0
11971,2021-10-19,8,GROCERY I,416.513,0,Guayas,C,1,906,50.65,17.53,0
13431,2021-10-19,8,PRODUCE,201.309,0,Guayas,C,1,906,50.65,17.53,0
1022,2021-10-20,1,BEVERAGES,273.799,0,Pichincha,D,2,856,51.31,17.64,0
2482,2021-10-20,1,CLEANING,94.321,0,Pichincha,D,2,856,51.31,17.64,0
292,2021-10-20,1,GROCERY I,442.209,19,Pichincha,D,2,856,51.31,17.64,0
1752,2021-10-20,1,PRODUCE,165.989,0,Pichincha,D,2,856,51.31,17.64,0
3942,2021-10-20,2,BEVERAGES,242.099,0,Pichincha,D,3,768,51.31,17.64,0
5402,2021-10-20,2,CLEANING,75.724,0,Pichincha,D,3,768,51.31,17.64,0
3212,2021-10-20,2,GROCERY I,357.941,0,Pichincha,D,3,768,51.31,17.64,0
4672,2021-10-20,2,PRODUCE,162.761,0,Pichincha,D,3,768,51.31,17.64,0
6862,2021-10-20,3,BEVERAGES,369.638,0,Guayas,A,4,1118,51.31,17.64,0
8322,2021-10-20,3,CLEANING,148.144,0,Guayas,A,4,1118,51.31,17.64,0
6132,2021-10-20,3,GROCERY I,538.754,0,Guayas,A,4,1118,51.31,17.64,0
7592,2021-10-20,3,PRODUCE,234.467,0,Guayas,A,4,1118,51.31,17.64,0
9782,2021-10-20,5,BEVERAGES,141.232,8,Azuay,B,2,446,51.31,17.64,0
11242,2021-10-20,5,CLEANING,61.578,0,Azuay,B,2,446,51.31,17.64,0
9052,2021-10-20,5,GROCERY I,234.695,0,Azuay,B,2,446,51.31,17.64,0
10512,2021-10-20,5,PRODUCE,126.452,7,Azuay,B,2,446,51.31,17.64,0
12702,2021-10-20,8,BEVERAGES,370.621,14,Guayas,C,1,989,51.31,17.64,0
14162,2021-10-20,8,CLEANING,125.19,0,Guayas,C,1,989,51.31,17.64,0
11972,2021-10-20,8,GROCERY I,488.429,0,Guayas,C,1,989,51.31,17.64,0
13432,2021-10-20,8,PRODUCE,213.286,0,Guayas,C,1,989,51.31,17.64,0
1023,2021-10-21,1,BEVERAGES,317.216,0,Pichincha,D,2,980,50.16,17.92,0
2483,2021-10-21,1,CLEANING,110.265,0,Pichincha,D,2,980,50.16,17.92,0
293,2021-10-21,1,GROCERY I,467.718,0,Pichincha,D,2,980,50.16,17.92,0
1753,2021-10-21,1,PRODUCE,194.12,0,Pichincha,D,2,980,50.16,17.92,0
3943,2021-10-21,2,BEVERAGES,277.993,20,Pichincha,D,3,766,50.16,17.92,0
5403,2021-10-21,2,CLEANING,99.761,0,Pichincha,D,3,766,50.16,17.92,0
3213,2021-10-21,2,GROCERY I,334.529,0,Pichincha,D,3,766,50.16,17.92,0
4673,2021-10-21,2,PRODUCE,180.587,0,Pichincha,D,3,766,50.16,17.92,0
6863,2021-10-21,3,BEVERAGES,388.304,0,Guayas,A,4,1317,50.16,17.92,0
8323,2021-10-21,3,CLEANING,155.077,0,Guayas,A,4,1317,50.16,17.92,0
6133,2021-10-21,3,GROCERY I,573.692,0,Guayas,A,4,1317,50.16,17.92,0
7593,2021-10-21,3,PRODUCE,318.319,12,Guayas,A,4,1317,50.16,17.92,0
9783,2021-10-21,5,BEVERAGES,132.583,0,Azuay,B,2,556,50.16,17.92,0
11243,2021-10-21,5,CLEANING,69.188,0,Azuay,B,2,556,50.16,17.92,0
9053,2021-10-21,5,GROCERY I,256.508,0,Azuay,B,2,556,50.16,17.92,0
10513,2021-10-21,5,PRODUCE,116.921,0,Azuay,B,2,556,50.16,17.92,0
12703,2021-10-21,8,BEVERAGES,360.36,10,Guayas,C,1,1079,50.16,17.92,0
14163,2021-10-21,8,CLEANING,129.416,0,Guayas,C,1,1079,50.16,17.92,0
11973,2021-10-21,8,GROCERY I,514.78,0,Guayas,C,1,1079,50.16,17.92,0
13433,2021-10-21,8,PRODUCE,208.154,0,Guayas,C,1,1079,50.16,17.92,0
1024,2021-10-22,1,BEVERAGES,341.369,0,Pichincha,D,2,1126,50.05,14.1,0
2484,2021-10-22,1,CLEANING,141.614,0,Pichincha,D,2,1126,50.05,14.1,0
294,2021-10-22,1,GROCERY I,433.697,0,Pichincha,D,2,1126,50.05,14.1,0
1754,2021-10-22,1,PRODUCE,260.741,0,Pichincha,D,2,1126,50.05,14.1,0
3944,2021-10-22,2,BEVERAGES,317.103,0,Pichincha,D,3,941,50.05,14.1,0
5404,2021-10-22,2,CLEANING,102.276,0,Pichincha,D,3,941,50.05,14.1,0
3214,2021-10-22,2,GROCERY I,450.147,0,Pichincha,D,3,941,50.05,14.1,0
4674,2021-10-22,2,PRODUCE,192.56,0,Pichincha,D,3,941,50.05,14.1,0
6864,2021-10-22,3,BEVERAGES,438.676,0,Guayas,A,4,1524,50.05,14.1,0
8324,2021-10-22,3,CLEANING,188.591,0,Guayas,A,4,1524,50.05,14.1,0
6134,2021-10-22,3,GROCERY I,717.34,0,Guayas,A,4,1524,50.05,14.1,0
7594,2021-10-22,3,PRODUCE,307.387,0,Guayas,A,4,1524,50.05,14.1,0
9784,2021-10-22,5,BEVERAGES,225.419,0,Azuay,B,2,645,50.05,14.1,0
11244,2021-10-22,5,CLEANING,77.454,0,Azuay,B,2,645,50.05,14.1,0
9054,2021-10-22,5,GROCERY I,255.921,0,Azuay,B,2,645,50.05,14.1,0
10514,2021-10-22,5,PRODUCE,132.976,0,Azuay,B,2,645,50.05,14.1,0
12704,2021-10-22,8,BEVERAGES,385.428,21,Guayas,C,1,1161,50.05,14.1,0
14164,2021-10-22,8,CLEANING,131.499,0,Guayas,C,1,1161,50.05,14.1,0
11974,2021-10-22,8,GROCERY I,536.815,0,Guayas,C,1,1161,50.05,14.1,0
13434,2021-10-22,8,PRODUCE,276.326,0,Guayas,C,1,1161,50.05,14.1,0
1025,2021-10-23,1,BEVERAGES,418.054,0,Pichincha,D,2,1400,50.13,16.53,0
2485,2021-10-23,1,CLEANING,169.038,0,Pichincha,D,2,1400,50.13,16.53,0
295,2021-10-23,1,GROCERY I,662.886,0,Pichincha,D,2,1400,50.13,16.53,0
1755,2021-10-23,1,PRODUCE,295.565,0,Pichincha,D,2,1400,50.13,16.53,0
3945,2021-10-23,2,BEVERAGES,279.757,0,Pichincha,D,3,1147,50.13,16.53,0
5405,2021-10-23,2,CLEANING,149.992,0,Pichincha,D,3,1147,50.13,16.53,0
3215,2021-10-23,2,GROCERY I,540.0,0,Pichincha,D,3,1147,50.13,16.53,0
4675,2021-10-23,2,PRODUCE,310.571,4,Pichincha,D,3,1147,50.13,16.53,0
6865,2021-10-23,3,BEVERAGES,512.975,0,Guayas,A,4,1772,50.13,16.53,0
8325,2021-10-23,3,CLEANING,234.998,11,Guayas,A,4,1772,50.13,16.53,0
6135,2021-10-23,3,GROCERY I,896.813,0,Guayas,A,4,1772,50.13,16.53,0
7595,2021-10-23,3,PRODUCE,395.7,0,Guayas,A,4,1772,50.13,16.53,0
9785,2021-10-23,5,BEVERAGES,267.423,17,Azuay,B,2,818,50.13,16.53,0
11245,2021-10-23,5,CLEANING,101.645,0,Azuay,B,2,818,50.13,16.53,0
9055,2021-10-23,5,GROCERY I,332.94,0,Azuay,B,2,818,50.13,16.53,0
10515,2021-10-23,5,PRODUCE,143.256,0,Azuay,B,2,818,50.13,16.53,0
12705,2021-10-23,8,BEVERAGES,386.038,0,Guayas,C,1,1395,50.13,16.53,0
14165,2021-10-23,8,CLEANING,174.059,0,Guayas,C,1,1395,50.13,16.53,0
11975,2021-10-23,8,GROCERY I,700.654,0,Guayas,C,1,1395,50.13,16.53,0
13435,2021-10-23,8,PRODUCE,303.921,0,Guayas,C,1,1395,50.13,16.53,0
1026,2021-10-24,1,BEVERAGES,371.601,0,Pichincha,D,2,1259,50.26,13.98,0
2486,2021-10-24,1,CLEANING,161.612,0,Pichincha,D,2,1259,50.26,13.98,0
296,2021-10-24,1,GROCERY I,528.109,0,Pichincha,D,2,1259,50.26,13.98,0
1756,2021-10-24,1,PRODUCE,231.742,0,Pichincha,D,2,1259,50.26,13.98,0
3946,2021-10-24,2,BEVERAGES,298.077,15,Pichincha,D,3,982,50.26,13.98,0
5406,2021-10-24,2,CLEANING,93.422,0,Pichincha,D,3,982,50.26,13.98,0
3216,2021-10-24,2,GROCERY I,413.886,0,Pichincha,D,3,982,50.26,13.98,0
4676,2021-10-24,2,PRODUCE,198.799,0,Pichincha,D,3,982,50.26,13.98,0
6866,2021-10-24,3,BEVERAGES,423.617,0,Guayas,A,4,1558,50.26,13.98,0
8326,2021-10-24,3,CLEANING,182.639,0,Guayas,A,4,1558,50.26,13.98,0
6136,2021-10-24,3,GROCERY I,855.219,16,Guayas,A,4,1558,50.26,13.98,0
7596,2021-10-24,3,PRODUCE,301.808,0,Guayas,A,4,1558,50.26,13.98,0
9786,2021-10-24,5,BEVERAGES,204.389,0,Azuay,B,2,685,50.26,13.98,0
11246,2021-10-24,5,CLEANING,87.266,0,Azuay,B,2,685,50.26,13.98,0
9056,2021-10-24,5,GROCERY I,262.641,0,Azuay,B,2,685,50.26,13.98,0
10516,2021-10-24,5,PRODUCE,132.035,0,Azuay,B,2,685,50.26,13.98,0
12706,2021-10-24,8,BEVERAGES,390.781,0,Guayas,C,1,1226,50.26,13.98,0
14166,2021-10-24,8,CLEANING,146.183,0,Guayas,C,1,1226,50.26,13.98,0
11976,2021-10-24,8,GROCERY I,590.789,0,Guayas,C,1,1226,50.26,13.98,0
13436,2021-10-24,8,PRODUCE,269.136,0,Guayas,C,1,1226,50.26,13.98,0
1027,2021-10-25,1,BEVERAGES,241.057,0,Pichincha,D,2,856,50.1,17.07,0
2487,2021-10-25,1,CLEANING,131.466,0,Pichincha,D,2,856,50.1,17.07,0
297,2021-10-25,1,GROCERY I,498.416,7,Pichincha,D,2,856,50.1,17.07,0
1757,2021-10-25,1,PRODUCE,202.993,0,Pichincha,D,2,856,50.1,17.07,0
3947,2021-10-25,2,BEVERAGES,239.703,0,Pichincha,D,3,785,50.1,17.07,0
5407,2021-10-25,2,CLEANING,106.223,0,Pichincha,D,3,785,50.1,17.07,0
3217,2021-10-25,2,GROCERY I,319.331,0,Pichincha,D,3,785,50.1,17.07,0
4677,2021-10-25,2,PRODUCE,145.231,0,Pichincha,D,3,785,50.1,17.07,0
6867,2021-10-25,3,BEVERAGES,339.804,0,Guayas,A,4,1281,50.1,17.07,0
8327,2021-10-25,3,CLEANING,158.371,0,Guayas,A,4,1281,50.1,17.07,0
6137,2021-10-25,3,GROCERY I,660.46,10,Guayas,A,4,1281,50.1,17.07,0
7597,2021-10-25,3,PRODUCE,253.239,0,Guayas,A,4,1281,50.1,17.07,0
9787,2021-10-25,5,BEVERAGES,188.27,3,Azuay,B,2,586,50.1,17.07,0
11247,2021-10-25,5,CLEANING,67.484,0,Azuay,B,2,586,50.1,17.07,0
9057,2021-10-25,5,GROCERY I,235.203,0,Azuay,B,2,586,50.1,17.07,0
10517,2021-10-25,5,PRODUCE,97.674,0,Azuay,B,2,586,50.1,17.07,0
12707,2021-10-25,8,BEVERAGES,337.465,3,Guayas,C,1,1074,50.1,17.07,0
14167,2021-10-25,8,CLEANING,118.543,0,Guayas,C,1,1074,50.1,17.07,0
11977,2021-10-25,8,GROCERY I,508.756,0,Guayas,C,1,1074,50.1,17.07,0
13437,2021-10-25,8,PRODUCE,181.968,0,Guayas,C,1,1074,50.1,17.07,0
1028,2021-10-26,1,BEVERAGES,235.162,0,Pichincha,D,2,866,49.31,17.01,0
2488,2021-10-26,1,CLEANING,122.676,0,Pichincha,D,2,866,49.31,17.01,0
298,2021-10-26,1,GROCERY I,413.39,0,Pichincha,D,2,866,49.31,17.01,0
1758,2021-10-26,1,PRODUCE,145.832,0,Pichincha,D,2,866,49.31,17.01,0
3948,2021-10-26,2,BEVERAGES,238.147,7,Pichincha,D,3,773,49.31,17.01,0
5408,2021-10-26,2,CLEANING,75.334,0,Pichincha,D,3,773,49.31,17.01,0
3218,2021-10-26,2,GROCERY I,327.623,0,Pichincha,D,3,773,49.31,17.01,0
4678,2021-10-26,2,PRODUCE,131.968,0,Pichincha,D,3,773,49.31,17.01,0
6868,2021-10-26,3,BEVERAGES,357.125,0,Guayas,A,4,1077,49.31,17.01,0
8328,2021-10-26,3,CLEANING,124.815,0,Guayas,A,4,1077,49.31,17.01,0
6138,2021-10-26,3,GROCERY I,518.455,0,Guayas,A,4,1077,49.31,17.01,0
7598,2021-10-26,3,PRODUCE,282.289,0,Guayas,A,4,1077,49.31,17.01,0
9788,2021-10-26,5,BEVERAGES,166.417,0,Azuay,B,2,557,49.31,17.01,0
11248,2021-10-26,5,CLEANING,58.463,0,Azuay,B,2,557,49.31,17.01,0
9058,2021-10-26,5,GROCERY I,212.276,0,Azuay,B,2,557,49.31,17.01,0
10518,2021-10-26,5,PRODUCE,107.19,0,Azuay,B,2,557,49.31,17.01,0
12708,2021-10-26,8,BEVERAGES,267.697,0,Guayas,C,1,922,49.31,17.01,0
14168,2021-10-26,8,CLEANING,109.452,0,Guayas,C,1,922,49.31,17.01,0
11978,2021-10-26,8,GROCERY I,444.11,0,Guayas,C,1,922,49.31,17.01,0
13438,2021-10-26,8,PRODUCE,234.382,22,Guayas,C,1,922,49.31,17.01,0
1029,2021-10-27,1,BEVERAGES,236.429,0,Pichincha,D,2,830,49.45,18.47,0
2489,2021-10-27,1,CLEANING,145.069,6,Pichincha,D,2,830,49.45,18.47,0
299,2021-10-27,1,GROCERY I,426.875,0,Pichincha,D,2,830,49.45,18.47,0
1759,2021-10-27,1,PRODUCE,211.458,23,Pichincha,D,2,830,49.45,18.47,0
3949,2021-10-27,2,BEVERAGES,253.844,0,Pichincha,D,3,750,49.45,18.47,0
5409,2021-10-27,2,CLEANING,80.205,0,Pichincha,D,3,750,49.45,18.47,0
3219,2021-10-27,2,GROCERY I,328.544,0,Pichincha,D,3,750,49.45,18.47,0
4679,2021-10-27,2,PRODUCE,177.183,8,Pichincha,D,3,750,49.45,18.47,0
6869,2021-10-27,3,BEVERAGES,363.889,0,Guayas,A,4,1212,49.45,18.47,0
8329,2021-10-27,3,CLEANING,138.13,0,Guayas,A,4,1212,49.45,18.47,0
6139,2021-10-27,3,GROCERY I,600.035,0,Guayas,A,4,1212,49.45,18.47,0
7599,2021-10-27,3,PRODUCE,310.708,19,Guayas,A,4,1212,49.45,18.47,0
9789,2021-10-27,5,BEVERAGES,124.408,0,Azuay,B,2,515,49.45,18.47,0
11249,2021-10-27,5,CLEANING,53.557,0,Azuay,B,2,515,49.45,18.47,0
9059,2021-10-27,5,GROCERY I,236.887,0,Azuay,B,2,515,49.45,18.47,0
10519,2021-10-27,5,PRODUCE,105.712,0,Azuay,B,2,515,49.45,18.47,0
12709,2021-10-27,8,BEVERAGES,284.983,0,Guayas,C,1,917,49.45,18.47,0
14169,2021-10-27,8,CLEANING,114.697,0,Guayas,C,1,917,49.45,18.47,0
11979,2021-10-27,8,GROCERY I,436.155,0,Guayas,C,1,917,49.45,18.47,0
13439,2021-10-27,8,PRODUCE,220.468,0,Guayas,C,1,917,49.45,18.47,0
1030,2021-10-28,1,BEVERAGES,243.368,0,Pichincha,D,2,897,50.23,18.67,0
2490,2021-10-28,1,CLEANING,114.408,0,Pichincha,D,2,897,50.23,18.67,0
300,2021-10-28,1,GROCERY I,396.319,0,Pichincha,D,2,897,50.23,18.67,0
1760,2021-10-28,1,PRODUCE,181.69,0,Pichincha,D,2,897,50.23,18.67,0
3950,2021-10-28,2,BEVERAGES,253.548,0,Pichincha,D,3,660,50.23,18.67,0
5410,2021-10-28,2,CLEANING,97.458,0,Pichincha,D,3,660,50.23,18.67,0
3220,2021-10-28,2,GROCERY I,394.35,0,Pichincha,D,3,660,50.23,18.67,0
4680,2021-10-28,2,PRODUCE,142.269,0,Pichincha,D,3,660,50.23,18.67,0
6870,2021-10-28,3,BEVERAGES,399.238,0,Guayas,A,4,1308,50.23,18.67,0
8330,2021-10-28,3,CLEANING,183.962,7,Guayas,A,4,1308,50.23,18.67,0
6140,2021-10-28,3,GROCERY I,573.609,0,Guayas,A,4,1308,50.23,18.67,0
7600,2021-10-28,3,PRODUCE,239.459,0,Guayas,A,4,1308,50.23,18.67,0
9790,2021-10-28,5,BEVERAGES,177.478,0,Azuay,B,2,514,50.23,18.67,0
11250,2021-10-28,5,CLEANING,61.495,0,Azuay,B,2,514,50.23,18.67,0
9060,2021-10-28,5,GROCERY I,259.465,0,Azuay,B,2,514,50.23,18.67,0
10520,2021-10-28,5,PRODUCE,118.708,0,Azuay,B,2,514,50.23,18.67,0
12710,2021-10-28,8,BEVERAGES,291.561,0,Guayas,C,1,1042,50.23,18.67,0
14170,2021-10-28,8,CLEANING,122.286,0,Guayas,C,1,1042,50.23,18.67,0
11980,2021-10-28,8,GROCERY I,536.369,0,Guayas,C,1,1042,50.23,18.67,0
13440,2021-10-28,8,PRODUCE,241.923,0,Guayas,C,1,1042,50.23,18.67,0
1031,2021-10-29,1,BEVERAGES,428.86,21,Pichincha,D,2,1071,49.54,17.29,0
2491,2021-10-29,1,CLEANING,129.851,0,Pichincha,D,2,1071,49.54,17.29,0
301,2021-10-29,1,GROCERY I,540.743,0,Pichincha,D,2,1071,49.54,17.29,0
1761,2021-10-29,1,PRODUCE,234.443,0,Pichincha,D,2,1071,49.54,17.29,0
3951,2021-10-29,2,BEVERAGES,306.833,0,Pichincha,D,3,1010,49.54,17.29,0
5411,2021-10-29,2,CLEANING,118.855,0,Pichincha,D,3,1010,49.54,17.29,0
3221,2021-10-29,2,GROCERY I,441.99,0,Pichincha,D,3,1010,49.54,17.29,0
4681,2021-10-29,2,PRODUCE,274.485,6,Pichincha,D,3,1010,49.54,17.29,0
6871,2021-10-29,3,BEVERAGES,386.216,0,Guayas,A,4,1480,49.54,17.29,0
8331,2021-10-29,3,CLEANING,233.893,0,Guayas,A,4,1480,49.54,17.29,0
6141,2021-10-29,3,GROCERY I,813.422,23,Guayas,A,4,1480,49.54,17.29,0
7601,2021-10-29,3,PRODUCE,304.214,0,Guayas,A,4,1480,49.54,17.29,0
9791,2021-10-29,5,BEVERAGES,209.378,0,Azuay,B,2,574,49.54,17.29,0
11251,2021-10-29,5,CLEANING,73.578,0,Azuay,B,2,574,49.54,17.29,0
9061,2021-10-29,5,GROCERY I,327.559,0,Azuay,B,2,574,49.54,17.29,0
10521,2021-10-29,5,PRODUCE,112.192,0,Azuay,B,2,574,49.54,17.29,0
12711,2021-10-29,8,BEVERAGES,302.654,0,Guayas,C,1,1087,49.54,17.29,0
14171,2021-10-29,8,CLEANING,145.305,0,Guayas,C,1,1087,49.54,17.29,0
11981,2021-10-29,8,GROCERY I,509.967,0,Guayas,C,1,1087,49.54,17.29,0
13441,2021-10-29,8,PRODUCE,250.564,0,Guayas,C,1,1087,49.54,17.29,0
1032,2021-10-30,1,BEVERAGES,407.642,0,Pichincha,D,2,1278,49.93,16.3,0
2492,2021-10-30,1,CLEANING,166.866,0,Pichincha,D,2,1278,49.93,16.3,0
302,2021-10-30,1,GROCERY I,621.406,0,Pichincha,D,2,1278,49.93,16.3,0
1762,2021-10-30,1,PRODUCE,276.788,0,Pichincha,D,2,1278,49.93,16.3,0
3952,2021-10-30,2,BEVERAGES,351.014,0,Pichincha,D,3,1113,49.93,16.3,0
5412,2021-10-30,2,CLEANING,162.1,3,Pichincha,D,3,1113,49.93,16.3,0
3222,2021-10-30,2,GROCERY I,500.242,0,Pichincha,D,3,1113,49.93,16.3,0
4682,2021-10-30,2,PRODUCE,239.863,0,Pichincha,D,3,1113,49.93,16.3,0
6872,2021-10-30,3,BEVERAGES,455.541,0,Guayas,A,4,1819,49.93,16.3,0
8332,2021-10-30,3,CLEANING,238.185,0,Guayas,A,4,1819,49.93,16.3,0
6142,2021-10-30,3,GROCERY I,858.346,0,Guayas,A,4,1819,49.93,16.3,0
7602,2021-10-30,3,PRODUCE,370.469,11,Guayas,A,4,1819,49.93,16.3,0
9792,2021-10-30,5,BEVERAGES,227.86,0,Azuay,B,2,860,49.93,16.3,0
11252,2021-10-30,5,CLEANING,98.017,0,Azuay,B,2,860,49.93,16.3,0
9062,2021-10-30,5,GROCERY I,426.637,0,Azuay,B,2,860,49.93,16.3,0
10522,2021-10-30,5,PRODUCE,153.85,0,Azuay,B,2,860,49.93,16.3,0
12712,2021-10-30,8,BEVERAGES,382.924,0,Guayas,C,1,1415,49.93,16.3,0
14172,2021-10-30,8,CLEANING,177.602,0,Guayas,C,1,1415,49.93,16.3,0
11982,2021-10-30,8,GROCERY I,692.95,0,Guayas,C,1,1415,49.93,16.3,0
13442,2021-10-30,8,PRODUCE,332.827,0,Guayas,C,1,1415,49.93,16.3,0
1033,2021-10-31,1,BEVERAGES,348.146,0,Pichincha,D,2,1112,49.78,17.68,0
2493,2021-10-31,1,CLEANING,152.599,0,Pichincha,D,2,1112,49.78,17.68,0
303,2021-10-31,1,GROCERY I,474.73,0,Pichincha,D,2,1112,49.78,17.68,0
1763,2021-10-31,1,PRODUCE,242.193,0,Pichincha,D,2,1112,49.78,17.68,0
3953,2021-10-31,2,BEVERAGES,259.44,0,Pichincha,D,3,948,49.78,17.68,0
5413,2021-10-31,2,CLEANING,128.168,0,Pichincha,D,3,948,49.78,17.68,0
3223,2021-10-31,2,GROCERY I,461.94,0,Pichincha,D,3,948,49.78,17.68,0
4683,2021-10-31,2,PRODUCE,199.043,0,Pichincha,D,3,948,49.78,17.68,0
6873,2021-10-31,3,BEVERAGES,450.033,0,Guayas,A,4,1569,49.78,17.68,0
8333,2021-10-31,3,CLEANING,214.699,0,Guayas,A,4,1569,49.78,17.68,0
6143,2021-10-31,3,GROCERY I,840.39,0,Guayas,A,4,1569,49.78,17.68,0
7603,2021-10-31,3,PRODUCE,401.291,14,Guayas,A,4,1569,49.78,17.68,0
9793,2021-10-31,5,BEVERAGES,205.526,0,Azuay,B,2,653,49.78,17.68,0
11253,2021-10-31,5,CLEANING,77.002,0,Azuay,B,2,653,49.78,17.68,0
9063,2021-10-31,5,GROCERY I,381.319,5,Azuay,B,2,653,49.78,17.68,0
10523,2021-10-31,5,PRODUCE,166.304,0,Azuay,B,2,653,49.78,17.68,0
12713,2021-10-31,8,BEVERAGES,334.014,0,Guayas,C,1,1339,49.78,17.68,0
14173,2021-10-31,8,CLEANING,145.48,0,Guayas,C,1,1339,49.78,17.68,0
11983,2021-10-31,8,GROCERY I,802.968,23,Guayas,C,1,1339,49.78,17.68,0
13443,2021-10-31,8,PRODUCE,302.831,0,Guayas,C,1,1339,49.78,17.68,0
1034,2021-11-01,1,BEVERAGES,207.975,0,Pichincha,D,2,897,49.75,16.26,0
2494,2021-11-01,1,CLEANING,122.176,0,Pichincha,D,2,897,49.75,16.26,0
304,2021-11-01,1,GROCERY I,413.617,0,Pichincha,D,2,897,49.75,16.26,0
1764,2021-11-01,1,PRODUCE,189.491,0,Pichincha,D,2,897,49.75,16.26,0
3954,2021-11-01,2,BEVERAGES,188.86,0,Pichincha,D,3,718,49.75,16.26,0
5414,2021-11-01,2,CLEANING,86.429,0,Pichincha,D,3,718,49.75,16.26,0
3224,2021-11-01,2,GROCERY I,280.445,0,Pichincha,D,3,718,49.75,16.26,0
4684,2021-11-01,2,PRODUCE,181.978,0,Pichincha,D,3,718,49.75,16.26,0
6874,2021-11-01,3,BEVERAGES,332.103,0,Guayas,A,4,1185,49.75,16.26,0
8334,2021-11-01,3,CLEANING,142.234,0,Guayas,A,4,1185,49.75,16.26,0
6144,2021-11-01,3,GROCERY I,569.984,0,Guayas,A,4,1185,49.75,16.26,0
7604,2021-11-01,3,PRODUCE,297.991,0,Guayas,A,4,1185,49.75,16.26,0
9794,2021-11-01,5,BEVERAGES,150.32,0,Azuay,B,2,475,49.75,16.26,0
11254,2021-11-01,5,CLEANING,56.613,0,Azuay,B,2,475,49.75,16.26,0
9064,2021-11-01,5,GROCERY I,233.925,0,Azuay,B,2,475,49.75,16.26,0
10524,2021-11-01,5,PRODUCE,116.727,0,Azuay,B,2,475,49.75,16.26,0
12714,2021-11-01,8,BEVERAGES,338.683,2,Guayas,C,1,951,49.75,16.26,0
14174,2021-11-01,8,CLEANING,152.486,6,Guayas,C,1,951,49.75,16.26,0
11984,2021-11-01,8,GROCERY I,594.8,23,Guayas,C,1,951,49.75,16.26,0
13444,2021-11-01,8,PRODUCE,235.498,1,Guayas,C,1,951,49.75,16.26,0
1035,2021-11-02,1,BEVERAGES,486.749,7,Pichincha,D,2,810,49.28,17.0,1
2495,2021-11-02,1,CLEANING,149.11,0,Pichincha,D,2,810,49.28,17.0,1
305,2021-11-02,1,GROCERY I,586.134,0,Pichincha,D,2,810,49.28,17.0,1
1765,2021-11-02,1,PRODUCE,239.423,0,Pichincha,D,2,810,49.28,17.0,1
3955,2021-11-02,2,BEVERAGES,312.635,0,Pichincha,D,3,720,49.28,17.0,1
5415,2021-11-02,2,CLEANING,111.397,0,Pichincha,D,3,720,49.28,17.0,1
3225,2021-11-02,2,GROCERY I,403.034,0,Pichincha,D,3,720,49.28,17.0,1
4685,2021-11-02,2,PRODUCE,172.633,0,Pichincha,D,3,720,49.28,17.0,1
6875,2021-11-02,3,BEVERAGES,461.443,0,Guayas,A,4,1131,49.28,17.0,1
8335,2021-11-02,3,CLEANING,196.524,0,Guayas,A,4,1131,49.28,17.0,1
6145,2021-11-02,3,GROCERY I,685.689,0,Guayas,A,4,1131,49.28,17.0,1
7605,2021-11-02,3,PRODUCE,350.979,22,Guayas,A,4,1131,49.28,17.0,1
9795,2021-11-02,5,BEVERAGES,163.732,0,Azuay,B,2,525,49.28,17.0,1
11255,2021-11-02,5,CLEANING,72.586,0,Azuay,B,2,525,49.28,17.0,1
9065,2021-11-02,5,GROCERY I,288.77,0,Azuay,B,2,525,49.28,17.0,1
10525,2021-11-02,5,PRODUCE,133.321,0,Azuay,B,2,525,49.28,17.0,1
12715,2021-11-02,8,BEVERAGES,371.681,0,Guayas,C,1,940,49.28,17.0,1
14175,2021-11-02,8,CLEANING,142.063,0,Guayas,C,1,940,49.28,17.0,1
11985,2021-11-02,8,GROCERY I,531.684,0,Guayas,C,1,940,49.28,17.0,1
13445,2021-11-02,8,PRODUCE,269.128,0,Guayas,C,1,940,49.28,17.0,1
1036,2021-11-03,1,BEVERAGES,315.241,0,Pichincha,D,2,923,49.13,18.39,1
2496,2021-11-03,1,CLEANING,142.201,0,Pichincha,D,2,923,49.13,18.39,1
306,2021-11-03,1,GROCERY I,610.94,0,Pichincha,D,2,923,49.13,18.39,1
1766,2021-11-03,1,PRODUCE,255.129,0,Pichincha,D,2,923,49.13,18.39,1
3956,2021-11-03,2,BEVERAGES,242.713,0,Pichincha,D,3,727,49.13,18.39,1
5416,2021-11-03,2,CLEANING,114.464,0,Pichincha,D,3,727,49.13,18.39,1
3226,2021-11-03,2,GROCERY I,445.702,0,Pichincha,D,3,727,49.13,18.39,1
4686,2021-11-03,2,PRODUCE,196.664,0,Pichincha,D,3,727,49.13,18.39,1
6876,2021-11-03,3,BEVERAGES,407.649,0,Guayas,A,4,1227,49.13,18.39,1
8336,2021-11-03,3,CLEANING,163.096,0,Guayas,A,4,1227,49.13,18.39,1
6146,2021-11-03,3,GROCERY I,840.684,0,Guayas,A,4,1227,49.13,18.39,1
7606,2021-11-03,3,PRODUCE,284.985,0,Guayas,A,4,1227,49.13,18.39,1
9796,2021-11-03,5,BEVERAGES,206.792,0,Azuay,B,2,464,49.13,18.39,1
11256,2021-11-03,5,CLEANING,85.29,0,Azuay,B,2,464,49.13,18.39,1
9066,2021-11-03,5,GROCERY I,277.876,0,Azuay,B,2,464,49.13,18.39,1
10526,2021-11-03,5,PRODUCE,127.078,0,Azuay,B,2,464,49.13,18.39,1
12716,2021-11-03,8,BEVERAGES,377.073,0,Guayas,C,1,987,49.13,18.39,1
14176,2021-11-03,8,CLEANING,148.949,0,Guayas,C,1,987,49.13,18.39,1
11986,2021-11-03,8,GROCERY I,538.571,0,Guayas,C,1,987,49.13,18.39,1
13446,2021-11-03,8,PRODUCE,270.991,0,Guayas,C,1,987,49.13,18.39,1
1037,2021-11-04,1,BEVERAGES,332.97,0,Pichincha,D,2,893,49.72,16.23,0
2497,2021-11-04,1,CLEANING,126.214,0,Pichincha,D,2,893,49.72,16.23,0
307,2021-11-04,1,GROCERY I,463.299,0,Pichincha,D,2,893,49.72,16.23,0
1767,2021-11-04,1,PRODUCE,202.148,0,Pichincha,D,2,893,49.72,16.23,0
3957,2021-11-04,2,BEVERAGES,262.842,0,Pichincha,D,3,761,49.72,16.23,0
5417,2021-11-04,2,CLEANING,91.79,0,Pichincha,D,3,761,49.72,16.23,0
3227,2021-11-04,2,GROCERY I,391.93,0,Pichincha,D,3,761,49.72,16.23,0
4687,2021-11-04,2,PRODUCE,192.627,0,Pichincha,D,3,761,49.72,16.23,0
6877,2021-11-04,3,BEVERAGES,419.114,0,Guayas,A,4,1233,49.72,16.23,0
8337,2021-11-04,3,CLEANING,154.154,0,Guayas,A,4,1233,49.72,16.23,0
6147,2021-11-04,3,GROCERY I,801.355,24,Guayas,A,4,1233,49.72,16.23,0
7607,2021-11-04,3,PRODUCE,253.068,0,Guayas,A,4,1233,49.72,16.23,0
9797,2021-11-04,5,BEVERAGES,164.696,0,Azuay,B,2,566,49.72,16.23,0
11257,2021-11-04,5,CLEANING,71.747,0,Azuay,B,2,566,49.72,16.23,0
9067,2021-11-04,5,GROCERY I,259.54,0,Azuay,B,2,566,49.72,16.23,0
10527,2021-11-04,5,PRODUCE,125.743,0,Azuay,B,2,566,49.72,16.23,0
12717,2021-11-04,8,BEVERAGES,340.653,0,Guayas,C,1,1041,49.72,16.23,0
14177,2021-11-04,8,CLEANING,128.487,0,Guayas,C,1,1041,49.72,16.23,0
11987,2021-11-04,8,GROCERY I,416.156,0,Guayas,C,1,1041,49.72,16.23,0
13447,2021-11-04,8,PRODUCE,239.56,0,Guayas,C,1,1041,49.72,16.23,0
1038,2021-11-05,1,BEVERAGES,286.324,0,Pichincha,D,2,1228,49.98,18.14,0
2498,2021-11-05,1,CLEANING,153.751,0,Pichincha,D,2,1228,49.98,18.14,0
308,2021-11-05,1,GROCERY I,455.22,0,Pichincha,D,2,1228,49.98,18.14,0
1768,2021-11-05,1,PRODUCE,227.696,0,Pichincha,D,2,1228,49.98,18.14,0
3958,2021-11-05,2,BEVERAGES,285.721,0,Pichincha,D,3,906,49.98,18.14,0
5418,2021-11-05,2,CLEANING,93.336,0,Pichincha,D,3,906,49.98,18.14,0
3228,2021-11-05,2,GROCERY I,518.211,22,Pichincha,D,3,906,49.98,18.14,0
4688,2021-11-05,2,PRODUCE,230.294,5,Pichincha,D,3,906,49.98,18.14,0
6878,2021-11-05,3,BEVERAGES,411.009,0,Guayas,A,4,1419,49.98,18.14,0
8338,2021-11-05,3,CLEANING,194.595,0,Guayas,A,4,1419,49.98,18.14,0
6148,2021-11-05,3,GROCERY I,760.532,0,Guayas,A,4,1419,49.98,18.14,0
7608,2021-11-05,3,PRODUCE,341.107,0,Guayas,A,4,1419,49.98,18.14,0
9798,2021-11-05,5,BEVERAGES,193.295,0,Azuay,B,2,646,49.98,18.14,0
11258,2021-11-05,5,CLEANING,75.545,0,Azuay,B,2,646,49.98,18.14,0
9068,2021-11-05,5,GROCERY I,279.246,0,Azuay,B,2,646,49.98,18.14,0
10528,2021-11-05,5,PRODUCE,152.432,0,Azuay,B,2,646,49.98,18.14,0
12718,2021-11-05,8,BEVERAGES,314.909,0,Guayas,C,1,1188,49.98,18.14,0
14178,2021-11-05,8,CLEANING,116.075,0,Guayas,C,1,1188,49.98,18.14,0
11988,2021-11-05,8,GROCERY I,632.812,0,Guayas,C,1,1188,49.98,18.14,0
13448,2021-11-05,8,PRODUCE,236.655,0,Guayas,C,1,1188,49.98,18.14,0
1039,2021-11-06,1,BEVERAGES,368.589,0,Pichincha,D,2,1308,50.76,17.97,0
2499,2021-11-06,1,CLEANING,179.973,0,Pichincha,D,2,1308,50.76,17.97,0
309,2021-11-06,1,GROCERY I,642.927,0,Pichincha,D,2,1308,50.76,17.97,0
1769,2021-11-06,1,PRODUCE,292.418,0,Pichincha,D,2,1308,50.76,17.97,0
3959,2021-11-06,2,BEVERAGES,323.222,0,Pichincha,D,3,1153,50.76,17.97,0
5419,2021-11-06,2,CLEANING,136.178,0,Pichincha,D,3,1153,50.76,17.97,0
3229,2021-11-06,2,GROCERY I,570.067,0,Pichincha,D,3,1153,50.76,17.97,0
4689,2021-11-06,2,PRODUCE,281.831,0,Pichincha,D,3,1153,50.76,17.97,0
6879,2021-11-06,3,BEVERAGES,612.876,0,Guayas,A,4,1799,50.76,17.97,0
8339,2021-11-06,3,CLEANING,196.111,0,Guayas,A,4,1799,50.76,17.97,0
6149,2021-11-06,3,GROCERY I,792.595,0,Guayas,A,4,1799,50.76,17.97,0
7609,2021-11-06,3,PRODUCE,438.777,0,Guayas,A,4,1799,50.76,17.97,0
9799,2021-11-06,5,BEVERAGES,237.854,0,Azuay,B,2,839,50.76,17.97,0
11259,2021-11-06,5,CLEANING,92.154,0,Azuay,B,2,839,50.76,17.97,0
9069,2021-11-06,5,GROCERY I,450.7,22,Azuay,B,2,839,50.76,17.97,0
10529,2021-11-06,5,PRODUCE,176.965,11,Azuay,B,2,839,50.76,17.97,0
12719,2021-11-06,8,BEVERAGES,545.916,10,Guayas,C,1,1486,50.76,17.97,0
14179,2021-11-06,8,CLEANING,223.563,0,Guayas,C,1,1486,50.76,17.97,0
11989,2021-11-06,8,GROCERY I,605.517,0,Guayas,C,1,1486,50.76,17.97,0
13449,2021-11-06,8,PRODUCE,317.819,0,Guayas,C,1,1486,50.76,17.97,0
1040,2021-11-07,1,BEVERAGES,281.558,0,Pichincha,D,2,1165,51.29,15.69,0
2500,2021-11-07,1,CLEANING,146.846,0,Pichincha,D,2,1165,51.29,15.69,0
310,2021-11-07,1,GROCERY I,585.407,0,Pichincha,D,2,1165,51.29,15.69,0
1770,2021-11-07,1,PRODUCE,267.757,0,Pichincha,D,2,1165,51.29,15.69,0
3960,2021-11-07,2,BEVERAGES,298.848,0,Pichincha,D,3,1079,51.29,15.69,0
5420,2021-11-07,2,CLEANING,119.281,0,Pichincha,D,3,1079,51.29,15.69,0
3230,2021-11-07,2,GROCERY I,479.791,0,Pichincha,D,3,1079,51.29,15.69,0
4690,2021-11-07,2,PRODUCE,218.393,0,Pichincha,D,3,1079,51.29,15.69,0
6880,2021-11-07,3,BEVERAGES,495.721,0,Guayas,A,4,1545,51.29,15.69,0
8340,2021-11-07,3,CLEANING,205.539,0,Guayas,A,4,1545,51.29,15.69,0
6150,2021-11-07,3,GROCERY I,693.41,0,Guayas,A,4,1545,51.29,15.69,0
7610,2021-11-07,3,PRODUCE,426.391,24,Guayas,A,4,1545,51.29,15.69,0
9800,2021-11-07,5,BEVERAGES,190.364,0,Azuay,B,2,734,51.29,15.69,0
11260,2021-11-07,5,CLEANING,89.087,0,Azuay,B,2,734,51.29,15.69,0
9070,2021-11-07,5,GROCERY I,285.536,0,Azuay,B,2,734,51.29,15.69,0
10530,2021-11-07,5,PRODUCE,129.314,0,Azuay,B,2,734,51.29,15.69,0
12720,2021-11-07,8,BEVERAGES,357.338,0,Guayas,C,1,1343,51.29,15.69,0
14180,2021-11-07,8,CLEANING,168.885,0,Guayas,C,1,1343,51.29,15.69,0
11990,2021-11-07,8,GROCERY I,633.684,0,Guayas,C,1,1343,51.29,15.69,0
13450,2021-11-07,8,PRODUCE,266.571,0,Guayas,C,1,1343,51.29,15.69,0
1041,2021-11-08,1,BEVERAGES,280.116,0,Pichincha,D,2,847,51.48,18.4,0
2501,2021-11-08,1,CLEANING,105.223,0,Pichincha,D,2,847,51.48,18.4,0
311,2021-11-08,1,GROCERY I,447.472,0,Pichincha,D,2,847,51.48,18.4,0
1771,2021-11-08,1,PRODUCE,182.883,0,Pichincha,D,2,847,51.48,18.4,0
3961,2021-11-08,2,BEVERAGES,282.202,21,Pichincha,D,3,807,51.48,18.4,0
5421,2021-11-08,2,CLEANING,102.138,0,Pichincha,D,3,807,51.48,18.4,0
3231,2021-11-08,2,GROCERY I,400.962,19,Pichincha,D,3,807,51.48,18.4,0
4691,2021-11-08,2,PRODUCE,176.078,0,Pichincha,D,3,807,51.48,18.4,0
6881,2021-11-08,3,BEVERAGES,403.749,21,Guayas,A,4,1169,51.48,18.4,0
8341,2021-11-08,3,CLEANING,159.916,0,Guayas,A,4,1169,51.48,18.4,0
6151,2021-11-08,3,GROCERY I,472.734,0,Guayas,A,4,1169,51.48,18.4,0
7611,2021-11-08,3,PRODUCE,229.474,0,Guayas,A,4,1169,51.48,18.4,0
9801,2021-11-08,5,BEVERAGES,176.406,0,Azuay,B,2,593,51.48,18.4,0
11261,2021-11-08,5,CLEANING,80.744,24,Azuay,B,2,593,51.48,18.4,0
9071,2021-11-08,5,GROCERY I,230.685,0,Azuay,B,2,593,51.48,18.4,0
10531,2021-11-08,5,PRODUCE,113.129,0,Azuay,B,2,593,51.48,18.4,0
12721,2021-11-08,8,BEVERAGES,349.876,0,Guayas,C,1,949,51.48,18.4,0
14181,2021-11-08,8,CLEANING,128.159,0,Guayas,C,1,949,51.48,18.4,0
11991,2021-11-08,8,GROCERY I,400.91,0,Guayas,C,1,949,51.48,18.4,0
13451,2021-11-08,8,PRODUCE,218.88,0,Guayas,C,1,949,51.48,18.4,0
1042,2021-11-09,1,BEVERAGES,286.028,15,Pichincha,D,2,943,52.27,18.03,0
2502,2021-11-09,1,CLEANING,122.867,11,Pichincha,D,2,943,52.27,18.03,0
312,2021-11-09,1,GROCERY I,431.423,0,Pichincha,D,2,943,52.27,18.03,0
1772,2021-11-09,1,PRODUCE,183.701,0,Pichincha,D,2,943,52.27,18.03,0
3962,2021-11-09,2,BEVERAGES,255.11,21,Pichincha,D,3,787,52.27,18.03,0
5422,2021-11-09,2,CLEANING,0.0,0,Pichincha,D,3,787,52.27,18.03,0
3232,2021-11-09,2,GROCERY I,325.629,0,Pichincha,D,3,787,52.27,18.03,0
4692,2021-11-09,2,PRODUCE,169.311,0,Pichincha,D,3,787,52.27,18.03,0
6882,2021-11-09,3,BEVERAGES,416.933,0,Guayas,A,4,1173,52.27,18.03,0
8342,2021-11-09,3,CLEANING,139.132,0,Guayas,A,4,1173,52.27,18.03,0
6152,2021-11-09,3,GROCERY I,590.342,0,Guayas,A,4,1173,52.27,18.03,0
7612,2021-11-09,3,PRODUCE,248.456,0,Guayas,A,4,1173,52.27,18.03,0
9802,2021-11-09,5,BEVERAGES,149.292,0,Azuay,B,2,529,52.27,18.03,0
11262,2021-11-09,5,CLEANING,84.471,17,Azuay,B,2,529,52.27,18.03,0
9072,2021-11-09,5,GROCERY I,239.981,0,Azuay,B,2,529,52.27,18.03,0
10532,2021-11-09,5,PRODUCE,109.419,0,Azuay,B,2,529,52.27,18.03,0
12722,2021-11-09,8,BEVERAGES,344.36,10,Guayas,C,1,931,52.27,18.03,0
14182,2021-11-09,8,CLEANING,113.894,0,Guayas,C,1,931,52.27,18.03,0
11992,2021-11-09,8,GROCERY I,542.807,0,Guayas,C,1,931,52.27,18.03,0
13452,2021-11-09,8,PRODUCE,224.474,0,Guayas,C,1,931,52.27,18.03,0
1043,2021-11-10,1,BEVERAGES,241.601,0,Pichincha,D,2,937,52.47,17.2,0
2503,2021-11-10,1,CLEANING,105.271,0,Pichincha,D,2,937,52.47,17.2,0
313,2021-11-10,1,GROCERY I,427.618,0,Pichincha,D,2,937,52.47,17.2,0
1773,2021-11-10,1,PRODUCE,209.633,0,Pichincha,D,2,937,52.47,17.2,0
3963,2021-11-10,2,BEVERAGES,246.949,0,Pichincha,D,3,737,52.47,17.2,0
5423,2021-11-10,2,CLEANING,86.501,0,Pichincha,D,3,737,52.47,17.2,0
3233,2021-11-10,2,GROCERY I,351.347,0,Pichincha,D,3,737,52.47,17.2,0
4693,2021-11-10,2,PRODUCE,189.523,22,Pichincha,D,3,737,52.47,17.2,0
6883,2021-11-10,3,BEVERAGES,369.095,0,Guayas,A,4,1231,52.47,17.2,0
8343,2021-11-10,3,CLEANING,170.571,21,Guayas,A,4,1231,52.47,17.2,0
6153,2021-11-10,3,GROCERY I,562.034,0,Guayas,A,4,1231,52.47,17.2,0
7613,2021-11-10,3,PRODUCE,362.373,20,Guayas,A,4,1231,52.47,17.2,0
9803,2021-11-10,5,BEVERAGES,160.775,0,Azuay,B,2,493,52.47,17.2,0
11263,2021-11-10,5,CLEANING,63.375,0,Azuay,B,2,493,52.47,17.2,0
9073,2021-11-10,5,GROCERY I,234.701,0,Azuay,B,2,493,52.47,17.2,0
10533,2021-11-10,5,PRODUCE,113.521,0,Azuay,B,2,493,52.47,17.2,0
12723,2021-11-10,8,BEVERAGES,278.044,0,Guayas,C,1,970,52.47,17.2,0
14183,2021-11-10,8,CLEANING,123.845,0,Guayas,C,1,970,52.47,17.2,0
11993,2021-11-10,8,GROCERY I,398.227,0,Guayas,C,1,970,52.47,17.2,0
13453,2021-11-10,8,PRODUCE,235.458,0,Guayas,C,1,970,52.47,17.2,0
1044,2021-11-11,1,BEVERAGES,248.971,0,Pichincha,D,2,949,52.84,16.0,0
2504,2021-11-11,1,CLEANING,121.878,0,Pichincha,D,2,949,52.84,16.0,0
314,2021-11-11,1,GROCERY I,436.968,0,Pichincha,D,2,949,52.84,16.0,0
1774,2021-11-11,1,PRODUCE,181.583,0,Pichincha,D,2,949,52.84,16.0,0
3964,2021-11-11,2,BEVERAGES,261.592,0,Pichincha,D,3,800,52.84,16.0,0
5424,2021-11-11,2,CLEANING,108.051,0,Pichincha,D,3,800,52.84,16.0,0
3234,2021-11-11,2,GROCERY I,345.434,0,Pichincha,D,3,800,52.84,16.0,0
4694,2021-11-11,2,PRODUCE,192.438,4,Pichincha,D,3,800,52.84,16.0,0
6884,2021-11-11,3,BEVERAGES,388.629,0,Guayas,A,4,1265,52.84,16.0,0
8344,2021-11-11,3,CLEANING,150.236,0,Guayas,A,4,1265,52.84,16.0,0
6154,2021-11-11,3,GROCERY I,496.789,0,Guayas,A,4,1265,52.84,16.0,0
7614,2021-11-11,3,PRODUCE,264.135,0,Guayas,A,4,1265,52.84,16.0,0
9804,2021-11-11,5,BEVERAGES,158.848,0,Azuay,B,2,515,52.84,16.0,0
11264,2021-11-11,5,CLEANING,63.176,0,Azuay,B,2,515,52.84,16.0,0
9074,2021-11-11,5,GROCERY I,208.557,0,Azuay,B,2,515,52.84,16.0,0
10534,2021-11-11,5,PRODUCE,134.733,0,Azuay,B,2,515,52.84,16.0,0
12724,2021-11-11,8,BEVERAGES,318.739,0,Guayas,C,1,1061,52.84,16.0,0
14184,2021-11-11,8,CLEANING,116.241,0,Guayas,C,1,1061,52.84,16.0,0
11994,2021-11-11,8,GROCERY I,483.485,0,Guayas,C,1,1061,52.84,16.0,0
13454,2021-11-11,8,PRODUCE,245.193,0,Guayas,C,1,1061,52.84,16.0,0
1045,2021-11-12,1,BEVERAGES,359.076,0,Pichincha,D,2,1043,52.71,15.88,0
2505,2021-11-12,1,CLEANING,179.728,11,Pichincha,D,2,1043,52.71,15.88,0
315,2021-11-12,1,GROCERY I,599.242,17,Pichincha,D,2,1043,52.71,15.88,0
1775,2021-11-12,1,PRODUCE,276.849,0,Pichincha,D,2,1043,52.71,15.88,0
3965,2021-11-12,2,BEVERAGES,278.506,0,Pichincha,D,3,957,52.71,15.88,0
5425,2021-11-12,2,CLEANING,118.219,0,Pichincha,D,3,957,52.71,15.88,0
3235,2021-11-12,2,GROCERY I,483.887,0,Pichincha,D,3,957,52.71,15.88,0
4695,2021-11-12,2,PRODUCE,192.893,0,Pichincha,D,3,957,52.71,15.88,0
6885,2021-11-12,3,BEVERAGES,449.719,0,Guayas,A,4,1442,52.71,15.88,0
8345,2021-11-12,3,CLEANING,224.213,24,Guayas,A,4,1442,52.71,15.88,0
6155,2021-11-12,3,GROCERY I,776.215,0,Guayas,A,4,1442,52.71,15.88,0
7615,2021-11-12,3,PRODUCE,325.098,0,Guayas,A,4,1442,52.71,15.88,0
9805,2021-11-12,5,BEVERAGES,256.887,18,Azuay,B,2,638,52.71,15.88,0
11265,2021-11-12,5,CLEANING,88.563,0,Azuay,B,2,638,52.71,15.88,0
9075,2021-11-12,5,GROCERY I,297.47,0,Azuay,B,2,638,52.71,15.88,0
10535,2021-11-12,5,PRODUCE,124.59,0,Azuay,B,2,638,52.71,15.88,0
12725,2021-11-12,8,BEVERAGES,374.013,0,Guayas,C,1,1216,52.71,15.88,0
14185,2021-11-12,8,CLEANING,196.311,6,Guayas,C,1,1216,52.71,15.88,0
11995,2021-11-12,8,GROCERY I,631.097,0,Guayas,C,1,1216,52.71,15.88,0
13455,2021-11-12,8,PRODUCE,237.559,0,Guayas,C,1,1216,52.71,15.88,0
1046,2021-11-13,1,BEVERAGES,430.354,0,Pichincha,D,2,1340,52.74,16.35,0
2506,2021-11-13,1,CLEANING,148.018,0,Pichincha,D,2,1340,52.74,16.35,0
316,2021-11-13,1,GROCERY I,519.282,0,Pichincha,D,2,1340,52.74,16.35,0
1776,2021-11-13,1,PRODUCE,307.976,10,Pichincha,D,2,1340,52.74,16.35,0
3966,2021-11-13,2,BEVERAGES,313.139,0,Pichincha,D,3,1102,52.74,16.35,0
5426,2021-11-13,2,CLEANING,145.676,0,Pichincha,D,3,1102,52.74,16.35,0
3236,2021-11-13,2,GROCERY I,461.394,0,Pichincha,D,3,1102,52.74,16.35,0
4696,2021-11-13,2,PRODUCE,214.047,0,Pichincha,D,3,1102,52.74,16.35,0
6886,2021-11-13,3,BEVERAGES,568.087,0,Guayas,A,4,1818,52.74,16.35,0
8346,2021-11-13,3,CLEANING,222.112,0,Guayas,A,4,1818,52.74,16.35,0
6156,2021-11-13,3,GROCERY I,818.541,0,Guayas,A,4,1818,52.74,16.35,0
7616,2021-11-13,3,PRODUCE,395.289,0,Guayas,A,4,1818,52.74,16.35,0
9806,2021-11-13,5,BEVERAGES,234.023,0,Azuay,B,2,888,52.74,16.35,0
11266,2021-11-13,5,CLEANING,115.296,15,Azuay,B,2,888,52.74,16.35,0
9076,2021-11-13,5,GROCERY I,333.093,0,Azuay,B,2,888,52.74,16.35,0
10536,2021-11-13,5,PRODUCE,165.131,0,Azuay,B,2,888,52.74,16.35,0
12726,2021-11-13,8,BEVERAGES,427.755,0,Guayas,C,1,1458,52.74,16.35,0
14186,2021-11-13,8,CLEANING,157.586,0,Guayas,C,1,1458,52.74,16.35,0
11996,2021-11-13,8,GROCERY I,642.387,0,Guayas,C,1,1458,52.74,16.35,0
13456,2021-11-13,8,PRODUCE,300.938,0,Guayas,C,1,1458,52.74,16.35,0
1047,2021-11-14,1,BEVERAGES,409.422,0,Pichincha,D,2,1113,52.42,17.88,0
2507,2021-11-14,1,CLEANING,140.923,0,Pichincha,D,2,1113,52.42,17.88,0
317,2021-11-14,1,GROCERY I,561.716,0,Pichincha,D,2,1113,52.42,17.88,0
1777,2021-11-14,1,PRODUCE,242.052,0,Pichincha,D,2,1113,52.42,17.88,0
3967,2021-11-14,2,BEVERAGES,321.956,0,Pichincha,D,3,970,52.42,17.88,0
5427,2021-11-14,2,CLEANING,125.744,0,Pichincha,D,3,970,52.42,17.88,0
3237,2021-11-14,2,GROCERY I,458.773,0,Pichincha,D,3,970,52.42,17.88,0
4697,2021-11-14,2,PRODUCE,203.241,0,Pichincha,D,3,970,52.42,17.88,0
6887,2021-11-14,3,BEVERAGES,496.943,0,Guayas,A,4,1617,52.42,17.88,0
8347,2021-11-14,3,CLEANING,208.112,0,Guayas,A,4,1617,52.42,17.88,0
6157,2021-11-14,3,GROCERY I,720.561,0,Guayas,A,4,1617,52.42,17.88,0
7617,2021-11-14,3,PRODUCE,289.895,0,Guayas,A,4,1617,52.42,17.88,0
9807,2021-11-14,5,BEVERAGES,200.245,0,Azuay,B,2,687,52.42,17.88,0
11267,2021-11-14,5,CLEANING,78.615,0,Azuay,B,2,687,52.42,17.88,0
9077,2021-11-14,5,GROCERY I,345.673,0,Azuay,B,2,687,52.42,17.88,0
10537,2021-11-14,5,PRODUCE,152.502,0,Azuay,B,2,687,52.42,17.88,0
12727,2021-11-14,8,BEVERAGES,406.079,0,Guayas,C,1,1210,52.42,17.88,0
14187,2021-11-14,8,CLEANING,143.19,0,Guayas,C,1,1210,52.42,17.88,0
11997,2021-11-14,8,GROCERY I,765.12,14,Guayas,C,1,1210,52.42,17.88,0
13457,2021-11-14,8,PRODUCE,298.339,0,Guayas,C,1,1210,52.42,17.88,0
1048,2021-11-15,1,BEVERAGES,260.097,0,Pichincha,D,2,973,52.87,15.8,0
2508,2021-11-15,1,CLEANING,118.792,0,Pichincha,D,2,973,52.87,15.8,0
318,2021-11-15,1,GROCERY I,532.417,3,Pichincha,D,2,973,52.87,15.8,0
1778,2021-11-15,1,PRODUCE,179.902,0,Pichincha,D,2,973,52.87,15.8,0
3968,2021-11-15,2,BEVERAGES,226.398,10,Pichincha,D,3,810,52.87,15.8,0
5428,2021-11-15,2,CLEANING,99.059,0,Pichincha,D,3,810,52.87,15.8,0
3238,2021-11-15,2,GROCERY I,374.532,0,Pichincha,D,3,810,52.87,15.8,0
4698,2021-11-15,2,PRODUCE,160.94,0,Pichincha,D,3,810,52.87,15.8,0
6888,2021-11-15,3,BEVERAGES,344.574,0,Guayas,A,4,1325,52.87,15.8,0
8348,2021-11-15,3,CLEANING,181.976,13,Guayas,A,4,1325,52.87,15.8,0
6158,2021-11-15,3,GROCERY I,499.792,0,Guayas,A,4,1325,52.87,15.8,0
7618,2021-11-15,3,PRODUCE,288.998,0,Guayas,A,4,1325,52.87,15.8,0
9808,2021-11-15,5,BEVERAGES,176.173,0,Azuay,B,2,552,52.87,15.8,0
11268,2021-11-15,5,CLEANING,71.993,0,Azuay,B,2,552,52.87,15.8,0
9078,2021-11-15,5,GROCERY I,267.553,0,Azuay,B,2,552,52.87,15.8,0
10538,2021-11-15,5,PRODUCE,119.983,0,Azuay,B,2,552,52.87,15.8,0
12728,2021-11-15,8,BEVERAGES,344.816,0,Guayas,C,1,947,52.87,15.8,0
14188,2021-11-15,8,CLEANING,119.163,0,Guayas,C,1,947,52.87,15.8,0
11998,2021-11-15,8,GROCERY I,458.096,0,Guayas,C,1,947,52.87,15.8,0
13458,2021-11-15,8,PRODUCE,227.151,0,Guayas,C,1,947,52.87,15.8,0
1049,2021-11-16,1,BEVERAGES,268.786,0,Pichincha,D,2,905,52.34,17.76,0
2509,2021-11-16,1,CLEANING,101.589,0,Pichincha,D,2,905,52.34,17.76,0
319,2021-11-16,1,GROCERY I,428.628,0,Pichincha,D,2,905,52.34,17.76,0
1779,2021-11-16,1,PRODUCE,223.903,0,Pichincha,D,2,905,52.34,17.76,0
3969,2021-11-16,2,BEVERAGES,224.348,0,Pichincha,D,3,787,52.34,17.76,0
5429,2021-11-16,2,CLEANING,105.295,0,Pichincha,D,3,787,52.34,17.76,0
3239,2021-11-16,2,GROCERY I,396.025,7,Pichincha,D,3,787,52.34,17.76,0
4699,2021-11-16,2,PRODUCE,176.374,0,Pichincha,D,3,787,52.34,17.76,0
6889,2021-11-16,3,BEVERAGES,348.488,0,Guayas,A,4,1237,52.34,17.76,0
8349,2021-11-16,3,CLEANING,170.489,0,Guayas,A,4,1237,52.34,17.76,0
6159,2021-11-16,3,GROCERY I,574.539,0,Guayas,A,4,1237,52.34,17.76,0
7619,2021-11-16,3,PRODUCE,271.536,0,Guayas,A,4,1237,52.34,17.76,0
9809,2021-11-16,5,BEVERAGES,127.674,0,Azuay,B,2,589,52.34,17.76,0
11269,2021-11-16,5,CLEANING,71.631,0,Azuay,B,2,589,52.34,17.76,0
9079,2021-11-16,5,GROCERY I,185.896,0,Azuay,B,2,589,52.34,17.76,0
10539,2021-11-16,5,PRODUCE,100.983,0,Azuay,B,2,589,52.34,17.76,0
12729,2021-11-16,8,BEVERAGES,312.502,0,Guayas,C,1,964,52.34,17.76,0
14189,2021-11-16,8,CLEANING,137.496,0,Guayas,C,1,964,52.34,17.76,0
11999,2021-11-16,8,GROCERY I,462.556,0,Guayas,C,1,964,52.34,17.76,0
13459,2021-11-16,8,PRODUCE,200.004,0,Guayas,C,1,964,52.34,17.76,0
1050,2021-11-17,1,BEVERAGES,240.955,0,Pichincha,D,2,893,52.69,15.43,0
2510,2021-11-17,1,CLEANING,118.774,0,Pichincha,D,2,893,52.69,15.43,0
320,2021-11-17,1,GROCERY I,371.26,0,Pichincha,D,2,893,52.69,15.43,0
1780,2021-11-17,1,PRODUCE,184.684,0,Pichincha,D,2,893,52.69,15.43,0
3970,2021-11-17,2,BEVERAGES,290.284,16,Pichincha,D,3,758,52.69,15.43,0
5430,2021-11-17,2,CLEANING,115.075,20,Pichincha,D,3,758,52.69,15.43,0
3240,2021-11-17,2,GROCERY I,328.677,0,Pichincha,D,3,758,52.69,15.43,0
4700,2021-11-17,2,PRODUCE,166.775,0,Pichincha,D,3,758,52.69,15.43,0
6890,2021-11-17,3,BEVERAGES,371.263,0,Guayas,A,4,1154,52.69,15.43,0
8350,2021-11-17,3,CLEANING,176.204,0,Guayas,A,4,1154,52.69,15.43,0
6160,2021-11-17,3,GROCERY I,594.627,0,Guayas,A,4,1154,52.69,15.43,0
7620,2021-11-17,3,PRODUCE,213.976,0,Guayas,A,4,1154,52.69,15.43,0
9810,2021-11-17,5,BEVERAGES,152.321,0,Azuay,B,2,544,52.69,15.43,0
11270,2021-11-17,5,CLEANING,66.608,0,Azuay,B,2,544,52.69,15.43,0
9080,2021-11-17,5,GROCERY I,259.402,0,Azuay,B,2,544,52.69,15.43,0
10540,2021-11-17,5,PRODUCE,127.883,11,Azuay,B,2,544,52.69,15.43,0
12730,2021-11-17,8,BEVERAGES,359.284,3,Guayas,C,1,954,52.69,15.43,0
14190,2021-11-17,8,CLEANING,112.762,0,Guayas,C,1,954,52.69,15.43,0
12000,2021-11-17,8,GROCERY I,507.143,0,Guayas,C,1,954,52.69,15.43,0
13460,2021-11-17,8,PRODUCE,194.363,0,Guayas,C,1,954,52.69,15.43,0
1051,2021-11-18,1,BEVERAGES,277.989,0,Pichincha,D,2,828,52.6,16.91,0
2511,2021-11-18,1,CLEANING,116.875,0,Pichincha,D,2,828,52.6,16.91,0
321,2021-11-18,1,GROCERY I,469.581,0,Pichincha,D,2,828,52.6,16.91,0
1781,2021-11-18,1,PRODUCE,194.247,0,Pichincha,D,2,828,52.6,16.91,0
3971,2021-11-18,2,BEVERAGES,217.096,0,Pichincha,D,3,743,52.6,16.91,0
5431,2021-11-18,2,CLEANING,89.42,0,Pichincha,D,3,743,52.6,16.91,0
3241,2021-11-18,2,GROCERY I,360.74,0,Pichincha,D,3,743,52.6,16.91,0
4701,2021-11-18,2,PRODUCE,0.0,18,Pichincha,D,3,743,52.6,16.91,0
6891,2021-11-18,3,BEVERAGES,406.634,0,Guayas,A,4,1305,52.6,16.91,0
8351,2021-11-18,3,CLEANING,165.471,0,Guayas,A,4,1305,52.6,16.91,0
6161,2021-11-18,3,GROCERY I,595.667,0,Guayas,A,4,1305,52.6,16.91,0
7621,2021-11-18,3,PRODUCE,294.46,10,Guayas,A,4,1305,52.6,16.91,0
9811,2021-11-18,5,BEVERAGES,155.251,0,Azuay,B,2,529,52.6,16.91,0
11271,2021-11-18,5,CLEANING,62.676,0,Azuay,B,2,529,52.6,16.91,0
9081,2021-11-18,5,GROCERY I,321.262,6,Azuay,B,2,529,52.6,16.91,0
10541,2021-11-18,5,PRODUCE,111.788,0,Azuay,B,2,529,52.6,16.91,0
12731,2021-11-18,8,BEVERAGES,364.065,0,Guayas,C,1,1016,52.6,16.91,0
14191,2021-11-18,8,CLEANING,135.578,0,Guayas,C,1,1016,52.6,16.91,0
12001,2021-11-18,8,GROCERY I,467.265,0,Guayas,C,1,1016,52.6,16.91,0
13461,2021-11-18,8,PRODUCE,144.429,0,Guayas,C,1,1016,52.6,16.91,0
1052,2021-11-19,1,BEVERAGES,322.207,0,Pichincha,D,2,1062,53.13,17.37,0
2512,2021-11-19,1,CLEANING,132.51,0,Pichincha,D,2,1062,53.13,17.37,0
322,2021-11-19,1,GROCERY I,620.11,0,Pichincha,D,2,1062,53.13,17.37,0
1782,2021-11-19,1,PRODUCE,231.86,0,Pichincha,D,2,1062,53.13,17.37,0
3972,2021-11-19,2,BEVERAGES,300.86,0,Pichincha,D,3,927,53.13,17.37,0
5432,2021-11-19,2,CLEANING,122.67,0,Pichincha,D,3,927,53.13,17.37,0
3242,2021-11-19,2,GROCERY I,459.611,0,Pichincha,D,3,927,53.13,17.37,0
4702,2021-11-19,2,PRODUCE,158.154,0,Pichincha,D,3,927,53.13,17.37,0
6892,2021-11-19,3,BEVERAGES,480.19,0,Guayas,A,4,1505,53.13,17.37,0
8352,2021-11-19,3,CLEANING,185.132,0,Guayas,A,4,1505,53.13,17.37,0
6162,2021-11-19,3,GROCERY I,678.891,0,Guayas,A,4,1505,53.13,17.37,0
7622,2021-11-19,3,PRODUCE,295.111,0,Guayas,A,4,1505,53.13,17.37,0
9812,2021-11-19,5,BEVERAGES,244.33,6,Azuay,B,2,696,53.13,17.37,0
11272,2021-11-19,5,CLEANING,92.474,0,Azuay,B,2,696,53.13,17.37,0
9082,2021-11-19,5,GROCERY I,259.933,0,Azuay,B,2,696,53.13,17.37,0
10542,2021-11-19,5,PRODUCE,158.581,0,Azuay,B,2,696,53.13,17.37,0
12732,2021-11-19,8,BEVERAGES,386.176,0,Guayas,C,1,1214,53.13,17.37,0
14192,2021-11-19,8,CLEANING,154.202,3,Guayas,C,1,1214,53.13,17.37,0
12002,2021-11-19,8,GROCERY I,650.29,0,Guayas,C,1,1214,53.13,17.37,0
13462,2021-11-19,8,PRODUCE,224.978,0,Guayas,C,1,1214,53.13,17.37,0
1053,2021-11-20,1,BEVERAGES,512.138,13,Pichincha,D,2,1364,53.47,20.66,0
2513,2021-11-20,1,CLEANING,169.785,0,Pichincha,D,2,1364,53.47,20.66,0
323,2021-11-20,1,GROCERY I,628.315,0,Pichincha,D,2,1364,53.47,20.66,0
1783,2021-11-20,1,PRODUCE,351.871,18,Pichincha,D,2,1364,53.47,20.66,0
3973,2021-11-20,2,BEVERAGES,328.991,0,Pichincha,D,3,1069,53.47,20.66,0
5433,2021-11-20,2,CLEANING,131.241,0,Pichincha,D,3,1069,53.47,20.66,0
3243,2021-11-20,2,GROCERY I,487.647,0,Pichincha,D,3,1069,53.47,20.66,0
4703,2021-11-20,2,PRODUCE,208.399,0,Pichincha,D,3,1069,53.47,20.66,0
6893,2021-11-20,3,BEVERAGES,551.196,0,Guayas,A,4,1748,53.47,20.66,0
8353,2021-11-20,3,CLEANING,216.842,0,Guayas,A,4,1748,53.47,20.66,0
6163,2021-11-20,3,GROCERY I,1039.81,0,Guayas,A,4,1748,53.47,20.66,0
7623,2021-11-20,3,PRODUCE,411.425,0,Guayas,A,4,1748,53.47,20.66,0
9813,2021-11-20,5,BEVERAGES,237.55,0,Azuay,B,2,781,53.47,20.66,0
11273,2021-11-20,5,CLEANING,100.149,0,Azuay,B,2,781,53.47,20.66,0
9083,2021-11-20,5,GROCERY I,385.925,0,Azuay,B,2,781,53.47,20.66,0
10543,2021-11-20,5,PRODUCE,149.489,0,Azuay,B,2,781,53.47,20.66,0
12733,2021-11-20,8,BEVERAGES,397.649,0,Guayas,C,1,1572,53.47,20.66,0
14193,2021-11-20,8,CLEANING,185.45,0,Guayas,C,1,1572,53.47,20.66,0
12003,2021-11-20,8,GROCERY I,859.958,14,Guayas,C,1,1572,53.47,20.66,0
13463,2021-11-20,8,PRODUCE,304.53,0,Guayas,C,1,1572,53.47,20.66,0
1054,2021-11-21,1,BEVERAGES,480.01,3,Pichincha,D,2,1220,54.29,15.33,0
2514,2021-11-21,1,CLEANING,156.496,0,Pichincha,D,2,1220,54.29,15.33,0
324,2021-11-21,1,GROCERY I,555.03,0,Pichincha,D,2,1220,54.29,15.33,0
1784,2021-11-21,1,PRODUCE,248.247,0,Pichincha,D,2,1220,54.29,15.33,0
3974,2021-11-21,2,BEVERAGES,280.516,0,Pichincha,D,3,994,54.29,15.33,0
5434,2021-11-21,2,CLEANING,122.487,0,Pichincha,D,3,994,54.29,15.33,0
3244,2021-11-21,2,GROCERY I,503.661,24,Pichincha,D,3,994,54.29,15.33,0
4704,2021-11-21,2,PRODUCE,202.662,0,Pichincha,D,3,994,54.29,15.33,0
6894,2021-11-21,3,BEVERAGES,461.82,0,Guayas,A,4,1587,54.29,15.33,0
8354,2021-11-21,3,CLEANING,209.567,0,Guayas,A,4,1587,54.29,15.33,0
6164,2021-11-21,3,GROCERY I,818.446,4,Guayas,A,4,1587,54.29,15.33,0
7624,2021-11-21,3,PRODUCE,321.512,0,Guayas,A,4,1587,54.29,15.33,0
9814,2021-11-21,5,BEVERAGES,206.411,0,Azuay,B,2,713,54.29,15.33,0
11274,2021-11-21,5,CLEANING,107.805,15,Azuay,B,2,713,54.29,15.33,0
9084,2021-11-21,5,GROCERY I,283.09,0,Azuay,B,2,713,54.29,15.33,0
10544,2021-11-21,5,PRODUCE,142.361,0,Azuay,B,2,713,54.29,15.33,0
12734,2021-11-21,8,BEVERAGES,396.67,0,Guayas,C,1,1260,54.29,15.33,0
14194,2021-11-21,8,CLEANING,191.377,0,Guayas,C,1,1260,54.29,15.33,0
12004,2021-11-21,8,GROCERY I,718.355,0,Guayas,C,1,1260,54.29,15.33,0
13464,2021-11-21,8,PRODUCE,272.805,0,Guayas,C,1,1260,54.29,15.33,0
1055,2021-11-22,1,BEVERAGES,301.95,0,Pichincha,D,2,959,54.62,19.35,0
2515,2021-11-22,1,CLEANING,107.376,0,Pichincha,D,2,959,54.62,19.35,0
325,2021-11-22,1,GROCERY I,538.246,2,Pichincha,D,2,959,54.62,19.35,0
1785,2021-11-22,1,PRODUCE,194.386,0,Pichincha,D,2,959,54.62,19.35,0
3975,2021-11-22,2,BEVERAGES,0.0,0,Pichincha,D,3,784,54.62,19.35,0
5435,2021-11-22,2,CLEANING,98.315,0,Pichincha,D,3,784,54.62,19.35,0
3245,2021-11-22,2,GROCERY I,387.682,0,Pichincha,D,3,784,54.62,19.35,0
4705,2021-11-22,2,PRODUCE,182.642,0,Pichincha,D,3,784,54.62,19.35,0
6895,2021-11-22,3,BEVERAGES,353.454,0,Guayas,A,4,1314,54.62,19.35,0
8355,2021-11-22,3,CLEANING,163.642,0,Guayas,A,4,1314,54.62,19.35,0
6165,2021-11-22,3,GROCERY I,541.043,0,Guayas,A,4,1314,54.62,19.35,0
7625,2021-11-22,3,PRODUCE,335.228,5,Guayas,A,4,1314,54.62,19.35,0
9815,2021-11-22,5,BEVERAGES,148.704,0,Azuay,B,2,569,54.62,19.35,0
11275,2021-11-22,5,CLEANING,64.219,0,Azuay,B,2,569,54.62,19.35,0
9085,2021-11-22,5,GROCERY I,331.144,14,Azuay,B,2,569,54.62,19.35,0
10545,2021-11-22,5,PRODUCE,147.193,22,Azuay,B,2,569,54.62,19.35,0
12735,2021-11-22,8,BEVERAGES,297.651,0,Guayas,C,1,1063,54.62,19.35,0
14195,2021-11-22,8,CLEANING,133.036,0,Guayas,C,1,1063,54.62,19.35,0
12005,2021-11-22,8,GROCERY I,434.853,0,Guayas,C,1,1063,54.62,19.35,0
13465,2021-11-22,8,PRODUCE,223.409,0,Guayas,C,1,1063,54.62,19.35,0
1056,2021-11-23,1,BEVERAGES,247.38,0,Pichincha,D,2,798,53.91,17.52,0
2516,2021-11-23,1,CLEANING,133.961,6,Pichincha,D,2,798,53.91,17.52,0
326,2021-11-23,1,GROCERY I,598.156,7,Pichincha,D,2,798,53.91,17.52,0
1786,2021-11-23,1,PRODUCE,129.63,0,Pichincha,D,2,798,53.91,17.52,0
3976,2021-11-23,2,BEVERAGES,197.671,0,Pichincha,D,3,727,53.91,17.52,0
5436,2021-11-23,2,CLEANING,85.08,0,Pichincha,D,3,727,53.91,17.52,0
3246,2021-11-23,2,GROCERY I,351.407,0,Pichincha,D,3,727,53.91,17.52,0
4706,2021-11-23,2,PRODUCE,153.941,0,Pichincha,D,3,727,53.91,17.52,0
6896,2021-11-23,3,BEVERAGES,393.007,17,Guayas,A,4,1228,53.91,17.52,0
8356,2021-11-23,3,CLEANING,148.579,0,Guayas,A,4,1228,53.91,17.52,0
6166,2021-11-23,3,GROCERY I,594.319,0,Guayas,A,4,1228,53.91,17.52,0
7626,2021-11-23,3,PRODUCE,251.884,0,Guayas,A,4,1228,53.91,17.52,0
9816,2021-11-23,5,BEVERAGES,153.117,0,Azuay,B,2,500,53.91,17.52,0
11276,2021-11-23,5,CLEANING,70.893,0,Azuay,B,2,500,53.91,17.52,0
9086,2021-11-23,5,GROCERY I,223.78,0,Azuay,B,2,500,53.91,17.52,0
10546,2021-11-23,5,PRODUCE,98.228,0,Azuay,B,2,500,53.91,17.52,0
12736,2021-11-23,8,BEVERAGES,278.845,0,Guayas,C,1,1016,53.91,17.52,0
14196,2021-11-23,8,CLEANING,99.99,0,Guayas,C,1,1016,53.91,17.52,0
12006,2021-11-23,8,GROCERY I,427.648,0,Guayas,C,1,1016,53.91,17.52,0
13466,2021-11-23,8,PRODUCE,219.291,0,Guayas,C,1,1016,53.91,17.52,0
1057,2021-11-24,1,BEVERAGES,298.583,0,Pichincha,D,2,904,53.88,17.91,0
2517,2021-11-24,1,CLEANING,119.724,0,Pichincha,D,2,904,53.88,17.91,0
327,2021-11-24,1,GROCERY I,385.121,0,Pichincha,D,2,904,53.88,17.91,0
1787,2021-11-24,1,PRODUCE,238.42,12,Pichincha,D,2,904,53.88,17.91,0
3977,2021-11-24,2,BEVERAGES,241.756,0,Pichincha,D,3,767,53.88,17.91,0
5437,2021-11-24,2,CLEANING,89.708,0,Pichincha,D,3,767,53.88,17.91,0
3247,2021-11-24,2,GROCERY I,378.665,0,Pichincha,D,3,767,53.88,17.91,0
4707,2021-11-24,2,PRODUCE,138.101,0,Pichincha,D,3,767,53.88,17.91,0
6897,2021-11-24,3,BEVERAGES,388.991,0,Guayas,A,4,1156,53.88,17.91,0
8357,2021-11-24,3,CLEANING,149.386,0,Guayas,A,4,1156,53.88,17.91,0
6167,2021-11-24,3,GROCERY I,519.605,0,Guayas,A,4,1156,53.88,17.91,0
7627,2021-11-24,3,PRODUCE,263.759,0,Guayas,A,4,1156,53.88,17.91,0
9817,2021-11-24,5,BEVERAGES,161.619,0,Azuay,B,2,542,53.88,17.91,0
11277,2021-11-24,5,CLEANING,59.289,0,Azuay,B,2,542,53.88,17.91,0
9087,2021-11-24,5,GROCERY I,209.949,0,Azuay,B,2,542,53.88,17.91,0
10547,2021-11-24,5,PRODUCE,114.042,0,Azuay,B,2,542,53.88,17.91,0
12737,2021-11-24,8,BEVERAGES,308.492,0,Guayas,C,1,1015,53.88,17.91,0
14197,2021-11-24,8,CLEANING,126.301,0,Guayas,C,1,1015,53.88,17.91,0
12007,2021-11-24,8,GROCERY I,454.812,0,Guayas,C,1,1015,53.88,17.91,0
13467,2021-11-24,8,PRODUCE,256.193,0,Guayas,C,1,1015,53.88,17.91,0
1058,2021-11-25,1,BEVERAGES,289.139,0,Pichincha,D,2,985,53.35,17.53,0
2518,2021-11-25,1,CLEANING,113.385,0,Pichincha,D,2,985,53.35,17.53,0
328,2021-11-25,1,GROCERY I,457.703,0,Pichincha,D,2,985,53.35,17.53,0
1788,2021-11-25,1,PRODUCE,206.343,0,Pichincha,D,2,985,53.35,17.53,0
3978,2021-11-25,2,BEVERAGES,195.192,0,Pichincha,D,3,817,53.35,17.53,0
5438,2021-11-25,2,CLEANING,103.897,0,Pichincha,D,3,817,53.35,17.53,0
3248,2021-11-25,2,GROCERY I,393.004,0,Pichincha,D,3,817,53.35,17.53,0
4708,2021-11-25,2,PRODUCE,164.885,0,Pichincha,D,3,817,53.35,17.53,0
6898,2021-11-25,3,BEVERAGES,369.61,0,Guayas,A,4,1269,53.35,17.53,0
8358,2021-11-25,3,CLEANING,169.304,0,Guayas,A,4,1269,53.35,17.53,0
6168,2021-11-25,3,GROCERY I,546.548,0,Guayas,A,4,1269,53.35,17.53,0
7628,2021-11-25,3,PRODUCE,290.094,0,Guayas,A,4,1269,53.35,17.53,0
9818,2021-11-25,5,BEVERAGES,163.735,0,Azuay,B,2,636,53.35,17.53,0
11278,2021-11-25,5,CLEANING,75.913,19,Azuay,B,2,636,53.35,17.53,0
9088,2021-11-25,5,GROCERY I,306.843,0,Azuay,B,2,636,53.35,17.53,0
10548,2021-11-25,5,PRODUCE,97.906,0,Azuay,B,2,636,53.35,17.53,0
12738,2021-11-25,8,BEVERAGES,322.233,4,Guayas,C,1,995,53.35,17.53,0
14198,2021-11-25,8,CLEANING,127.739,0,Guayas,C,1,995,53.35,17.53,0
12008,2021-11-25,8,GROCERY I,534.955,22,Guayas,C,1,995,53.35,17.53,0
13468,2021-11-25,8,PRODUCE,256.157,10,Guayas,C,1,995,53.35,17.53,0
1059,2021-11-26,1,BEVERAGES,332.386,0,Pichincha,D,2,1033,53.12,18.02,0
2519,2021-11-26,1,CLEANING,122.16,0,Pichincha,D,2,1033,53.12,18.02,0
329,2021-11-26,1,GROCERY I,600.234,19,Pichincha,D,2,1033,53.12,18.02,0
1789,2021-11-26,1,PRODUCE,265.697,0,Pichincha,D,2,1033,53.12,18.02,0
3979,2021-11-26,2,BEVERAGES,287.422,0,Pichincha,D,3,953,53.12,18.02,0
5439,2021-11-26,2,CLEANING,111.708,0,Pichincha,D,3,953,53.12,18.02,0
3249,2021-11-26,2,GROCERY I,519.007,0,Pichincha,D,3,953,53.12,18.02,0
4709,2021-11-26,2,PRODUCE,177.429,0,Pichincha,D,3,953,53.12,18.02,0
6899,2021-11-26,3,BEVERAGES,453.564,0,Guayas,A,4,1518,53.12,18.02,0
8359,2021-11-26,3,CLEANING,194.747,0,Guayas,A,4,1518,53.12,18.02,0
6169,2021-11-26,3,GROCERY I,787.4,0,Guayas,A,4,1518,53.12,18.02,0
7629,2021-11-26,3,PRODUCE,335.564,0,Guayas,A,4,1518,53.12,18.02,0
9819,2021-11-26,5,BEVERAGES,263.321,21,Azuay,B,2,637,53.12,18.02,0
11279,2021-11-26,5,CLEANING,96.342,0,Azuay,B,2,637,53.12,18.02,0
9089,2021-11-26,5,GROCERY I,261.611,0,Azuay,B,2,637,53.12,18.02,0
10549,2021-11-26,5,PRODUCE,172.88,21,Azuay,B,2,637,53.12,18.02,0
12739,2021-11-26,8,BEVERAGES,429.028,0,Guayas,C,1,1225,53.12,18.02,0
14199,2021-11-26,8,CLEANING,174.584,0,Guayas,C,1,1225,53.12,18.02,0
12009,2021-11-26,8,GROCERY I,628.917,0,Guayas,C,1,1225,53.12,18.02,0
13469,2021-11-26,8,PRODUCE,219.356,0,Guayas,C,1,1225,53.12,18.02,0
1060,2021-11-27,1,BEVERAGES,388.551,0,Pichincha,D,2,1336,53.8,17.21,0
2520,2021-11-27,1,CLEANING,149.97,0,Pichincha,D,2,1336,53.8,17.21,0
330,2021-11-27,1,GROCERY I,610.968,0,Pichincha,D,2,1336,53.8,17.21,0
1790,2021-11-27,1,PRODUCE,329.226,0,Pichincha,D,2,1336,53.8,17.21,0
3980,2021-11-27,2,BEVERAGES,416.014,17,Pichincha,D,3,1082,53.8,17.21,0
5440,2021-11-27,2,CLEANING,154.914,0,Pichincha,D,3,1082,53.8,17.21,0
3250,2021-11-27,2,GROCERY I,578.692,0,Pichincha,D,3,1082,53.8,17.21,0
4710,2021-11-27,2,PRODUCE,210.812,0,Pichincha,D,3,1082,53.8,17.21,0
6900,2021-11-27,3,BEVERAGES,571.397,0,Guayas,A,4,1726,53.8,17.21,0
8360,2021-11-27,3,CLEANING,222.519,0,Guayas,A,4,1726,53.8,17.21,0
6170,2021-11-27,3,GROCERY I,913.389,0,Guayas,A,4,1726,53.8,17.21,0
7630,2021-11-27,3,PRODUCE,396.335,0,Guayas,A,4,1726,53.8,17.21,0
9820,2021-11-27,5,BEVERAGES,306.231,1,Azuay,B,2,861,53.8,17.21,0
11280,2021-11-27,5,CLEANING,92.023,0,Azuay,B,2,861,53.8,17.21,0
9090,2021-11-27,5,GROCERY I,341.647,0,Azuay,B,2,861,53.8,17.21,0
10550,2021-11-27,5,PRODUCE,169.632,0,Azuay,B,2,861,53.8,17.21,0
12740,2021-11-27,8,BEVERAGES,479.491,0,Guayas,C,1,1452,53.8,17.21,0
14200,2021-11-27,8,CLEANING,188.863,0,Guayas,C,1,1452,53.8,17.21,0
12010,2021-11-27,8,GROCERY I,698.88,0,Guayas,C,1,1452,53.8,17.21,0
13470,2021-11-27,8,PRODUCE,295.558,0,Guayas,C,1,1452,53.8,17.21,0
1061,2021-11-28,1,BEVERAGES,342.213,0,Pichincha,D,2,1180,54.09,19.49,0
2521,2021-11-28,1,CLEANING,177.435,17,Pichincha,D,2,1180,54.09,19.49,0
331,2021-11-28,1,GROCERY I,555.508,0,Pichincha,D,2,1180,54.09,19.49,0
1791,2021-11-28,1,PRODUCE,251.429,0,Pichincha,D,2,1180,54.09,19.49,0
3981,2021-11-28,2,BEVERAGES,342.345,16,Pichincha,D,3,981,54.09,19.49,0
5441,2021-11-28,2,CLEANING,112.706,0,Pichincha,D,3,981,54.09,19.49,0
3251,2021-11-28,2,GROCERY I,426.915,0,Pichincha,D,3,981,54.09,19.49,0
4711,2021-11-28,2,PRODUCE,246.963,0,Pichincha,D,3,981,54.09,19.49,0
6901,2021-11-28,3,BEVERAGES,592.853,13,Guayas,A,4,1501,54.09,19.49,0
8361,2021-11-28,3,CLEANING,205.784,0,Guayas,A,4,1501,54.09,19.49,0
6171,2021-11-28,3,GROCERY I,784.938,0,Guayas,A,4,1501,54.09,19.49,0
7631,2021-11-28,3,PRODUCE,354.89,0,Guayas,A,4,1501,54.09,19.49,0
9821,2021-11-28,5,BEVERAGES,206.937,0,Azuay,B,2,674,54.09,19.49,0
11281,2021-11-28,5,CLEANING,94.114,0,Azuay,B,2,674,54.09,19.49,0
9091,2021-11-28,5,GROCERY I,302.312,0,Azuay,B,2,674,54.09,19.49,0
10551,2021-11-28,5,PRODUCE,148.766,0,Azuay,B,2,674,54.09,19.49,0
12741,2021-11-28,8,BEVERAGES,329.228,0,Guayas,C,1,1376,54.09,19.49,0
14201,2021-11-28,8,CLEANING,175.729,4,Guayas,C,1,1376,54.09,19.49,0
12011,2021-11-28,8,GROCERY I,548.008,0,Guayas,C,1,1376,54.09,19.49,0
13471,2021-11-28,8,PRODUCE,322.321,0,Guayas,C,1,1376,54.09,19.49,0
1062,2021-11-29,1,BEVERAGES,329.263,0,Pichincha,D,2,897,53.77,16.85,0
2522,2021-11-29,1,CLEANING,105.198,0,Pichincha,D,2,897,53.77,16.85,0
332,2021-11-29,1,GROCERY I,494.16,0,Pichincha,D,2,897,53.77,16.85,0
1792,2021-11-29,1,PRODUCE,216.835,0,Pichincha,D,2,897,53.77,16.85,0
3982,2021-11-29,2,BEVERAGES,294.16,10,Pichincha,D,3,793,53.77,16.85,0
5442,2021-11-29,2,CLEANING,88.988,0,Pichincha,D,3,793,53.77,16.85,0
3252,2021-11-29,2,GROCERY I,375.957,0,Pichincha,D,3,793,53.77,16.85,0
4712,2021-11-29,2,PRODUCE,160.086,0,Pichincha,D,3,793,53.77,16.85,0
6902,2021-11-29,3,BEVERAGES,383.48,0,Guayas,A,4,1237,53.77,16.85,0
8362,2021-11-29,3,CLEANING,152.131,0,Guayas,A,4,1237,53.77,16.85,0
6172,2021-11-29,3,GROCERY I,603.796,0,Guayas,A,4,1237,53.77,16.85,0
7632,2021-11-29,3,PRODUCE,277.601,0,Guayas,A,4,1237,53.77,16.85,0
9822,2021-11-29,5,BEVERAGES,128.713,0,Azuay,B,2,628,53.77,16.85,0
11282,2021-11-29,5,CLEANING,76.912,0,Azuay,B,2,628,53.77,16.85,0
9092,2021-11-29,5,GROCERY I,295.581,9,Azuay,B,2,628,53.77,16.85,0
10552,2021-11-29,5,PRODUCE,106.738,0,Azuay,B,2,628,53.77,16.85,0
12742,2021-11-29,8,BEVERAGES,328.519,0,Guayas,C,1,1021,53.77,16.85,0
14202,2021-11-29,8,CLEANING,129.103,0,Guayas,C,1,1021,53.77,16.85,0
12012,2021-11-29,8,GROCERY I,545.183,5,Guayas,C,1,1021,53.77,16.85,0
13472,2021-11-29,8,PRODUCE,221.452,0,Guayas,C,1,1021,53.77,16.85,0
1063,2021-11-30,1,BEVERAGES,278.008,0,Pichincha,D,2,788,53.31,19.11,0
2523,2021-11-30,1,CLEANING,109.895,0,Pichincha,D,2,788,53.31,19.11,0
333,2021-11-30,1,GROCERY I,486.77,0,Pichincha,D,2,788,53.31,19.11,0
1793,2021-11-30,1,PRODUCE,172.951,0,Pichincha,D,2,788,53.31,19.11,0
3983,2021-11-30,2,BEVERAGES,219.815,0,Pichincha,D,3,812,53.31,19.11,0
5443,2021-11-30,2,CLEANING,108.773,0,Pichincha,D,3,812,53.31,19.11,0
3253,2021-11-30,2,GROCERY I,397.249,12,Pichincha,D,3,812,53.31,19.11,0
4713,2021-11-30,2,PRODUCE,159.572,0,Pichincha,D,3,812,53.31,19.11,0
6903,2021-11-30,3,BEVERAGES,334.957,0,Guayas,A,4,1184,53.31,19.11,0
8363,2021-11-30,3,CLEANING,142.576,0,Guayas,A,4,1184,53.31,19.11,0
6173,2021-11-30,3,GROCERY I,529.457,0,Guayas,A,4,1184,53.31,19.11,0
7633,2021-11-30,3,PRODUCE,253.905,0,Guayas,A,4,1184,53.31,19.11,0
9823,2021-11-30,5,BEVERAGES,152.029,0,Azuay,B,2,484,53.31,19.11,0
11283,2021-11-30,5,CLEANING,80.84,2,Azuay,B,2,484,53.31,19.11,0
9093,2021-11-30,5,GROCERY I,255.219,0,Azuay,B,2,484,53.31,19.11,0
10553,2021-11-30,5,PRODUCE,137.018,24,Azuay,B,2,484,53.31,19.11,0
12743,2021-11-30,8,BEVERAGES,375.827,15,Guayas,C,1,949,53.31,19.11,0
14203,2021-11-30,8,CLEANING,116.445,0,Guayas,C,1,949,53.31,19.11,0
12013,2021-11-30,8,GROCERY I,422.775,0,Guayas,C,1,949,53.31,19.11,0
13473,2021-11-30,8,PRODUCE,229.388,0,Guayas,C,1,949,53.31,19.11,0
1064,2021-12-01,1,BEVERAGES,284.489,0,Pichincha,D,2,877,53.33,16.66,0
2524,2021-12-01,1,CLEANING,135.056,0,Pichincha,D,2,877,53.33,16.66,0
334,2021-12-01,1,GROCERY I,451.176,0,Pichincha,D,2,877,53.33,16.66,0
1794,2021-12-01,1,PRODUCE,212.499,0,Pichincha,D,2,877,53.33,16.66,0
3984,2021-12-01,2,BEVERAGES,250.987,0,Pichincha,D,3,746,53.33,16.66,0
5444,2021-12-01,2,CLEANING,82.889,0,Pichincha,D,3,746,53.33,16.66,0
3254,2021-12-01,2,GROCERY I,415.322,11,Pichincha,D,3,746,53.33,16.66,0
4714,2021-12-01,2,PRODUCE,161.317,0,Pichincha,D,3,746,53.33,16.66,0
6904,2021-12-01,3,BEVERAGES,386.685,0,Guayas,A,4,1121,53.33,16.66,0
8364,2021-12-01,3,CLEANING,158.256,0,Guayas,A,4,1121,53.33,16.66,0
6174,2021-12-01,3,GROCERY I,571.299,0,Guayas,A,4,1121,53.33,16.66,0
7634,2021-12-01,3,PRODUCE,257.539,0,Guayas,A,4,1121,53.33,16.66,0
9824,2021-12-01,5,BEVERAGES,206.99,19,Azuay,B,2,517,53.33,16.66,0
11284,2021-12-01,5,CLEANING,61.992,0,Azuay,B,2,517,53.33,16.66,0
9094,2021-12-01,5,GROCERY I,249.903,0,Azuay,B,2,517,53.33,16.66,0
10554,2021-12-01,5,PRODUCE,113.545,0,Azuay,B,2,517,53.33,16.66,0
12744,2021-12-01,8,BEVERAGES,347.158,0,Guayas,C,1,1061,53.33,16.66,0
14204,2021-12-01,8,CLEANING,103.614,0,Guayas,C,1,1061,53.33,16.66,0
12014,2021-12-01,8,GROCERY I,514.385,0,Guayas,C,1,1061,53.33,16.66,0
13474,2021-12-01,8,PRODUCE,206.639,0,Guayas,C,1,1061,53.33,16.66,0
1065,2021-12-02,1,BEVERAGES,288.457,0,Pichincha,D,2,927,52.78,17.51,0
2525,2021-12-02,1,CLEANING,108.519,0,Pichincha,D,2,927,52.78,17.51,0
335,2021-12-02,1,GROCERY I,0.0,0,Pichincha,D,2,927,52.78,17.51,0
1795,2021-12-02,1,PRODUCE,198.858,0,Pichincha,D,2,927,52.78,17.51,0
3985,2021-12-02,2,BEVERAGES,253.974,0,Pichincha,D,3,825,52.78,17.51,0
5445,2021-12-02,2,CLEANING,101.15,0,Pichincha,D,3,825,52.78,17.51,0
3255,2021-12-02,2,GROCERY I,326.784,0,Pichincha,D,3,825,52.78,17.51,0
4715,2021-12-02,2,PRODUCE,167.706,0,Pichincha,D,3,825,52.78,17.51,0
6905,2021-12-02,3,BEVERAGES,387.019,0,Guayas,A,4,1288,52.78,17.51,0
8365,2021-12-02,3,CLEANING,158.363,0,Guayas,A,4,1288,52.78,17.51,0
6175,2021-12-02,3,GROCERY I,746.917,24,Guayas,A,4,1288,52.78,17.51,0
7635,2021-12-02,3,PRODUCE,330.445,0,Guayas,A,4,1288,52.78,17.51,0
9825,2021-12-02,5,BEVERAGES,165.096,0,Azuay,B,2,633,52.78,17.51,0
11285,2021-12-02,5,CLEANING,91.555,3,Azuay,B,2,633,52.78,17.51,0
9095,2021-12-02,5,GROCERY I,285.927,0,Azuay,B,2,633,52.78,17.51,0
10555,2021-12-02,5,PRODUCE,134.239,0,Azuay,B,2,633,52.78,17.51,0
12745,2021-12-02,8,BEVERAGES,373.708,0,Guayas,C,1,1020,52.78,17.51,0
14205,2021-12-02,8,CLEANING,133.538,0,Guayas,C,1,1020,52.78,17.51,0
12015,2021-12-02,8,GROCERY I,521.531,0,Guayas,C,1,1020,52.78,17.51,0
13475,2021-12-02,8,PRODUCE,219.228,0,Guayas,C,1,1020,52.78,17.51,0
1066,2021-12-03,1,BEVERAGES,428.423,0,Pichincha,D,2,1104,52.48,16.13,0
2526,2021-12-03,1,CLEANING,143.502,0,Pichincha,D,2,1104,52.48,16.13,0
336,2021-12-03,1,GROCERY I,665.653,0,Pichincha,D,2,1104,52.48,16.13,0
1796,2021-12-03,1,PRODUCE,222.618,0,Pichincha,D,2,1104,52.48,16.13,0
3986,2021-12-03,2,BEVERAGES,299.076,0,Pichincha,D,3,983,52.48,16.13,0
5446,2021-12-03,2,CLEANING,140.59,0,Pichincha,D,3,983,52.48,16.13,0
3256,2021-12-03,2,GROCERY I,528.869,2,Pichincha,D,3,983,52.48,16.13,0
4716,2021-12-03,2,PRODUCE,188.509,0,Pichincha,D,3,983,52.48,16.13,0
6906,2021-12-03,3,BEVERAGES,572.945,17,Guayas,A,4,1548,52.48,16.13,0
8366,2021-12-03,3,CLEANING,185.39,0,Guayas,A,4,1548,52.48,16.13,0
6176,2021-12-03,3,GROCERY I,788.678,0,Guayas,A,4,1548,52.48,16.13,0
7636,2021-12-03,3,PRODUCE,322.512,0,Guayas,A,4,1548,52.48,16.13,0
9826,2021-12-03,5,BEVERAGES,206.775,0,Azuay,B,2,736,52.48,16.13,0
11286,2021-12-03,5,CLEANING,94.981,0,Azuay,B,2,736,52.48,16.13,0
9096,2021-12-03,5,GROCERY I,322.094,0,Azuay,B,2,736,52.48,16.13,0
10556,2021-12-03,5,PRODUCE,184.275,11,Azuay,B,2,736,52.48,16.13,0
12746,2021-12-03,8,BEVERAGES,548.991,14,Guayas,C,1,1246,52.48,16.13,0
14206,2021-12-03,8,CLEANING,161.307,0,Guayas,C,1,1246,52.48,16.13,0
12016,2021-12-03,8,GROCERY I,588.254,0,Guayas,C,1,1246,52.48,16.13,0
13476,2021-12-03,8,PRODUCE,281.544,13,Guayas,C,1,1246,52.48,16.13,0
1067,2021-12-04,1,BEVERAGES,470.175,0,Pichincha,D,2,1313,52.62,18.3,0
2527,2021-12-04,1,CLEANING,210.308,0,Pichincha,D,2,1313,52.62,18.3,0
337,2021-12-04,1,GROCERY I,764.239,10,Pichincha,D,2,1313,52.62,18.3,0
1797,2021-12-04,1,PRODUCE,293.614,0,Pichincha,D,2,1313,52.62,18.3,0
3987,2021-12-04,2,BEVERAGES,353.4,0,Pichincha,D,3,1129,52.62,18.3,0
5447,2021-12-04,2,CLEANING,144.035,0,Pichincha,D,3,1129,52.62,18.3,0
3257,2021-12-04,2,GROCERY I,559.349,0,Pichincha,D,3,1129,52.62,18.3,0
4717,2021-12-04,2,PRODUCE,237.548,0,Pichincha,D,3,1129,52.62,18.3,0
6907,2021-12-04,3,BEVERAGES,626.276,0,Guayas,A,4,1797,52.62,18.3,0
8367,2021-12-04,3,CLEANING,260.229,0,Guayas,A,4,1797,52.62,18.3,0
6177,2021-12-04,3,GROCERY I,1112.46,9,Guayas,A,4,1797,52.62,18.3,0
7637,2021-12-04,3,PRODUCE,452.026,0,Guayas,A,4,1797,52.62,18.3,0
9827,2021-12-04,5,BEVERAGES,236.322,0,Azuay,B,2,840,52.62,18.3,0
11287,2021-12-04,5,CLEANING,104.265,0,Azuay,B,2,840,52.62,18.3,0
9097,2021-12-04,5,GROCERY I,317.233,0,Azuay,B,2,840,52.62,18.3,0
10557,2021-12-04,5,PRODUCE,148.85,0,Azuay,B,2,840,52.62,18.3,0
12747,2021-12-04,8,BEVERAGES,449.231,0,Guayas,C,1,1504,52.62,18.3,0
14207,2021-12-04,8,CLEANING,199.849,0,Guayas,C,1,1504,52.62,18.3,0
12017,2021-12-04,8,GROCERY I,689.965,0,Guayas,C,1,1504,52.62,18.3,0
13477,2021-12-04,8,PRODUCE,387.046,20,Guayas,C,1,1504,52.62,18.3,0
1068,2021-12-05,1,BEVERAGES,418.345,8,Pichincha,D,2,1150,53.14,19.73,0
2528,2021-12-05,1,CLEANING,159.427,0,Pichincha,D,2,1150,53.14,19.73,0
338,2021-12-05,1,GROCERY I,538.613,0,Pichincha,D,2,1150,53.14,19.73,0
1798,2021-12-05,1,PRODUCE,293.043,0,Pichincha,D,2,1150,53.14,19.73,0
3988,2021-12-05,2,BEVERAGES,350.583,8,Pichincha,D,3,1046,53.14,19.73,0
5448,2021-12-05,2,CLEANING,141.11,0,Pichincha,D,3,1046,53.14,19.73,0
3258,2021-12-05,2,GROCERY I,461.935,0,Pichincha,D,3,1046,53.14,19.73,0
4718,2021-12-05,2,PRODUCE,267.729,14,Pichincha,D,3,1046,53.14,19.73,0
6908,2021-12-05,3,BEVERAGES,516.785,0,Guayas,A,4,1583,53.14,19.73,0
8368,2021-12-05,3,CLEANING,199.972,0,Guayas,A,4,1583,53.14,19.73,0
6178,2021-12-05,3,GROCERY I,701.462,0,Guayas,A,4,1583,53.14,19.73,0
7638,2021-12-05,3,PRODUCE,329.166,0,Guayas,A,4,1583,53.14,19.73,0
9828,2021-12-05,5,BEVERAGES,261.824,10,Azuay,B,2,654,53.14,19.73,0
11288,2021-12-05,5,CLEANING,100.322,8,Azuay,B,2,654,53.14,19.73,0
9098,2021-12-05,5,GROCERY I,341.595,0,Azuay,B,2,654,53.14,19.73,0
10558,2021-12-05,5,PRODUCE,138.003,0,Azuay,B,2,654,53.14,19.73,0
12748,2021-12-05,8,BEVERAGES,421.104,0,Guayas,C,1,1303,53.14,19.73,0
14208,2021-12-05,8,CLEANING,183.817,0,Guayas,C,1,1303,53.14,19.73,0
12018,2021-12-05,8,GROCERY I,608.409,0,Guayas,C,1,1303,53.14,19.73,0
13478,2021-12-05,8,PRODUCE,285.256,0,Guayas,C,1,1303,53.14,19.73,0
1069,2021-12-06,1,BEVERAGES,0.0,0,Pichincha,D,2,911,53.41,17.64,0
2529,2021-12-06,1,CLEANING,117.218,0,Pichincha,D,2,911,53.41,17.64,0
339,2021-12-06,1,GROCERY I,458.858,8,Pichincha,D,2,911,53.41,17.64,0
1799,2021-12-06,1,PRODUCE,254.371,1,Pichincha,D,2,911,53.41,17.64,0
3989,2021-12-06,2,BEVERAGES,230.167,0,Pichincha,D,3,830,53.41,17.64,0
5449,2021-12-06,2,CLEANING,128.152,16,Pichincha,D,3,830,53.41,17.64,0
3259,2021-12-06,2,GROCERY I,330.091,0,Pichincha,D,3,830,53.41,17.64,0
4719,2021-12-06,2,PRODUCE,189.343,0,Pichincha,D,3,830,53.41,17.64,0
6909,2021-12-06,3,BEVERAGES,369.661,0,Guayas,A,4,1258,53.41,17.64,0
8369,2021-12-06,3,CLEANING,190.525,0,Guayas,A,4,1258,53.41,17.64,0
6179,2021-12-06,3,GROCERY I,646.25,0,Guayas,A,4,1258,53.41,17.64,0
7639,2021-12-06,3,PRODUCE,296.712,0,Guayas,A,4,1258,53.41,17.64,0
9829,2021-12-06,5,BEVERAGES,186.613,0,Azuay,B,2,551,53.41,17.64,0
11289,2021-12-06,5,CLEANING,71.409,0,Azuay,B,2,551,53.41,17.64,0
9099,2021-12-06,5,GROCERY I,261.994,0,Azuay,B,2,551,53.41,17.64,0
10559,2021-12-06,5,PRODUCE,111.082,0,Azuay,B,2,551,53.41,17.64,0
12749,2021-12-06,8,BEVERAGES,302.878,0,Guayas,C,1,999,53.41,17.64,0
14209,2021-12-06,8,CLEANING,129.399,0,Guayas,C,1,999,53.41,17.64,0
12019,2021-12-06,8,GROCERY I,568.738,0,Guayas,C,1,999,53.41,17.64,0
13479,2021-12-06,8,PRODUCE,242.2,0,Guayas,C,1,999,53.41,17.64,0
1070,2021-12-07,1,BEVERAGES,272.087,0,Pichincha,D,2,893,52.38,17.51,0
2530,2021-12-07,1,CLEANING,114.702,0,Pichincha,D,2,893,52.38,17.51,0
340,2021-12-07,1,GROCERY I,483.554,0,Pichincha,D,2,893,52.38,17.51,0
1800,2021-12-07,1,PRODUCE,223.408,0,Pichincha,D,2,893,52.38,17.51,0
3990,2021-12-07,2,BEVERAGES,232.131,0,Pichincha,D,3,804,52.38,17.51,0
5450,2021-12-07,2,CLEANING,95.156,0,Pichincha,D,3,804,52.38,17.51,0
3260,2021-12-07,2,GROCERY I,303.383,0,Pichincha,D,3,804,52.38,17.51,0
4720,2021-12-07,2,PRODUCE,174.878,0,Pichincha,D,3,804,52.38,17.51,0
6910,2021-12-07,3,BEVERAGES,368.963,0,Guayas,A,4,1199,52.38,17.51,0
8370,2021-12-07,3,CLEANING,165.673,0,Guayas,A,4,1199,52.38,17.51,0
6180,2021-12-07,3,GROCERY I,491.583,0,Guayas,A,4,1199,52.38,17.51,0
7640,2021-12-07,3,PRODUCE,308.009,0,Guayas,A,4,1199,52.38,17.51,0
9830,2021-12-07,5,BEVERAGES,170.3,0,Azuay,B,2,524,52.38,17.51,0
11290,2021-12-07,5,CLEANING,58.383,0,Azuay,B,2,524,52.38,17.51,0
9100,2021-12-07,5,GROCERY I,283.541,8,Azuay,B,2,524,52.38,17.51,0
10560,2021-12-07,5,PRODUCE,114.699,0,Azuay,B,2,524,52.38,17.51,0
12750,2021-12-07,8,BEVERAGES,330.56,0,Guayas,C,1,998,52.38,17.51,0
14210,2021-12-07,8,CLEANING,110.189,0,Guayas,C,1,998,52.38,17.51,0
12020,2021-12-07,8,GROCERY I,460.508,0,Guayas,C,1,998,52.38,17.51,0
13480,2021-12-07,8,PRODUCE,226.492,0,Guayas,C,1,998,52.38,17.51,0
1071,2021-12-08,1,BEVERAGES,353.436,17,Pichincha,D,2,880,52.52,16.27,0
2531,2021-12-08,1,CLEANING,124.547,0,Pichincha,D,2,880,52.52,16.27,0
341,2021-12-08,1,GROCERY I,587.235,5,Pichincha,D,2,880,52.52,16.27,0
1801,2021-12-08,1,PRODUCE,189.256,0,Pichincha,D,2,880,52.52,16.27,0
3991,2021-12-08,2,BEVERAGES,230.373,0,Pichincha,D,3,780,52.52,16.27,0
5451,2021-12-08,2,CLEANING,96.985,0,Pichincha,D,3,780,52.52,16.27,0
3261,2021-12-08,2,GROCERY I,431.232,0,Pichincha,D,3,780,52.52,16.27,0
4721,2021-12-08,2,PRODUCE,147.86,0,Pichincha,D,3,780,52.52,16.27,0
6911,2021-12-08,3,BEVERAGES,440.933,0,Guayas,A,4,1131,52.52,16.27,0
8371,2021-12-08,3,CLEANING,182.634,7,Guayas,A,4,1131,52.52,16.27,0
6181,2021-12-08,3,GROCERY I,707.126,21,Guayas,A,4,1131,52.52,16.27,0
7641,2021-12-08,3,PRODUCE,265.235,0,Guayas,A,4,1131,52.52,16.27,0
9831,2021-12-08,5,BEVERAGES,176.662,21,Azuay,B,2,498,52.52,16.27,0
11291,2021-12-08,5,CLEANING,62.716,0,Azuay,B,2,498,52.52,16.27,0
9101,2021-12-08,5,GROCERY I,301.178,0,Azuay,B,2,498,52.52,16.27,0
10561,2021-12-08,5,PRODUCE,114.558,0,Azuay,B,2,498,52.52,16.27,0
12751,2021-12-08,8,BEVERAGES,252.214,0,Guayas,C,1,954,52.52,16.27,0
14211,2021-12-08,8,CLEANING,148.136,21,Guayas,C,1,954,52.52,16.27,0
12021,2021-12-08,8,GROCERY I,522.261,0,Guayas,C,1,954,52.52,16.27,0
13481,2021-12-08,8,PRODUCE,261.96,0,Guayas,C,1,954,52.52,16.27,0
1072,2021-12-09,1,BEVERAGES,344.253,16,Pichincha,D,2,925,52.55,17.55,0
2532,2021-12-09,1,CLEANING,145.578,0,Pichincha,D,2,925,52.55,17.55,0
342,2021-12-09,1,GROCERY I,567.825,0,Pichincha,D,2,925,52.55,17.55,0
1802,2021-12-09,1,PRODUCE,233.9,0,Pichincha,D,2,925,52.55,17.55,0
3992,2021-12-09,2,BEVERAGES,271.149,0,Pichincha,D,3,908,52.55,17.55,0
5452,2021-12-09,2,CLEANING,83.652,0,Pichincha,D,3,908,52.55,17.55,0
3262,2021-12-09,2,GROCERY I,479.259,20,Pichincha,D,3,908,52.55,17.55,0
4722,2021-12-09,2,PRODUCE,190.493,0,Pichincha,D,3,908,52.55,17.55,0
6912,2021-12-09,3,BEVERAGES,394.753,0,Guayas,A,4,1233,52.55,17.55,0
8372,2021-12-09,3,CLEANING,188.022,0,Guayas,A,4,1233,52.55,17.55,0
6182,2021-12-09,3,GROCERY I,564.008,0,Guayas,A,4,1233,52.55,17.55,0
7642,2021-12-09,3,PRODUCE,270.812,0,Guayas,A,4,1233,52.55,17.55,0
9832,2021-12-09,5,BEVERAGES,146.888,0,Azuay,B,2,597,52.55,17.55,0
11292,2021-12-09,5,CLEANING,70.717,0,Azuay,B,2,597,52.55,17.55,0
9102,2021-12-09,5,GROCERY I,281.968,0,Azuay,B,2,597,52.55,17.55,0
10562,2021-12-09,5,PRODUCE,120.616,0,Azuay,B,2,597,52.55,17.55,0
12752,2021-12-09,8,BEVERAGES,291.952,0,Guayas,C,1,1088,52.55,17.55,0
14212,2021-12-09,8,CLEANING,138.076,0,Guayas,C,1,1088,52.55,17.55,0
12022,2021-12-09,8,GROCERY I,495.538,0,Guayas,C,1,1088,52.55,17.55,0
13482,2021-12-09,8,PRODUCE,230.818,0,Guayas,C,1,1088,52.55,17.55,0
1073,2021-12-10,1,BEVERAGES,372.905,0,Pichincha,D,2,1116,52.74,15.68,0
2533,2021-12-10,1,CLEANING,143.251,0,Pichincha,D,2,1116,52.74,15.68,0
343,2021-12-10,1,GROCERY I,592.918,24,Pichincha,D,2,1116,52.74,15.68,0
1803,2021-12-10,1,PRODUCE,239.645,0,Pichincha,D,2,1116,52.74,15.68,0
3993,2021-12-10,2,BEVERAGES,296.065,0,Pichincha,D,3,918,52.74,15.68,0
5453,2021-12-10,2,CLEANING,145.894,11,Pichincha,D,3,918,52.74,15.68,0
3263,2021-12-10,2,GROCERY I,420.884,0,Pichincha,D,3,918,52.74,15.68,0
4723,2021-12-10,2,PRODUCE,265.074,13,Pichincha,D,3,918,52.74,15.68,0
6913,2021-12-10,3,BEVERAGES,592.068,22,Guayas,A,4,1484,52.74,15.68,0
8373,2021-12-10,3,CLEANING,231.442,5,Guayas,A,4,1484,52.74,15.68,0
6183,2021-12-10,3,GROCERY I,690.989,0,Guayas,A,4,1484,52.74,15.68,0
7643,2021-12-10,3,PRODUCE,329.919,0,Guayas,A,4,1484,52.74,15.68,0
9833,2021-12-10,5,BEVERAGES,213.835,0,Azuay,B,2,632,52.74,15.68,0
11293,2021-12-10,5,CLEANING,86.715,0,Azuay,B,2,632,52.74,15.68,0
9103,2021-12-10,5,GROCERY I,345.404,0,Azuay,B,2,632,52.74,15.68,0
10563,2021-12-10,5,PRODUCE,182.951,0,Azuay,B,2,632,52.74,15.68,0
12753,2021-12-10,8,BEVERAGES,377.495,0,Guayas,C,1,1211,52.74,15.68,0
14213,2021-12-10,8,CLEANING,182.755,0,Guayas,C,1,1211,52.74,15.68,0
12023,2021-12-10,8,GROCERY I,700.366,0,Guayas,C,1,1211,52.74,15.68,0
13483,2021-12-10,8,PRODUCE,284.871,0,Guayas,C,1,1211,52.74,15.68,0
1074,2021-12-11,1,BEVERAGES,488.448,0,Pichincha,D,2,1255,53.47,16.68,0
2534,2021-12-11,1,CLEANING,205.943,18,Pichincha,D,2,1255,53.47,16.68,0
344,2021-12-11,1,GROCERY I,756.673,0,Pichincha,D,2,1255,53.47,16.68,0
1804,2021-12-11,1,PRODUCE,312.792,0,Pichincha,D,2,1255,53.47,16.68,0
3994,2021-12-11,2,BEVERAGES,365.512,0,Pichincha,D,3,1236,53.47,16.68,0
5454,2021-12-11,2,CLEANING,184.661,15,Pichincha,D,3,1236,53.47,16.68,0
3264,2021-12-11,2,GROCERY I,570.183,0,Pichincha,D,3,1236,53.47,16.68,0
4724,2021-12-11,2,PRODUCE,236.799,0,Pichincha,D,3,1236,53.47,16.68,0
6914,2021-12-11,3,BEVERAGES,617.118,0,Guayas,A,4,1772,53.47,16.68,0
8374,2021-12-11,3,CLEANING,287.564,0,Guayas,A,4,1772,53.47,16.68,0
6184,2021-12-11,3,GROCERY I,1057.982,0,Guayas,A,4,1772,53.47,16.68,0
7644,2021-12-11,3,PRODUCE,412.533,0,Guayas,A,4,1772,53.47,16.68,0
9834,2021-12-11,5,BEVERAGES,273.666,0,Azuay,B,2,747,53.47,16.68,0
11294,2021-12-11,5,CLEANING,92.613,0,Azuay,B,2,747,53.47,16.68,0
9104,2021-12-11,5,GROCERY I,417.139,0,Azuay,B,2,747,53.47,16.68,0
10564,2021-12-11,5,PRODUCE,204.509,16,Azuay,B,2,747,53.47,16.68,0
12754,2021-12-11,8,BEVERAGES,573.997,11,Guayas,C,1,1535,53.47,16.68,0
14214,2021-12-11,8,CLEANING,198.448,0,Guayas,C,1,1535,53.47,16.68,0
12024,2021-12-11,8,GROCERY I,795.559,23,Guayas,C,1,1535,53.47,16.68,0
13484,2021-12-11,8,PRODUCE,335.244,0,Guayas,C,1,1535,53.47,16.68,0
1075,2021-12-12,1,BEVERAGES,331.791,0,Pichincha,D,2,1194,52.54,18.32,0
2535,2021-12-12,1,CLEANING,138.213,0,Pichincha,D,2,1194,52.54,18.32,0
345,2021-12-12,1,GROCERY I,586.301,0,Pichincha,D,2,1194,52.54,18.32,0
1805,2021-12-12,1,PRODUCE,272.243,0,Pichincha,D,2,1194,52.54,18.32,0
3995,2021-12-12,2,BEVERAGES,269.075,0,Pichincha,D,3,1031,52.54,18.32,0
5455,2021-12-12,2,CLEANING,131.834,0,Pichincha,D,3,1031,52.54,18.32,0
3265,2021-12-12,2,GROCERY I,570.776,0,Pichincha,D,3,1031,52.54,18.32,0
4725,2021-12-12,2,PRODUCE,222.128,0,Pichincha,D,3,1031,52.54,18.32,0
6915,2021-12-12,3,BEVERAGES,517.033,0,Guayas,A,4,1649,52.54,18.32,0
8375,2021-12-12,3,CLEANING,217.031,0,Guayas,A,4,1649,52.54,18.32,0
6185,2021-12-12,3,GROCERY I,681.407,0,Guayas,A,4,1649,52.54,18.32,0
7645,2021-12-12,3,PRODUCE,370.383,0,Guayas,A,4,1649,52.54,18.32,0
9835,2021-12-12,5,BEVERAGES,183.461,0,Azuay,B,2,631,52.54,18.32,0
11295,2021-12-12,5,CLEANING,92.488,0,Azuay,B,2,631,52.54,18.32,0
9105,2021-12-12,5,GROCERY I,321.36,0,Azuay,B,2,631,52.54,18.32,0
10565,2021-12-12,5,PRODUCE,172.239,0,Azuay,B,2,631,52.54,18.32,0
12755,2021-12-12,8,BEVERAGES,510.088,10,Guayas,C,1,1337,52.54,18.32,0
14215,2021-12-12,8,CLEANING,208.298,2,Guayas,C,1,1337,52.54,18.32,0
12025,2021-12-12,8,GROCERY I,684.342,0,Guayas,C,1,1337,52.54,18.32,0
13485,2021-12-12,8,PRODUCE,274.124,0,Guayas,C,1,1337,52.54,18.32,0
1076,2021-12-13,1,BEVERAGES,262.729,0,Pichincha,D,2,914,52.27,19.89,0
2536,2021-12-13,1,CLEANING,150.994,6,Pichincha,D,2,914,52.27,19.89,0
346,2021-12-13,1,GROCERY I,485.627,0,Pichincha,D,2,914,52.27,19.89,0
1806,2021-12-13,1,PRODUCE,219.878,0,Pichincha,D,2,914,52.27,19.89,0
3996,2021-12-13,2,BEVERAGES,259.637,0,Pichincha,D,3,838,52.27,19.89,0
5456,2021-12-13,2,CLEANING,122.633,0,Pichincha,D,3,838,52.27,19.89,0
3266,2021-12-13,2,GROCERY I,391.254,0,Pichincha,D,3,838,52.27,19.89,0
4726,2021-12-13,2,PRODUCE,178.589,0,Pichincha,D,3,838,52.27,19.89,0
6916,2021-12-13,3,BEVERAGES,380.946,0,Guayas,A,4,1263,52.27,19.89,0
8376,2021-12-13,3,CLEANING,173.37,0,Guayas,A,4,1263,52.27,19.89,0
6186,2021-12-13,3,GROCERY I,565.333,0,Guayas,A,4,1263,52.27,19.89,0
7646,2021-12-13,3,PRODUCE,278.728,0,Guayas,A,4,1263,52.27,19.89,0
9836,2021-12-13,5,BEVERAGES,164.463,0,Azuay,B,2,626,52.27,19.89,0
11296,2021-12-13,5,CLEANING,73.596,0,Azuay,B,2,626,52.27,19.89,0
9106,2021-12-13,5,GROCERY I,274.349,0,Azuay,B,2,626,52.27,19.89,0
10566,2021-12-13,5,PRODUCE,143.209,24,Azuay,B,2,626,52.27,19.89,0
12756,2021-12-13,8,BEVERAGES,356.94,0,Guayas,C,1,1031,52.27,19.89,0
14216,2021-12-13,8,CLEANING,131.426,0,Guayas,C,1,1031,52.27,19.89,0
12026,2021-12-13,8,GROCERY I,461.929,0,Guayas,C,1,1031,52.27,19.89,0
13486,2021-12-13,8,PRODUCE,235.627,0,Guayas,C,1,1031,52.27,19.89,0
1077,2021-12-14,1,BEVERAGES,266.078,0,Pichincha,D,2,877,52.54,22.03,0
2537,2021-12-14,1,CLEANING,124.313,1,Pichincha,D,2,877,52.54,22.03,0
347,2021-12-14,1,GROCERY I,366.846,0,Pichincha,D,2,877,52.54,22.03,0
1807,2021-12-14,1,PRODUCE,201.869,0,Pichincha,D,2,877,52.54,22.03,0
3997,2021-12-14,2,BEVERAGES,215.754,0,Pichincha,D,3,729,52.54,22.03,0
5457,2021-12-14,2,CLEANING,119.42,4,Pichincha,D,3,729,52.54,22.03,0
3267,2021-12-14,2,GROCERY I,264.087,0,Pichincha,D,3,729,52.54,22.03,0
4727,2021-12-14,2,PRODUCE,197.946,21,Pichincha,D,3,729,52.54,22.03,0
6917,2021-12-14,3,BEVERAGES,349.882,0,Guayas,A,4,1131,52.54,22.03,0
8377,2021-12-14,3,CLEANING,157.684,0,Guayas,A,4,1131,52.54,22.03,0
6187,2021-12-14,3,GROCERY I,607.269,0,Guayas,A,4,1131,52.54,22.03,0
7647,2021-12-14,3,PRODUCE,256.049,0,Guayas,A,4,1131,52.54,22.03,0
9837,2021-12-14,5,BEVERAGES,193.522,0,Azuay,B,2,502,52.54,22.03,0
11297,2021-12-14,5,CLEANING,65.579,0,Azuay,B,2,502,52.54,22.03,0
9107,2021-12-14,5,GROCERY I,253.932,0,Azuay,B,2,502,52.54,22.03,0
10567,2021-12-14,5,PRODUCE,90.978,0,Azuay,B,2,502,52.54,22.03,0
12757,2021-12-14,8,BEVERAGES,286.793,0,Guayas,C,1,958,52.54,22.03,0
14217,2021-12-14,8,CLEANING,127.648,0,Guayas,C,1,958,52.54,22.03,0
12027,2021-12-14,8,GROCERY I,565.615,0,Guayas,C,1,958,52.54,22.03,0
13487,2021-12-14,8,PRODUCE,210.814,0,Guayas,C,1,958,52.54,22.03,0
1078,2021-12-15,1,BEVERAGES,279.334,0,Pichincha,D,2,938,51.83,17.32,0
2538,2021-12-15,1,CLEANING,116.844,0,Pichincha,D,2,938,51.83,17.32,0
348,2021-12-15,1,GROCERY I,509.702,0,Pichincha,D,2,938,51.83,17.32,0
1808,2021-12-15,1,PRODUCE,192.621,0,Pichincha,D,2,938,51.83,17.32,0
3998,2021-12-15,2,BEVERAGES,215.636,0,Pichincha,D,3,799,51.83,17.32,0
5458,2021-12-15,2,CLEANING,128.651,17,Pichincha,D,3,799,51.83,17.32,0
3268,2021-12-15,2,GROCERY I,456.419,0,Pichincha,D,3,799,51.83,17.32,0
4728,2021-12-15,2,PRODUCE,176.179,0,Pichincha,D,3,799,51.83,17.32,0
6918,2021-12-15,3,BEVERAGES,391.585,0,Guayas,A,4,1199,51.83,17.32,0
8378,2021-12-15,3,CLEANING,205.321,1,Guayas,A,4,1199,51.83,17.32,0
6188,2021-12-15,3,GROCERY I,709.072,13,Guayas,A,4,1199,51.83,17.32,0
7648,2021-12-15,3,PRODUCE,327.082,0,Guayas,A,4,1199,51.83,17.32,0
9838,2021-12-15,5,BEVERAGES,162.65,0,Azuay,B,2,515,51.83,17.32,0
11298,2021-12-15,5,CLEANING,56.321,0,Azuay,B,2,515,51.83,17.32,0
9108,2021-12-15,5,GROCERY I,299.078,21,Azuay,B,2,515,51.83,17.32,0
10568,2021-12-15,5,PRODUCE,120.326,0,Azuay,B,2,515,51.83,17.32,0
12758,2021-12-15,8,BEVERAGES,281.374,0,Guayas,C,1,1034,51.83,17.32,0
14218,2021-12-15,8,CLEANING,190.907,20,Guayas,C,1,1034,51.83,17.32,0
12028,2021-12-15,8,GROCERY I,523.952,0,Guayas,C,1,1034,51.83,17.32,0
13488,2021-12-15,8,PRODUCE,259.786,0,Guayas,C,1,1034,51.83,17.32,0
1079,2021-12-16,1,BEVERAGES,438.128,24,Pichincha,D,2,857,52.49,20.2,0
2539,2021-12-16,1,CLEANING,117.203,0,Pichincha,D,2,857,52.49,20.2,0
349,2021-12-16,1,GROCERY I,504.653,0,Pichincha,D,2,857,52.49,20.2,0
1809,2021-12-16,1,PRODUCE,233.122,0,Pichincha,D,2,857,52.49,20.2,0
3999,2021-12-16,2,BEVERAGES,286.013,0,Pichincha,D,3,868,52.49,20.2,0
5459,2021-12-16,2,CLEANING,115.417,0,Pichincha,D,3,868,52.49,20.2,0
3269,2021-12-16,2,GROCERY I,321.518,0,Pichincha,D,3,868,52.49,20.2,0
4729,2021-12-16,2,PRODUCE,163.055,0,Pichincha,D,3,868,52.49,20.2,0
6919,2021-12-16,3,BEVERAGES,434.587,0,Guayas,A,4,1327,52.49,20.2,0
8379,2021-12-16,3,CLEANING,205.581,17,Guayas,A,4,1327,52.49,20.2,0
6189,2021-12-16,3,GROCERY I,644.18,0,Guayas,A,4,1327,52.49,20.2,0
7649,2021-12-16,3,PRODUCE,285.92,0,Guayas,A,4,1327,52.49,20.2,0
9839,2021-12-16,5,BEVERAGES,214.146,0,Azuay,B,2,521,52.49,20.2,0
11299,2021-12-16,5,CLEANING,73.858,0,Azuay,B,2,521,52.49,20.2,0
9109,2021-12-16,5,GROCERY I,240.463,0,Azuay,B,2,521,52.49,20.2,0
10569,2021-12-16,5,PRODUCE,136.299,0,Azuay,B,2,521,52.49,20.2,0
12759,2021-12-16,8,BEVERAGES,321.681,0,Guayas,C,1,1065,52.49,20.2,0
14219,2021-12-16,8,CLEANING,138.712,0,Guayas,C,1,1065,52.49,20.2,0
12029,2021-12-16,8,GROCERY I,533.08,15,Guayas,C,1,1065,52.49,20.2,0
13489,2021-12-16,8,PRODUCE,219.734,0,Guayas,C,1,1065,52.49,20.2,0
1080,2021-12-17,1,BEVERAGES,394.949,0,Pichincha,D,2,1026,52.66,18.58,0
2540,2021-12-17,1,CLEANING,166.614,0,Pichincha,D,2,1026,52.66,18.58,0
350,2021-12-17,1,GROCERY I,558.997,0,Pichincha,D,2,1026,52.66,18.58,0
1810,2021-12-17,1,PRODUCE,297.177,0,Pichincha,D,2,1026,52.66,18.58,0
4000,2021-12-17,2,BEVERAGES,315.119,0,Pichincha,D,3,898,52.66,18.58,0
5460,2021-12-17,2,CLEANING,130.388,0,Pichincha,D,3,898,52.66,18.58,0
3270,2021-12-17,2,GROCERY I,450.588,0,Pichincha,D,3,898,52.66,18.58,0
4730,2021-12-17,2,PRODUCE,248.161,0,Pichincha,D,3,898,52.66,18.58,0
6920,2021-12-17,3,BEVERAGES,546.408,0,Guayas,A,4,1475,52.66,18.58,0
8380,2021-12-17,3,CLEANING,187.729,0,Guayas,A,4,1475,52.66,18.58,0
6190,2021-12-17,3,GROCERY I,853.446,0,Guayas,A,4,1475,52.66,18.58,0
7650,2021-12-17,3,PRODUCE,327.231,0,Guayas,A,4,1475,52.66,18.58,0
9840,2021-12-17,5,BEVERAGES,234.589,15,Azuay,B,2,730,52.66,18.58,0
11300,2021-12-17,5,CLEANING,101.317,0,Azuay,B,2,730,52.66,18.58,0
9110,2021-12-17,5,GROCERY I,322.27,0,Azuay,B,2,730,52.66,18.58,0
10570,2021-12-17,5,PRODUCE,155.788,0,Azuay,B,2,730,52.66,18.58,0
12760,2021-12-17,8,BEVERAGES,457.603,8,Guayas,C,1,1081,52.66,18.58,0
14220,2021-12-17,8,CLEANING,162.421,0,Guayas,C,1,1081,52.66,18.58,0
12030,2021-12-17,8,GROCERY I,562.785,0,Guayas,C,1,1081,52.66,18.58,0
13490,2021-12-17,8,PRODUCE,272.935,0,Guayas,C,1,1081,52.66,18.58,0
1081,2021-12-18,1,BEVERAGES,476.239,0,Pichincha,D,2,1356,53.04,18.08,0
2541,2021-12-18,1,CLEANING,175.647,0,Pichincha,D,2,1356,53.04,18.08,0
351,2021-12-18,1,GROCERY I,719.101,0,Pichincha,D,2,1356,53.04,18.08,0
1811,2021-12-18,1,PRODUCE,295.135,0,Pichincha,D,2,1356,53.04,18.08,0
4001,2021-12-18,2,BEVERAGES,390.822,0,Pichincha,D,3,1135,53.04,18.08,0
5461,2021-12-18,2,CLEANING,149.479,0,Pichincha,D,3,1135,53.04,18.08,0
3271,2021-12-18,2,GROCERY I,609.378,11,Pichincha,D,3,1135,53.04,18.08,0
4731,2021-12-18,2,PRODUCE,210.672,0,Pichincha,D,3,1135,53.04,18.08,0
6921,2021-12-18,3,BEVERAGES,513.639,0,Guayas,A,4,1852,53.04,18.08,0
8381,2021-12-18,3,CLEANING,255.705,0,Guayas,A,4,1852,53.04,18.08,0
6191,2021-12-18,3,GROCERY I,970.109,0,Guayas,A,4,1852,53.04,18.08,0
7651,2021-12-18,3,PRODUCE,451.28,0,Guayas,A,4,1852,53.04,18.08,0
9841,2021-12-18,5,BEVERAGES,236.968,0,Azuay,B,2,744,53.04,18.08,0
11301,2021-12-18,5,CLEANING,109.864,0,Azuay,B,2,744,53.04,18.08,0
9111,2021-12-18,5,GROCERY I,410.181,0,Azuay,B,2,744,53.04,18.08,0
10571,2021-12-18,5,PRODUCE,182.684,0,Azuay,B,2,744,53.04,18.08,0
12761,2021-12-18,8,BEVERAGES,504.587,0,Guayas,C,1,1441,53.04,18.08,0
14221,2021-12-18,8,CLEANING,246.756,12,Guayas,C,1,1441,53.04,18.08,0
12031,2021-12-18,8,GROCERY I,790.133,0,Guayas,C,1,1441,53.04,18.08,0
13491,2021-12-18,8,PRODUCE,302.927,0,Guayas,C,1,1441,53.04,18.08,0
1082,2021-12-19,1,BEVERAGES,374.432,0,Pichincha,D,2,1174,52.78,18.95,0
2542,2021-12-19,1,CLEANING,166.593,0,Pichincha,D,2,1174,52.78,18.95,0
352,2021-12-19,1,GROCERY I,674.635,2,Pichincha,D,2,1174,52.78,18.95,0
1812,2021-12-19,1,PRODUCE,227.242,0,Pichincha,D,2,1174,52.78,18.95,0
4002,2021-12-19,2,BEVERAGES,326.75,0,Pichincha,D,3,902,52.78,18.95,0
5462,2021-12-19,2,CLEANING,130.678,0,Pichincha,D,3,902,52.78,18.95,0
3272,2021-12-19,2,GROCERY I,453.683,0,Pichincha,D,3,902,52.78,18.95,0
4732,2021-12-19,2,PRODUCE,234.361,0,Pichincha,D,3,902,52.78,18.95,0
6922,2021-12-19,3,BEVERAGES,599.05,0,Guayas,A,4,1648,52.78,18.95,0
8382,2021-12-19,3,CLEANING,236.814,0,Guayas,A,4,1648,52.78,18.95,0
6192,2021-12-19,3,GROCERY I,766.784,0,Guayas,A,4,1648,52.78,18.95,0
7652,2021-12-19,3,PRODUCE,394.872,0,Guayas,A,4,1648,52.78,18.95,0
9842,2021-12-19,5,BEVERAGES,205.962,0,Azuay,B,2,651,52.78,18.95,0
11302,2021-12-19,5,CLEANING,92.334,0,Azuay,B,2,651,52.78,18.95,0
9112,2021-12-19,5,GROCERY I,340.946,0,Azuay,B,2,651,52.78,18.95,0
10572,2021-12-19,5,PRODUCE,190.774,22,Azuay,B,2,651,52.78,18.95,0
12762,2021-12-19,8,BEVERAGES,477.662,0,Guayas,C,1,1300,52.78,18.95,0
14222,2021-12-19,8,CLEANING,165.414,0,Guayas,C,1,1300,52.78,18.95,0
12032,2021-12-19,8,GROCERY I,688.847,0,Guayas,C,1,1300,52.78,18.95,0
13492,2021-12-19,8,PRODUCE,307.153,0,Guayas,C,1,1300,52.78,18.95,0
1083,2021-12-20,1,BEVERAGES,292.812,0,Pichincha,D,2,924,53.15,18.48,0
2543,2021-12-20,1,CLEANING,107.844,0,Pichincha,D,2,924,53.15,18.48,0
353,2021-12-20,1,GROCERY I,441.109,0,Pichincha,D,2,924,53.15,18.48,0
1813,2021-12-20,1,PRODUCE,222.884,0,Pichincha,D,2,924,53.15,18.48,0
4003,2021-12-20,2,BEVERAGES,243.919,0,Pichincha,D,3,771,53.15,18.48,0
5463,2021-12-20,2,CLEANING,99.898,0,Pichincha,D,3,771,53.15,18.48,0
3273,2021-12-20,2,GROCERY I,390.623,0,Pichincha,D,3,771,53.15,18.48,0
4733,2021-12-20,2,PRODUCE,180.329,0,Pichincha,D,3,771,53.15,18.48,0
6923,2021-12-20,3,BEVERAGES,394.625,0,Guayas,A,4,1292,53.15,18.48,0
8383,2021-12-20,3,CLEANING,185.064,8,Guayas,A,4,1292,53.15,18.48,0
6193,2021-12-20,3,GROCERY I,619.766,0,Guayas,A,4,1292,53.15,18.48,0
7653,2021-12-20,3,PRODUCE,324.07,0,Guayas,A,4,1292,53.15,18.48,0
9843,2021-12-20,5,BEVERAGES,152.457,0,Azuay,B,2,535,53.15,18.48,0
11303,2021-12-20,5,CLEANING,69.83,0,Azuay,B,2,535,53.15,18.48,0
9113,2021-12-20,5,GROCERY I,262.399,0,Azuay,B,2,535,53.15,18.48,0
10573,2021-12-20,5,PRODUCE,116.829,0,Azuay,B,2,535,53.15,18.48,0
12763,2021-12-20,8,BEVERAGES,371.632,0,Guayas,C,1,1020,53.15,18.48,0
14223,2021-12-20,8,CLEANING,118.626,0,Guayas,C,1,1020,53.15,18.48,0
12033,2021-12-20,8,GROCERY I,536.358,0,Guayas,C,1,1020,53.15,18.48,0
13493,2021-12-20,8,PRODUCE,0.0,0,Guayas,C,1,1020,53.15,18.48,0
1084,2021-12-21,1,BEVERAGES,250.612,0,Pichincha,D,2,856,53.63,18.6,0
2544,2021-12-21,1,CLEANING,122.321,0,Pichincha,D,2,856,53.63,18.6,0
354,2021-12-21,1,GROCERY I,427.746,0,Pichincha,D,2,856,53.63,18.6,0
1814,2021-12-21,1,PRODUCE,198.486,0,Pichincha,D,2,856,53.63,18.6,0
4004,2021-12-21,2,BEVERAGES,229.993,0,Pichincha,D,3,708,53.63,18.6,0
5464,2021-12-21,2,CLEANING,102.894,0,Pichincha,D,3,708,53.63,18.6,0
3274,2021-12-21,2,GROCERY I,362.609,23,Pichincha,D,3,708,53.63,18.6,0
4734,2021-12-21,2,PRODUCE,177.123,0,Pichincha,D,3,708,53.63,18.6,0
6924,2021-12-21,3,BEVERAGES,513.537,20,Guayas,A,4,1192,53.63,18.6,0
8384,2021-12-21,3,CLEANING,185.549,0,Guayas,A,4,1192,53.63,18.6,0
6194,2021-12-21,3,GROCERY I,630.418,0,Guayas,A,4,1192,53.63,18.6,0
7654,2021-12-21,3,PRODUCE,323.621,0,Guayas,A,4,1192,53.63,18.6,0
9844,2021-12-21,5,BEVERAGES,140.099,0,Azuay,B,2,525,53.63,18.6,0
11304,2021-12-21,5,CLEANING,72.899,0,Azuay,B,2,525,53.63,18.6,0
9114,2021-12-21,5,GROCERY I,256.506,0,Azuay,B,2,525,53.63,18.6,0
10574,2021-12-21,5,PRODUCE,126.736,0,Azuay,B,2,525,53.63,18.6,0
12764,2021-12-21,8,BEVERAGES,346.63,0,Guayas,C,1,996,53.63,18.6,0
14224,2021-12-21,8,CLEANING,136.213,3,Guayas,C,1,996,53.63,18.6,0
12034,2021-12-21,8,GROCERY I,495.68,0,Guayas,C,1,996,53.63,18.6,0
13494,2021-12-21,8,PRODUCE,223.866,0,Guayas,C,1,996,53.63,18.6,0
1085,2021-12-22,1,BEVERAGES,387.274,19,Pichincha,D,2,927,53.73,17.93,0
2545,2021-12-22,1,CLEANING,110.902,0,Pichincha,D,2,927,53.73,17.93,0
355,2021-12-22,1,GROCERY I,466.817,21,Pichincha,D,2,927,53.73,17.93,0
1815,2021-12-22,1,PRODUCE,207.987,0,Pichincha,D,2,927,53.73,17.93,0
4005,2021-12-22,2,BEVERAGES,259.739,0,Pichincha,D,3,752,53.73,17.93,0
5465,2021-12-22,2,CLEANING,100.225,0,Pichincha,D,3,752,53.73,17.93,0
3275,2021-12-22,2,GROCERY I,372.771,0,Pichincha,D,3,752,53.73,17.93,0
4735,2021-12-22,2,PRODUCE,161.271,0,Pichincha,D,3,752,53.73,17.93,0
6925,2021-12-22,3,BEVERAGES,373.233,0,Guayas,A,4,1267,53.73,17.93,0
8385,2021-12-22,3,CLEANING,176.715,0,Guayas,A,4,1267,53.73,17.93,0
6195,2021-12-22,3,GROCERY I,654.373,0,Guayas,A,4,1267,53.73,17.93,0
7655,2021-12-22,3,PRODUCE,292.549,0,Guayas,A,4,1267,53.73,17.93,0
9845,2021-12-22,5,BEVERAGES,166.623,0,Azuay,B,2,568,53.73,17.93,0
11305,2021-12-22,5,CLEANING,72.631,0,Azuay,B,2,568,53.73,17.93,0
9115,2021-12-22,5,GROCERY I,312.857,4,Azuay,B,2,568,53.73,17.93,0
10575,2021-12-22,5,PRODUCE,141.442,16,Azuay,B,2,568,53.73,17.93,0
12765,2021-12-22,8,BEVERAGES,375.899,18,Guayas,C,1,1056,53.73,17.93,0
14225,2021-12-22,8,CLEANING,155.284,16,Guayas,C,1,1056,53.73,17.93,0
12035,2021-12-22,8,GROCERY I,595.875,21,Guayas,C,1,1056,53.73,17.93,0
13495,2021-12-22,8,PRODUCE,206.228,0,Guayas,C,1,1056,53.73,17.93,0
1086,2021-12-23,1,BEVERAGES,329.674,0,Pichincha,D,2,989,53.84,16.6,0
2546,2021-12-23,1,CLEANING,127.327,0,Pichincha,D,2,989,53.84,16.6,0
356,2021-12-23,1,GROCERY I,526.772,0,Pichincha,D,2,989,53.84,16.6,0
1816,2021-12-23,1,PRODUCE,235.275,0,Pichincha,D,2,989,53.84,16.6,0
4006,2021-12-23,2,BEVERAGES,347.368,10,Pichincha,D,3,936,53.84,16.6,0
5466,2021-12-23,2,CLEANING,114.452,0,Pichincha,D,3,936,53.84,16.6,0
3276,2021-12-23,2,GROCERY I,441.402,0,Pichincha,D,3,936,53.84,16.6,0
4736,2021-12-23,2,PRODUCE,202.67,0,Pichincha,D,3,936,53.84,16.6,0
6926,2021-12-23,3,BEVERAGES,363.882,0,Guayas,A,4,1255,53.84,16.6,0
8386,2021-12-23,3,CLEANING,171.452,0,Guayas,A,4,1255,53.84,16.6,0
6196,2021-12-23,3,GROCERY I,660.195,0,Guayas,A,4,1255,53.84,16.6,0
7656,2021-12-23,3,PRODUCE,294.19,0,Guayas,A,4,1255,53.84,16.6,0
9846,2021-12-23,5,BEVERAGES,183.345,0,Azuay,B,2,538,53.84,16.6,0
11306,2021-12-23,5,CLEANING,80.728,0,Azuay,B,2,538,53.84,16.6,0
9116,2021-12-23,5,GROCERY I,319.311,0,Azuay,B,2,538,53.84,16.6,0
10576,2021-12-23,5,PRODUCE,121.039,0,Azuay,B,2,538,53.84,16.6,0
12766,2021-12-23,8,BEVERAGES,340.697,0,Guayas,C,1,1068,53.84,16.6,0
14226,2021-12-23,8,CLEANING,160.397,0,Guayas,C,1,1068,53.84,16.6,0
12036,2021-12-23,8,GROCERY I,587.682,0,Guayas,C,1,1068,53.84,16.6,0
13496,2021-12-23,8,PRODUCE,223.636,0,Guayas,C,1,1068,53.84,16.6,0
1087,2021-12-24,1,BEVERAGES,416.902,0,Pichincha,D,2,1138,53.96,16.45,0
2547,2021-12-24,1,CLEANING,187.878,0,Pichincha,D,2,1138,53.96,16.45,0
357,2021-12-24,1,GROCERY I,640.611,0,Pichincha,D,2,1138,53.96,16.45,0
1817,2021-12-24,1,PRODUCE,310.225,17,Pichincha,D,2,1138,53.96,16.45,0
4007,2021-12-24,2,BEVERAGES,303.929,0,Pichincha,D,3,1026,53.96,16.45,0
5467,2021-12-24,2,CLEANING,116.595,0,Pichincha,D,3,1026,53.96,16.45,0
3277,2021-12-24,2,GROCERY I,437.571,0,Pichincha,D,3,1026,53.96,16.45,0
4737,2021-12-24,2,PRODUCE,214.914,0,Pichincha,D,3,1026,53.96,16.45,0
6927,2021-12-24,3,BEVERAGES,444.159,0,Guayas,A,4,1619,53.96,16.45,0
8387,2021-12-24,3,CLEANING,247.14,18,Guayas,A,4,1619,53.96,16.45,0
6197,2021-12-24,3,GROCERY I,805.196,0,Guayas,A,4,1619,53.96,16.45,0
7657,2021-12-24,3,PRODUCE,296.252,0,Guayas,A,4,1619,53.96,16.45,0
9847,2021-12-24,5,BEVERAGES,200.378,0,Azuay,B,2,739,53.96,16.45,0
11307,2021-12-24,5,CLEANING,80.961,0,Azuay,B,2,739,53.96,16.45,0
9117,2021-12-24,5,GROCERY I,414.465,8,Azuay,B,2,739,53.96,16.45,0
10577,2021-12-24,5,PRODUCE,157.628,0,Azuay,B,2,739,53.96,16.45,0
12767,2021-12-24,8,BEVERAGES,424.808,0,Guayas,C,1,1134,53.96,16.45,0
14227,2021-12-24,8,CLEANING,189.611,0,Guayas,C,1,1134,53.96,16.45,0
12037,2021-12-24,8,GROCERY I,584.282,0,Guayas,C,1,1134,53.96,16.45,0
13497,2021-12-24,8,PRODUCE,270.389,0,Guayas,C,1,1134,53.96,16.45,0
1088,2021-12-25,1,BEVERAGES,569.199,0,Pichincha,D,2,1335,53.57,19.58,1
2548,2021-12-25,1,CLEANING,263.726,0,Pichincha,D,2,1335,53.57,19.58,1
358,2021-12-25,1,GROCERY I,841.68,0,Pichincha,D,2,1335,53.57,19.58,1
1818,2021-12-25,1,PRODUCE,490.193,16,Pichincha,D,2,1335,53.57,19.58,1
4008,2021-12-25,2,BEVERAGES,563.425,0,Pichincha,D,3,1080,53.57,19.58,1
5468,2021-12-25,2,CLEANING,201.763,0,Pichincha,D,3,1080,53.57,19.58,1
3278,2021-12-25,2,GROCERY I,784.771,4,Pichincha,D,3,1080,53.57,19.58,1
4738,2021-12-25,2,PRODUCE,301.015,0,Pichincha,D,3,1080,53.57,19.58,1
6928,2021-12-25,3,BEVERAGES,758.806,0,Guayas,A,4,1828,53.57,19.58,1
8388,2021-12-25,3,CLEANING,383.005,0,Guayas,A,4,1828,53.57,19.58,1
6198,2021-12-25,3,GROCERY I,1250.405,0,Guayas,A,4,1828,53.57,19.58,1
7658,2021-12-25,3,PRODUCE,508.191,0,Guayas,A,4,1828,53.57,19.58,1
9848,2021-12-25,5,BEVERAGES,318.346,0,Azuay,B,2,778,53.57,19.58,1
11308,2021-12-25,5,CLEANING,141.001,0,Azuay,B,2,778,53.57,19.58,1
9118,2021-12-25,5,GROCERY I,492.449,0,Azuay,B,2,778,53.57,19.58,1
10578,2021-12-25,5,PRODUCE,229.665,0,Azuay,B,2,778,53.57,19.58,1
12768,2021-12-25,8,BEVERAGES,591.291,0,Guayas,C,1,1490,53.57,19.58,1
14228,2021-12-25,8,CLEANING,239.679,0,Guayas,C,1,1490,53.57,19.58,1
12038,2021-12-25,8,GROCERY I,1205.982,17,Guayas,C,1,1490,53.57,19.58,1
13498,2021-12-25,8,PRODUCE,480.502,0,Guayas,C,1,1490,53.57,19.58,1
1089,2021-12-26,1,BEVERAGES,388.322,0,Pichincha,D,2,1082,53.5,18.33,0
2549,2021-12-26,1,CLEANING,163.043,0,Pichincha,D,2,1082,53.5,18.33,0
359,2021-12-26,1,GROCERY I,628.131,0,Pichincha,D,2,1082,53.5,18.33,0
1819,2021-12-26,1,PRODUCE,276.63,0,Pichincha,D,2,1082,53.5,18.33,0
4009,2021-12-26,2,BEVERAGES,316.2,0,Pichincha,D,3,1026,53.5,18.33,0
5469,2021-12-26,2,CLEANING,153.855,0,Pichincha,D,3,1026,53.5,18.33,0
3279,2021-12-26,2,GROCERY I,492.203,0,Pichincha,D,3,1026,53.5,18.33,0
4739,2021-12-26,2,PRODUCE,205.947,0,Pichincha,D,3,1026,53.5,18.33,0
6929,2021-12-26,3,BEVERAGES,555.221,0,Guayas,A,4,1641,53.5,18.33,0
8389,2021-12-26,3,CLEANING,241.132,0,Guayas,A,4,1641,53.5,18.33,0
6199,2021-12-26,3,GROCERY I,814.159,0,Guayas,A,4,1641,53.5,18.33,0
7659,2021-12-26,3,PRODUCE,383.342,0,Guayas,A,4,1641,53.5,18.33,0
9849,2021-12-26,5,BEVERAGES,254.827,0,Azuay,B,2,661,53.5,18.33,0
11309,2021-12-26,5,CLEANING,90.632,0,Azuay,B,2,661,53.5,18.33,0
9119,2021-12-26,5,GROCERY I,356.631,24,Azuay,B,2,661,53.5,18.33,0
10579,2021-12-26,5,PRODUCE,178.465,0,Azuay,B,2,661,53.5,18.33,0
12769,2021-12-26,8,BEVERAGES,404.466,0,Guayas,C,1,1349,53.5,18.33,0
14229,2021-12-26,8,CLEANING,217.23,21,Guayas,C,1,1349,53.5,18.33,0
12039,2021-12-26,8,GROCERY I,629.711,0,Guayas,C,1,1349,53.5,18.33,0
13499,2021-12-26,8,PRODUCE,303.077,0,Guayas,C,1,1349,53.5,18.33,0
1090,2021-12-27,1,BEVERAGES,381.718,17,Pichincha,D,2,953,53.44,17.94,0
2550,2021-12-27,1,CLEANING,166.438,0,Pichincha,D,2,953,53.44,17.94,0
360,2021-12-27,1,GROCERY I,465.759,0,Pichincha,D,2,953,53.44,17.94,0
1820,2021-12-27,1,PRODUCE,247.629,0,Pichincha,D,2,953,53.44,17.94,0
4010,2021-12-27,2,BEVERAGES,269.092,14,Pichincha,D,3,816,53.44,17.94,0
5470,2021-12-27,2,CLEANING,103.627,0,Pichincha,D,3,816,53.44,17.94,0
3280,2021-12-27,2,GROCERY I,378.626,0,Pichincha,D,3,816,53.44,17.94,0
4740,2021-12-27,2,PRODUCE,180.996,0,Pichincha,D,3,816,53.44,17.94,0
6930,2021-12-27,3,BEVERAGES,416.566,0,Guayas,A,4,1223,53.44,17.94,0
8390,2021-12-27,3,CLEANING,192.074,0,Guayas,A,4,1223,53.44,17.94,0
6200,2021-12-27,3,GROCERY I,608.164,0,Guayas,A,4,1223,53.44,17.94,0
7660,2021-12-27,3,PRODUCE,263.467,0,Guayas,A,4,1223,53.44,17.94,0
9850,2021-12-27,5,BEVERAGES,192.105,0,Azuay,B,2,501,53.44,17.94,0
11310,2021-12-27,5,CLEANING,76.559,0,Azuay,B,2,501,53.44,17.94,0
9120,2021-12-27,5,GROCERY I,327.785,15,Azuay,B,2,501,53.44,17.94,0
10580,2021-12-27,5,PRODUCE,130.641,0,Azuay,B,2,501,53.44,17.94,0
12770,2021-12-27,8,BEVERAGES,348.832,0,Guayas,C,1,1015,53.44,17.94,0
14230,2021-12-27,8,CLEANING,174.692,24,Guayas,C,1,1015,53.44,17.94,0
12040,2021-12-27,8,GROCERY I,489.603,0,Guayas,C,1,1015,53.44,17.94,0
13500,2021-12-27,8,PRODUCE,288.946,7,Guayas,C,1,1015,53.44,17.94,0
1091,2021-12-28,1,BEVERAGES,0.0,0,Pichincha,D,2,933,53.61,18.85,0
2551,2021-12-28,1,CLEANING,113.404,0,Pichincha,D,2,933,53.61,18.85,0
361,2021-12-28,1,GROCERY I,469.786,0,Pichincha,D,2,933,53.61,18.85,0
1821,2021-12-28,1,PRODUCE,209.706,0,Pichincha,D,2,933,53.61,18.85,0
4011,2021-12-28,2,BEVERAGES,203.816,0,Pichincha,D,3,731,53.61,18.85,0
5471,2021-12-28,2,CLEANING,117.918,0,Pichincha,D,3,731,53.61,18.85,0
3281,2021-12-28,2,GROCERY I,353.441,0,Pichincha,D,3,731,53.61,18.85,0
4741,2021-12-28,2,PRODUCE,178.815,6,Pichincha,D,3,731,53.61,18.85,0
6931,2021-12-28,3,BEVERAGES,388.295,0,Guayas,A,4,1208,53.61,18.85,0
8391,2021-12-28,3,CLEANING,162.821,0,Guayas,A,4,1208,53.61,18.85,0
6201,2021-12-28,3,GROCERY I,656.192,0,Guayas,A,4,1208,53.61,18.85,0
7661,2021-12-28,3,PRODUCE,241.695,0,Guayas,A,4,1208,53.61,18.85,0
9851,2021-12-28,5,BEVERAGES,165.001,0,Azuay,B,2,492,53.61,18.85,0
11311,2021-12-28,5,CLEANING,71.295,10,Azuay,B,2,492,53.61,18.85,0
9121,2021-12-28,5,GROCERY I,247.995,0,Azuay,B,2,492,53.61,18.85,0
10581,2021-12-28,5,PRODUCE,111.494,0,Azuay,B,2,492,53.61,18.85,0
12771,2021-12-28,8,BEVERAGES,283.08,0,Guayas,C,1,975,53.61,18.85,0
14231,2021-12-28,8,CLEANING,126.5,0,Guayas,C,1,975,53.61,18.85,0
12041,2021-12-28,8,GROCERY I,479.035,0,Guayas,C,1,975,53.61,18.85,0
13501,2021-12-28,8,PRODUCE,240.611,0,Guayas,C,1,975,53.61,18.85,0
1092,2021-12-29,1,BEVERAGES,318.645,24,Pichincha,D,2,927,54.06,20.01,0
2552,2021-12-29,1,CLEANING,170.153,15,Pichincha,D,2,927,54.06,20.01,0
362,2021-12-29,1,GROCERY I,439.761,0,Pichincha,D,2,927,54.06,20.01,0
1822,2021-12-29,1,PRODUCE,189.866,0,Pichincha,D,2,927,54.06,20.01,0
4012,2021-12-29,2,BEVERAGES,208.934,0,Pichincha,D,3,772,54.06,20.01,0
5472,2021-12-29,2,CLEANING,104.832,0,Pichincha,D,3,772,54.06,20.01,0
3282,2021-12-29,2,GROCERY I,340.656,0,Pichincha,D,3,772,54.06,20.01,0
4742,2021-12-29,2,PRODUCE,203.163,0,Pichincha,D,3,772,54.06,20.01,0
6932,2021-12-29,3,BEVERAGES,446.586,0,Guayas,A,4,1237,54.06,20.01,0
8392,2021-12-29,3,CLEANING,178.664,0,Guayas,A,4,1237,54.06,20.01,0
6202,2021-12-29,3,GROCERY I,644.769,0,Guayas,A,4,1237,54.06,20.01,0
7662,2021-12-29,3,PRODUCE,353.389,22,Guayas,A,4,1237,54.06,20.01,0
9852,2021-12-29,5,BEVERAGES,218.662,16,Azuay,B,2,487,54.06,20.01,0
11312,2021-12-29,5,CLEANING,85.161,20,Azuay,B,2,487,54.06,20.01,0
9122,2021-12-29,5,GROCERY I,252.418,0,Azuay,B,2,487,54.06,20.01,0
10582,2021-12-29,5,PRODUCE,109.842,0,Azuay,B,2,487,54.06,20.01,0
12772,2021-12-29,8,BEVERAGES,362.039,0,Guayas,C,1,966,54.06,20.01,0
14232,2021-12-29,8,CLEANING,154.511,0,Guayas,C,1,966,54.06,20.01,0
12042,2021-12-29,8,GROCERY I,476.614,0,Guayas,C,1,966,54.06,20.01,0
13502,2021-12-29,8,PRODUCE,268.438,5,Guayas,C,1,966,54.06,20.01,0
1093,2021-12-30,1,BEVERAGES,341.011,0,Pichincha,D,2,909,53.58,19.2,0
2553,2021-12-30,1,CLEANING,115.619,0,Pichincha,D,2,909,53.58,19.2,0
363,2021-12-30,1,GROCERY I,556.122,9,Pichincha,D,2,909,53.58,19.2,0
1823,2021-12-30,1,PRODUCE,202.543,0,Pichincha,D,2,909,53.58,19.2,0
4013,2021-12-30,2,BEVERAGES,252.001,0,Pichincha,D,3,819,53.58,19.2,0
5473,2021-12-30,2,CLEANING,109.208,0,Pichincha,D,3,819,53.58,19.2,0
3283,2021-12-30,2,GROCERY I,424.227,0,Pichincha,D,3,819,53.58,19.2,0
4743,2021-12-30,2,PRODUCE,203.293,0,Pichincha,D,3,819,53.58,19.2,0
6933,2021-12-30,3,BEVERAGES,431.189,0,Guayas,A,4,1239,53.58,19.2,0
8393,2021-12-30,3,CLEANING,227.498,12,Guayas,A,4,1239,53.58,19.2,0
6203,2021-12-30,3,GROCERY I,542.509,0,Guayas,A,4,1239,53.58,19.2,0
7663,2021-12-30,3,PRODUCE,327.339,0,Guayas,A,4,1239,53.58,19.2,0
9853,2021-12-30,5,BEVERAGES,156.336,0,Azuay,B,2,603,53.58,19.2,0
11313,2021-12-30,5,CLEANING,80.637,0,Azuay,B,2,603,53.58,19.2,0
9123,2021-12-30,5,GROCERY I,375.711,6,Azuay,B,2,603,53.58,19.2,0
10583,2021-12-30,5,PRODUCE,123.394,0,Azuay,B,2,603,53.58,19.2,0
12773,2021-12-30,8,BEVERAGES,411.832,16,Guayas,C,1,1086,53.58,19.2,0
14233,2021-12-30,8,CLEANING,156.94,0,Guayas,C,1,1086,53.58,19.2,0
12043,2021-12-30,8,GROCERY I,569.11,0,Guayas,C,1,1086,53.58,19.2,0
13503,2021-12-30,8,PRODUCE,204.574,0,Guayas,C,1,1086,53.58,19.2,0
1094,2021-12-31,1,BEVERAGES,601.564,19,Pichincha,D,2,1149,53.52,18.09,1
2554,2021-12-31,1,CLEANING,202.612,0,Pichincha,D,2,1149,53.52,18.09,1
364,2021-12-31,1,GROCERY I,837.324,0,Pichincha,D,2,1149,53.52,18.09,1
1824,2021-12-31,1,PRODUCE,354.971,0,Pichincha,D,2,1149,53.52,18.09,1
4014,2021-12-31,2,BEVERAGES,395.853,0,Pichincha,D,3,890,53.52,18.09,1
5474,2021-12-31,2,CLEANING,171.323,0,Pichincha,D,3,890,53.52,18.09,1
3284,2021-12-31,2,GROCERY I,659.543,0,Pichincha,D,3,890,53.52,18.09,1
4744,2021-12-31,2,PRODUCE,334.093,0,Pichincha,D,3,890,53.52,18.09,1
6934,2021-12-31,3,BEVERAGES,682.659,0,Guayas,A,4,1467,53.52,18.09,1
8394,2021-12-31,3,CLEANING,274.856,0,Guayas,A,4,1467,53.52,18.09,1
6204,2021-12-31,3,GROCERY I,1164.398,5,Guayas,A,4,1467,53.52,18.09,1
7664,2021-12-31,3,PRODUCE,462.085,0,Guayas,A,4,1467,53.52,18.09,1
9854,2021-12-31,5,BEVERAGES,290.053,0,Azuay,B,2,626,53.52,18.09,1
11314,2021-12-31,5,CLEANING,126.275,0,Azuay,B,2,626,53.52,18.09,1
9124,2021-12-31,5,GROCERY I,441.621,0,Azuay,B,2,626,53.52,18.09,1
10584,2021-12-31,5,PRODUCE,243.254,0,Azuay,B,2,626,53.52,18.09,1
12774,2021-12-31,8,BEVERAGES,567.269,0,Guayas,C,1,1215,53.52,18.09,1
14234,2021-12-31,8,CLEANING,234.218,0,Guayas,C,1,1215,53.52,18.09,1
12044,2021-12-31,8,GROCERY I,726.327,0,Guayas,C,1,1215,53.52,18.09,1
13504,2021-12-31,8,PRODUCE,422.037,3,Guayas,C,1,1215,53.52,18.09,1
1095,2022-01-01,1,BEVERAGES,535.157,0,Pichincha,D,2,1388,54.19,20.8,1
2555,2022-01-01,1,CLEANING,217.965,0,Pichincha,D,2,1388,54.19,20.8,1
365,2022-01-01,1,GROCERY I,910.629,0,Pichincha,D,2,1388,54.19,20.8,1
1825,2022-01-01,1,PRODUCE,377.114,0,Pichincha,D,2,1388,54.19,20.8,1
4015,2022-01-01,2,BEVERAGES,513.846,0,Pichincha,D,3,1100,54.19,20.8,1
5475,2022-01-01,2,CLEANING,197.322,0,Pichincha,D,3,1100,54.19,20.8,1
3285,2022-01-01,2,GROCERY I,677.691,0,Pichincha,D,3,1100,54.19,20.8,1
4745,2022-01-01,2,PRODUCE,396.786,0,Pichincha,D,3,1100,54.19,20.8,1
6935,2022-01-01,3,BEVERAGES,1020.593,0,Guayas,A,4,1812,54.19,20.8,1
8395,2022-01-01,3,CLEANING,337.658,0,Guayas,A,4,1812,54.19,20.8,1
6205,2022-01-01,3,GROCERY I,1441.047,21,Guayas,A,4,1812,54.19,20.8,1
7665,2022-01-01,3,PRODUCE,611.527,0,Guayas,A,4,1812,54.19,20.8,1
9855,2022-01-01,5,BEVERAGES,337.178,0,Azuay,B,2,803,54.19,20.8,1
11315,2022-01-01,5,CLEANING,173.003,3,Azuay,B,2,803,54.19,20.8,1
9125,2022-01-01,5,GROCERY I,445.531,0,Azuay,B,2,803,54.19,20.8,1
10585,2022-01-01,5,PRODUCE,235.494,0,Azuay,B,2,803,54.19,20.8,1
12775,2022-01-01,8,BEVERAGES,659.795,0,Guayas,C,1,1510,54.19,20.8,1
14235,2022-01-01,8,CLEANING,273.307,0,Guayas,C,1,1510,54.19,20.8,1
12045,2022-01-01,8,GROCERY I,1271.064,9,Guayas,C,1,1510,54.19,20.8,1
13505,2022-01-01,8,PRODUCE,447.856,0,Guayas,C,1,1510,54.19,20.8,1
1096,2022-01-02,1,BEVERAGES,323.475,0,Pichincha,D,2,1249,53.86,21.36,0
2556,2022-01-02,1,CLEANING,170.844,0,Pichincha,D,2,1249,53.86,21.36,0
366,2022-01-02,1,GROCERY I,728.738,0,Pichincha,D,2,1249,53.86,21.36,0
1826,2022-01-02,1,PRODUCE,296.272,8,Pichincha,D,2,1249,53.86,21.36,0
4016,2022-01-02,2,BEVERAGES,325.037,0,Pichincha,D,3,1010,53.86,21.36,0
5476,2022-01-02,2,CLEANING,112.298,0,Pichincha,D,3,1010,53.86,21.36,0
3286,2022-01-02,2,GROCERY I,564.217,7,Pichincha,D,3,1010,53.86,21.36,0
4746,2022-01-02,2,PRODUCE,223.942,0,Pichincha,D,3,1010,53.86,21.36,0
6936,2022-01-02,3,BEVERAGES,536.344,0,Guayas,A,4,1642,53.86,21.36,0
8396,2022-01-02,3,CLEANING,247.568,0,Guayas,A,4,1642,53.86,21.36,0
6206,2022-01-02,3,GROCERY I,816.025,0,Guayas,A,4,1642,53.86,21.36,0
7666,2022-01-02,3,PRODUCE,402.044,0,Guayas,A,4,1642,53.86,21.36,0
9856,2022-01-02,5,BEVERAGES,269.092,7,Azuay,B,2,661,53.86,21.36,0
11316,2022-01-02,5,CLEANING,77.108,0,Azuay,B,2,661,53.86,21.36,0
9126,2022-01-02,5,GROCERY I,455.194,1,Azuay,B,2,661,53.86,21.36,0
10586,2022-01-02,5,PRODUCE,211.111,10,Azuay,B,2,661,53.86,21.36,0
12776,2022-01-02,8,BEVERAGES,485.243,0,Guayas,C,1,1317,53.86,21.36,0
14236,2022-01-02,8,CLEANING,157.128,0,Guayas,C,1,1317,53.86,21.36,0
12046,2022-01-02,8,GROCERY I,636.597,0,Guayas,C,1,1317,53.86,21.36,0
13506,2022-01-02,8,PRODUCE,308.074,0,Guayas,C,1,1317,53.86,21.36,0
1097,2022-01-03,1,BEVERAGES,309.47,0,Pichincha,D,2,880,53.49,19.9,0
2557,2022-01-03,1,CLEANING,132.053,0,Pichincha,D,2,880,53.49,19.9,0
367,2022-01-03,1,GROCERY I,487.16,0,Pichincha,D,2,880,53.49,19.9,0
1827,2022-01-03,1,PRODUCE,235.073,0,Pichincha,D,2,880,53.49,19.9,0
4017,2022-01-03,2,BEVERAGES,275.889,0,Pichincha,D,3,786,53.49,19.9,0
5477,2022-01-03,2,CLEANING,116.051,0,Pichincha,D,3,786,53.49,19.9,0
3287,2022-01-03,2,GROCERY I,401.923,0,Pichincha,D,3,786,53.49,19.9,0
4747,2022-01-03,2,PRODUCE,204.644,5,Pichincha,D,3,786,53.49,19.9,0
6937,2022-01-03,3,BEVERAGES,395.894,0,Guayas,A,4,1159,53.49,19.9,0
8397,2022-01-03,3,CLEANING,202.609,0,Guayas,A,4,1159,53.49,19.9,0
6207,2022-01-03,3,GROCERY I,724.81,0,Guayas,A,4,1159,53.49,19.9,0
7667,2022-01-03,3,PRODUCE,403.489,3,Guayas,A,4,1159,53.49,19.9,0
9857,2022-01-03,5,BEVERAGES,180.139,0,Azuay,B,2,499,53.49,19.9,0
11317,2022-01-03,5,CLEANING,79.667,0,Azuay,B,2,499,53.49,19.9,0
9127,2022-01-03,5,GROCERY I,290.977,7,Azuay,B,2,499,53.49,19.9,0
10587,2022-01-03,5,PRODUCE,112.486,0,Azuay,B,2,499,53.49,19.9,0
12777,2022-01-03,8,BEVERAGES,277.384,0,Guayas,C,1,1014,53.49,19.9,0
14237,2022-01-03,8,CLEANING,161.452,0,Guayas,C,1,1014,53.49,19.9,0
12047,2022-01-03,8,GROCERY I,532.704,0,Guayas,C,1,1014,53.49,19.9,0
13507,2022-01-03,8,PRODUCE,311.996,13,Guayas,C,1,1014,53.49,19.9,0
1098,2022-01-04,1,BEVERAGES,338.907,0,Pichincha,D,2,870,53.58,20.63,0
2558,2022-01-04,1,CLEANING,122.258,0,Pichincha,D,2,870,53.58,20.63,0
368,2022-01-04,1,GROCERY I,425.573,0,Pichincha,D,2,870,53.58,20.63,0
1828,2022-01-04,1,PRODUCE,225.899,0,Pichincha,D,2,870,53.58,20.63,0
4018,2022-01-04,2,BEVERAGES,246.385,0,Pichincha,D,3,716,53.58,20.63,0
5478,2022-01-04,2,CLEANING,123.215,0,Pichincha,D,3,716,53.58,20.63,0
3288,2022-01-04,2,GROCERY I,346.966,0,Pichincha,D,3,716,53.58,20.63,0
4748,2022-01-04,2,PRODUCE,132.18,0,Pichincha,D,3,716,53.58,20.63,0
6938,2022-01-04,3,BEVERAGES,421.67,0,Guayas,A,4,1172,53.58,20.63,0
8398,2022-01-04,3,CLEANING,165.656,0,Guayas,A,4,1172,53.58,20.63,0
6208,2022-01-04,3,GROCERY I,806.186,0,Guayas,A,4,1172,53.58,20.63,0
7668,2022-01-04,3,PRODUCE,342.941,0,Guayas,A,4,1172,53.58,20.63,0
9858,2022-01-04,5,BEVERAGES,207.264,23,Azuay,B,2,578,53.58,20.63,0
11318,2022-01-04,5,CLEANING,82.356,0,Azuay,B,2,578,53.58,20.63,0
9128,2022-01-04,5,GROCERY I,282.746,0,Azuay,B,2,578,53.58,20.63,0
10588,2022-01-04,5,PRODUCE,110.09,0,Azuay,B,2,578,53.58,20.63,0
12778,2022-01-04,8,BEVERAGES,365.587,0,Guayas,C,1,990,53.58,20.63,0
14238,2022-01-04,8,CLEANING,144.885,0,Guayas,C,1,990,53.58,20.63,0
12048,2022-01-04,8,GROCERY I,500.763,0,Guayas,C,1,990,53.58,20.63,0
13508,2022-01-04,8,PRODUCE,229.97,0,Guayas,C,1,990,53.58,20.63,0
1099,2022-01-05,1,BEVERAGES,431.22,8,Pichincha,D,2,934,53.96,21.07,0
2559,2022-01-05,1,CLEANING,141.47,0,Pichincha,D,2,934,53.96,21.07,0
369,2022-01-05,1,GROCERY I,528.126,0,Pichincha,D,2,934,53.96,21.07,0
1829,2022-01-05,1,PRODUCE,210.764,0,Pichincha,D,2,934,53.96,21.07,0
4019,2022-01-05,2,BEVERAGES,251.693,0,Pichincha,D,3,729,53.96,21.07,0
5479,2022-01-05,2,CLEANING,109.979,0,Pichincha,D,3,729,53.96,21.07,0
3289,2022-01-05,2,GROCERY I,395.504,0,Pichincha,D,3,729,53.96,21.07,0
4749,2022-01-05,2,PRODUCE,171.881,0,Pichincha,D,3,729,53.96,21.07,0
6939,2022-01-05,3,BEVERAGES,441.401,0,Guayas,A,4,1274,53.96,21.07,0
8399,2022-01-05,3,CLEANING,153.113,0,Guayas,A,4,1274,53.96,21.07,0
6209,2022-01-05,3,GROCERY I,499.231,0,Guayas,A,4,1274,53.96,21.07,0
7669,2022-01-05,3,PRODUCE,362.968,0,Guayas,A,4,1274,53.96,21.07,0
9859,2022-01-05,5,BEVERAGES,155.262,0,Azuay,B,2,612,53.96,21.07,0
11319,2022-01-05,5,CLEANING,83.284,23,Azuay,B,2,612,53.96,21.07,0
9129,2022-01-05,5,GROCERY I,260.982,0,Azuay,B,2,612,53.96,21.07,0
10589,2022-01-05,5,PRODUCE,122.841,0,Azuay,B,2,612,53.96,21.07,0
12779,2022-01-05,8,BEVERAGES,373.839,0,Guayas,C,1,999,53.96,21.07,0
14239,2022-01-05,8,CLEANING,146.249,0,Guayas,C,1,999,53.96,21.07,0
12049,2022-01-05,8,GROCERY I,606.845,24,Guayas,C,1,999,53.96,21.07,0
13509,2022-01-05,8,PRODUCE,260.554,0,Guayas,C,1,999,53.96,21.07,0
1100,2022-01-06,1,BEVERAGES,335.867,0,Pichincha,D,2,953,53.96,20.98,0
2560,2022-01-06,1,CLEANING,158.01,5,Pichincha,D,2,953,53.96,20.98,0
370,2022-01-06,1,GROCERY I,532.544,0,Pichincha,D,2,953,53.96,20.98,0
1830,2022-01-06,1,PRODUCE,237.074,0,Pichincha,D,2,953,53.96,20.98,0
4020,2022-01-06,2,BEVERAGES,252.516,0,Pichincha,D,3,804,53.96,20.98,0
5480,2022-01-06,2,CLEANING,117.141,0,Pichincha,D,3,804,53.96,20.98,0
3290,2022-01-06,2,GROCERY I,466.92,0,Pichincha,D,3,804,53.96,20.98,0
4750,2022-01-06,2,PRODUCE,219.068,0,Pichincha,D,3,804,53.96,20.98,0
6940,2022-01-06,3,BEVERAGES,450.591,0,Guayas,A,4,1228,53.96,20.98,0
8400,2022-01-06,3,CLEANING,211.188,0,Guayas,A,4,1228,53.96,20.98,0
6210,2022-01-06,3,GROCERY I,851.436,22,Guayas,A,4,1228,53.96,20.98,0
7670,2022-01-06,3,PRODUCE,331.842,0,Guayas,A,4,1228,53.96,20.98,0
9860,2022-01-06,5,BEVERAGES,214.772,0,Azuay,B,2,627,53.96,20.98,0
11320,2022-01-06,5,CLEANING,75.239,0,Azuay,B,2,627,53.96,20.98,0
9130,2022-01-06,5,GROCERY I,291.138,0,Azuay,B,2,627,53.96,20.98,0
10590,2022-01-06,5,PRODUCE,152.673,0,Azuay,B,2,627,53.96,20.98,0
12780,2022-01-06,8,BEVERAGES,365.413,0,Guayas,C,1,1103,53.96,20.98,0
14240,2022-01-06,8,CLEANING,139.529,0,Guayas,C,1,1103,53.96,20.98,0
12050,2022-01-06,8,GROCERY I,612.084,0,Guayas,C,1,1103,53.96,20.98,0
13510,2022-01-06,8,PRODUCE,261.153,0,Guayas,C,1,1103,53.96,20.98,0
1101,2022-01-07,1,BEVERAGES,554.111,22,Pichincha,D,2,1071,54.56,20.32,0
2561,2022-01-07,1,CLEANING,166.643,0,Pichincha,D,2,1071,54.56,20.32,0
371,2022-01-07,1,GROCERY I,636.818,0,Pichincha,D,2,1071,54.56,20.32,0
1831,2022-01-07,1,PRODUCE,339.882,5,Pichincha,D,2,1071,54.56,20.32,0
4021,2022-01-07,2,BEVERAGES,356.379,0,Pichincha,D,3,993,54.56,20.32,0
5481,2022-01-07,2,CLEANING,130.309,0,Pichincha,D,3,993,54.56,20.32,0
3291,2022-01-07,2,GROCERY I,486.547,0,Pichincha,D,3,993,54.56,20.32,0
4751,2022-01-07,2,PRODUCE,207.503,0,Pichincha,D,3,993,54.56,20.32,0
6941,2022-01-07,3,BEVERAGES,527.698,0,Guayas,A,4,1570,54.56,20.32,0
8401,2022-01-07,3,CLEANING,305.898,22,Guayas,A,4,1570,54.56,20.32,0
6211,2022-01-07,3,GROCERY I,810.748,0,Guayas,A,4,1570,54.56,20.32,0
7671,2022-01-07,3,PRODUCE,353.997,0,Guayas,A,4,1570,54.56,20.32,0
9861,2022-01-07,5,BEVERAGES,240.223,0,Azuay,B,2,606,54.56,20.32,0
11321,2022-01-07,5,CLEANING,99.534,0,Azuay,B,2,606,54.56,20.32,0
9131,2022-01-07,5,GROCERY I,341.87,0,Azuay,B,2,606,54.56,20.32,0
10591,2022-01-07,5,PRODUCE,138.799,0,Azuay,B,2,606,54.56,20.32,0
12781,2022-01-07,8,BEVERAGES,442.55,0,Guayas,C,1,1263,54.56,20.32,0
14241,2022-01-07,8,CLEANING,166.879,0,Guayas,C,1,1263,54.56,20.32,0
12051,2022-01-07,8,GROCERY I,771.872,17,Guayas,C,1,1263,54.56,20.32,0
13511,2022-01-07,8,PRODUCE,261.974,0,Guayas,C,1,1263,54.56,20.32,0
1102,2022-01-08,1,BEVERAGES,465.009,0,Pichincha,D,2,1370,54.95,20.36,0
2562,2022-01-08,1,CLEANING,210.217,0,Pichincha,D,2,1370,54.95,20.36,0
372,2022-01-08,1,GROCERY I,800.259,0,Pichincha,D,2,1370,54.95,20.36,0
1832,2022-01-08,1,PRODUCE,426.083,13,Pichincha,D,2,1370,54.95,20.36,0
4022,2022-01-08,2,BEVERAGES,329.389,0,Pichincha,D,3,1145,54.95,20.36,0
5482,2022-01-08,2,CLEANING,176.908,0,Pichincha,D,3,1145,54.95,20.36,0
3292,2022-01-08,2,GROCERY I,526.944,0,Pichincha,D,3,1145,54.95,20.36,0
4752,2022-01-08,2,PRODUCE,266.008,0,Pichincha,D,3,1145,54.95,20.36,0
6942,2022-01-08,3,BEVERAGES,713.192,0,Guayas,A,4,1774,54.95,20.36,0
8402,2022-01-08,3,CLEANING,273.388,0,Guayas,A,4,1774,54.95,20.36,0
6212,2022-01-08,3,GROCERY I,958.495,0,Guayas,A,4,1774,54.95,20.36,0
7672,2022-01-08,3,PRODUCE,547.84,3,Guayas,A,4,1774,54.95,20.36,0
9862,2022-01-08,5,BEVERAGES,258.259,0,Azuay,B,2,751,54.95,20.36,0
11322,2022-01-08,5,CLEANING,120.634,0,Azuay,B,2,751,54.95,20.36,0
9132,2022-01-08,5,GROCERY I,498.763,4,Azuay,B,2,751,54.95,20.36,0
10592,2022-01-08,5,PRODUCE,179.145,0,Azuay,B,2,751,54.95,20.36,0
12782,2022-01-08,8,BEVERAGES,538.621,0,Guayas,C,1,1533,54.95,20.36,0
14242,2022-01-08,8,CLEANING,273.169,16,Guayas,C,1,1533,54.95,20.36,0
12052,2022-01-08,8,GROCERY I,841.626,0,Guayas,C,1,1533,54.95,20.36,0
13512,2022-01-08,8,PRODUCE,279.607,0,Guayas,C,1,1533,54.95,20.36,0
1103,2022-01-09,1,BEVERAGES,542.456,8,Pichincha,D,2,1208,55.33,20.31,0
2563,2022-01-09,1,CLEANING,148.803,0,Pichincha,D,2,1208,55.33,20.31,0
373,2022-01-09,1,GROCERY I,596.815,0,Pichincha,D,2,1208,55.33,20.31,0
1833,2022-01-09,1,PRODUCE,373.846,14,Pichincha,D,2,1208,55.33,20.31,0
4023,2022-01-09,2,BEVERAGES,344.231,0,Pichincha,D,3,1077,55.33,20.31,0
5483,2022-01-09,2,CLEANING,140.047,0,Pichincha,D,3,1077,55.33,20.31,0
3293,2022-01-09,2,GROCERY I,537.244,0,Pichincha,D,3,1077,55.33,20.31,0
4753,2022-01-09,2,PRODUCE,275.686,6,Pichincha,D,3,1077,55.33,20.31,0
6943,2022-01-09,3,BEVERAGES,755.696,16,Guayas,A,4,1554,55.33,20.31,0
8403,2022-01-09,3,CLEANING,268.828,0,Guayas,A,4,1554,55.33,20.31,0
6213,2022-01-09,3,GROCERY I,896.467,0,Guayas,A,4,1554,55.33,20.31,0
7673,2022-01-09,3,PRODUCE,447.206,0,Guayas,A,4,1554,55.33,20.31,0
9863,2022-01-09,5,BEVERAGES,197.549,0,Azuay,B,2,798,55.33,20.31,0
11323,2022-01-09,5,CLEANING,108.161,0,Azuay,B,2,798,55.33,20.31,0
9133,2022-01-09,5,GROCERY I,370.33,0,Azuay,B,2,798,55.33,20.31,0
10593,2022-01-09,5,PRODUCE,180.113,0,Azuay,B,2,798,55.33,20.31,0
12783,2022-01-09,8,BEVERAGES,412.059,0,Guayas,C,1,1265,55.33,20.31,0
14243,2022-01-09,8,CLEANING,206.704,0,Guayas,C,1,1265,55.33,20.31,0
12053,2022-01-09,8,GROCERY I,739.103,0,Guayas,C,1,1265,55.33,20.31,0
13513,2022-01-09,8,PRODUCE,289.384,0,Guayas,C,1,1265,55.33,20.31,0
1104,2022-01-10,1,BEVERAGES,310.052,0,Pichincha,D,2,925,55.57,18.11,0
2564,2022-01-10,1,CLEANING,126.397,0,Pichincha,D,2,925,55.57,18.11,0
374,2022-01-10,1,GROCERY I,494.671,0,Pichincha,D,2,925,55.57,18.11,0
1834,2022-01-10,1,PRODUCE,175.563,0,Pichincha,D,2,925,55.57,18.11,0
4024,2022-01-10,2,BEVERAGES,260.169,0,Pichincha,D,3,752,55.57,18.11,0
5484,2022-01-10,2,CLEANING,113.584,0,Pichincha,D,3,752,55.57,18.11,0
3294,2022-01-10,2,GROCERY I,402.989,0,Pichincha,D,3,752,55.57,18.11,0
4754,2022-01-10,2,PRODUCE,194.04,0,Pichincha,D,3,752,55.57,18.11,0
6944,2022-01-10,3,BEVERAGES,431.04,0,Guayas,A,4,1237,55.57,18.11,0
8404,2022-01-10,3,CLEANING,188.071,0,Guayas,A,4,1237,55.57,18.11,0
6214,2022-01-10,3,GROCERY I,683.619,0,Guayas,A,4,1237,55.57,18.11,0
7674,2022-01-10,3,PRODUCE,284.304,0,Guayas,A,4,1237,55.57,18.11,0
9864,2022-01-10,5,BEVERAGES,144.305,0,Azuay,B,2,541,55.57,18.11,0
11324,2022-01-10,5,CLEANING,84.784,0,Azuay,B,2,541,55.57,18.11,0
9134,2022-01-10,5,GROCERY I,288.967,0,Azuay,B,2,541,55.57,18.11,0
10594,2022-01-10,5,PRODUCE,150.319,0,Azuay,B,2,541,55.57,18.11,0
12784,2022-01-10,8,BEVERAGES,355.619,0,Guayas,C,1,976,55.57,18.11,0
14244,2022-01-10,8,CLEANING,171.445,0,Guayas,C,1,976,55.57,18.11,0
12054,2022-01-10,8,GROCERY I,534.522,0,Guayas,C,1,976,55.57,18.11,0
13514,2022-01-10,8,PRODUCE,254.266,0,Guayas,C,1,976,55.57,18.11,0
1105,2022-01-11,1,BEVERAGES,292.797,0,Pichincha,D,2,892,56.62,20.7,0
2565,2022-01-11,1,CLEANING,129.373,0,Pichincha,D,2,892,56.62,20.7,0
375,2022-01-11,1,GROCERY I,468.045,0,Pichincha,D,2,892,56.62,20.7,0
1835,2022-01-11,1,PRODUCE,213.167,0,Pichincha,D,2,892,56.62,20.7,0
4025,2022-01-11,2,BEVERAGES,268.946,0,Pichincha,D,3,758,56.62,20.7,0
5485,2022-01-11,2,CLEANING,90.527,0,Pichincha,D,3,758,56.62,20.7,0
3295,2022-01-11,2,GROCERY I,383.802,0,Pichincha,D,3,758,56.62,20.7,0
4755,2022-01-11,2,PRODUCE,198.959,0,Pichincha,D,3,758,56.62,20.7,0
6945,2022-01-11,3,BEVERAGES,475.655,7,Guayas,A,4,1275,56.62,20.7,0
8405,2022-01-11,3,CLEANING,159.35,0,Guayas,A,4,1275,56.62,20.7,0
6215,2022-01-11,3,GROCERY I,619.953,0,Guayas,A,4,1275,56.62,20.7,0
7675,2022-01-11,3,PRODUCE,331.965,0,Guayas,A,4,1275,56.62,20.7,0
9865,2022-01-11,5,BEVERAGES,207.75,0,Azuay,B,2,467,56.62,20.7,0
11325,2022-01-11,5,CLEANING,77.625,5,Azuay,B,2,467,56.62,20.7,0
9135,2022-01-11,5,GROCERY I,318.366,0,Azuay,B,2,467,56.62,20.7,0
10595,2022-01-11,5,PRODUCE,158.377,7,Azuay,B,2,467,56.62,20.7,0
12785,2022-01-11,8,BEVERAGES,363.129,0,Guayas,C,1,973,56.62,20.7,0
14245,2022-01-11,8,CLEANING,131.656,0,Guayas,C,1,973,56.62,20.7,0
12055,2022-01-11,8,GROCERY I,563.192,24,Guayas,C,1,973,56.62,20.7,0
13515,2022-01-11,8,PRODUCE,246.56,0,Guayas,C,1,973,56.62,20.7,0
1106,2022-01-12,1,BEVERAGES,299.183,0,Pichincha,D,2,890,56.53,17.88,0
2566,2022-01-12,1,CLEANING,141.188,0,Pichincha,D,2,890,56.53,17.88,0
376,2022-01-12,1,GROCERY I,436.023,0,Pichincha,D,2,890,56.53,17.88,0
1836,2022-01-12,1,PRODUCE,236.65,0,Pichincha,D,2,890,56.53,17.88,0
4026,2022-01-12,2,BEVERAGES,260.267,0,Pichincha,D,3,751,56.53,17.88,0
5486,2022-01-12,2,CLEANING,104.14,0,Pichincha,D,3,751,56.53,17.88,0
3296,2022-01-12,2,GROCERY I,421.024,0,Pichincha,D,3,751,56.53,17.88,0
4756,2022-01-12,2,PRODUCE,159.418,0,Pichincha,D,3,751,56.53,17.88,0
6946,2022-01-12,3,BEVERAGES,446.067,0,Guayas,A,4,1189,56.53,17.88,0
8406,2022-01-12,3,CLEANING,158.835,0,Guayas,A,4,1189,56.53,17.88,0
6216,2022-01-12,3,GROCERY I,666.747,0,Guayas,A,4,1189,56.53,17.88,0
7676,2022-01-12,3,PRODUCE,300.129,0,Guayas,A,4,1189,56.53,17.88,0
9866,2022-01-12,5,BEVERAGES,179.787,0,Azuay,B,2,590,56.53,17.88,0
11326,2022-01-12,5,CLEANING,73.287,0,Azuay,B,2,590,56.53,17.88,0
9136,2022-01-12,5,GROCERY I,288.5,0,Azuay,B,2,590,56.53,17.88,0
10596,2022-01-12,5,PRODUCE,137.501,0,Azuay,B,2,590,56.53,17.88,0
12786,2022-01-12,8,BEVERAGES,292.763,0,Guayas,C,1,1026,56.53,17.88,0
14246,2022-01-12,8,CLEANING,144.219,0,Guayas,C,1,1026,56.53,17.88,0
12056,2022-01-12,8,GROCERY I,497.334,0,Guayas,C,1,1026,56.53,17.88,0
13516,2022-01-12,8,PRODUCE,245.253,0,Guayas,C,1,1026,56.53,17.88,0
1107,2022-01-13,1,BEVERAGES,273.955,0,Pichincha,D,2,1019,55.63,18.73,0
2567,2022-01-13,1,CLEANING,159.081,0,Pichincha,D,2,1019,55.63,18.73,0
377,2022-01-13,1,GROCERY I,508.409,0,Pichincha,D,2,1019,55.63,18.73,0
1837,2022-01-13,1,PRODUCE,229.866,0,Pichincha,D,2,1019,55.63,18.73,0
4027,2022-01-13,2,BEVERAGES,336.072,23,Pichincha,D,3,836,55.63,18.73,0
5487,2022-01-13,2,CLEANING,119.246,0,Pichincha,D,3,836,55.63,18.73,0
3297,2022-01-13,2,GROCERY I,552.304,13,Pichincha,D,3,836,55.63,18.73,0
4757,2022-01-13,2,PRODUCE,209.41,19,Pichincha,D,3,836,55.63,18.73,0
6947,2022-01-13,3,BEVERAGES,426.867,0,Guayas,A,4,1208,55.63,18.73,0
8407,2022-01-13,3,CLEANING,167.503,0,Guayas,A,4,1208,55.63,18.73,0
6217,2022-01-13,3,GROCERY I,899.305,19,Guayas,A,4,1208,55.63,18.73,0
7677,2022-01-13,3,PRODUCE,328.314,0,Guayas,A,4,1208,55.63,18.73,0
9867,2022-01-13,5,BEVERAGES,206.037,0,Azuay,B,2,574,55.63,18.73,0
11327,2022-01-13,5,CLEANING,85.409,0,Azuay,B,2,574,55.63,18.73,0
9137,2022-01-13,5,GROCERY I,305.166,0,Azuay,B,2,574,55.63,18.73,0
10597,2022-01-13,5,PRODUCE,125.779,0,Azuay,B,2,574,55.63,18.73,0
12787,2022-01-13,8,BEVERAGES,383.907,0,Guayas,C,1,1071,55.63,18.73,0
14247,2022-01-13,8,CLEANING,125.335,0,Guayas,C,1,1071,55.63,18.73,0
12057,2022-01-13,8,GROCERY I,775.792,8,Guayas,C,1,1071,55.63,18.73,0
13517,2022-01-13,8,PRODUCE,322.322,24,Guayas,C,1,1071,55.63,18.73,0
1108,2022-01-14,1,BEVERAGES,438.669,0,Pichincha,D,2,1082,56.35,21.74,0
2568,2022-01-14,1,CLEANING,161.658,0,Pichincha,D,2,1082,56.35,21.74,0
378,2022-01-14,1,GROCERY I,681.929,0,Pichincha,D,2,1082,56.35,21.74,0
1838,2022-01-14,1,PRODUCE,279.904,0,Pichincha,D,2,1082,56.35,21.74,0
4028,2022-01-14,2,BEVERAGES,314.023,0,Pichincha,D,3,919,56.35,21.74,0
5488,2022-01-14,2,CLEANING,145.941,0,Pichincha,D,3,919,56.35,21.74,0
3298,2022-01-14,2,GROCERY I,499.775,0,Pichincha,D,3,919,56.35,21.74,0
4758,2022-01-14,2,PRODUCE,258.884,0,Pichincha,D,3,919,56.35,21.74,0
6948,2022-01-14,3,BEVERAGES,572.142,0,Guayas,A,4,1453,56.35,21.74,0
8408,2022-01-14,3,CLEANING,222.318,0,Guayas,A,4,1453,56.35,21.74,0
6218,2022-01-14,3,GROCERY I,854.609,0,Guayas,A,4,1453,56.35,21.74,0
7678,2022-01-14,3,PRODUCE,348.739,0,Guayas,A,4,1453,56.35,21.74,0
9868,2022-01-14,5,BEVERAGES,206.117,0,Azuay,B,2,699,56.35,21.74,0
11328,2022-01-14,5,CLEANING,93.773,0,Azuay,B,2,699,56.35,21.74,0
9138,2022-01-14,5,GROCERY I,326.661,0,Azuay,B,2,699,56.35,21.74,0
10598,2022-01-14,5,PRODUCE,140.891,0,Azuay,B,2,699,56.35,21.74,0
12788,2022-01-14,8,BEVERAGES,433.87,0,Guayas,C,1,1201,56.35,21.74,0
14248,2022-01-14,8,CLEANING,140.543,0,Guayas,C,1,1201,56.35,21.74,0
12058,2022-01-14,8,GROCERY I,696.124,0,Guayas,C,1,1201,56.35,21.74,0
13518,2022-01-14,8,PRODUCE,341.824,0,Guayas,C,1,1201,56.35,21.74,0
1109,2022-01-15,1,BEVERAGES,547.862,17,Pichincha,D,2,1328,56.14,21.16,0
2569,2022-01-15,1,CLEANING,236.884,19,Pichincha,D,2,1328,56.14,21.16,0
379,2022-01-15,1,GROCERY I,753.707,0,Pichincha,D,2,1328,56.14,21.16,0
1839,2022-01-15,1,PRODUCE,361.076,0,Pichincha,D,2,1328,56.14,21.16,0
4029,2022-01-15,2,BEVERAGES,438.958,0,Pichincha,D,3,1238,56.14,21.16,0
5489,2022-01-15,2,CLEANING,177.332,0,Pichincha,D,3,1238,56.14,21.16,0
3299,2022-01-15,2,GROCERY I,600.648,0,Pichincha,D,3,1238,56.14,21.16,0
4759,2022-01-15,2,PRODUCE,295.071,0,Pichincha,D,3,1238,56.14,21.16,0
6949,2022-01-15,3,BEVERAGES,666.945,0,Guayas,A,4,1870,56.14,21.16,0
8409,2022-01-15,3,CLEANING,258.1,0,Guayas,A,4,1870,56.14,21.16,0
6219,2022-01-15,3,GROCERY I,1011.613,0,Guayas,A,4,1870,56.14,21.16,0
7679,2022-01-15,3,PRODUCE,401.6,0,Guayas,A,4,1870,56.14,21.16,0
9869,2022-01-15,5,BEVERAGES,324.087,22,Azuay,B,2,712,56.14,21.16,0
11329,2022-01-15,5,CLEANING,118.342,0,Azuay,B,2,712,56.14,21.16,0
9139,2022-01-15,5,GROCERY I,437.525,0,Azuay,B,2,712,56.14,21.16,0
10599,2022-01-15,5,PRODUCE,173.891,0,Azuay,B,2,712,56.14,21.16,0
12789,2022-01-15,8,BEVERAGES,551.356,0,Guayas,C,1,1524,56.14,21.16,0
14249,2022-01-15,8,CLEANING,229.186,0,Guayas,C,1,1524,56.14,21.16,0
12059,2022-01-15,8,GROCERY I,818.185,0,Guayas,C,1,1524,56.14,21.16,0
13519,2022-01-15,8,PRODUCE,370.84,0,Guayas,C,1,1524,56.14,21.16,0
1110,2022-01-16,1,BEVERAGES,386.334,0,Pichincha,D,2,1184,56.19,22.13,0
2570,2022-01-16,1,CLEANING,160.893,0,Pichincha,D,2,1184,56.19,22.13,0
380,2022-01-16,1,GROCERY I,566.594,0,Pichincha,D,2,1184,56.19,22.13,0
1840,2022-01-16,1,PRODUCE,297.638,0,Pichincha,D,2,1184,56.19,22.13,0
4030,2022-01-16,2,BEVERAGES,340.835,0,Pichincha,D,3,930,56.19,22.13,0
5490,2022-01-16,2,CLEANING,122.59,0,Pichincha,D,3,930,56.19,22.13,0
3300,2022-01-16,2,GROCERY I,625.621,0,Pichincha,D,3,930,56.19,22.13,0
4760,2022-01-16,2,PRODUCE,236.185,0,Pichincha,D,3,930,56.19,22.13,0
6950,2022-01-16,3,BEVERAGES,0.0,0,Guayas,A,4,1537,56.19,22.13,0
8410,2022-01-16,3,CLEANING,223.101,0,Guayas,A,4,1537,56.19,22.13,0
6220,2022-01-16,3,GROCERY I,823.397,0,Guayas,A,4,1537,56.19,22.13,0
7680,2022-01-16,3,PRODUCE,388.31,0,Guayas,A,4,1537,56.19,22.13,0
9870,2022-01-16,5,BEVERAGES,233.174,0,Azuay,B,2,696,56.19,22.13,0
11330,2022-01-16,5,CLEANING,98.917,0,Azuay,B,2,696,56.19,22.13,0
9140,2022-01-16,5,GROCERY I,335.523,0,Azuay,B,2,696,56.19,22.13,0
10600,2022-01-16,5,PRODUCE,156.072,0,Azuay,B,2,696,56.19,22.13,0
12790,2022-01-16,8,BEVERAGES,492.574,12,Guayas,C,1,1274,56.19,22.13,0
14250,2022-01-16,8,CLEANING,176.518,0,Guayas,C,1,1274,56.19,22.13,0
12060,2022-01-16,8,GROCERY I,669.947,0,Guayas,C,1,1274,56.19,22.13,0
13520,2022-01-16,8,PRODUCE,333.761,0,Guayas,C,1,1274,56.19,22.13,0
1111,2022-01-17,1,BEVERAGES,293.939,0,Pichincha,D,2,963,56.78,19.73,0
2571,2022-01-17,1,CLEANING,142.006,0,Pichincha,D,2,963,56.78,19.73,0
381,2022-01-17,1,GROCERY I,437.906,0,Pichincha,D,2,963,56.78,19.73,0
1841,2022-01-17,1,PRODUCE,265.061,0,Pichincha,D,2,963,56.78,19.73,0
4031,2022-01-17,2,BEVERAGES,316.859,0,Pichincha,D,3,862,56.78,19.73,0
5491,2022-01-17,2,CLEANING,97.857,0,Pichincha,D,3,862,56.78,19.73,0
3301,2022-01-17,2,GROCERY I,461.774,0,Pichincha,D,3,862,56.78,19.73,0
4761,2022-01-17,2,PRODUCE,220.354,0,Pichincha,D,3,862,56.78,19.73,0
6951,2022-01-17,3,BEVERAGES,502.078,0,Guayas,A,4,1300,56.78,19.73,0
8411,2022-01-17,3,CLEANING,184.111,0,Guayas,A,4,1300,56.78,19.73,0
6221,2022-01-17,3,GROCERY I,1049.873,2,Guayas,A,4,1300,56.78,19.73,0
7681,2022-01-17,3,PRODUCE,351.492,0,Guayas,A,4,1300,56.78,19.73,0
9871,2022-01-17,5,BEVERAGES,192.617,0,Azuay,B,2,597,56.78,19.73,0
11331,2022-01-17,5,CLEANING,75.956,0,Azuay,B,2,597,56.78,19.73,0
9141,2022-01-17,5,GROCERY I,322.117,0,Azuay,B,2,597,56.78,19.73,0
10601,2022-01-17,5,PRODUCE,136.505,0,Azuay,B,2,597,56.78,19.73,0
12791,2022-01-17,8,BEVERAGES,336.02,0,Guayas,C,1,1046,56.78,19.73,0
14251,2022-01-17,8,CLEANING,124.2,0,Guayas,C,1,1046,56.78,19.73,0
12061,2022-01-17,8,GROCERY I,644.52,0,Guayas,C,1,1046,56.78,19.73,0
13521,2022-01-17,8,PRODUCE,292.293,0,Guayas,C,1,1046,56.78,19.73,0
1112,2022-01-18,1,BEVERAGES,311.265,0,Pichincha,D,2,816,56.06,18.57,0
2572,2022-01-18,1,CLEANING,129.42,0,Pichincha,D,2,816,56.06,18.57,0
382,2022-01-18,1,GROCERY I,564.554,0,Pichincha,D,2,816,56.06,18.57,0
1842,2022-01-18,1,PRODUCE,247.862,0,Pichincha,D,2,816,56.06,18.57,0
4032,2022-01-18,2,BEVERAGES,324.369,9,Pichincha,D,3,755,56.06,18.57,0
5492,2022-01-18,2,CLEANING,114.551,0,Pichincha,D,3,755,56.06,18.57,0
3302,2022-01-18,2,GROCERY I,431.979,0,Pichincha,D,3,755,56.06,18.57,0
4762,2022-01-18,2,PRODUCE,161.548,0,Pichincha,D,3,755,56.06,18.57,0
6952,2022-01-18,3,BEVERAGES,385.939,0,Guayas,A,4,1196,56.06,18.57,0
8412,2022-01-18,3,CLEANING,193.089,0,Guayas,A,4,1196,56.06,18.57,0
6222,2022-01-18,3,GROCERY I,683.252,0,Guayas,A,4,1196,56.06,18.57,0
7682,2022-01-18,3,PRODUCE,346.697,4,Guayas,A,4,1196,56.06,18.57,0
9872,2022-01-18,5,BEVERAGES,183.245,0,Azuay,B,2,501,56.06,18.57,0
11332,2022-01-18,5,CLEANING,74.569,0,Azuay,B,2,501,56.06,18.57,0
9142,2022-01-18,5,GROCERY I,297.505,13,Azuay,B,2,501,56.06,18.57,0
10602,2022-01-18,5,PRODUCE,114.841,0,Azuay,B,2,501,56.06,18.57,0
12792,2022-01-18,8,BEVERAGES,303.606,0,Guayas,C,1,985,56.06,18.57,0
14252,2022-01-18,8,CLEANING,130.375,0,Guayas,C,1,985,56.06,18.57,0
12062,2022-01-18,8,GROCERY I,495.651,0,Guayas,C,1,985,56.06,18.57,0
13522,2022-01-18,8,PRODUCE,206.254,0,Guayas,C,1,985,56.06,18.57,0
1113,2022-01-19,1,BEVERAGES,375.041,0,Pichincha,D,2,845,55.5,19.91,0
2573,2022-01-19,1,CLEANING,132.385,0,Pichincha,D,2,845,55.5,19.91,0
383,2022-01-19,1,GROCERY I,497.092,0,Pichincha,D,2,845,55.5,19.91,0
1843,2022-01-19,1,PRODUCE,227.25,0,Pichincha,D,2,845,55.5,19.91,0
4033,2022-01-19,2,BEVERAGES,265.415,0,Pichincha,D,3,793,55.5,19.91,0
5493,2022-01-19,2,CLEANING,103.619,0,Pichincha,D,3,793,55.5,19.91,0
3303,2022-01-19,2,GROCERY I,415.006,0,Pichincha,D,3,793,55.5,19.91,0
4763,2022-01-19,2,PRODUCE,203.747,0,Pichincha,D,3,793,55.5,19.91,0
6953,2022-01-19,3,BEVERAGES,415.925,0,Guayas,A,4,1218,55.5,19.91,0
8413,2022-01-19,3,CLEANING,173.956,0,Guayas,A,4,1218,55.5,19.91,0
6223,2022-01-19,3,GROCERY I,721.914,0,Guayas,A,4,1218,55.5,19.91,0
7683,2022-01-19,3,PRODUCE,354.565,0,Guayas,A,4,1218,55.5,19.91,0
9873,2022-01-19,5,BEVERAGES,170.141,0,Azuay,B,2,598,55.5,19.91,0
11333,2022-01-19,5,CLEANING,69.952,0,Azuay,B,2,598,55.5,19.91,0
9143,2022-01-19,5,GROCERY I,265.477,0,Azuay,B,2,598,55.5,19.91,0
10603,2022-01-19,5,PRODUCE,134.642,0,Azuay,B,2,598,55.5,19.91,0
12793,2022-01-19,8,BEVERAGES,309.556,0,Guayas,C,1,984,55.5,19.91,0
14253,2022-01-19,8,CLEANING,186.928,24,Guayas,C,1,984,55.5,19.91,0
12063,2022-01-19,8,GROCERY I,555.703,0,Guayas,C,1,984,55.5,19.91,0
13523,2022-01-19,8,PRODUCE,290.238,0,Guayas,C,1,984,55.5,19.91,0
1114,2022-01-20,1,BEVERAGES,406.516,0,Pichincha,D,2,862,54.78,20.46,0
2574,2022-01-20,1,CLEANING,142.232,0,Pichincha,D,2,862,54.78,20.46,0
384,2022-01-20,1,GROCERY I,498.778,0,Pichincha,D,2,862,54.78,20.46,0
1844,2022-01-20,1,PRODUCE,238.424,0,Pichincha,D,2,862,54.78,20.46,0
4034,2022-01-20,2,BEVERAGES,276.285,0,Pichincha,D,3,871,54.78,20.46,0
5494,2022-01-20,2,CLEANING,126.849,0,Pichincha,D,3,871,54.78,20.46,0
3304,2022-01-20,2,GROCERY I,394.229,0,Pichincha,D,3,871,54.78,20.46,0
4764,2022-01-20,2,PRODUCE,197.451,0,Pichincha,D,3,871,54.78,20.46,0
6954,2022-01-20,3,BEVERAGES,381.659,0,Guayas,A,4,1301,54.78,20.46,0
8414,2022-01-20,3,CLEANING,180.908,0,Guayas,A,4,1301,54.78,20.46,0
6224,2022-01-20,3,GROCERY I,681.308,0,Guayas,A,4,1301,54.78,20.46,0
7684,2022-01-20,3,PRODUCE,310.35,0,Guayas,A,4,1301,54.78,20.46,0
9874,2022-01-20,5,BEVERAGES,0.0,0,Azuay,B,2,513,54.78,20.46,0
11334,2022-01-20,5,CLEANING,93.787,16,Azuay,B,2,513,54.78,20.46,0
9144,2022-01-20,5,GROCERY I,259.097,0,Azuay,B,2,513,54.78,20.46,0
10604,2022-01-20,5,PRODUCE,135.208,0,Azuay,B,2,513,54.78,20.46,0
12794,2022-01-20,8,BEVERAGES,402.582,0,Guayas,C,1,1025,54.78,20.46,0
14254,2022-01-20,8,CLEANING,162.506,0,Guayas,C,1,1025,54.78,20.46,0
12064,2022-01-20,8,GROCERY I,606.175,0,Guayas,C,1,1025,54.78,20.46,0
13524,2022-01-20,8,PRODUCE,204.599,0,Guayas,C,1,1025,54.78,20.46,0
1115,2022-01-21,1,BEVERAGES,344.095,0,Pichincha,D,2,1127,54.42,20.49,0
2575,2022-01-21,1,CLEANING,178.081,0,Pichincha,D,2,1127,54.42,20.49,0
385,2022-01-21,1,GROCERY I,610.982,0,Pichincha,D,2,1127,54.42,20.49,0
1845,2022-01-21,1,PRODUCE,213.461,0,Pichincha,D,2,1127,54.42,20.49,0
4035,2022-01-21,2,BEVERAGES,424.463,22,Pichincha,D,3,995,54.42,20.49,0
5495,2022-01-21,2,CLEANING,144.545,6,Pichincha,D,3,995,54.42,20.49,0
3305,2022-01-21,2,GROCERY I,564.699,0,Pichincha,D,3,995,54.42,20.49,0
4765,2022-01-21,2,PRODUCE,247.806,0,Pichincha,D,3,995,54.42,20.49,0
6955,2022-01-21,3,BEVERAGES,440.423,0,Guayas,A,4,1483,54.42,20.49,0
8415,2022-01-21,3,CLEANING,266.928,20,Guayas,A,4,1483,54.42,20.49,0
6225,2022-01-21,3,GROCERY I,858.814,0,Guayas,A,4,1483,54.42,20.49,0
7685,2022-01-21,3,PRODUCE,349.812,0,Guayas,A,4,1483,54.42,20.49,0
9875,2022-01-21,5,BEVERAGES,230.215,0,Azuay,B,2,670,54.42,20.49,0
11335,2022-01-21,5,CLEANING,96.67,0,Azuay,B,2,670,54.42,20.49,0
9145,2022-01-21,5,GROCERY I,454.645,20,Azuay,B,2,670,54.42,20.49,0
10605,2022-01-21,5,PRODUCE,156.254,0,Azuay,B,2,670,54.42,20.49,0
12795,2022-01-21,8,BEVERAGES,419.544,0,Guayas,C,1,1244,54.42,20.49,0
14255,2022-01-21,8,CLEANING,158.408,0,Guayas,C,1,1244,54.42,20.49,0
12065,2022-01-21,8,GROCERY I,605.361,0,Guayas,C,1,1244,54.42,20.49,0
13525,2022-01-21,8,PRODUCE,291.03,0,Guayas,C,1,1244,54.42,20.49,0
1116,2022-01-22,1,BEVERAGES,470.758,0,Pichincha,D,2,1306,54.62,22.04,0
2576,2022-01-22,1,CLEANING,193.574,0,Pichincha,D,2,1306,54.62,22.04,0
386,2022-01-22,1,GROCERY I,652.827,0,Pichincha,D,2,1306,54.62,22.04,0
1846,2022-01-22,1,PRODUCE,334.955,0,Pichincha,D,2,1306,54.62,22.04,0
4036,2022-01-22,2,BEVERAGES,376.897,0,Pichincha,D,3,1120,54.62,22.04,0
5496,2022-01-22,2,CLEANING,165.413,0,Pichincha,D,3,1120,54.62,22.04,0
3306,2022-01-22,2,GROCERY I,624.217,0,Pichincha,D,3,1120,54.62,22.04,0
4766,2022-01-22,2,PRODUCE,221.753,0,Pichincha,D,3,1120,54.62,22.04,0
6956,2022-01-22,3,BEVERAGES,662.192,0,Guayas,A,4,1838,54.62,22.04,0
8416,2022-01-22,3,CLEANING,297.66,0,Guayas,A,4,1838,54.62,22.04,0
6226,2022-01-22,3,GROCERY I,1031.522,0,Guayas,A,4,1838,54.62,22.04,0
7686,2022-01-22,3,PRODUCE,475.796,0,Guayas,A,4,1838,54.62,22.04,0
9876,2022-01-22,5,BEVERAGES,234.741,0,Azuay,B,2,888,54.62,22.04,0
11336,2022-01-22,5,CLEANING,141.988,1,Azuay,B,2,888,54.62,22.04,0
9146,2022-01-22,5,GROCERY I,415.151,0,Azuay,B,2,888,54.62,22.04,0
10606,2022-01-22,5,PRODUCE,213.582,0,Azuay,B,2,888,54.62,22.04,0
12796,2022-01-22,8,BEVERAGES,500.747,0,Guayas,C,1,1496,54.62,22.04,0
14256,2022-01-22,8,CLEANING,302.745,6,Guayas,C,1,1496,54.62,22.04,0
12066,2022-01-22,8,GROCERY I,768.219,0,Guayas,C,1,1496,54.62,22.04,0
13526,2022-01-22,8,PRODUCE,358.88,0,Guayas,C,1,1496,54.62,22.04,0
1117,2022-01-23,1,BEVERAGES,389.904,0,Pichincha,D,2,1169,54.85,20.01,0
2577,2022-01-23,1,CLEANING,167.763,0,Pichincha,D,2,1169,54.85,20.01,0
387,2022-01-23,1,GROCERY I,750.954,0,Pichincha,D,2,1169,54.85,20.01,0
1847,2022-01-23,1,PRODUCE,267.949,0,Pichincha,D,2,1169,54.85,20.01,0
4037,2022-01-23,2,BEVERAGES,356.474,0,Pichincha,D,3,1035,54.85,20.01,0
5497,2022-01-23,2,CLEANING,147.099,0,Pichincha,D,3,1035,54.85,20.01,0
3307,2022-01-23,2,GROCERY I,516.513,0,Pichincha,D,3,1035,54.85,20.01,0
4767,2022-01-23,2,PRODUCE,243.847,0,Pichincha,D,3,1035,54.85,20.01,0
6957,2022-01-23,3,BEVERAGES,517.336,0,Guayas,A,4,1547,54.85,20.01,0
8417,2022-01-23,3,CLEANING,241.496,0,Guayas,A,4,1547,54.85,20.01,0
6227,2022-01-23,3,GROCERY I,742.924,0,Guayas,A,4,1547,54.85,20.01,0
7687,2022-01-23,3,PRODUCE,436.413,0,Guayas,A,4,1547,54.85,20.01,0
9877,2022-01-23,5,BEVERAGES,228.197,0,Azuay,B,2,660,54.85,20.01,0
11337,2022-01-23,5,CLEANING,108.631,0,Azuay,B,2,660,54.85,20.01,0
9147,2022-01-23,5,GROCERY I,405.163,0,Azuay,B,2,660,54.85,20.01,0
10607,2022-01-23,5,PRODUCE,159.806,0,Azuay,B,2,660,54.85,20.01,0
12797,2022-01-23,8,BEVERAGES,630.743,24,Guayas,C,1,1258,54.85,20.01,0
14257,2022-01-23,8,CLEANING,185.067,0,Guayas,C,1,1258,54.85,20.01,0
12067,2022-01-23,8,GROCERY I,698.949,0,Guayas,C,1,1258,54.85,20.01,0
13527,2022-01-23,8,PRODUCE,347.697,5,Guayas,C,1,1258,54.85,20.01,0
1118,2022-01-24,1,BEVERAGES,364.673,0,Pichincha,D,2,955,54.98,21.08,0
2578,2022-01-24,1,CLEANING,145.892,0,Pichincha,D,2,955,54.98,21.08,0
388,2022-01-24,1,GROCERY I,500.188,0,Pichincha,D,2,955,54.98,21.08,0
1848,2022-01-24,1,PRODUCE,242.392,0,Pichincha,D,2,955,54.98,21.08,0
4038,2022-01-24,2,BEVERAGES,274.276,0,Pichincha,D,3,870,54.98,21.08,0
5498,2022-01-24,2,CLEANING,146.284,4,Pichincha,D,3,870,54.98,21.08,0
3308,2022-01-24,2,GROCERY I,415.088,0,Pichincha,D,3,870,54.98,21.08,0
4768,2022-01-24,2,PRODUCE,207.403,0,Pichincha,D,3,870,54.98,21.08,0
6958,2022-01-24,3,BEVERAGES,518.091,0,Guayas,A,4,1309,54.98,21.08,0
8418,2022-01-24,3,CLEANING,194.071,0,Guayas,A,4,1309,54.98,21.08,0
6228,2022-01-24,3,GROCERY I,653.881,0,Guayas,A,4,1309,54.98,21.08,0
7688,2022-01-24,3,PRODUCE,325.781,0,Guayas,A,4,1309,54.98,21.08,0
9878,2022-01-24,5,BEVERAGES,230.956,16,Azuay,B,2,567,54.98,21.08,0
11338,2022-01-24,5,CLEANING,78.438,0,Azuay,B,2,567,54.98,21.08,0
9148,2022-01-24,5,GROCERY I,330.799,8,Azuay,B,2,567,54.98,21.08,0
10608,2022-01-24,5,PRODUCE,153.841,0,Azuay,B,2,567,54.98,21.08,0
12798,2022-01-24,8,BEVERAGES,355.379,0,Guayas,C,1,1045,54.98,21.08,0
14258,2022-01-24,8,CLEANING,157.589,0,Guayas,C,1,1045,54.98,21.08,0
12068,2022-01-24,8,GROCERY I,611.864,0,Guayas,C,1,1045,54.98,21.08,0
13528,2022-01-24,8,PRODUCE,256.388,0,Guayas,C,1,1045,54.98,21.08,0
1119,2022-01-25,1,BEVERAGES,332.063,0,Pichincha,D,2,856,54.34,19.27,0
2579,2022-01-25,1,CLEANING,98.784,0,Pichincha,D,2,856,54.34,19.27,0
389,2022-01-25,1,GROCERY I,686.761,17,Pichincha,D,2,856,54.34,19.27,0
1849,2022-01-25,1,PRODUCE,232.893,0,Pichincha,D,2,856,54.34,19.27,0
4039,2022-01-25,2,BEVERAGES,272.688,0,Pichincha,D,3,712,54.34,19.27,0
5499,2022-01-25,2,CLEANING,100.79,0,Pichincha,D,3,712,54.34,19.27,0
3309,2022-01-25,2,GROCERY I,374.547,0,Pichincha,D,3,712,54.34,19.27,0
4769,2022-01-25,2,PRODUCE,186.945,0,Pichincha,D,3,712,54.34,19.27,0
6959,2022-01-25,3,BEVERAGES,481.829,0,Guayas,A,4,1148,54.34,19.27,0
8419,2022-01-25,3,CLEANING,208.564,0,Guayas,A,4,1148,54.34,19.27,0
6229,2022-01-25,3,GROCERY I,630.944,0,Guayas,A,4,1148,54.34,19.27,0
7689,2022-01-25,3,PRODUCE,313.879,0,Guayas,A,4,1148,54.34,19.27,0
9879,2022-01-25,5,BEVERAGES,192.206,0,Azuay,B,2,557,54.34,19.27,0
11339,2022-01-25,5,CLEANING,89.555,0,Azuay,B,2,557,54.34,19.27,0
9149,2022-01-25,5,GROCERY I,301.074,0,Azuay,B,2,557,54.34,19.27,0
10609,2022-01-25,5,PRODUCE,172.679,9,Azuay,B,2,557,54.34,19.27,0
12799,2022-01-25,8,BEVERAGES,385.229,0,Guayas,C,1,1026,54.34,19.27,0
14259,2022-01-25,8,CLEANING,181.972,10,Guayas,C,1,1026,54.34,19.27,0
12069,2022-01-25,8,GROCERY I,527.247,0,Guayas,C,1,1026,54.34,19.27,0
13529,2022-01-25,8,PRODUCE,250.41,0,Guayas,C,1,1026,54.34,19.27,0
1120,2022-01-26,1,BEVERAGES,310.544,0,Pichincha,D,2,916,53.3,21.36,0
2580,2022-01-26,1,CLEANING,130.637,0,Pichincha,D,2,916,53.3,21.36,0
390,2022-01-26,1,GROCERY I,512.436,0,Pichincha,D,2,916,53.3,21.36,0
1850,2022-01-26,1,PRODUCE,248.42,0,Pichincha,D,2,916,53.3,21.36,0
4040,2022-01-26,2,BEVERAGES,339.274,15,Pichincha,D,3,865,53.3,21.36,0
5500,2022-01-26,2,CLEANING,93.046,0,Pichincha,D,3,865,53.3,21.36,0
3310,2022-01-26,2,GROCERY I,457.169,0,Pichincha,D,3,865,53.3,21.36,0
4770,2022-01-26,2,PRODUCE,212.945,0,Pichincha,D,3,865,53.3,21.36,0
6960,2022-01-26,3,BEVERAGES,433.193,0,Guayas,A,4,1242,53.3,21.36,0
8420,2022-01-26,3,CLEANING,233.862,0,Guayas,A,4,1242,53.3,21.36,0
6230,2022-01-26,3,GROCERY I,650.395,0,Guayas,A,4,1242,53.3,21.36,0
7690,2022-01-26,3,PRODUCE,439.92,12,Guayas,A,4,1242,53.3,21.36,0
9880,2022-01-26,5,BEVERAGES,214.388,0,Azuay,B,2,547,53.3,21.36,0
11340,2022-01-26,5,CLEANING,87.955,0,Azuay,B,2,547,53.3,21.36,0
9150,2022-01-26,5,GROCERY I,307.651,0,Azuay,B,2,547,53.3,21.36,0
10610,2022-01-26,5,PRODUCE,122.071,0,Azuay,B,2,547,53.3,21.36,0
12800,2022-01-26,8,BEVERAGES,326.659,0,Guayas,C,1,1035,53.3,21.36,0
14260,2022-01-26,8,CLEANING,151.116,0,Guayas,C,1,1035,53.3,21.36,0
12070,2022-01-26,8,GROCERY I,486.35,0,Guayas,C,1,1035,53.3,21.36,0
13530,2022-01-26,8,PRODUCE,273.051,0,Guayas,C,1,1035,53.3,21.36,0
1121,2022-01-27,1,BEVERAGES,351.925,0,Pichincha,D,2,942,53.33,20.8,0
2581,2022-01-27,1,CLEANING,131.431,0,Pichincha,D,2,942,53.33,20.8,0
391,2022-01-27,1,GROCERY I,611.033,0,Pichincha,D,2,942,53.33,20.8,0
1851,2022-01-27,1,PRODUCE,279.323,0,Pichincha,D,2,942,53.33,20.8,0
4041,2022-01-27,2,BEVERAGES,296.505,0,Pichincha,D,3,830,53.33,20.8,0
5501,2022-01-27,2,CLEANING,121.849,0,Pichincha,D,3,830,53.33,20.8,0
3311,2022-01-27,2,GROCERY I,470.311,0,Pichincha,D,3,830,53.33,20.8,0
4771,2022-01-27,2,PRODUCE,225.406,0,Pichincha,D,3,830,53.33,20.8,0
6961,2022-01-27,3,BEVERAGES,457.379,0,Guayas,A,4,1244,53.33,20.8,0
8421,2022-01-27,3,CLEANING,209.035,0,Guayas,A,4,1244,53.33,20.8,0
6231,2022-01-27,3,GROCERY I,659.497,0,Guayas,A,4,1244,53.33,20.8,0
7691,2022-01-27,3,PRODUCE,337.332,0,Guayas,A,4,1244,53.33,20.8,0
9881,2022-01-27,5,BEVERAGES,191.835,0,Azuay,B,2,562,53.33,20.8,0
11341,2022-01-27,5,CLEANING,80.251,0,Azuay,B,2,562,53.33,20.8,0
9151,2022-01-27,5,GROCERY I,316.259,0,Azuay,B,2,562,53.33,20.8,0
10611,2022-01-27,5,PRODUCE,157.631,0,Azuay,B,2,562,53.33,20.8,0
12801,2022-01-27,8,BEVERAGES,370.943,0,Guayas,C,1,1066,53.33,20.8,0
14261,2022-01-27,8,CLEANING,147.021,0,Guayas,C,1,1066,53.33,20.8,0
12071,2022-01-27,8,GROCERY I,511.083,0,Guayas,C,1,1066,53.33,20.8,0
13531,2022-01-27,8,PRODUCE,289.027,0,Guayas,C,1,1066,53.33,20.8,0
1122,2022-01-28,1,BEVERAGES,484.764,5,Pichincha,D,2,1157,53.11,19.81,0
2582,2022-01-28,1,CLEANING,192.966,0,Pichincha,D,2,1157,53.11,19.81,0
392,2022-01-28,1,GROCERY I,657.723,0,Pichincha,D,2,1157,53.11,19.81,0
1852,2022-01-28,1,PRODUCE,293.953,0,Pichincha,D,2,1157,53.11,19.81,0
4042,2022-01-28,2,BEVERAGES,342.699,0,Pichincha,D,3,939,53.11,19.81,0
5502,2022-01-28,2,CLEANING,149.246,0,Pichincha,D,3,939,53.11,19.81,0
3312,2022-01-28,2,GROCERY I,534.737,0,Pichincha,D,3,939,53.11,19.81,0
4772,2022-01-28,2,PRODUCE,220.342,0,Pichincha,D,3,939,53.11,19.81,0
6962,2022-01-28,3,BEVERAGES,634.477,0,Guayas,A,4,1498,53.11,19.81,0
8422,2022-01-28,3,CLEANING,246.131,0,Guayas,A,4,1498,53.11,19.81,0
6232,2022-01-28,3,GROCERY I,869.99,0,Guayas,A,4,1498,53.11,19.81,0
7692,2022-01-28,3,PRODUCE,380.363,0,Guayas,A,4,1498,53.11,19.81,0
9882,2022-01-28,5,BEVERAGES,238.778,0,Azuay,B,2,637,53.11,19.81,0
11342,2022-01-28,5,CLEANING,101.585,0,Azuay,B,2,637,53.11,19.81,0
9152,2022-01-28,5,GROCERY I,369.547,0,Azuay,B,2,637,53.11,19.81,0
10612,2022-01-28,5,PRODUCE,185.512,10,Azuay,B,2,637,53.11,19.81,0
12802,2022-01-28,8,BEVERAGES,417.592,0,Guayas,C,1,1220,53.11,19.81,0
14262,2022-01-28,8,CLEANING,190.243,0,Guayas,C,1,1220,53.11,19.81,0
12072,2022-01-28,8,GROCERY I,655.381,0,Guayas,C,1,1220,53.11,19.81,0
13532,2022-01-28,8,PRODUCE,327.696,0,Guayas,C,1,1220,53.11,19.81,0
1123,2022-01-29,1,BEVERAGES,699.328,10,Pichincha,D,2,1380,53.32,20.6,0
2583,2022-01-29,1,CLEANING,201.56,0,Pichincha,D,2,1380,53.32,20.6,0
393,2022-01-29,1,GROCERY I,834.487,0,Pichincha,D,2,1380,53.32,20.6,0
1853,2022-01-29,1,PRODUCE,428.097,0,Pichincha,D,2,1380,53.32,20.6,0
4043,2022-01-29,2,BEVERAGES,467.462,0,Pichincha,D,3,1115,53.32,20.6,0
5503,2022-01-29,2,CLEANING,228.569,4,Pichincha,D,3,1115,53.32,20.6,0
3313,2022-01-29,2,GROCERY I,631.811,0,Pichincha,D,3,1115,53.32,20.6,0
4773,2022-01-29,2,PRODUCE,312.257,0,Pichincha,D,3,1115,53.32,20.6,0
6963,2022-01-29,3,BEVERAGES,778.776,0,Guayas,A,4,1818,53.32,20.6,0
8423,2022-01-29,3,CLEANING,252.762,0,Guayas,A,4,1818,53.32,20.6,0
6233,2022-01-29,3,GROCERY I,1176.019,0,Guayas,A,4,1818,53.32,20.6,0
7693,2022-01-29,3,PRODUCE,429.973,0,Guayas,A,4,1818,53.32,20.6,0
9883,2022-01-29,5,BEVERAGES,291.205,16,Azuay,B,2,824,53.32,20.6,0
11343,2022-01-29,5,CLEANING,133.451,0,Azuay,B,2,824,53.32,20.6,0
9153,2022-01-29,5,GROCERY I,449.737,0,Azuay,B,2,824,53.32,20.6,0
10613,2022-01-29,5,PRODUCE,227.311,0,Azuay,B,2,824,53.32,20.6,0
12803,2022-01-29,8,BEVERAGES,575.104,0,Guayas,C,1,1501,53.32,20.6,0
14263,2022-01-29,8,CLEANING,235.411,0,Guayas,C,1,1501,53.32,20.6,0
12073,2022-01-29,8,GROCERY I,734.827,0,Guayas,C,1,1501,53.32,20.6,0
13533,2022-01-29,8,PRODUCE,428.111,0,Guayas,C,1,1501,53.32,20.6,0
1124,2022-01-30,1,BEVERAGES,460.243,0,Pichincha,D,2,1157,53.64,20.74,0
2584,2022-01-30,1,CLEANING,174.667,0,Pichincha,D,2,1157,53.64,20.74,0
394,2022-01-30,1,GROCERY I,723.157,0,Pichincha,D,2,1157,53.64,20.74,0
1854,2022-01-30,1,PRODUCE,317.813,0,Pichincha,D,2,1157,53.64,20.74,0
4044,2022-01-30,2,BEVERAGES,454.635,9,Pichincha,D,3,1000,53.64,20.74,0
5504,2022-01-30,2,CLEANING,177.741,16,Pichincha,D,3,1000,53.64,20.74,0
3314,2022-01-30,2,GROCERY I,521.816,0,Pichincha,D,3,1000,53.64,20.74,0
4774,2022-01-30,2,PRODUCE,232.012,0,Pichincha,D,3,1000,53.64,20.74,0
6964,2022-01-30,3,BEVERAGES,541.658,0,Guayas,A,4,1738,53.64,20.74,0
8424,2022-01-30,3,CLEANING,256.183,0,Guayas,A,4,1738,53.64,20.74,0
6234,2022-01-30,3,GROCERY I,926.292,0,Guayas,A,4,1738,53.64,20.74,0
7694,2022-01-30,3,PRODUCE,467.723,0,Guayas,A,4,1738,53.64,20.74,0
9884,2022-01-30,5,BEVERAGES,259.031,0,Azuay,B,2,708,53.64,20.74,0
11344,2022-01-30,5,CLEANING,99.368,0,Azuay,B,2,708,53.64,20.74,0
9154,2022-01-30,5,GROCERY I,357.436,0,Azuay,B,2,708,53.64,20.74,0
10614,2022-01-30,5,PRODUCE,183.798,0,Azuay,B,2,708,53.64,20.74,0
12804,2022-01-30,8,BEVERAGES,471.399,0,Guayas,C,1,1301,53.64,20.74,0
14264,2022-01-30,8,CLEANING,241.342,15,Guayas,C,1,1301,53.64,20.74,0
12074,2022-01-30,8,GROCERY I,795.21,0,Guayas,C,1,1301,53.64,20.74,0
13534,2022-01-30,8,PRODUCE,360.676,0,Guayas,C,1,1301,53.64,20.74,0
1125,2022-01-31,1,BEVERAGES,443.909,18,Pichincha,D,2,919,53.7,20.69,0
2585,2022-01-31,1,CLEANING,143.281,0,Pichincha,D,2,919,53.7,20.69,0
395,2022-01-31,1,GROCERY I,561.171,0,Pichincha,D,2,919,53.7,20.69,0
1855,2022-01-31,1,PRODUCE,214.823,0,Pichincha,D,2,919,53.7,20.69,0
4045,2022-01-31,2,BEVERAGES,346.73,0,Pichincha,D,3,700,53.7,20.69,0
5505,2022-01-31,2,CLEANING,126.001,0,Pichincha,D,3,700,53.7,20.69,0
3315,2022-01-31,2,GROCERY I,351.508,0,Pichincha,D,3,700,53.7,20.69,0
4775,2022-01-31,2,PRODUCE,200.287,0,Pichincha,D,3,700,53.7,20.69,0
6965,2022-01-31,3,BEVERAGES,510.455,24,Guayas,A,4,1250,53.7,20.69,0
8425,2022-01-31,3,CLEANING,195.07,0,Guayas,A,4,1250,53.7,20.69,0
6235,2022-01-31,3,GROCERY I,640.112,0,Guayas,A,4,1250,53.7,20.69,0
7695,2022-01-31,3,PRODUCE,315.709,0,Guayas,A,4,1250,53.7,20.69,0
9885,2022-01-31,5,BEVERAGES,180.622,0,Azuay,B,2,491,53.7,20.69,0
11345,2022-01-31,5,CLEANING,76.945,0,Azuay,B,2,491,53.7,20.69,0
9155,2022-01-31,5,GROCERY I,275.124,0,Azuay,B,2,491,53.7,20.69,0
10615,2022-01-31,5,PRODUCE,119.768,0,Azuay,B,2,491,53.7,20.69,0
12805,2022-01-31,8,BEVERAGES,400.518,0,Guayas,C,1,1025,53.7,20.69,0
14265,2022-01-31,8,CLEANING,159.021,0,Guayas,C,1,1025,53.7,20.69,0
12075,2022-01-31,8,GROCERY I,624.175,0,Guayas,C,1,1025,53.7,20.69,0
13535,2022-01-31,8,PRODUCE,258.891,0,Guayas,C,1,1025,53.7,20.69,0
1126,2022-02-01,1,BEVERAGES,301.752,1,Pichincha,D,2,934,54.04,23.62,0
2586,2022-02-01,1,CLEANING,129.168,0,Pichincha,D,2,934,54.04,23.62,0
396,2022-02-01,1,GROCERY I,519.709,0,Pichincha,D,2,934,54.04,23.62,0
1856,2022-02-01,1,PRODUCE,219.284,0,Pichincha,D,2,934,54.04,23.62,0
4046,2022-02-01,2,BEVERAGES,267.552,0,Pichincha,D,3,735,54.04,23.62,0
5506,2022-02-01,2,CLEANING,116.582,0,Pichincha,D,3,735,54.04,23.62,0
3316,2022-02-01,2,GROCERY I,359.979,0,Pichincha,D,3,735,54.04,23.62,0
4776,2022-02-01,2,PRODUCE,244.232,20,Pichincha,D,3,735,54.04,23.62,0
6966,2022-02-01,3,BEVERAGES,426.814,0,Guayas,A,4,1160,54.04,23.62,0
8426,2022-02-01,3,CLEANING,198.745,0,Guayas,A,4,1160,54.04,23.62,0
6236,2022-02-01,3,GROCERY I,616.256,0,Guayas,A,4,1160,54.04,23.62,0
7696,2022-02-01,3,PRODUCE,302.143,0,Guayas,A,4,1160,54.04,23.62,0
9886,2022-02-01,5,BEVERAGES,181.39,0,Azuay,B,2,581,54.04,23.62,0
11346,2022-02-01,5,CLEANING,87.386,0,Azuay,B,2,581,54.04,23.62,0
9156,2022-02-01,5,GROCERY I,369.678,5,Azuay,B,2,581,54.04,23.62,0
10616,2022-02-01,5,PRODUCE,116.965,0,Azuay,B,2,581,54.04,23.62,0
12806,2022-02-01,8,BEVERAGES,361.292,0,Guayas,C,1,1017,54.04,23.62,0
14266,2022-02-01,8,CLEANING,200.414,13,Guayas,C,1,1017,54.04,23.62,0
12076,2022-02-01,8,GROCERY I,552.178,0,Guayas,C,1,1017,54.04,23.62,0
13536,2022-02-01,8,PRODUCE,255.632,0,Guayas,C,1,1017,54.04,23.62,0
1127,2022-02-02,1,BEVERAGES,335.324,0,Pichincha,D,2,925,54.14,21.07,0
2587,2022-02-02,1,CLEANING,136.344,0,Pichincha,D,2,925,54.14,21.07,0
397,2022-02-02,1,GROCERY I,511.405,0,Pichincha,D,2,925,54.14,21.07,0
1857,2022-02-02,1,PRODUCE,231.38,0,Pichincha,D,2,925,54.14,21.07,0
4047,2022-02-02,2,BEVERAGES,299.922,0,Pichincha,D,3,759,54.14,21.07,0
5507,2022-02-02,2,CLEANING,129.562,0,Pichincha,D,3,759,54.14,21.07,0
3317,2022-02-02,2,GROCERY I,486.692,20,Pichincha,D,3,759,54.14,21.07,0
4777,2022-02-02,2,PRODUCE,181.208,0,Pichincha,D,3,759,54.14,21.07,0
6967,2022-02-02,3,BEVERAGES,472.387,0,Guayas,A,4,1205,54.14,21.07,0
8427,2022-02-02,3,CLEANING,183.972,0,Guayas,A,4,1205,54.14,21.07,0
6237,2022-02-02,3,GROCERY I,680.22,0,Guayas,A,4,1205,54.14,21.07,0
7697,2022-02-02,3,PRODUCE,353.27,0,Guayas,A,4,1205,54.14,21.07,0
9887,2022-02-02,5,BEVERAGES,201.668,0,Azuay,B,2,503,54.14,21.07,0
11347,2022-02-02,5,CLEANING,86.143,0,Azuay,B,2,503,54.14,21.07,0
9157,2022-02-02,5,GROCERY I,289.5,0,Azuay,B,2,503,54.14,21.07,0
10617,2022-02-02,5,PRODUCE,132.239,0,Azuay,B,2,503,54.14,21.07,0
12807,2022-02-02,8,BEVERAGES,304.719,0,Guayas,C,1,993,54.14,21.07,0
14267,2022-02-02,8,CLEANING,180.983,1,Guayas,C,1,993,54.14,21.07,0
12077,2022-02-02,8,GROCERY I,558.456,0,Guayas,C,1,993,54.14,21.07,0
13537,2022-02-02,8,PRODUCE,247.168,0,Guayas,C,1,993,54.14,21.07,0
1128,2022-02-03,1,BEVERAGES,424.426,0,Pichincha,D,2,895,54.38,20.93,0
2588,2022-02-03,1,CLEANING,151.194,0,Pichincha,D,2,895,54.38,20.93,0
398,2022-02-03,1,GROCERY I,648.819,0,Pichincha,D,2,895,54.38,20.93,0
1858,2022-02-03,1,PRODUCE,267.167,0,Pichincha,D,2,895,54.38,20.93,0
4048,2022-02-03,2,BEVERAGES,273.4,0,Pichincha,D,3,766,54.38,20.93,0
5508,2022-02-03,2,CLEANING,122.056,0,Pichincha,D,3,766,54.38,20.93,0
3318,2022-02-03,2,GROCERY I,416.525,0,Pichincha,D,3,766,54.38,20.93,0
4778,2022-02-03,2,PRODUCE,271.197,20,Pichincha,D,3,766,54.38,20.93,0
6968,2022-02-03,3,BEVERAGES,459.511,0,Guayas,A,4,1225,54.38,20.93,0
8428,2022-02-03,3,CLEANING,250.94,20,Guayas,A,4,1225,54.38,20.93,0
6238,2022-02-03,3,GROCERY I,650.946,0,Guayas,A,4,1225,54.38,20.93,0
7698,2022-02-03,3,PRODUCE,405.121,0,Guayas,A,4,1225,54.38,20.93,0
9888,2022-02-03,5,BEVERAGES,214.432,0,Azuay,B,2,511,54.38,20.93,0
11348,2022-02-03,5,CLEANING,114.953,20,Azuay,B,2,511,54.38,20.93,0
9158,2022-02-03,5,GROCERY I,330.189,0,Azuay,B,2,511,54.38,20.93,0
10618,2022-02-03,5,PRODUCE,156.759,0,Azuay,B,2,511,54.38,20.93,0
12808,2022-02-03,8,BEVERAGES,466.144,19,Guayas,C,1,971,54.38,20.93,0
14268,2022-02-03,8,CLEANING,173.781,0,Guayas,C,1,971,54.38,20.93,0
12078,2022-02-03,8,GROCERY I,788.69,13,Guayas,C,1,971,54.38,20.93,0
13538,2022-02-03,8,PRODUCE,247.124,0,Guayas,C,1,971,54.38,20.93,0
1129,2022-02-04,1,BEVERAGES,477.929,0,Pichincha,D,2,1159,54.07,18.41,0
2589,2022-02-04,1,CLEANING,172.251,0,Pichincha,D,2,1159,54.07,18.41,0
399,2022-02-04,1,GROCERY I,607.151,0,Pichincha,D,2,1159,54.07,18.41,0
1859,2022-02-04,1,PRODUCE,277.178,0,Pichincha,D,2,1159,54.07,18.41,0
4049,2022-02-04,2,BEVERAGES,393.493,0,Pichincha,D,3,994,54.07,18.41,0
5509,2022-02-04,2,CLEANING,123.724,0,Pichincha,D,3,994,54.07,18.41,0
3319,2022-02-04,2,GROCERY I,555.157,0,Pichincha,D,3,994,54.07,18.41,0
4779,2022-02-04,2,PRODUCE,236.71,0,Pichincha,D,3,994,54.07,18.41,0
6969,2022-02-04,3,BEVERAGES,598.965,0,Guayas,A,4,1517,54.07,18.41,0
8429,2022-02-04,3,CLEANING,254.503,0,Guayas,A,4,1517,54.07,18.41,0
6239,2022-02-04,3,GROCERY I,915.58,0,Guayas,A,4,1517,54.07,18.41,0
7699,2022-02-04,3,PRODUCE,417.688,0,Guayas,A,4,1517,54.07,18.41,0
9889,2022-02-04,5,BEVERAGES,212.735,0,Azuay,B,2,651,54.07,18.41,0
11349,2022-02-04,5,CLEANING,105.554,0,Azuay,B,2,651,54.07,18.41,0
9159,2022-02-04,5,GROCERY I,431.882,0,Azuay,B,2,651,54.07,18.41,0
10619,2022-02-04,5,PRODUCE,171.031,0,Azuay,B,2,651,54.07,18.41,0
12809,2022-02-04,8,BEVERAGES,402.943,0,Guayas,C,1,1278,54.07,18.41,0
14269,2022-02-04,8,CLEANING,192.358,0,Guayas,C,1,1278,54.07,18.41,0
12079,2022-02-04,8,GROCERY I,769.574,0,Guayas,C,1,1278,54.07,18.41,0
13539,2022-02-04,8,PRODUCE,344.591,0,Guayas,C,1,1278,54.07,18.41,0
1130,2022-02-05,1,BEVERAGES,427.45,0,Pichincha,D,2,1313,53.99,20.16,0
2590,2022-02-05,1,CLEANING,206.688,0,Pichincha,D,2,1313,53.99,20.16,0
400,2022-02-05,1,GROCERY I,794.13,0,Pichincha,D,2,1313,53.99,20.16,0
1860,2022-02-05,1,PRODUCE,354.078,0,Pichincha,D,2,1313,53.99,20.16,0
4050,2022-02-05,2,BEVERAGES,479.445,1,Pichincha,D,3,1148,53.99,20.16,0
5510,2022-02-05,2,CLEANING,174.883,0,Pichincha,D,3,1148,53.99,20.16,0
3320,2022-02-05,2,GROCERY I,850.494,24,Pichincha,D,3,1148,53.99,20.16,0
4780,2022-02-05,2,PRODUCE,282.207,0,Pichincha,D,3,1148,53.99,20.16,0
6970,2022-02-05,3,BEVERAGES,812.374,0,Guayas,A,4,1922,53.99,20.16,0
8430,2022-02-05,3,CLEANING,413.974,15,Guayas,A,4,1922,53.99,20.16,0
6240,2022-02-05,3,GROCERY I,1200.356,0,Guayas,A,4,1922,53.99,20.16,0
7700,2022-02-05,3,PRODUCE,484.391,0,Guayas,A,4,1922,53.99,20.16,0
9890,2022-02-05,5,BEVERAGES,315.101,0,Azuay,B,2,777,53.99,20.16,0
11350,2022-02-05,5,CLEANING,120.417,0,Azuay,B,2,777,53.99,20.16,0
9160,2022-02-05,5,GROCERY I,436.332,0,Azuay,B,2,777,53.99,20.16,0
10620,2022-02-05,5,PRODUCE,204.895,0,Azuay,B,2,777,53.99,20.16,0
12810,2022-02-05,8,BEVERAGES,578.915,0,Guayas,C,1,1516,53.99,20.16,0
14270,2022-02-05,8,CLEANING,265.613,0,Guayas,C,1,1516,53.99,20.16,0
12080,2022-02-05,8,GROCERY I,792.083,0,Guayas,C,1,1516,53.99,20.16,0
13540,2022-02-05,8,PRODUCE,344.671,0,Guayas,C,1,1516,53.99,20.16,0
1131,2022-02-06,1,BEVERAGES,435.171,0,Pichincha,D,2,1254,54.07,21.11,0
2591,2022-02-06,1,CLEANING,208.273,12,Pichincha,D,2,1254,54.07,21.11,0
401,2022-02-06,1,GROCERY I,694.301,0,Pichincha,D,2,1254,54.07,21.11,0
1861,2022-02-06,1,PRODUCE,313.189,0,Pichincha,D,2,1254,54.07,21.11,0
4051,2022-02-06,2,BEVERAGES,381.526,0,Pichincha,D,3,983,54.07,21.11,0
5511,2022-02-06,2,CLEANING,154.912,0,Pichincha,D,3,983,54.07,21.11,0
3321,2022-02-06,2,GROCERY I,560.907,0,Pichincha,D,3,983,54.07,21.11,0
4781,2022-02-06,2,PRODUCE,276.63,0,Pichincha,D,3,983,54.07,21.11,0
6971,2022-02-06,3,BEVERAGES,527.24,0,Guayas,A,4,1622,54.07,21.11,0
8431,2022-02-06,3,CLEANING,288.758,0,Guayas,A,4,1622,54.07,21.11,0
6241,2022-02-06,3,GROCERY I,886.2,0,Guayas,A,4,1622,54.07,21.11,0
7701,2022-02-06,3,PRODUCE,428.16,0,Guayas,A,4,1622,54.07,21.11,0
9891,2022-02-06,5,BEVERAGES,312.079,19,Azuay,B,2,703,54.07,21.11,0
11351,2022-02-06,5,CLEANING,94.648,0,Azuay,B,2,703,54.07,21.11,0
9161,2022-02-06,5,GROCERY I,376.005,0,Azuay,B,2,703,54.07,21.11,0
10621,2022-02-06,5,PRODUCE,182.833,0,Azuay,B,2,703,54.07,21.11,0
12811,2022-02-06,8,BEVERAGES,514.868,0,Guayas,C,1,1316,54.07,21.11,0
14271,2022-02-06,8,CLEANING,179.617,0,Guayas,C,1,1316,54.07,21.11,0
12081,2022-02-06,8,GROCERY I,855.579,8,Guayas,C,1,1316,54.07,21.11,0
13541,2022-02-06,8,PRODUCE,342.131,0,Guayas,C,1,1316,54.07,21.11,0
1132,2022-02-07,1,BEVERAGES,312.994,0,Pichincha,D,2,975,54.44,20.59,0
2592,2022-02-07,1,CLEANING,131.888,0,Pichincha,D,2,975,54.44,20.59,0
402,2022-02-07,1,GROCERY I,563.079,0,Pichincha,D,2,975,54.44,20.59,0
1862,2022-02-07,1,PRODUCE,239.012,0,Pichincha,D,2,975,54.44,20.59,0
4052,2022-02-07,2,BEVERAGES,280.383,0,Pichincha,D,3,775,54.44,20.59,0
5512,2022-02-07,2,CLEANING,126.064,0,Pichincha,D,3,775,54.44,20.59,0
3322,2022-02-07,2,GROCERY I,501.117,0,Pichincha,D,3,775,54.44,20.59,0
4782,2022-02-07,2,PRODUCE,188.496,0,Pichincha,D,3,775,54.44,20.59,0
6972,2022-02-07,3,BEVERAGES,454.086,0,Guayas,A,4,1294,54.44,20.59,0
8432,2022-02-07,3,CLEANING,220.985,0,Guayas,A,4,1294,54.44,20.59,0
6242,2022-02-07,3,GROCERY I,737.501,0,Guayas,A,4,1294,54.44,20.59,0
7702,2022-02-07,3,PRODUCE,392.787,23,Guayas,A,4,1294,54.44,20.59,0
9892,2022-02-07,5,BEVERAGES,273.427,8,Azuay,B,2,501,54.44,20.59,0
11352,2022-02-07,5,CLEANING,104.192,4,Azuay,B,2,501,54.44,20.59,0
9162,2022-02-07,5,GROCERY I,302.408,0,Azuay,B,2,501,54.44,20.59,0
10622,2022-02-07,5,PRODUCE,117.135,0,Azuay,B,2,501,54.44,20.59,0
12812,2022-02-07,8,BEVERAGES,407.091,0,Guayas,C,1,968,54.44,20.59,0
14272,2022-02-07,8,CLEANING,180.069,0,Guayas,C,1,968,54.44,20.59,0
12082,2022-02-07,8,GROCERY I,632.886,0,Guayas,C,1,968,54.44,20.59,0
13542,2022-02-07,8,PRODUCE,216.324,0,Guayas,C,1,968,54.44,20.59,0
1133,2022-02-08,1,BEVERAGES,383.969,0,Pichincha,D,2,901,54.27,23.55,0
2593,2022-02-08,1,CLEANING,140.293,0,Pichincha,D,2,901,54.27,23.55,0
403,2022-02-08,1,GROCERY I,495.279,0,Pichincha,D,2,901,54.27,23.55,0
1863,2022-02-08,1,PRODUCE,253.374,0,Pichincha,D,2,901,54.27,23.55,0
4053,2022-02-08,2,BEVERAGES,283.388,0,Pichincha,D,3,771,54.27,23.55,0
5513,2022-02-08,2,CLEANING,98.443,0,Pichincha,D,3,771,54.27,23.55,0
3323,2022-02-08,2,GROCERY I,391.933,0,Pichincha,D,3,771,54.27,23.55,0
4783,2022-02-08,2,PRODUCE,216.95,23,Pichincha,D,3,771,54.27,23.55,0
6973,2022-02-08,3,BEVERAGES,478.875,2,Guayas,A,4,1158,54.27,23.55,0
8433,2022-02-08,3,CLEANING,200.392,0,Guayas,A,4,1158,54.27,23.55,0
6243,2022-02-08,3,GROCERY I,667.653,0,Guayas,A,4,1158,54.27,23.55,0
7703,2022-02-08,3,PRODUCE,308.102,0,Guayas,A,4,1158,54.27,23.55,0
9893,2022-02-08,5,BEVERAGES,215.826,0,Azuay,B,2,553,54.27,23.55,0
11353,2022-02-08,5,CLEANING,88.855,0,Azuay,B,2,553,54.27,23.55,0
9163,2022-02-08,5,GROCERY I,296.368,0,Azuay,B,2,553,54.27,23.55,0
10623,2022-02-08,5,PRODUCE,145.401,0,Azuay,B,2,553,54.27,23.55,0
12813,2022-02-08,8,BEVERAGES,439.598,1,Guayas,C,1,940,54.27,23.55,0
14273,2022-02-08,8,CLEANING,145.483,0,Guayas,C,1,940,54.27,23.55,0
12083,2022-02-08,8,GROCERY I,577.899,0,Guayas,C,1,940,54.27,23.55,0
13543,2022-02-08,8,PRODUCE,317.476,24,Guayas,C,1,940,54.27,23.55,0
1134,2022-02-09,1,BEVERAGES,429.176,13,Pichincha,D,2,916,54.5,21.45,0
2594,2022-02-09,1,CLEANING,148.332,0,Pichincha,D,2,916,54.5,21.45,0
404,2022-02-09,1,GROCERY I,548.077,0,Pichincha,D,2,916,54.5,21.45,0
1864,2022-02-09,1,PRODUCE,258.382,0,Pichincha,D,2,916,54.5,21.45,0
4054,2022-02-09,2,BEVERAGES,336.426,12,Pichincha,D,3,776,54.5,21.45,0
5514,2022-02-09,2,CLEANING,114.82,0,Pichincha,D,3,776,54.5,21.45,0
3324,2022-02-09,2,GROCERY I,430.878,0,Pichincha,D,3,776,54.5,21.45,0
4784,2022-02-09,2,PRODUCE,218.658,0,Pichincha,D,3,776,54.5,21.45,0
6974,2022-02-09,3,BEVERAGES,429.057,0,Guayas,A,4,1218,54.5,21.45,0
8434,2022-02-09,3,CLEANING,187.024,0,Guayas,A,4,1218,54.5,21.45,0
6244,2022-02-09,3,GROCERY I,826.828,5,Guayas,A,4,1218,54.5,21.45,0
7704,2022-02-09,3,PRODUCE,318.898,0,Guayas,A,4,1218,54.5,21.45,0
9894,2022-02-09,5,BEVERAGES,225.843,0,Azuay,B,2,607,54.5,21.45,0
11354,2022-02-09,5,CLEANING,92.01,0,Azuay,B,2,607,54.5,21.45,0
9164,2022-02-09,5,GROCERY I,322.415,0,Azuay,B,2,607,54.5,21.45,0
10624,2022-02-09,5,PRODUCE,156.917,0,Azuay,B,2,607,54.5,21.45,0
12814,2022-02-09,8,BEVERAGES,321.566,0,Guayas,C,1,967,54.5,21.45,0
14274,2022-02-09,8,CLEANING,188.112,0,Guayas,C,1,967,54.5,21.45,0
12084,2022-02-09,8,GROCERY I,751.018,21,Guayas,C,1,967,54.5,21.45,0
13544,2022-02-09,8,PRODUCE,249.999,0,Guayas,C,1,967,54.5,21.45,0
1135,2022-02-10,1,BEVERAGES,336.392,0,Pichincha,D,2,950,54.38,23.56,0
2595,2022-02-10,1,CLEANING,132.061,0,Pichincha,D,2,950,54.38,23.56,0
405,2022-02-10,1,GROCERY I,551.026,0,Pichincha,D,2,950,54.38,23.56,0
1865,2022-02-10,1,PRODUCE,283.376,0,Pichincha,D,2,950,54.38,23.56,0
4055,2022-02-10,2,BEVERAGES,274.737,0,Pichincha,D,3,784,54.38,23.56,0
5515,2022-02-10,2,CLEANING,133.712,0,Pichincha,D,3,784,54.38,23.56,0
3325,2022-02-10,2,GROCERY I,455.826,0,Pichincha,D,3,784,54.38,23.56,0
4785,2022-02-10,2,PRODUCE,211.934,0,Pichincha,D,3,784,54.38,23.56,0
6975,2022-02-10,3,BEVERAGES,474.186,0,Guayas,A,4,1305,54.38,23.56,0
8435,2022-02-10,3,CLEANING,265.505,10,Guayas,A,4,1305,54.38,23.56,0
6245,2022-02-10,3,GROCERY I,767.096,0,Guayas,A,4,1305,54.38,23.56,0
7705,2022-02-10,3,PRODUCE,374.022,0,Guayas,A,4,1305,54.38,23.56,0
9895,2022-02-10,5,BEVERAGES,180.593,0,Azuay,B,2,580,54.38,23.56,0
11355,2022-02-10,5,CLEANING,95.24,0,Azuay,B,2,580,54.38,23.56,0
9165,2022-02-10,5,GROCERY I,319.928,0,Azuay,B,2,580,54.38,23.56,0
10625,2022-02-10,5,PRODUCE,192.093,19,Azuay,B,2,580,54.38,23.56,0
12815,2022-02-10,8,BEVERAGES,403.174,0,Guayas,C,1,1029,54.38,23.56,0
14275,2022-02-10,8,CLEANING,172.444,0,Guayas,C,1,1029,54.38,23.56,0
12085,2022-02-10,8,GROCERY I,563.418,0,Guayas,C,1,1029,54.38,23.56,0
13545,2022-02-10,8,PRODUCE,295.187,0,Guayas,C,1,1029,54.38,23.56,0
1136,2022-02-11,1,BEVERAGES,526.393,1,Pichincha,D,2,1162,54.33,21.91,0
2596,2022-02-11,1,CLEANING,192.722,0,Pichincha,D,2,1162,54.33,21.91,0
406,2022-02-11,1,GROCERY I,571.207,0,Pichincha,D,2,1162,54.33,21.91,0
1866,2022-02-11,1,PRODUCE,296.171,0,Pichincha,D,2,1162,54.33,21.91,0
4056,2022-02-11,2,BEVERAGES,343.435,0,Pichincha,D,3,967,54.33,21.91,0
5516,2022-02-11,2,CLEANING,146.247,0,Pichincha,D,3,967,54.33,21.91,0
3326,2022-02-11,2,GROCERY I,598.675,0,Pichincha,D,3,967,54.33,21.91,0
4786,2022-02-11,2,PRODUCE,217.139,0,Pichincha,D,3,967,54.33,21.91,0
6976,2022-02-11,3,BEVERAGES,541.876,0,Guayas,A,4,1495,54.33,21.91,0
8436,2022-02-11,3,CLEANING,226.252,0,Guayas,A,4,1495,54.33,21.91,0
6246,2022-02-11,3,GROCERY I,844.198,0,Guayas,A,4,1495,54.33,21.91,0
7706,2022-02-11,3,PRODUCE,408.223,0,Guayas,A,4,1495,54.33,21.91,0
9896,2022-02-11,5,BEVERAGES,255.508,0,Azuay,B,2,614,54.33,21.91,0
11356,2022-02-11,5,CLEANING,135.091,19,Azuay,B,2,614,54.33,21.91,0
9166,2022-02-11,5,GROCERY I,453.224,0,Azuay,B,2,614,54.33,21.91,0
10626,2022-02-11,5,PRODUCE,168.323,0,Azuay,B,2,614,54.33,21.91,0
12816,2022-02-11,8,BEVERAGES,488.293,0,Guayas,C,1,1223,54.33,21.91,0
14276,2022-02-11,8,CLEANING,259.427,9,Guayas,C,1,1223,54.33,21.91,0
12086,2022-02-11,8,GROCERY I,680.002,0,Guayas,C,1,1223,54.33,21.91,0
13546,2022-02-11,8,PRODUCE,327.588,0,Guayas,C,1,1223,54.33,21.91,0
1137,2022-02-12,1,BEVERAGES,485.48,5,Pichincha,D,2,1348,54.7,21.94,0
2597,2022-02-12,1,CLEANING,233.035,0,Pichincha,D,2,1348,54.7,21.94,0
407,2022-02-12,1,GROCERY I,805.77,0,Pichincha,D,2,1348,54.7,21.94,0
1867,2022-02-12,1,PRODUCE,408.929,0,Pichincha,D,2,1348,54.7,21.94,0
4057,2022-02-12,2,BEVERAGES,591.178,9,Pichincha,D,3,1157,54.7,21.94,0
5517,2022-02-12,2,CLEANING,173.539,0,Pichincha,D,3,1157,54.7,21.94,0
3327,2022-02-12,2,GROCERY I,665.168,0,Pichincha,D,3,1157,54.7,21.94,0
4787,2022-02-12,2,PRODUCE,325.246,0,Pichincha,D,3,1157,54.7,21.94,0
6977,2022-02-12,3,BEVERAGES,733.67,0,Guayas,A,4,1860,54.7,21.94,0
8437,2022-02-12,3,CLEANING,288.459,0,Guayas,A,4,1860,54.7,21.94,0
6247,2022-02-12,3,GROCERY I,1006.263,0,Guayas,A,4,1860,54.7,21.94,0
7707,2022-02-12,3,PRODUCE,558.242,0,Guayas,A,4,1860,54.7,21.94,0
9897,2022-02-12,5,BEVERAGES,312.006,19,Azuay,B,2,777,54.7,21.94,0
11357,2022-02-12,5,CLEANING,149.864,0,Azuay,B,2,777,54.7,21.94,0
9167,2022-02-12,5,GROCERY I,478.987,0,Azuay,B,2,777,54.7,21.94,0
10627,2022-02-12,5,PRODUCE,237.504,20,Azuay,B,2,777,54.7,21.94,0
12817,2022-02-12,8,BEVERAGES,683.216,17,Guayas,C,1,1447,54.7,21.94,0
14277,2022-02-12,8,CLEANING,235.309,0,Guayas,C,1,1447,54.7,21.94,0
12087,2022-02-12,8,GROCERY I,918.408,0,Guayas,C,1,1447,54.7,21.94,0
13547,2022-02-12,8,PRODUCE,399.427,0,Guayas,C,1,1447,54.7,21.94,0
1138,2022-02-13,1,BEVERAGES,411.477,0,Pichincha,D,2,1203,53.8,21.83,0
2598,2022-02-13,1,CLEANING,253.763,8,Pichincha,D,2,1203,53.8,21.83,0
408,2022-02-13,1,GROCERY I,636.134,0,Pichincha,D,2,1203,53.8,21.83,0
1868,2022-02-13,1,PRODUCE,283.889,0,Pichincha,D,2,1203,53.8,21.83,0
4058,2022-02-13,2,BEVERAGES,388.896,0,Pichincha,D,3,963,53.8,21.83,0
5518,2022-02-13,2,CLEANING,183.355,0,Pichincha,D,3,963,53.8,21.83,0
3328,2022-02-13,2,GROCERY I,713.464,14,Pichincha,D,3,963,53.8,21.83,0
4788,2022-02-13,2,PRODUCE,255.16,0,Pichincha,D,3,963,53.8,21.83,0
6978,2022-02-13,3,BEVERAGES,623.03,0,Guayas,A,4,1638,53.8,21.83,0
8438,2022-02-13,3,CLEANING,299.025,0,Guayas,A,4,1638,53.8,21.83,0
6248,2022-02-13,3,GROCERY I,813.055,0,Guayas,A,4,1638,53.8,21.83,0
7708,2022-02-13,3,PRODUCE,431.659,0,Guayas,A,4,1638,53.8,21.83,0
9898,2022-02-13,5,BEVERAGES,292.02,0,Azuay,B,2,726,53.8,21.83,0
11358,2022-02-13,5,CLEANING,94.311,0,Azuay,B,2,726,53.8,21.83,0
9168,2022-02-13,5,GROCERY I,433.195,0,Azuay,B,2,726,53.8,21.83,0
10628,2022-02-13,5,PRODUCE,204.286,19,Azuay,B,2,726,53.8,21.83,0
12818,2022-02-13,8,BEVERAGES,503.189,0,Guayas,C,1,1409,53.8,21.83,0
14278,2022-02-13,8,CLEANING,222.233,0,Guayas,C,1,1409,53.8,21.83,0
12088,2022-02-13,8,GROCERY I,725.728,0,Guayas,C,1,1409,53.8,21.83,0
13548,2022-02-13,8,PRODUCE,356.04,0,Guayas,C,1,1409,53.8,21.83,0
1139,2022-02-14,1,BEVERAGES,436.088,23,Pichincha,D,2,969,53.22,22.03,0
2599,2022-02-14,1,CLEANING,187.197,19,Pichincha,D,2,969,53.22,22.03,0
409,2022-02-14,1,GROCERY I,465.549,0,Pichincha,D,2,969,53.22,22.03,0
1869,2022-02-14,1,PRODUCE,221.25,0,Pichincha,D,2,969,53.22,22.03,0
4059,2022-02-14,2,BEVERAGES,257.763,0,Pichincha,D,3,778,53.22,22.03,0
5519,2022-02-14,2,CLEANING,110.502,0,Pichincha,D,3,778,53.22,22.03,0
3329,2022-02-14,2,GROCERY I,384.245,0,Pichincha,D,3,778,53.22,22.03,0
4789,2022-02-14,2,PRODUCE,220.579,11,Pichincha,D,3,778,53.22,22.03,0
6979,2022-02-14,3,BEVERAGES,493.179,0,Guayas,A,4,1280,53.22,22.03,0
8439,2022-02-14,3,CLEANING,211.148,0,Guayas,A,4,1280,53.22,22.03,0
6249,2022-02-14,3,GROCERY I,912.49,16,Guayas,A,4,1280,53.22,22.03,0
7709,2022-02-14,3,PRODUCE,402.072,4,Guayas,A,4,1280,53.22,22.03,0
9899,2022-02-14,5,BEVERAGES,230.774,0,Azuay,B,2,470,53.22,22.03,0
11359,2022-02-14,5,CLEANING,87.428,0,Azuay,B,2,470,53.22,22.03,0
9169,2022-02-14,5,GROCERY I,315.187,0,Azuay,B,2,470,53.22,22.03,0
10629,2022-02-14,5,PRODUCE,158.795,13,Azuay,B,2,470,53.22,22.03,0
12819,2022-02-14,8,BEVERAGES,323.854,0,Guayas,C,1,1091,53.22,22.03,0
14279,2022-02-14,8,CLEANING,173.627,0,Guayas,C,1,1091,53.22,22.03,0
12089,2022-02-14,8,GROCERY I,521.459,0,Guayas,C,1,1091,53.22,22.03,0
13549,2022-02-14,8,PRODUCE,261.64,0,Guayas,C,1,1091,53.22,22.03,0
1140,2022-02-15,1,BEVERAGES,444.249,10,Pichincha,D,2,865,52.55,24.49,0
2600,2022-02-15,1,CLEANING,150.039,0,Pichincha,D,2,865,52.55,24.49,0
410,2022-02-15,1,GROCERY I,530.403,0,Pichincha,D,2,865,52.55,24.49,0
1870,2022-02-15,1,PRODUCE,260.97,5,Pichincha,D,2,865,52.55,24.49,0
4060,2022-02-15,2,BEVERAGES,371.174,17,Pichincha,D,3,783,52.55,24.49,0
5520,2022-02-15,2,CLEANING,129.025,0,Pichincha,D,3,783,52.55,24.49,0
3330,2022-02-15,2,GROCERY I,480.776,3,Pichincha,D,3,783,52.55,24.49,0
4790,2022-02-15,2,PRODUCE,152.187,0,Pichincha,D,3,783,52.55,24.49,0
6980,2022-02-15,3,BEVERAGES,541.119,4,Guayas,A,4,1195,52.55,24.49,0
8440,2022-02-15,3,CLEANING,238.13,21,Guayas,A,4,1195,52.55,24.49,0
6250,2022-02-15,3,GROCERY I,774.09,0,Guayas,A,4,1195,52.55,24.49,0
7710,2022-02-15,3,PRODUCE,360.934,0,Guayas,A,4,1195,52.55,24.49,0
9900,2022-02-15,5,BEVERAGES,211.052,0,Azuay,B,2,479,52.55,24.49,0
11360,2022-02-15,5,CLEANING,74.487,0,Azuay,B,2,479,52.55,24.49,0
9170,2022-02-15,5,GROCERY I,327.703,0,Azuay,B,2,479,52.55,24.49,0
10630,2022-02-15,5,PRODUCE,165.718,0,Azuay,B,2,479,52.55,24.49,0
12820,2022-02-15,8,BEVERAGES,372.756,0,Guayas,C,1,991,52.55,24.49,0
14280,2022-02-15,8,CLEANING,153.399,0,Guayas,C,1,991,52.55,24.49,0
12090,2022-02-15,8,GROCERY I,539.318,0,Guayas,C,1,991,52.55,24.49,0
13550,2022-02-15,8,PRODUCE,249.56,0,Guayas,C,1,991,52.55,24.49,0
1141,2022-02-16,1,BEVERAGES,292.914,0,Pichincha,D,2,883,51.5,18.91,0
2601,2022-02-16,1,CLEANING,178.11,0,Pichincha,D,2,883,51.5,18.91,0
411,2022-02-16,1,GROCERY I,573.694,0,Pichincha,D,2,883,51.5,18.91,0
1871,2022-02-16,1,PRODUCE,307.552,6,Pichincha,D,2,883,51.5,18.91,0
4061,2022-02-16,2,BEVERAGES,267.171,0,Pichincha,D,3,800,51.5,18.91,0
5521,2022-02-16,2,CLEANING,133.009,0,Pichincha,D,3,800,51.5,18.91,0
3331,2022-02-16,2,GROCERY I,494.135,0,Pichincha,D,3,800,51.5,18.91,0
4791,2022-02-16,2,PRODUCE,222.906,0,Pichincha,D,3,800,51.5,18.91,0
6981,2022-02-16,3,BEVERAGES,469.189,0,Guayas,A,4,1278,51.5,18.91,0
8441,2022-02-16,3,CLEANING,207.055,0,Guayas,A,4,1278,51.5,18.91,0
6251,2022-02-16,3,GROCERY I,787.951,0,Guayas,A,4,1278,51.5,18.91,0
7711,2022-02-16,3,PRODUCE,340.189,0,Guayas,A,4,1278,51.5,18.91,0
9901,2022-02-16,5,BEVERAGES,195.685,0,Azuay,B,2,472,51.5,18.91,0
11361,2022-02-16,5,CLEANING,97.243,0,Azuay,B,2,472,51.5,18.91,0
9171,2022-02-16,5,GROCERY I,309.214,0,Azuay,B,2,472,51.5,18.91,0
10631,2022-02-16,5,PRODUCE,174.907,23,Azuay,B,2,472,51.5,18.91,0
12821,2022-02-16,8,BEVERAGES,469.543,4,Guayas,C,1,1000,51.5,18.91,0
14281,2022-02-16,8,CLEANING,174.199,0,Guayas,C,1,1000,51.5,18.91,0
12091,2022-02-16,8,GROCERY I,590.689,0,Guayas,C,1,1000,51.5,18.91,0
13551,2022-02-16,8,PRODUCE,261.771,0,Guayas,C,1,1000,51.5,18.91,0
1142,2022-02-17,1,BEVERAGES,362.077,0,Pichincha,D,2,908,51.2,19.42,0
2602,2022-02-17,1,CLEANING,152.966,0,Pichincha,D,2,908,51.2,19.42,0
412,2022-02-17,1,GROCERY I,608.071,0,Pichincha,D,2,908,51.2,19.42,0
1872,2022-02-17,1,PRODUCE,294.88,0,Pichincha,D,2,908,51.2,19.42,0
4062,2022-02-17,2,BEVERAGES,327.386,0,Pichincha,D,3,807,51.2,19.42,0
5522,2022-02-17,2,CLEANING,126.074,0,Pichincha,D,3,807,51.2,19.42,0
3332,2022-02-17,2,GROCERY I,386.387,0,Pichincha,D,3,807,51.2,19.42,0
4792,2022-02-17,2,PRODUCE,200.915,0,Pichincha,D,3,807,51.2,19.42,0
6982,2022-02-17,3,BEVERAGES,489.455,0,Guayas,A,4,1286,51.2,19.42,0
8442,2022-02-17,3,CLEANING,256.389,22,Guayas,A,4,1286,51.2,19.42,0
6252,2022-02-17,3,GROCERY I,887.647,0,Guayas,A,4,1286,51.2,19.42,0
7712,2022-02-17,3,PRODUCE,354.594,0,Guayas,A,4,1286,51.2,19.42,0
9902,2022-02-17,5,BEVERAGES,275.061,4,Azuay,B,2,582,51.2,19.42,0
11362,2022-02-17,5,CLEANING,85.65,0,Azuay,B,2,582,51.2,19.42,0
9172,2022-02-17,5,GROCERY I,313.503,0,Azuay,B,2,582,51.2,19.42,0
10632,2022-02-17,5,PRODUCE,164.952,0,Azuay,B,2,582,51.2,19.42,0
12822,2022-02-17,8,BEVERAGES,365.765,0,Guayas,C,1,1140,51.2,19.42,0
14282,2022-02-17,8,CLEANING,120.098,0,Guayas,C,1,1140,51.2,19.42,0
12092,2022-02-17,8,GROCERY I,733.077,0,Guayas,C,1,1140,51.2,19.42,0
13552,2022-02-17,8,PRODUCE,288.095,0,Guayas,C,1,1140,51.2,19.42,0
1143,2022-02-18,1,BEVERAGES,584.988,24,Pichincha,D,2,1086,51.54,21.52,0
2603,2022-02-18,1,CLEANING,166.982,0,Pichincha,D,2,1086,51.54,21.52,0
413,2022-02-18,1,GROCERY I,715.343,0,Pichincha,D,2,1086,51.54,21.52,0
1873,2022-02-18,1,PRODUCE,295.037,0,Pichincha,D,2,1086,51.54,21.52,0
4063,2022-02-18,2,BEVERAGES,377.649,0,Pichincha,D,3,994,51.54,21.52,0
5523,2022-02-18,2,CLEANING,150.412,0,Pichincha,D,3,994,51.54,21.52,0
3333,2022-02-18,2,GROCERY I,624.342,0,Pichincha,D,3,994,51.54,21.52,0
4793,2022-02-18,2,PRODUCE,226.719,0,Pichincha,D,3,994,51.54,21.52,0
6983,2022-02-18,3,BEVERAGES,706.681,22,Guayas,A,4,1515,51.54,21.52,0
8443,2022-02-18,3,CLEANING,200.261,0,Guayas,A,4,1515,51.54,21.52,0
6253,2022-02-18,3,GROCERY I,1051.317,10,Guayas,A,4,1515,51.54,21.52,0
7713,2022-02-18,3,PRODUCE,421.758,0,Guayas,A,4,1515,51.54,21.52,0
9903,2022-02-18,5,BEVERAGES,292.128,1,Azuay,B,2,777,51.54,21.52,0
11363,2022-02-18,5,CLEANING,115.257,0,Azuay,B,2,777,51.54,21.52,0
9173,2022-02-18,5,GROCERY I,421.942,0,Azuay,B,2,777,51.54,21.52,0
10633,2022-02-18,5,PRODUCE,192.493,0,Azuay,B,2,777,51.54,21.52,0
12823,2022-02-18,8,BEVERAGES,504.22,0,Guayas,C,1,1320,51.54,21.52,0
14283,2022-02-18,8,CLEANING,190.148,0,Guayas,C,1,1320,51.54,21.52,0
12093,2022-02-18,8,GROCERY I,689.053,0,Guayas,C,1,1320,51.54,21.52,0
13553,2022-02-18,8,PRODUCE,324.47,0,Guayas,C,1,1320,51.54,21.52,0
1144,2022-02-19,1,BEVERAGES,561.585,6,Pichincha,D,2,1285,51.41,22.37,0
2604,2022-02-19,1,CLEANING,191.385,0,Pichincha,D,2,1285,51.41,22.37,0
414,2022-02-19,1,GROCERY I,677.246,0,Pichincha,D,2,1285,51.41,22.37,0
1874,2022-02-19,1,PRODUCE,359.641,0,Pichincha,D,2,1285,51.41,22.37,0
4064,2022-02-19,2,BEVERAGES,457.374,0,Pichincha,D,3,1118,51.41,22.37,0
5524,2022-02-19,2,CLEANING,181.126,0,Pichincha,D,3,1118,51.41,22.37,0
3334,2022-02-19,2,GROCERY I,701.147,0,Pichincha,D,3,1118,51.41,22.37,0
4794,2022-02-19,2,PRODUCE,325.227,0,Pichincha,D,3,1118,51.41,22.37,0
6984,2022-02-19,3,BEVERAGES,740.641,0,Guayas,A,4,1910,51.41,22.37,0
8444,2022-02-19,3,CLEANING,265.245,0,Guayas,A,4,1910,51.41,22.37,0
6254,2022-02-19,3,GROCERY I,1189.746,0,Guayas,A,4,1910,51.41,22.37,0
7714,2022-02-19,3,PRODUCE,573.374,0,Guayas,A,4,1910,51.41,22.37,0
9904,2022-02-19,5,BEVERAGES,303.9,0,Azuay,B,2,763,51.41,22.37,0
11364,2022-02-19,5,CLEANING,122.137,0,Azuay,B,2,763,51.41,22.37,0
9174,2022-02-19,5,GROCERY I,467.549,0,Azuay,B,2,763,51.41,22.37,0
10634,2022-02-19,5,PRODUCE,218.168,0,Azuay,B,2,763,51.41,22.37,0
12824,2022-02-19,8,BEVERAGES,554.018,0,Guayas,C,1,1470,51.41,22.37,0
14284,2022-02-19,8,CLEANING,243.615,0,Guayas,C,1,1470,51.41,22.37,0
12094,2022-02-19,8,GROCERY I,892.787,0,Guayas,C,1,1470,51.41,22.37,0
13554,2022-02-19,8,PRODUCE,428.16,0,Guayas,C,1,1470,51.41,22.37,0
1145,2022-02-20,1,BEVERAGES,471.718,0,Pichincha,D,2,1228,51.5,23.38,0
2605,2022-02-20,1,CLEANING,224.445,0,Pichincha,D,2,1228,51.5,23.38,0
415,2022-02-20,1,GROCERY I,627.981,0,Pichincha,D,2,1228,51.5,23.38,0
1875,2022-02-20,1,PRODUCE,321.625,0,Pichincha,D,2,1228,51.5,23.38,0
4065,2022-02-20,2,BEVERAGES,441.349,0,Pichincha,D,3,973,51.5,23.38,0
5525,2022-02-20,2,CLEANING,196.692,9,Pichincha,D,3,973,51.5,23.38,0
3335,2022-02-20,2,GROCERY I,546.289,0,Pichincha,D,3,973,51.5,23.38,0
4795,2022-02-20,2,PRODUCE,287.91,0,Pichincha,D,3,973,51.5,23.38,0
6985,2022-02-20,3,BEVERAGES,628.494,15,Guayas,A,4,1563,51.5,23.38,0
8445,2022-02-20,3,CLEANING,275.776,0,Guayas,A,4,1563,51.5,23.38,0
6255,2022-02-20,3,GROCERY I,868.931,0,Guayas,A,4,1563,51.5,23.38,0
7715,2022-02-20,3,PRODUCE,454.316,0,Guayas,A,4,1563,51.5,23.38,0
9905,2022-02-20,5,BEVERAGES,262.747,0,Azuay,B,2,754,51.5,23.38,0
11365,2022-02-20,5,CLEANING,115.309,0,Azuay,B,2,754,51.5,23.38,0
9175,2022-02-20,5,GROCERY I,419.293,0,Azuay,B,2,754,51.5,23.38,0
10635,2022-02-20,5,PRODUCE,172.26,0,Azuay,B,2,754,51.5,23.38,0
12825,2022-02-20,8,BEVERAGES,516.552,0,Guayas,C,1,1326,51.5,23.38,0
14285,2022-02-20,8,CLEANING,221.829,0,Guayas,C,1,1326,51.5,23.38,0
12095,2022-02-20,8,GROCERY I,927.75,0,Guayas,C,1,1326,51.5,23.38,0
13555,2022-02-20,8,PRODUCE,301.97,0,Guayas,C,1,1326,51.5,23.38,0
1146,2022-02-21,1,BEVERAGES,363.817,0,Pichincha,D,2,1013,51.99,23.14,0
2606,2022-02-21,1,CLEANING,214.491,13,Pichincha,D,2,1013,51.99,23.14,0
416,2022-02-21,1,GROCERY I,659.471,0,Pichincha,D,2,1013,51.99,23.14,0
1876,2022-02-21,1,PRODUCE,269.901,0,Pichincha,D,2,1013,51.99,23.14,0
4066,2022-02-21,2,BEVERAGES,273.922,0,Pichincha,D,3,781,51.99,23.14,0
5526,2022-02-21,2,CLEANING,117.486,0,Pichincha,D,3,781,51.99,23.14,0
3336,2022-02-21,2,GROCERY I,423.997,0,Pichincha,D,3,781,51.99,23.14,0
4796,2022-02-21,2,PRODUCE,195.181,0,Pichincha,D,3,781,51.99,23.14,0
6986,2022-02-21,3,BEVERAGES,500.153,0,Guayas,A,4,1181,51.99,23.14,0
8446,2022-02-21,3,CLEANING,187.506,0,Guayas,A,4,1181,51.99,23.14,0
6256,2022-02-21,3,GROCERY I,803.055,0,Guayas,A,4,1181,51.99,23.14,0
7716,2022-02-21,3,PRODUCE,384.888,0,Guayas,A,4,1181,51.99,23.14,0
9906,2022-02-21,5,BEVERAGES,170.038,0,Azuay,B,2,534,51.99,23.14,0
11366,2022-02-21,5,CLEANING,86.094,0,Azuay,B,2,534,51.99,23.14,0
9176,2022-02-21,5,GROCERY I,349.389,0,Azuay,B,2,534,51.99,23.14,0
10636,2022-02-21,5,PRODUCE,154.003,0,Azuay,B,2,534,51.99,23.14,0
12826,2022-02-21,8,BEVERAGES,413.443,0,Guayas,C,1,1017,51.99,23.14,0
14286,2022-02-21,8,CLEANING,180.613,0,Guayas,C,1,1017,51.99,23.14,0
12096,2022-02-21,8,GROCERY I,552.888,0,Guayas,C,1,1017,51.99,23.14,0
13556,2022-02-21,8,PRODUCE,0.0,0,Guayas,C,1,1017,51.99,23.14,0
1147,2022-02-22,1,BEVERAGES,402.224,0,Pichincha,D,2,956,52.58,22.0,0
2607,2022-02-22,1,CLEANING,133.968,0,Pichincha,D,2,956,52.58,22.0,0
417,2022-02-22,1,GROCERY I,596.21,13,Pichincha,D,2,956,52.58,22.0,0
1877,2022-02-22,1,PRODUCE,236.663,0,Pichincha,D,2,956,52.58,22.0,0
4067,2022-02-22,2,BEVERAGES,300.861,0,Pichincha,D,3,825,52.58,22.0,0
5527,2022-02-22,2,CLEANING,114.985,0,Pichincha,D,3,825,52.58,22.0,0
3337,2022-02-22,2,GROCERY I,630.647,11,Pichincha,D,3,825,52.58,22.0,0
4797,2022-02-22,2,PRODUCE,219.012,0,Pichincha,D,3,825,52.58,22.0,0
6987,2022-02-22,3,BEVERAGES,528.243,22,Guayas,A,4,1165,52.58,22.0,0
8447,2022-02-22,3,CLEANING,195.068,0,Guayas,A,4,1165,52.58,22.0,0
6257,2022-02-22,3,GROCERY I,834.917,0,Guayas,A,4,1165,52.58,22.0,0
7717,2022-02-22,3,PRODUCE,326.304,0,Guayas,A,4,1165,52.58,22.0,0
9907,2022-02-22,5,BEVERAGES,185.199,0,Azuay,B,2,476,52.58,22.0,0
11367,2022-02-22,5,CLEANING,83.663,0,Azuay,B,2,476,52.58,22.0,0
9177,2022-02-22,5,GROCERY I,313.162,0,Azuay,B,2,476,52.58,22.0,0
10637,2022-02-22,5,PRODUCE,127.948,0,Azuay,B,2,476,52.58,22.0,0
12827,2022-02-22,8,BEVERAGES,392.871,0,Guayas,C,1,969,52.58,22.0,0
14287,2022-02-22,8,CLEANING,156.378,0,Guayas,C,1,969,52.58,22.0,0
12097,2022-02-22,8,GROCERY I,625.954,0,Guayas,C,1,969,52.58,22.0,0
13557,2022-02-22,8,PRODUCE,316.827,0,Guayas,C,1,969,52.58,22.0,0
1148,2022-02-23,1,BEVERAGES,347.067,0,Pichincha,D,2,839,52.55,24.03,0
2608,2022-02-23,1,CLEANING,138.894,0,Pichincha,D,2,839,52.55,24.03,0
418,2022-02-23,1,GROCERY I,578.928,0,Pichincha,D,2,839,52.55,24.03,0
1878,2022-02-23,1,PRODUCE,239.44,0,Pichincha,D,2,839,52.55,24.03,0
4068,2022-02-23,2,BEVERAGES,322.934,0,Pichincha,D,3,783,52.55,24.03,0
5528,2022-02-23,2,CLEANING,143.651,19,Pichincha,D,3,783,52.55,24.03,0
3338,2022-02-23,2,GROCERY I,506.164,0,Pichincha,D,3,783,52.55,24.03,0
4798,2022-02-23,2,PRODUCE,243.913,0,Pichincha,D,3,783,52.55,24.03,0
6988,2022-02-23,3,BEVERAGES,463.161,0,Guayas,A,4,1249,52.55,24.03,0
8448,2022-02-23,3,CLEANING,217.413,10,Guayas,A,4,1249,52.55,24.03,0
6258,2022-02-23,3,GROCERY I,942.926,13,Guayas,A,4,1249,52.55,24.03,0
7718,2022-02-23,3,PRODUCE,372.275,0,Guayas,A,4,1249,52.55,24.03,0
9908,2022-02-23,5,BEVERAGES,244.684,0,Azuay,B,2,618,52.55,24.03,0
11368,2022-02-23,5,CLEANING,87.755,0,Azuay,B,2,618,52.55,24.03,0
9178,2022-02-23,5,GROCERY I,310.349,0,Azuay,B,2,618,52.55,24.03,0
10638,2022-02-23,5,PRODUCE,151.995,0,Azuay,B,2,618,52.55,24.03,0
12828,2022-02-23,8,BEVERAGES,416.34,18,Guayas,C,1,996,52.55,24.03,0
14288,2022-02-23,8,CLEANING,157.03,0,Guayas,C,1,996,52.55,24.03,0
12098,2022-02-23,8,GROCERY I,562.468,0,Guayas,C,1,996,52.55,24.03,0
13558,2022-02-23,8,PRODUCE,264.66,0,Guayas,C,1,996,52.55,24.03,0
1149,2022-02-24,1,BEVERAGES,369.161,0,Pichincha,D,2,996,53.16,24.11,0
2609,2022-02-24,1,CLEANING,186.237,10,Pichincha,D,2,996,53.16,24.11,0
419,2022-02-24,1,GROCERY I,544.677,0,Pichincha,D,2,996,53.16,24.11,0
1879,2022-02-24,1,PRODUCE,233.875,0,Pichincha,D,2,996,53.16,24.11,0
4069,2022-02-24,2,BEVERAGES,352.701,11,Pichincha,D,3,806,53.16,24.11,0
5529,2022-02-24,2,CLEANING,124.942,0,Pichincha,D,3,806,53.16,24.11,0
3339,2022-02-24,2,GROCERY I,470.041,0,Pichincha,D,3,806,53.16,24.11,0
4799,2022-02-24,2,PRODUCE,244.171,0,Pichincha,D,3,806,53.16,24.11,0
6989,2022-02-24,3,BEVERAGES,434.392,0,Guayas,A,4,1358,53.16,24.11,0
8449,2022-02-24,3,CLEANING,241.856,2,Guayas,A,4,1358,53.16,24.11,0
6259,2022-02-24,3,GROCERY I,899.637,0,Guayas,A,4,1358,53.16,24.11,0
7719,2022-02-24,3,PRODUCE,0.0,0,Guayas,A,4,1358,53.16,24.11,0
9909,2022-02-24,5,BEVERAGES,213.262,0,Azuay,B,2,675,53.16,24.11,0
11369,2022-02-24,5,CLEANING,97.595,0,Azuay,B,2,675,53.16,24.11,0
9179,2022-02-24,5,GROCERY I,386.463,18,Azuay,B,2,675,53.16,24.11,0
10639,2022-02-24,5,PRODUCE,138.303,0,Azuay,B,2,675,53.16,24.11,0
12829,2022-02-24,8,BEVERAGES,396.397,0,Guayas,C,1,1056,53.16,24.11,0
14289,2022-02-24,8,CLEANING,185.689,0,Guayas,C,1,1056,53.16,24.11,0
12099,2022-02-24,8,GROCERY I,658.738,0,Guayas,C,1,1056,53.16,24.11,0
13559,2022-02-24,8,PRODUCE,264.777,0,Guayas,C,1,1056,53.16,24.11,0
1150,2022-02-25,1,BEVERAGES,479.456,0,Pichincha,D,2,1200,53.2,22.99,0
2610,2022-02-25,1,CLEANING,207.267,0,Pichincha,D,2,1200,53.2,22.99,0
420,2022-02-25,1,GROCERY I,694.283,0,Pichincha,D,2,1200,53.2,22.99,0
1880,2022-02-25,1,PRODUCE,299.691,0,Pichincha,D,2,1200,53.2,22.99,0
4070,2022-02-25,2,BEVERAGES,339.903,0,Pichincha,D,3,1035,53.2,22.99,0
5530,2022-02-25,2,CLEANING,148.522,0,Pichincha,D,3,1035,53.2,22.99,0
3340,2022-02-25,2,GROCERY I,696.622,7,Pichincha,D,3,1035,53.2,22.99,0
4800,2022-02-25,2,PRODUCE,286.295,0,Pichincha,D,3,1035,53.2,22.99,0
6990,2022-02-25,3,BEVERAGES,580.742,0,Guayas,A,4,1504,53.2,22.99,0
8450,2022-02-25,3,CLEANING,306.908,16,Guayas,A,4,1504,53.2,22.99,0
6260,2022-02-25,3,GROCERY I,879.138,0,Guayas,A,4,1504,53.2,22.99,0
7720,2022-02-25,3,PRODUCE,459.717,0,Guayas,A,4,1504,53.2,22.99,0
9910,2022-02-25,5,BEVERAGES,258.888,0,Azuay,B,2,700,53.2,22.99,0
11370,2022-02-25,5,CLEANING,129.283,16,Azuay,B,2,700,53.2,22.99,0
9180,2022-02-25,5,GROCERY I,528.162,13,Azuay,B,2,700,53.2,22.99,0
10640,2022-02-25,5,PRODUCE,0.0,1,Azuay,B,2,700,53.2,22.99,0
12830,2022-02-25,8,BEVERAGES,580.949,0,Guayas,C,1,1259,53.2,22.99,0
14290,2022-02-25,8,CLEANING,275.269,20,Guayas,C,1,1259,53.2,22.99,0
12100,2022-02-25,8,GROCERY I,913.473,0,Guayas,C,1,1259,53.2,22.99,0
13560,2022-02-25,8,PRODUCE,345.185,0,Guayas,C,1,1259,53.2,22.99,0
1151,2022-02-26,1,BEVERAGES,471.565,0,Pichincha,D,2,1349,52.83,24.14,0
2611,2022-02-26,1,CLEANING,198.542,0,Pichincha,D,2,1349,52.83,24.14,0
421,2022-02-26,1,GROCERY I,781.886,0,Pichincha,D,2,1349,52.83,24.14,0
1881,2022-02-26,1,PRODUCE,420.295,0,Pichincha,D,2,1349,52.83,24.14,0
4071,2022-02-26,2,BEVERAGES,426.924,0,Pichincha,D,3,1151,52.83,24.14,0
5531,2022-02-26,2,CLEANING,178.997,8,Pichincha,D,3,1151,52.83,24.14,0
3341,2022-02-26,2,GROCERY I,639.119,0,Pichincha,D,3,1151,52.83,24.14,0
4801,2022-02-26,2,PRODUCE,319.81,0,Pichincha,D,3,1151,52.83,24.14,0
6991,2022-02-26,3,BEVERAGES,739.872,0,Guayas,A,4,1930,52.83,24.14,0
8451,2022-02-26,3,CLEANING,399.998,11,Guayas,A,4,1930,52.83,24.14,0
6261,2022-02-26,3,GROCERY I,1347.068,18,Guayas,A,4,1930,52.83,24.14,0
7721,2022-02-26,3,PRODUCE,679.326,4,Guayas,A,4,1930,52.83,24.14,0
9911,2022-02-26,5,BEVERAGES,306.726,0,Azuay,B,2,838,52.83,24.14,0
11371,2022-02-26,5,CLEANING,139.054,0,Azuay,B,2,838,52.83,24.14,0
9181,2022-02-26,5,GROCERY I,460.683,0,Azuay,B,2,838,52.83,24.14,0
10641,2022-02-26,5,PRODUCE,255.3,11,Azuay,B,2,838,52.83,24.14,0
12831,2022-02-26,8,BEVERAGES,660.034,0,Guayas,C,1,1516,52.83,24.14,0
14291,2022-02-26,8,CLEANING,262.278,0,Guayas,C,1,1516,52.83,24.14,0
12101,2022-02-26,8,GROCERY I,972.634,0,Guayas,C,1,1516,52.83,24.14,0
13561,2022-02-26,8,PRODUCE,444.875,0,Guayas,C,1,1516,52.83,24.14,0
1152,2022-02-27,1,BEVERAGES,461.585,0,Pichincha,D,2,1202,52.56,23.23,0
2612,2022-02-27,1,CLEANING,162.538,0,Pichincha,D,2,1202,52.56,23.23,0
422,2022-02-27,1,GROCERY I,766.061,0,Pichincha,D,2,1202,52.56,23.23,0
1882,2022-02-27,1,PRODUCE,336.955,0,Pichincha,D,2,1202,52.56,23.23,0
4072,2022-02-27,2,BEVERAGES,483.968,20,Pichincha,D,3,1118,52.56,23.23,0
5532,2022-02-27,2,CLEANING,163.053,0,Pichincha,D,3,1118,52.56,23.23,0
3342,2022-02-27,2,GROCERY I,736.923,6,Pichincha,D,3,1118,52.56,23.23,0
4802,2022-02-27,2,PRODUCE,262.608,0,Pichincha,D,3,1118,52.56,23.23,0
6992,2022-02-27,3,BEVERAGES,660.936,0,Guayas,A,4,1618,52.56,23.23,0
8452,2022-02-27,3,CLEANING,293.154,0,Guayas,A,4,1618,52.56,23.23,0
6262,2022-02-27,3,GROCERY I,901.943,0,Guayas,A,4,1618,52.56,23.23,0
7722,2022-02-27,3,PRODUCE,412.339,0,Guayas,A,4,1618,52.56,23.23,0
9912,2022-02-27,5,BEVERAGES,259.993,0,Azuay,B,2,721,52.56,23.23,0
11372,2022-02-27,5,CLEANING,123.787,0,Azuay,B,2,721,52.56,23.23,0
9182,2022-02-27,5,GROCERY I,416.093,0,Azuay,B,2,721,52.56,23.23,0
10642,2022-02-27,5,PRODUCE,215.712,0,Azuay,B,2,721,52.56,23.23,0
12832,2022-02-27,8,BEVERAGES,554.444,0,Guayas,C,1,1382,52.56,23.23,0
14292,2022-02-27,8,CLEANING,213.287,0,Guayas,C,1,1382,52.56,23.23,0
12102,2022-02-27,8,GROCERY I,809.433,0,Guayas,C,1,1382,52.56,23.23,0
13562,2022-02-27,8,PRODUCE,387.103,0,Guayas,C,1,1382,52.56,23.23,0
1153,2022-02-28,1,BEVERAGES,354.565,0,Pichincha,D,2,843,51.89,22.13,0
2613,2022-02-28,1,CLEANING,185.294,0,Pichincha,D,2,843,51.89,22.13,0
423,2022-02-28,1,GROCERY I,579.532,0,Pichincha,D,2,843,51.89,22.13,0
1883,2022-02-28,1,PRODUCE,244.917,0,Pichincha,D,2,843,51.89,22.13,0
4073,2022-02-28,2,BEVERAGES,264.181,0,Pichincha,D,3,771,51.89,22.13,0
5533,2022-02-28,2,CLEANING,120.87,0,Pichincha,D,3,771,51.89,22.13,0
3343,2022-02-28,2,GROCERY I,440.114,0,Pichincha,D,3,771,51.89,22.13,0
4803,2022-02-28,2,PRODUCE,213.663,0,Pichincha,D,3,771,51.89,22.13,0
6993,2022-02-28,3,BEVERAGES,445.172,0,Guayas,A,4,1255,51.89,22.13,0
8453,2022-02-28,3,CLEANING,238.121,16,Guayas,A,4,1255,51.89,22.13,0
6263,2022-02-28,3,GROCERY I,944.412,15,Guayas,A,4,1255,51.89,22.13,0
7723,2022-02-28,3,PRODUCE,434.299,15,Guayas,A,4,1255,51.89,22.13,0
9913,2022-02-28,5,BEVERAGES,212.635,0,Azuay,B,2,554,51.89,22.13,0
11373,2022-02-28,5,CLEANING,85.544,0,Azuay,B,2,554,51.89,22.13,0
9183,2022-02-28,5,GROCERY I,336.648,0,Azuay,B,2,554,51.89,22.13,0
10643,2022-02-28,5,PRODUCE,143.304,21,Azuay,B,2,554,51.89,22.13,0
12833,2022-02-28,8,BEVERAGES,506.14,14,Guayas,C,1,991,51.89,22.13,0
14293,2022-02-28,8,CLEANING,208.729,0,Guayas,C,1,991,51.89,22.13,0
12103,2022-02-28,8,GROCERY I,573.237,0,Guayas,C,1,991,51.89,22.13,0
13563,2022-02-28,8,PRODUCE,326.937,11,Guayas,C,1,991,51.89,22.13,0
1154,2022-03-01,1,BEVERAGES,423.973,8,Pichincha,D,2,905,51.49,23.95,0
2614,2022-03-01,1,CLEANING,151.728,0,Pichincha,D,2,905,51.49,23.95,0
424,2022-03-01,1,GROCERY I,522.922,0,Pichincha,D,2,905,51.49,23.95,0
1884,2022-03-01,1,PRODUCE,277.534,0,Pichincha,D,2,905,51.49,23.95,0
4074,2022-03-01,2,BEVERAGES,302.309,0,Pichincha,D,3,714,51.49,23.95,0
5534,2022-03-01,2,CLEANING,100.488,0,Pichincha,D,3,714,51.49,23.95,0
3344,2022-03-01,2,GROCERY I,540.226,1,Pichincha,D,3,714,51.49,23.95,0
4804,2022-03-01,2,PRODUCE,212.506,0,Pichincha,D,3,714,51.49,23.95,0
6994,2022-03-01,3,BEVERAGES,491.83,0,Guayas,A,4,1168,51.49,23.95,0
8454,2022-03-01,3,CLEANING,204.423,0,Guayas,A,4,1168,51.49,23.95,0
6264,2022-03-01,3,GROCERY I,752.344,0,Guayas,A,4,1168,51.49,23.95,0
7724,2022-03-01,3,PRODUCE,365.656,0,Guayas,A,4,1168,51.49,23.95,0
9914,2022-03-01,5,BEVERAGES,194.346,0,Azuay,B,2,551,51.49,23.95,0
11374,2022-03-01,5,CLEANING,98.953,0,Azuay,B,2,551,51.49,23.95,0
9184,2022-03-01,5,GROCERY I,390.784,8,Azuay,B,2,551,51.49,23.95,0
10644,2022-03-01,5,PRODUCE,173.2,0,Azuay,B,2,551,51.49,23.95,0
12834,2022-03-01,8,BEVERAGES,351.1,0,Guayas,C,1,1026,51.49,23.95,0
14294,2022-03-01,8,CLEANING,162.761,0,Guayas,C,1,1026,51.49,23.95,0
12104,2022-03-01,8,GROCERY I,587.28,0,Guayas,C,1,1026,51.49,23.95,0
13564,2022-03-01,8,PRODUCE,260.869,0,Guayas,C,1,1026,51.49,23.95,0
1155,2022-03-02,1,BEVERAGES,389.527,0,Pichincha,D,2,866,51.33,23.19,0
2615,2022-03-02,1,CLEANING,157.969,0,Pichincha,D,2,866,51.33,23.19,0
425,2022-03-02,1,GROCERY I,507.39,0,Pichincha,D,2,866,51.33,23.19,0
1885,2022-03-02,1,PRODUCE,243.301,0,Pichincha,D,2,866,51.33,23.19,0
4075,2022-03-02,2,BEVERAGES,258.638,0,Pichincha,D,3,769,51.33,23.19,0
5535,2022-03-02,2,CLEANING,120.292,0,Pichincha,D,3,769,51.33,23.19,0
3345,2022-03-02,2,GROCERY I,533.321,0,Pichincha,D,3,769,51.33,23.19,0
4805,2022-03-02,2,PRODUCE,227.412,11,Pichincha,D,3,769,51.33,23.19,0
6995,2022-03-02,3,BEVERAGES,537.862,0,Guayas,A,4,1322,51.33,23.19,0
8455,2022-03-02,3,CLEANING,178.326,0,Guayas,A,4,1322,51.33,23.19,0
6265,2022-03-02,3,GROCERY I,757.107,0,Guayas,A,4,1322,51.33,23.19,0
7725,2022-03-02,3,PRODUCE,380.983,0,Guayas,A,4,1322,51.33,23.19,0
9915,2022-03-02,5,BEVERAGES,164.829,0,Azuay,B,2,579,51.33,23.19,0
11375,2022-03-02,5,CLEANING,92.831,0,Azuay,B,2,579,51.33,23.19,0
9185,2022-03-02,5,GROCERY I,350.525,0,Azuay,B,2,579,51.33,23.19,0
10645,2022-03-02,5,PRODUCE,136.547,0,Azuay,B,2,579,51.33,23.19,0
12835,2022-03-02,8,BEVERAGES,390.504,0,Guayas,C,1,957,51.33,23.19,0
14295,2022-03-02,8,CLEANING,169.424,0,Guayas,C,1,957,51.33,23.19,0
12105,2022-03-02,8,GROCERY I,582.392,0,Guayas,C,1,957,51.33,23.19,0
13565,2022-03-02,8,PRODUCE,272.792,0,Guayas,C,1,957,51.33,23.19,0
1156,2022-03-03,1,BEVERAGES,402.152,0,Pichincha,D,2,974,51.69,23.09,0
2616,2022-03-03,1,CLEANING,157.668,0,Pichincha,D,2,974,51.69,23.09,0
426,2022-03-03,1,GROCERY I,741.027,1,Pichincha,D,2,974,51.69,23.09,0
1886,2022-03-03,1,PRODUCE,306.58,0,Pichincha,D,2,974,51.69,23.09,0
4076,2022-03-03,2,BEVERAGES,426.979,14,Pichincha,D,3,809,51.69,23.09,0
5536,2022-03-03,2,CLEANING,154.888,5,Pichincha,D,3,809,51.69,23.09,0
3346,2022-03-03,2,GROCERY I,481.231,0,Pichincha,D,3,809,51.69,23.09,0
4806,2022-03-03,2,PRODUCE,252.629,18,Pichincha,D,3,809,51.69,23.09,0
6996,2022-03-03,3,BEVERAGES,493.394,0,Guayas,A,4,1296,51.69,23.09,0
8456,2022-03-03,3,CLEANING,265.505,7,Guayas,A,4,1296,51.69,23.09,0
6266,2022-03-03,3,GROCERY I,933.754,17,Guayas,A,4,1296,51.69,23.09,0
7726,2022-03-03,3,PRODUCE,407.769,0,Guayas,A,4,1296,51.69,23.09,0
9916,2022-03-03,5,BEVERAGES,235.118,0,Azuay,B,2,654,51.69,23.09,0
11376,2022-03-03,5,CLEANING,88.507,0,Azuay,B,2,654,51.69,23.09,0
9186,2022-03-03,5,GROCERY I,412.188,11,Azuay,B,2,654,51.69,23.09,0
10646,2022-03-03,5,PRODUCE,188.003,21,Azuay,B,2,654,51.69,23.09,0
12836,2022-03-03,8,BEVERAGES,403.509,0,Guayas,C,1,1072,51.69,23.09,0
14296,2022-03-03,8,CLEANING,201.752,0,Guayas,C,1,1072,51.69,23.09,0
12106,2022-03-03,8,GROCERY I,564.691,0,Guayas,C,1,1072,51.69,23.09,0
13566,2022-03-03,8,PRODUCE,306.021,0,Guayas,C,1,1072,51.69,23.09,0
1157,2022-03-04,1,BEVERAGES,510.615,4,Pichincha,D,2,1068,52.47,25.21,0
2617,2022-03-04,1,CLEANING,196.086,0,Pichincha,D,2,1068,52.47,25.21,0
427,2022-03-04,1,GROCERY I,619.037,0,Pichincha,D,2,1068,52.47,25.21,0
1887,2022-03-04,1,PRODUCE,358.719,0,Pichincha,D,2,1068,52.47,25.21,0
4077,2022-03-04,2,BEVERAGES,384.269,0,Pichincha,D,3,931,52.47,25.21,0
5537,2022-03-04,2,CLEANING,171.701,0,Pichincha,D,3,931,52.47,25.21,0
3347,2022-03-04,2,GROCERY I,515.06,0,Pichincha,D,3,931,52.47,25.21,0
4807,2022-03-04,2,PRODUCE,227.161,0,Pichincha,D,3,931,52.47,25.21,0
6997,2022-03-04,3,BEVERAGES,604.986,0,Guayas,A,4,1476,52.47,25.21,0
8457,2022-03-04,3,CLEANING,275.449,0,Guayas,A,4,1476,52.47,25.21,0
6267,2022-03-04,3,GROCERY I,1092.275,8,Guayas,A,4,1476,52.47,25.21,0
7727,2022-03-04,3,PRODUCE,433.356,0,Guayas,A,4,1476,52.47,25.21,0
9917,2022-03-04,5,BEVERAGES,294.602,0,Azuay,B,2,659,52.47,25.21,0
11377,2022-03-04,5,CLEANING,113.845,0,Azuay,B,2,659,52.47,25.21,0
9187,2022-03-04,5,GROCERY I,447.68,0,Azuay,B,2,659,52.47,25.21,0
10647,2022-03-04,5,PRODUCE,189.362,0,Azuay,B,2,659,52.47,25.21,0
12837,2022-03-04,8,BEVERAGES,487.687,0,Guayas,C,1,1299,52.47,25.21,0
14297,2022-03-04,8,CLEANING,234.426,0,Guayas,C,1,1299,52.47,25.21,0
12107,2022-03-04,8,GROCERY I,615.132,0,Guayas,C,1,1299,52.47,25.21,0
13567,2022-03-04,8,PRODUCE,350.186,0,Guayas,C,1,1299,52.47,25.21,0
1158,2022-03-05,1,BEVERAGES,560.982,0,Pichincha,D,2,1396,51.85,19.78,0
2618,2022-03-05,1,CLEANING,200.722,0,Pichincha,D,2,1396,51.85,19.78,0
428,2022-03-05,1,GROCERY I,891.073,0,Pichincha,D,2,1396,51.85,19.78,0
1888,2022-03-05,1,PRODUCE,395.261,0,Pichincha,D,2,1396,51.85,19.78,0
4078,2022-03-05,2,BEVERAGES,531.629,0,Pichincha,D,3,1283,51.85,19.78,0
5538,2022-03-05,2,CLEANING,180.963,0,Pichincha,D,3,1283,51.85,19.78,0
3348,2022-03-05,2,GROCERY I,615.893,0,Pichincha,D,3,1283,51.85,19.78,0
4808,2022-03-05,2,PRODUCE,400.987,5,Pichincha,D,3,1283,51.85,19.78,0
6998,2022-03-05,3,BEVERAGES,607.928,0,Guayas,A,4,1963,51.85,19.78,0
8458,2022-03-05,3,CLEANING,311.366,0,Guayas,A,4,1963,51.85,19.78,0
6268,2022-03-05,3,GROCERY I,1192.571,0,Guayas,A,4,1963,51.85,19.78,0
7728,2022-03-05,3,PRODUCE,736.406,23,Guayas,A,4,1963,51.85,19.78,0
9918,2022-03-05,5,BEVERAGES,284.388,0,Azuay,B,2,829,51.85,19.78,0
11378,2022-03-05,5,CLEANING,145.668,0,Azuay,B,2,829,51.85,19.78,0
9188,2022-03-05,5,GROCERY I,480.867,0,Azuay,B,2,829,51.85,19.78,0
10648,2022-03-05,5,PRODUCE,232.092,0,Azuay,B,2,829,51.85,19.78,0
12838,2022-03-05,8,BEVERAGES,527.838,0,Guayas,C,1,1535,51.85,19.78,0
14298,2022-03-05,8,CLEANING,330.235,5,Guayas,C,1,1535,51.85,19.78,0
12108,2022-03-05,8,GROCERY I,869.391,0,Guayas,C,1,1535,51.85,19.78,0
13568,2022-03-05,8,PRODUCE,395.117,0,Guayas,C,1,1535,51.85,19.78,0
1159,2022-03-06,1,BEVERAGES,547.299,0,Pichincha,D,2,1246,52.02,21.28,0
2619,2022-03-06,1,CLEANING,187.051,0,Pichincha,D,2,1246,52.02,21.28,0
429,2022-03-06,1,GROCERY I,923.828,0,Pichincha,D,2,1246,52.02,21.28,0
1889,2022-03-06,1,PRODUCE,296.279,0,Pichincha,D,2,1246,52.02,21.28,0
4079,2022-03-06,2,BEVERAGES,418.713,0,Pichincha,D,3,1034,52.02,21.28,0
5539,2022-03-06,2,CLEANING,214.201,14,Pichincha,D,3,1034,52.02,21.28,0
3349,2022-03-06,2,GROCERY I,618.518,0,Pichincha,D,3,1034,52.02,21.28,0
4809,2022-03-06,2,PRODUCE,344.499,1,Pichincha,D,3,1034,52.02,21.28,0
6999,2022-03-06,3,BEVERAGES,597.97,0,Guayas,A,4,1637,52.02,21.28,0
8459,2022-03-06,3,CLEANING,305.085,0,Guayas,A,4,1637,52.02,21.28,0
6269,2022-03-06,3,GROCERY I,992.765,0,Guayas,A,4,1637,52.02,21.28,0
7729,2022-03-06,3,PRODUCE,434.33,0,Guayas,A,4,1637,52.02,21.28,0
9919,2022-03-06,5,BEVERAGES,266.351,0,Azuay,B,2,716,52.02,21.28,0
11379,2022-03-06,5,CLEANING,122.163,0,Azuay,B,2,716,52.02,21.28,0
9189,2022-03-06,5,GROCERY I,442.623,0,Azuay,B,2,716,52.02,21.28,0
10649,2022-03-06,5,PRODUCE,211.224,0,Azuay,B,2,716,52.02,21.28,0
12839,2022-03-06,8,BEVERAGES,573.831,0,Guayas,C,1,1305,52.02,21.28,0
14299,2022-03-06,8,CLEANING,203.619,0,Guayas,C,1,1305,52.02,21.28,0
12109,2022-03-06,8,GROCERY I,815.901,0,Guayas,C,1,1305,52.02,21.28,0
13569,2022-03-06,8,PRODUCE,357.822,0,Guayas,C,1,1305,52.02,21.28,0
1160,2022-03-07,1,BEVERAGES,348.33,0,Pichincha,D,2,900,51.56,21.66,0
2620,2022-03-07,1,CLEANING,159.382,0,Pichincha,D,2,900,51.56,21.66,0
430,2022-03-07,1,GROCERY I,653.809,0,Pichincha,D,2,900,51.56,21.66,0
1890,2022-03-07,1,PRODUCE,322.251,0,Pichincha,D,2,900,51.56,21.66,0
4080,2022-03-07,2,BEVERAGES,299.683,0,Pichincha,D,3,816,51.56,21.66,0
5540,2022-03-07,2,CLEANING,145.299,0,Pichincha,D,3,816,51.56,21.66,0
3350,2022-03-07,2,GROCERY I,444.439,0,Pichincha,D,3,816,51.56,21.66,0
4810,2022-03-07,2,PRODUCE,205.83,0,Pichincha,D,3,816,51.56,21.66,0
7000,2022-03-07,3,BEVERAGES,519.868,0,Guayas,A,4,1299,51.56,21.66,0
8460,2022-03-07,3,CLEANING,228.858,0,Guayas,A,4,1299,51.56,21.66,0
6270,2022-03-07,3,GROCERY I,704.364,0,Guayas,A,4,1299,51.56,21.66,0
7730,2022-03-07,3,PRODUCE,311.716,0,Guayas,A,4,1299,51.56,21.66,0
9920,2022-03-07,5,BEVERAGES,244.963,0,Azuay,B,2,607,51.56,21.66,0
11380,2022-03-07,5,CLEANING,92.153,0,Azuay,B,2,607,51.56,21.66,0
9190,2022-03-07,5,GROCERY I,328.657,0,Azuay,B,2,607,51.56,21.66,0
10650,2022-03-07,5,PRODUCE,161.582,0,Azuay,B,2,607,51.56,21.66,0
12840,2022-03-07,8,BEVERAGES,312.604,0,Guayas,C,1,1042,51.56,21.66,0
14300,2022-03-07,8,CLEANING,174.648,0,Guayas,C,1,1042,51.56,21.66,0
12110,2022-03-07,8,GROCERY I,702.691,0,Guayas,C,1,1042,51.56,21.66,0
13570,2022-03-07,8,PRODUCE,285.605,0,Guayas,C,1,1042,51.56,21.66,0
1161,2022-03-08,1,BEVERAGES,363.859,0,Pichincha,D,2,844,51.77,22.87,0
2621,2022-03-08,1,CLEANING,119.835,0,Pichincha,D,2,844,51.77,22.87,0
431,2022-03-08,1,GROCERY I,592.084,0,Pichincha,D,2,844,51.77,22.87,0
1891,2022-03-08,1,PRODUCE,263.777,0,Pichincha,D,2,844,51.77,22.87,0
4081,2022-03-08,2,BEVERAGES,272.819,0,Pichincha,D,3,740,51.77,22.87,0
5541,2022-03-08,2,CLEANING,141.887,15,Pichincha,D,3,740,51.77,22.87,0
3351,2022-03-08,2,GROCERY I,465.247,0,Pichincha,D,3,740,51.77,22.87,0
4811,2022-03-08,2,PRODUCE,273.296,22,Pichincha,D,3,740,51.77,22.87,0
7001,2022-03-08,3,BEVERAGES,525.778,0,Guayas,A,4,1284,51.77,22.87,0
8461,2022-03-08,3,CLEANING,207.438,0,Guayas,A,4,1284,51.77,22.87,0
6271,2022-03-08,3,GROCERY I,621.638,0,Guayas,A,4,1284,51.77,22.87,0
7731,2022-03-08,3,PRODUCE,335.003,0,Guayas,A,4,1284,51.77,22.87,0
9921,2022-03-08,5,BEVERAGES,191.596,0,Azuay,B,2,645,51.77,22.87,0
11381,2022-03-08,5,CLEANING,72.616,22,Azuay,B,2,645,51.77,22.87,0
9191,2022-03-08,5,GROCERY I,378.855,0,Azuay,B,2,645,51.77,22.87,0
10651,2022-03-08,5,PRODUCE,172.903,0,Azuay,B,2,645,51.77,22.87,0
12841,2022-03-08,8,BEVERAGES,423.645,0,Guayas,C,1,1059,51.77,22.87,0
14301,2022-03-08,8,CLEANING,172.616,0,Guayas,C,1,1059,51.77,22.87,0
12111,2022-03-08,8,GROCERY I,568.53,0,Guayas,C,1,1059,51.77,22.87,0
13571,2022-03-08,8,PRODUCE,316.35,0,Guayas,C,1,1059,51.77,22.87,0
1162,2022-03-09,1,BEVERAGES,361.415,0,Pichincha,D,2,819,51.71,23.08,0
2622,2022-03-09,1,CLEANING,150.043,0,Pichincha,D,2,819,51.71,23.08,0
432,2022-03-09,1,GROCERY I,565.123,0,Pichincha,D,2,819,51.71,23.08,0
1892,2022-03-09,1,PRODUCE,253.417,0,Pichincha,D,2,819,51.71,23.08,0
4082,2022-03-09,2,BEVERAGES,307.493,0,Pichincha,D,3,752,51.71,23.08,0
5542,2022-03-09,2,CLEANING,125.695,0,Pichincha,D,3,752,51.71,23.08,0
3352,2022-03-09,2,GROCERY I,398.161,0,Pichincha,D,3,752,51.71,23.08,0
4812,2022-03-09,2,PRODUCE,193.544,0,Pichincha,D,3,752,51.71,23.08,0
7002,2022-03-09,3,BEVERAGES,469.055,0,Guayas,A,4,1264,51.71,23.08,0
8462,2022-03-09,3,CLEANING,203.242,0,Guayas,A,4,1264,51.71,23.08,0
6272,2022-03-09,3,GROCERY I,886.379,23,Guayas,A,4,1264,51.71,23.08,0
7732,2022-03-09,3,PRODUCE,0.0,0,Guayas,A,4,1264,51.71,23.08,0
9922,2022-03-09,5,BEVERAGES,218.202,0,Azuay,B,2,597,51.71,23.08,0
11382,2022-03-09,5,CLEANING,80.721,0,Azuay,B,2,597,51.71,23.08,0
9192,2022-03-09,5,GROCERY I,316.167,0,Azuay,B,2,597,51.71,23.08,0
10652,2022-03-09,5,PRODUCE,159.484,0,Azuay,B,2,597,51.71,23.08,0
12842,2022-03-09,8,BEVERAGES,434.533,0,Guayas,C,1,981,51.71,23.08,0
14302,2022-03-09,8,CLEANING,198.577,0,Guayas,C,1,981,51.71,23.08,0
12112,2022-03-09,8,GROCERY I,634.399,0,Guayas,C,1,981,51.71,23.08,0
13572,2022-03-09,8,PRODUCE,0.0,0,Guayas,C,1,981,51.71,23.08,0
1163,2022-03-10,1,BEVERAGES,389.506,0,Pichincha,D,2,955,50.89,21.38,0
2623,2022-03-10,1,CLEANING,193.844,23,Pichincha,D,2,955,50.89,21.38,0
433,2022-03-10,1,GROCERY I,500.71,0,Pichincha,D,2,955,50.89,21.38,0
1893,2022-03-10,1,PRODUCE,368.345,13,Pichincha,D,2,955,50.89,21.38,0
4083,2022-03-10,2,BEVERAGES,319.723,0,Pichincha,D,3,868,50.89,21.38,0
5543,2022-03-10,2,CLEANING,155.36,0,Pichincha,D,3,868,50.89,21.38,0
3353,2022-03-10,2,GROCERY I,527.245,0,Pichincha,D,3,868,50.89,21.38,0
4813,2022-03-10,2,PRODUCE,213.394,0,Pichincha,D,3,868,50.89,21.38,0
7003,2022-03-10,3,BEVERAGES,654.893,0,Guayas,A,4,1349,50.89,21.38,0
8463,2022-03-10,3,CLEANING,210.786,0,Guayas,A,4,1349,50.89,21.38,0
6273,2022-03-10,3,GROCERY I,715.89,0,Guayas,A,4,1349,50.89,21.38,0
7733,2022-03-10,3,PRODUCE,338.101,0,Guayas,A,4,1349,50.89,21.38,0
9923,2022-03-10,5,BEVERAGES,312.003,0,Azuay,B,2,616,50.89,21.38,0
11383,2022-03-10,5,CLEANING,99.92,0,Azuay,B,2,616,50.89,21.38,0
9193,2022-03-10,5,GROCERY I,339.557,0,Azuay,B,2,616,50.89,21.38,0
10653,2022-03-10,5,PRODUCE,157.679,0,Azuay,B,2,616,50.89,21.38,0
12843,2022-03-10,8,BEVERAGES,518.792,0,Guayas,C,1,1089,50.89,21.38,0
14303,2022-03-10,8,CLEANING,227.643,0,Guayas,C,1,1089,50.89,21.38,0
12113,2022-03-10,8,GROCERY I,562.504,0,Guayas,C,1,1089,50.89,21.38,0
13573,2022-03-10,8,PRODUCE,481.993,22,Guayas,C,1,1089,50.89,21.38,0
1164,2022-03-11,1,BEVERAGES,393.621,0,Pichincha,D,2,1114,51.3,22.16,0
2624,2022-03-11,1,CLEANING,188.189,0,Pichincha,D,2,1114,51.3,22.16,0
434,2022-03-11,1,GROCERY I,629.303,0,Pichincha,D,2,1114,51.3,22.16,0
1894,2022-03-11,1,PRODUCE,348.086,0,Pichincha,D,2,1114,51.3,22.16,0
4084,2022-03-11,2,BEVERAGES,417.861,0,Pichincha,D,3,894,51.3,22.16,0
5544,2022-03-11,2,CLEANING,161.593,0,Pichincha,D,3,894,51.3,22.16,0
3354,2022-03-11,2,GROCERY I,528.823,0,Pichincha,D,3,894,51.3,22.16,0
4814,2022-03-11,2,PRODUCE,349.854,17,Pichincha,D,3,894,51.3,22.16,0
7004,2022-03-11,3,BEVERAGES,639.419,0,Guayas,A,4,1541,51.3,22.16,0
8464,2022-03-11,3,CLEANING,226.558,0,Guayas,A,4,1541,51.3,22.16,0
6274,2022-03-11,3,GROCERY I,1086.359,1,Guayas,A,4,1541,51.3,22.16,0
7734,2022-03-11,3,PRODUCE,382.934,0,Guayas,A,4,1541,51.3,22.16,0
9924,2022-03-11,5,BEVERAGES,279.501,0,Azuay,B,2,725,51.3,22.16,0
11384,2022-03-11,5,CLEANING,101.046,0,Azuay,B,2,725,51.3,22.16,0
9194,2022-03-11,5,GROCERY I,413.703,0,Azuay,B,2,725,51.3,22.16,0
10654,2022-03-11,5,PRODUCE,178.335,0,Azuay,B,2,725,51.3,22.16,0
12844,2022-03-11,8,BEVERAGES,493.818,0,Guayas,C,1,1297,51.3,22.16,0
14304,2022-03-11,8,CLEANING,200.426,0,Guayas,C,1,1297,51.3,22.16,0
12114,2022-03-11,8,GROCERY I,725.858,0,Guayas,C,1,1297,51.3,22.16,0
13574,2022-03-11,8,PRODUCE,349.824,0,Guayas,C,1,1297,51.3,22.16,0
1165,2022-03-12,1,BEVERAGES,765.381,2,Pichincha,D,2,1305,51.03,22.39,0
2625,2022-03-12,1,CLEANING,221.868,0,Pichincha,D,2,1305,51.03,22.39,0
435,2022-03-12,1,GROCERY I,961.472,0,Pichincha,D,2,1305,51.03,22.39,0
1895,2022-03-12,1,PRODUCE,441.675,0,Pichincha,D,2,1305,51.03,22.39,0
4085,2022-03-12,2,BEVERAGES,509.374,11,Pichincha,D,3,1117,51.03,22.39,0
5545,2022-03-12,2,CLEANING,197.483,0,Pichincha,D,3,1117,51.03,22.39,0
3355,2022-03-12,2,GROCERY I,708.38,0,Pichincha,D,3,1117,51.03,22.39,0
4815,2022-03-12,2,PRODUCE,350.355,0,Pichincha,D,3,1117,51.03,22.39,0
7005,2022-03-12,3,BEVERAGES,664.392,0,Guayas,A,4,1889,51.03,22.39,0
8465,2022-03-12,3,CLEANING,277.999,0,Guayas,A,4,1889,51.03,22.39,0
6275,2022-03-12,3,GROCERY I,1117.626,0,Guayas,A,4,1889,51.03,22.39,0
7735,2022-03-12,3,PRODUCE,450.073,0,Guayas,A,4,1889,51.03,22.39,0
9925,2022-03-12,5,BEVERAGES,321.091,0,Azuay,B,2,882,51.03,22.39,0
11385,2022-03-12,5,CLEANING,170.814,7,Azuay,B,2,882,51.03,22.39,0
9195,2022-03-12,5,GROCERY I,482.25,0,Azuay,B,2,882,51.03,22.39,0
10655,2022-03-12,5,PRODUCE,214.67,0,Azuay,B,2,882,51.03,22.39,0
12845,2022-03-12,8,BEVERAGES,581.065,0,Guayas,C,1,1494,51.03,22.39,0
14305,2022-03-12,8,CLEANING,335.809,19,Guayas,C,1,1494,51.03,22.39,0
12115,2022-03-12,8,GROCERY I,735.987,0,Guayas,C,1,1494,51.03,22.39,0
13575,2022-03-12,8,PRODUCE,367.081,0,Guayas,C,1,1494,51.03,22.39,0
1166,2022-03-13,1,BEVERAGES,445.0,0,Pichincha,D,2,1222,50.79,27.09,0
2626,2022-03-13,1,CLEANING,182.613,0,Pichincha,D,2,1222,50.79,27.09,0
436,2022-03-13,1,GROCERY I,688.005,0,Pichincha,D,2,1222,50.79,27.09,0
1896,2022-03-13,1,PRODUCE,319.228,0,Pichincha,D,2,1222,50.79,27.09,0
4086,2022-03-13,2,BEVERAGES,462.681,0,Pichincha,D,3,1010,50.79,27.09,0
5546,2022-03-13,2,CLEANING,158.151,0,Pichincha,D,3,1010,50.79,27.09,0
3356,2022-03-13,2,GROCERY I,587.704,0,Pichincha,D,3,1010,50.79,27.09,0
4816,2022-03-13,2,PRODUCE,314.671,17,Pichincha,D,3,1010,50.79,27.09,0
7006,2022-03-13,3,BEVERAGES,719.478,0,Guayas,A,4,1621,50.79,27.09,0
8466,2022-03-13,3,CLEANING,294.604,0,Guayas,A,4,1621,50.79,27.09,0
6276,2022-03-13,3,GROCERY I,985.244,0,Guayas,A,4,1621,50.79,27.09,0
7736,2022-03-13,3,PRODUCE,487.895,0,Guayas,A,4,1621,50.79,27.09,0
9926,2022-03-13,5,BEVERAGES,361.075,9,Azuay,B,2,830,50.79,27.09,0
11386,2022-03-13,5,CLEANING,124.145,0,Azuay,B,2,830,50.79,27.09,0
9196,2022-03-13,5,GROCERY I,436.591,0,Azuay,B,2,830,50.79,27.09,0
10656,2022-03-13,5,PRODUCE,265.04,2,Azuay,B,2,830,50.79,27.09,0
12846,2022-03-13,8,BEVERAGES,529.476,0,Guayas,C,1,1400,50.79,27.09,0
14306,2022-03-13,8,CLEANING,203.547,0,Guayas,C,1,1400,50.79,27.09,0
12116,2022-03-13,8,GROCERY I,974.127,0,Guayas,C,1,1400,50.79,27.09,0
13576,2022-03-13,8,PRODUCE,383.481,0,Guayas,C,1,1400,50.79,27.09,0
1167,2022-03-14,1,BEVERAGES,409.624,0,Pichincha,D,2,917,50.31,26.22,0
2627,2022-03-14,1,CLEANING,131.468,0,Pichincha,D,2,917,50.31,26.22,0
437,2022-03-14,1,GROCERY I,544.095,0,Pichincha,D,2,917,50.31,26.22,0
1897,2022-03-14,1,PRODUCE,273.753,0,Pichincha,D,2,917,50.31,26.22,0
4087,2022-03-14,2,BEVERAGES,342.112,0,Pichincha,D,3,857,50.31,26.22,0
5547,2022-03-14,2,CLEANING,136.659,0,Pichincha,D,3,857,50.31,26.22,0
3357,2022-03-14,2,GROCERY I,669.408,23,Pichincha,D,3,857,50.31,26.22,0
4817,2022-03-14,2,PRODUCE,271.267,8,Pichincha,D,3,857,50.31,26.22,0
7007,2022-03-14,3,BEVERAGES,448.48,0,Guayas,A,4,1264,50.31,26.22,0
8467,2022-03-14,3,CLEANING,240.854,0,Guayas,A,4,1264,50.31,26.22,0
6277,2022-03-14,3,GROCERY I,735.765,0,Guayas,A,4,1264,50.31,26.22,0
7737,2022-03-14,3,PRODUCE,311.991,0,Guayas,A,4,1264,50.31,26.22,0
9927,2022-03-14,5,BEVERAGES,229.991,0,Azuay,B,2,486,50.31,26.22,0
11387,2022-03-14,5,CLEANING,89.232,0,Azuay,B,2,486,50.31,26.22,0
9197,2022-03-14,5,GROCERY I,369.666,0,Azuay,B,2,486,50.31,26.22,0
10657,2022-03-14,5,PRODUCE,176.654,0,Azuay,B,2,486,50.31,26.22,0
12847,2022-03-14,8,BEVERAGES,431.327,0,Guayas,C,1,1124,50.31,26.22,0
14307,2022-03-14,8,CLEANING,170.268,0,Guayas,C,1,1124,50.31,26.22,0
12117,2022-03-14,8,GROCERY I,647.156,0,Guayas,C,1,1124,50.31,26.22,0
13577,2022-03-14,8,PRODUCE,318.886,0,Guayas,C,1,1124,50.31,26.22,0
1168,2022-03-15,1,BEVERAGES,419.072,9,Pichincha,D,2,848,50.02,23.17,0
2628,2022-03-15,1,CLEANING,154.57,0,Pichincha,D,2,848,50.02,23.17,0
438,2022-03-15,1,GROCERY I,554.981,0,Pichincha,D,2,848,50.02,23.17,0
1898,2022-03-15,1,PRODUCE,230.657,0,Pichincha,D,2,848,50.02,23.17,0
4088,2022-03-15,2,BEVERAGES,292.326,0,Pichincha,D,3,745,50.02,23.17,0
5548,2022-03-15,2,CLEANING,124.43,0,Pichincha,D,3,745,50.02,23.17,0
3358,2022-03-15,2,GROCERY I,468.196,0,Pichincha,D,3,745,50.02,23.17,0
4818,2022-03-15,2,PRODUCE,196.516,0,Pichincha,D,3,745,50.02,23.17,0
7008,2022-03-15,3,BEVERAGES,504.955,0,Guayas,A,4,1216,50.02,23.17,0
8468,2022-03-15,3,CLEANING,185.665,0,Guayas,A,4,1216,50.02,23.17,0
6278,2022-03-15,3,GROCERY I,909.183,0,Guayas,A,4,1216,50.02,23.17,0
7738,2022-03-15,3,PRODUCE,0.0,0,Guayas,A,4,1216,50.02,23.17,0
9928,2022-03-15,5,BEVERAGES,196.143,0,Azuay,B,2,565,50.02,23.17,0
11388,2022-03-15,5,CLEANING,73.576,0,Azuay,B,2,565,50.02,23.17,0
9198,2022-03-15,5,GROCERY I,327.237,0,Azuay,B,2,565,50.02,23.17,0
10658,2022-03-15,5,PRODUCE,161.398,0,Azuay,B,2,565,50.02,23.17,0
12848,2022-03-15,8,BEVERAGES,395.198,0,Guayas,C,1,1036,50.02,23.17,0
14308,2022-03-15,8,CLEANING,154.04,0,Guayas,C,1,1036,50.02,23.17,0
12118,2022-03-15,8,GROCERY I,763.927,24,Guayas,C,1,1036,50.02,23.17,0
13578,2022-03-15,8,PRODUCE,294.85,0,Guayas,C,1,1036,50.02,23.17,0
1169,2022-03-16,1,BEVERAGES,351.661,0,Pichincha,D,2,892,50.21,23.29,0
2629,2022-03-16,1,CLEANING,152.047,0,Pichincha,D,2,892,50.21,23.29,0
439,2022-03-16,1,GROCERY I,521.838,0,Pichincha,D,2,892,50.21,23.29,0
1899,2022-03-16,1,PRODUCE,280.312,0,Pichincha,D,2,892,50.21,23.29,0
4089,2022-03-16,2,BEVERAGES,354.319,0,Pichincha,D,3,798,50.21,23.29,0
5549,2022-03-16,2,CLEANING,130.301,6,Pichincha,D,3,798,50.21,23.29,0
3359,2022-03-16,2,GROCERY I,554.899,0,Pichincha,D,3,798,50.21,23.29,0
4819,2022-03-16,2,PRODUCE,212.589,0,Pichincha,D,3,798,50.21,23.29,0
7009,2022-03-16,3,BEVERAGES,460.296,0,Guayas,A,4,1221,50.21,23.29,0
8469,2022-03-16,3,CLEANING,211.937,0,Guayas,A,4,1221,50.21,23.29,0
6279,2022-03-16,3,GROCERY I,689.487,0,Guayas,A,4,1221,50.21,23.29,0
7739,2022-03-16,3,PRODUCE,345.948,0,Guayas,A,4,1221,50.21,23.29,0
9929,2022-03-16,5,BEVERAGES,180.23,0,Azuay,B,2,434,50.21,23.29,0
11389,2022-03-16,5,CLEANING,83.64,0,Azuay,B,2,434,50.21,23.29,0
9199,2022-03-16,5,GROCERY I,336.241,0,Azuay,B,2,434,50.21,23.29,0
10659,2022-03-16,5,PRODUCE,108.422,0,Azuay,B,2,434,50.21,23.29,0
12849,2022-03-16,8,BEVERAGES,364.61,0,Guayas,C,1,1058,50.21,23.29,0
14309,2022-03-16,8,CLEANING,196.829,0,Guayas,C,1,1058,50.21,23.29,0
12119,2022-03-16,8,GROCERY I,0.0,13,Guayas,C,1,1058,50.21,23.29,0
13579,2022-03-16,8,PRODUCE,294.716,0,Guayas,C,1,1058,50.21,23.29,0
1170,2022-03-17,1,BEVERAGES,438.938,0,Pichincha,D,2,1017,50.12,22.24,0
2630,2022-03-17,1,CLEANING,145.411,0,Pichincha,D,2,1017,50.12,22.24,0
440,2022-03-17,1,GROCERY I,545.093,0,Pichincha,D,2,1017,50.12,22.24,0
1900,2022-03-17,1,PRODUCE,280.262,0,Pichincha,D,2,1017,50.12,22.24,0
4090,2022-03-17,2,BEVERAGES,301.046,0,Pichincha,D,3,824,50.12,22.24,0
5550,2022-03-17,2,CLEANING,160.4,14,Pichincha,D,3,824,50.12,22.24,0
3360,2022-03-17,2,GROCERY I,526.789,0,Pichincha,D,3,824,50.12,22.24,0
4820,2022-03-17,2,PRODUCE,232.821,0,Pichincha,D,3,824,50.12,22.24,0
7010,2022-03-17,3,BEVERAGES,468.264,0,Guayas,A,4,1330,50.12,22.24,0
8470,2022-03-17,3,CLEANING,191.999,0,Guayas,A,4,1330,50.12,22.24,0
6280,2022-03-17,3,GROCERY I,915.85,0,Guayas,A,4,1330,50.12,22.24,0
7740,2022-03-17,3,PRODUCE,352.311,0,Guayas,A,4,1330,50.12,22.24,0
9930,2022-03-17,5,BEVERAGES,238.977,0,Azuay,B,2,624,50.12,22.24,0
11390,2022-03-17,5,CLEANING,100.994,0,Azuay,B,2,624,50.12,22.24,0
9200,2022-03-17,5,GROCERY I,344.009,0,Azuay,B,2,624,50.12,22.24,0
10660,2022-03-17,5,PRODUCE,156.687,1,Azuay,B,2,624,50.12,22.24,0
12850,2022-03-17,8,BEVERAGES,455.129,0,Guayas,C,1,988,50.12,22.24,0
14310,2022-03-17,8,CLEANING,185.616,0,Guayas,C,1,988,50.12,22.24,0
12120,2022-03-17,8,GROCERY I,823.914,0,Guayas,C,1,988,50.12,22.24,0
13580,2022-03-17,8,PRODUCE,297.027,0,Guayas,C,1,988,50.12,22.24,0
1171,2022-03-18,1,BEVERAGES,511.264,0,Pichincha,D,2,1169,50.27,21.22,0
2631,2022-03-18,1,CLEANING,197.905,0,Pichincha,D,2,1169,50.27,21.22,0
441,2022-03-18,1,GROCERY I,723.336,0,Pichincha,D,2,1169,50.27,21.22,0
1901,2022-03-18,1,PRODUCE,341.465,0,Pichincha,D,2,1169,50.27,21.22,0
4091,2022-03-18,2,BEVERAGES,391.178,0,Pichincha,D,3,1029,50.27,21.22,0
5551,2022-03-18,2,CLEANING,143.912,0,Pichincha,D,3,1029,50.27,21.22,0
3361,2022-03-18,2,GROCERY I,670.983,0,Pichincha,D,3,1029,50.27,21.22,0
4821,2022-03-18,2,PRODUCE,286.314,0,Pichincha,D,3,1029,50.27,21.22,0
7011,2022-03-18,3,BEVERAGES,687.361,0,Guayas,A,4,1564,50.27,21.22,0
8471,2022-03-18,3,CLEANING,295.187,19,Guayas,A,4,1564,50.27,21.22,0
6281,2022-03-18,3,GROCERY I,1177.487,23,Guayas,A,4,1564,50.27,21.22,0
7741,2022-03-18,3,PRODUCE,408.578,0,Guayas,A,4,1564,50.27,21.22,0
9931,2022-03-18,5,BEVERAGES,350.172,12,Azuay,B,2,710,50.27,21.22,0
11391,2022-03-18,5,CLEANING,125.575,0,Azuay,B,2,710,50.27,21.22,0
9201,2022-03-18,5,GROCERY I,397.607,0,Azuay,B,2,710,50.27,21.22,0
10661,2022-03-18,5,PRODUCE,190.785,0,Azuay,B,2,710,50.27,21.22,0
12851,2022-03-18,8,BEVERAGES,513.862,0,Guayas,C,1,1197,50.27,21.22,0
14311,2022-03-18,8,CLEANING,221.195,0,Guayas,C,1,1197,50.27,21.22,0
12121,2022-03-18,8,GROCERY I,764.533,0,Guayas,C,1,1197,50.27,21.22,0
13581,2022-03-18,8,PRODUCE,355.342,0,Guayas,C,1,1197,50.27,21.22,0
1172,2022-03-19,1,BEVERAGES,571.383,0,Pichincha,D,2,1371,50.43,23.78,0
2632,2022-03-19,1,CLEANING,228.952,0,Pichincha,D,2,1371,50.43,23.78,0
442,2022-03-19,1,GROCERY I,798.734,0,Pichincha,D,2,1371,50.43,23.78,0
1902,2022-03-19,1,PRODUCE,392.78,0,Pichincha,D,2,1371,50.43,23.78,0
4092,2022-03-19,2,BEVERAGES,406.277,0,Pichincha,D,3,1099,50.43,23.78,0
5552,2022-03-19,2,CLEANING,194.432,0,Pichincha,D,3,1099,50.43,23.78,0
3362,2022-03-19,2,GROCERY I,697.368,0,Pichincha,D,3,1099,50.43,23.78,0
4822,2022-03-19,2,PRODUCE,335.059,0,Pichincha,D,3,1099,50.43,23.78,0
7012,2022-03-19,3,BEVERAGES,738.333,0,Guayas,A,4,1896,50.43,23.78,0
8472,2022-03-19,3,CLEANING,395.829,4,Guayas,A,4,1896,50.43,23.78,0
6282,2022-03-19,3,GROCERY I,1101.322,0,Guayas,A,4,1896,50.43,23.78,0
7742,2022-03-19,3,PRODUCE,546.484,0,Guayas,A,4,1896,50.43,23.78,0
9932,2022-03-19,5,BEVERAGES,312.896,0,Azuay,B,2,802,50.43,23.78,0
11392,2022-03-19,5,CLEANING,109.566,0,Azuay,B,2,802,50.43,23.78,0
9202,2022-03-19,5,GROCERY I,502.139,0,Azuay,B,2,802,50.43,23.78,0
10662,2022-03-19,5,PRODUCE,224.742,0,Azuay,B,2,802,50.43,23.78,0
12852,2022-03-19,8,BEVERAGES,558.433,0,Guayas,C,1,1511,50.43,23.78,0
14312,2022-03-19,8,CLEANING,258.693,0,Guayas,C,1,1511,50.43,23.78,0
12122,2022-03-19,8,GROCERY I,867.016,0,Guayas,C,1,1511,50.43,23.78,0
13582,2022-03-19,8,PRODUCE,344.557,0,Guayas,C,1,1511,50.43,23.78,0
1173,2022-03-20,1,BEVERAGES,527.22,0,Pichincha,D,2,1232,51.03,22.59,0
2633,2022-03-20,1,CLEANING,198.332,0,Pichincha,D,2,1232,51.03,22.59,0
443,2022-03-20,1,GROCERY I,713.051,0,Pichincha,D,2,1232,51.03,22.59,0
1903,2022-03-20,1,PRODUCE,417.555,22,Pichincha,D,2,1232,51.03,22.59,0
4093,2022-03-20,2,BEVERAGES,470.934,0,Pichincha,D,3,1057,51.03,22.59,0
5553,2022-03-20,2,CLEANING,155.371,0,Pichincha,D,3,1057,51.03,22.59,0
3363,2022-03-20,2,GROCERY I,644.716,0,Pichincha,D,3,1057,51.03,22.59,0
4823,2022-03-20,2,PRODUCE,293.629,0,Pichincha,D,3,1057,51.03,22.59,0
7013,2022-03-20,3,BEVERAGES,768.412,0,Guayas,A,4,1654,51.03,22.59,0
8473,2022-03-20,3,CLEANING,265.898,0,Guayas,A,4,1654,51.03,22.59,0
6283,2022-03-20,3,GROCERY I,1084.313,0,Guayas,A,4,1654,51.03,22.59,0
7743,2022-03-20,3,PRODUCE,439.978,0,Guayas,A,4,1654,51.03,22.59,0
9933,2022-03-20,5,BEVERAGES,396.172,12,Azuay,B,2,602,51.03,22.59,0
11393,2022-03-20,5,CLEANING,119.477,0,Azuay,B,2,602,51.03,22.59,0
9203,2022-03-20,5,GROCERY I,438.261,0,Azuay,B,2,602,51.03,22.59,0
10663,2022-03-20,5,PRODUCE,201.092,0,Azuay,B,2,602,51.03,22.59,0
12853,2022-03-20,8,BEVERAGES,461.305,0,Guayas,C,1,1295,51.03,22.59,0
14313,2022-03-20,8,CLEANING,234.259,0,Guayas,C,1,1295,51.03,22.59,0
12123,2022-03-20,8,GROCERY I,987.228,0,Guayas,C,1,1295,51.03,22.59,0
13583,2022-03-20,8,PRODUCE,413.098,0,Guayas,C,1,1295,51.03,22.59,0
1174,2022-03-21,1,BEVERAGES,373.333,0,Pichincha,D,2,887,50.87,23.91,0
2634,2022-03-21,1,CLEANING,129.532,0,Pichincha,D,2,887,50.87,23.91,0
444,2022-03-21,1,GROCERY I,551.751,0,Pichincha,D,2,887,50.87,23.91,0
1904,2022-03-21,1,PRODUCE,250.755,0,Pichincha,D,2,887,50.87,23.91,0
4094,2022-03-21,2,BEVERAGES,267.179,0,Pichincha,D,3,789,50.87,23.91,0
5554,2022-03-21,2,CLEANING,137.207,0,Pichincha,D,3,789,50.87,23.91,0
3364,2022-03-21,2,GROCERY I,538.982,0,Pichincha,D,3,789,50.87,23.91,0
4824,2022-03-21,2,PRODUCE,201.009,0,Pichincha,D,3,789,50.87,23.91,0
7014,2022-03-21,3,BEVERAGES,469.325,0,Guayas,A,4,1358,50.87,23.91,0
8474,2022-03-21,3,CLEANING,179.298,0,Guayas,A,4,1358,50.87,23.91,0
6284,2022-03-21,3,GROCERY I,936.204,3,Guayas,A,4,1358,50.87,23.91,0
7744,2022-03-21,3,PRODUCE,366.497,0,Guayas,A,4,1358,50.87,23.91,0
9934,2022-03-21,5,BEVERAGES,248.286,0,Azuay,B,2,563,50.87,23.91,0
11394,2022-03-21,5,CLEANING,97.564,8,Azuay,B,2,563,50.87,23.91,0
9204,2022-03-21,5,GROCERY I,376.131,0,Azuay,B,2,563,50.87,23.91,0
10664,2022-03-21,5,PRODUCE,173.495,0,Azuay,B,2,563,50.87,23.91,0
12854,2022-03-21,8,BEVERAGES,512.981,0,Guayas,C,1,1061,50.87,23.91,0
14314,2022-03-21,8,CLEANING,182.513,0,Guayas,C,1,1061,50.87,23.91,0
12124,2022-03-21,8,GROCERY I,577.892,0,Guayas,C,1,1061,50.87,23.91,0
13584,2022-03-21,8,PRODUCE,350.994,13,Guayas,C,1,1061,50.87,23.91,0
1175,2022-03-22,1,BEVERAGES,370.025,0,Pichincha,D,2,900,50.21,21.84,0
2635,2022-03-22,1,CLEANING,164.831,0,Pichincha,D,2,900,50.21,21.84,0
445,2022-03-22,1,GROCERY I,600.329,0,Pichincha,D,2,900,50.21,21.84,0
1905,2022-03-22,1,PRODUCE,343.419,22,Pichincha,D,2,900,50.21,21.84,0
4095,2022-03-22,2,BEVERAGES,263.774,0,Pichincha,D,3,805,50.21,21.84,0
5555,2022-03-22,2,CLEANING,127.603,0,Pichincha,D,3,805,50.21,21.84,0
3365,2022-03-22,2,GROCERY I,507.477,0,Pichincha,D,3,805,50.21,21.84,0
4825,2022-03-22,2,PRODUCE,222.592,0,Pichincha,D,3,805,50.21,21.84,0
7015,2022-03-22,3,BEVERAGES,523.492,16,Guayas,A,4,1260,50.21,21.84,0
8475,2022-03-22,3,CLEANING,241.706,0,Guayas,A,4,1260,50.21,21.84,0
6285,2022-03-22,3,GROCERY I,874.443,13,Guayas,A,4,1260,50.21,21.84,0
7745,2022-03-22,3,PRODUCE,367.038,0,Guayas,A,4,1260,50.21,21.84,0
9935,2022-03-22,5,BEVERAGES,227.072,0,Azuay,B,2,549,50.21,21.84,0
11395,2022-03-22,5,CLEANING,89.743,0,Azuay,B,2,549,50.21,21.84,0
9205,2022-03-22,5,GROCERY I,300.312,0,Azuay,B,2,549,50.21,21.84,0
10665,2022-03-22,5,PRODUCE,166.942,0,Azuay,B,2,549,50.21,21.84,0
12855,2022-03-22,8,BEVERAGES,435.867,0,Guayas,C,1,860,50.21,21.84,0
14315,2022-03-22,8,CLEANING,159.562,0,Guayas,C,1,860,50.21,21.84,0
12125,2022-03-22,8,GROCERY I,701.228,0,Guayas,C,1,860,50.21,21.84,0
13585,2022-03-22,8,PRODUCE,317.466,0,Guayas,C,1,860,50.21,21.84,0
1176,2022-03-23,1,BEVERAGES,354.989,0,Pichincha,D,2,926,50.69,23.05,0
2636,2022-03-23,1,CLEANING,140.726,0,Pichincha,D,2,926,50.69,23.05,0
446,2022-03-23,1,GROCERY I,572.252,0,Pichincha,D,2,926,50.69,23.05,0
1906,2022-03-23,1,PRODUCE,303.794,0,Pichincha,D,2,926,50.69,23.05,0
4096,2022-03-23,2,BEVERAGES,291.277,0,Pichincha,D,3,744,50.69,23.05,0
5556,2022-03-23,2,CLEANING,114.998,0,Pichincha,D,3,744,50.69,23.05,0
3366,2022-03-23,2,GROCERY I,0.0,12,Pichincha,D,3,744,50.69,23.05,0
4826,2022-03-23,2,PRODUCE,230.11,0,Pichincha,D,3,744,50.69,23.05,0
7016,2022-03-23,3,BEVERAGES,486.846,0,Guayas,A,4,1231,50.69,23.05,0
8476,2022-03-23,3,CLEANING,212.429,0,Guayas,A,4,1231,50.69,23.05,0
6286,2022-03-23,3,GROCERY I,914.744,0,Guayas,A,4,1231,50.69,23.05,0
7746,2022-03-23,3,PRODUCE,381.002,0,Guayas,A,4,1231,50.69,23.05,0
9936,2022-03-23,5,BEVERAGES,210.954,0,Azuay,B,2,549,50.69,23.05,0
11396,2022-03-23,5,CLEANING,89.458,0,Azuay,B,2,549,50.69,23.05,0
9206,2022-03-23,5,GROCERY I,378.9,0,Azuay,B,2,549,50.69,23.05,0
10666,2022-03-23,5,PRODUCE,190.293,12,Azuay,B,2,549,50.69,23.05,0
12856,2022-03-23,8,BEVERAGES,434.153,0,Guayas,C,1,1039,50.69,23.05,0
14316,2022-03-23,8,CLEANING,179.349,10,Guayas,C,1,1039,50.69,23.05,0
12126,2022-03-23,8,GROCERY I,635.764,0,Guayas,C,1,1039,50.69,23.05,0
13586,2022-03-23,8,PRODUCE,279.279,0,Guayas,C,1,1039,50.69,23.05,0
1177,2022-03-24,1,BEVERAGES,429.225,0,Pichincha,D,2,949,50.54,24.37,0
2637,2022-03-24,1,CLEANING,167.402,0,Pichincha,D,2,949,50.54,24.37,0
447,2022-03-24,1,GROCERY I,604.722,0,Pichincha,D,2,949,50.54,24.37,0
1907,2022-03-24,1,PRODUCE,267.578,0,Pichincha,D,2,949,50.54,24.37,0
4097,2022-03-24,2,BEVERAGES,363.513,0,Pichincha,D,3,826,50.54,24.37,0
5557,2022-03-24,2,CLEANING,130.19,0,Pichincha,D,3,826,50.54,24.37,0
3367,2022-03-24,2,GROCERY I,488.153,0,Pichincha,D,3,826,50.54,24.37,0
4827,2022-03-24,2,PRODUCE,244.835,0,Pichincha,D,3,826,50.54,24.37,0
7017,2022-03-24,3,BEVERAGES,674.237,0,Guayas,A,4,1330,50.54,24.37,0
8477,2022-03-24,3,CLEANING,202.073,0,Guayas,A,4,1330,50.54,24.37,0
6287,2022-03-24,3,GROCERY I,664.838,0,Guayas,A,4,1330,50.54,24.37,0
7747,2022-03-24,3,PRODUCE,502.201,8,Guayas,A,4,1330,50.54,24.37,0
9937,2022-03-24,5,BEVERAGES,184.719,0,Azuay,B,2,554,50.54,24.37,0
11397,2022-03-24,5,CLEANING,115.689,0,Azuay,B,2,554,50.54,24.37,0
9207,2022-03-24,5,GROCERY I,347.661,0,Azuay,B,2,554,50.54,24.37,0
10667,2022-03-24,5,PRODUCE,139.332,0,Azuay,B,2,554,50.54,24.37,0
12857,2022-03-24,8,BEVERAGES,430.159,0,Guayas,C,1,1059,50.54,24.37,0
14317,2022-03-24,8,CLEANING,160.499,0,Guayas,C,1,1059,50.54,24.37,0
12127,2022-03-24,8,GROCERY I,699.266,0,Guayas,C,1,1059,50.54,24.37,0
13587,2022-03-24,8,PRODUCE,306.981,0,Guayas,C,1,1059,50.54,24.37,0
1178,2022-03-25,1,BEVERAGES,438.794,0,Pichincha,D,2,1164,51.04,24.72,0
2638,2022-03-25,1,CLEANING,222.017,15,Pichincha,D,2,1164,51.04,24.72,0
448,2022-03-25,1,GROCERY I,763.577,0,Pichincha,D,2,1164,51.04,24.72,0
1908,2022-03-25,1,PRODUCE,348.675,0,Pichincha,D,2,1164,51.04,24.72,0
4098,2022-03-25,2,BEVERAGES,415.934,0,Pichincha,D,3,968,51.04,24.72,0
5558,2022-03-25,2,CLEANING,206.902,2,Pichincha,D,3,968,51.04,24.72,0
3368,2022-03-25,2,GROCERY I,584.587,0,Pichincha,D,3,968,51.04,24.72,0
4828,2022-03-25,2,PRODUCE,254.218,0,Pichincha,D,3,968,51.04,24.72,0
7018,2022-03-25,3,BEVERAGES,678.196,0,Guayas,A,4,1608,51.04,24.72,0
8478,2022-03-25,3,CLEANING,267.598,0,Guayas,A,4,1608,51.04,24.72,0
6288,2022-03-25,3,GROCERY I,955.272,0,Guayas,A,4,1608,51.04,24.72,0
7748,2022-03-25,3,PRODUCE,454.337,0,Guayas,A,4,1608,51.04,24.72,0
9938,2022-03-25,5,BEVERAGES,264.069,0,Azuay,B,2,646,51.04,24.72,0
11398,2022-03-25,5,CLEANING,107.049,0,Azuay,B,2,646,51.04,24.72,0
9208,2022-03-25,5,GROCERY I,420.953,0,Azuay,B,2,646,51.04,24.72,0
10668,2022-03-25,5,PRODUCE,169.329,0,Azuay,B,2,646,51.04,24.72,0
12858,2022-03-25,8,BEVERAGES,544.309,0,Guayas,C,1,1234,51.04,24.72,0
14318,2022-03-25,8,CLEANING,183.758,0,Guayas,C,1,1234,51.04,24.72,0
12128,2022-03-25,8,GROCERY I,690.917,0,Guayas,C,1,1234,51.04,24.72,0
13588,2022-03-25,8,PRODUCE,404.588,0,Guayas,C,1,1234,51.04,24.72,0
1179,2022-03-26,1,BEVERAGES,640.145,0,Pichincha,D,2,1345,51.21,24.83,0
2639,2022-03-26,1,CLEANING,278.785,15,Pichincha,D,2,1345,51.21,24.83,0
449,2022-03-26,1,GROCERY I,863.15,0,Pichincha,D,2,1345,51.21,24.83,0
1909,2022-03-26,1,PRODUCE,416.32,0,Pichincha,D,2,1345,51.21,24.83,0
4099,2022-03-26,2,BEVERAGES,467.211,0,Pichincha,D,3,1128,51.21,24.83,0
5559,2022-03-26,2,CLEANING,260.862,5,Pichincha,D,3,1128,51.21,24.83,0
3369,2022-03-26,2,GROCERY I,788.83,0,Pichincha,D,3,1128,51.21,24.83,0
4829,2022-03-26,2,PRODUCE,354.992,0,Pichincha,D,3,1128,51.21,24.83,0
7019,2022-03-26,3,BEVERAGES,799.1,0,Guayas,A,4,1820,51.21,24.83,0
8479,2022-03-26,3,CLEANING,316.871,0,Guayas,A,4,1820,51.21,24.83,0
6289,2022-03-26,3,GROCERY I,1198.726,0,Guayas,A,4,1820,51.21,24.83,0
7749,2022-03-26,3,PRODUCE,489.125,0,Guayas,A,4,1820,51.21,24.83,0
9939,2022-03-26,5,BEVERAGES,329.646,2,Azuay,B,2,825,51.21,24.83,0
11399,2022-03-26,5,CLEANING,148.556,0,Azuay,B,2,825,51.21,24.83,0
9209,2022-03-26,5,GROCERY I,453.171,0,Azuay,B,2,825,51.21,24.83,0
10669,2022-03-26,5,PRODUCE,231.112,0,Azuay,B,2,825,51.21,24.83,0
12859,2022-03-26,8,BEVERAGES,559.781,0,Guayas,C,1,1603,51.21,24.83,0
14319,2022-03-26,8,CLEANING,263.853,0,Guayas,C,1,1603,51.21,24.83,0
12129,2022-03-26,8,GROCERY I,1440.719,21,Guayas,C,1,1603,51.21,24.83,0
13589,2022-03-26,8,PRODUCE,491.583,0,Guayas,C,1,1603,51.21,24.83,0
1180,2022-03-27,1,BEVERAGES,484.878,0,Pichincha,D,2,1229,51.16,22.44,0
2640,2022-03-27,1,CLEANING,230.989,0,Pichincha,D,2,1229,51.16,22.44,0
450,2022-03-27,1,GROCERY I,753.393,0,Pichincha,D,2,1229,51.16,22.44,0
1910,2022-03-27,1,PRODUCE,354.433,0,Pichincha,D,2,1229,51.16,22.44,0
4100,2022-03-27,2,BEVERAGES,445.898,0,Pichincha,D,3,968,51.16,22.44,0
5560,2022-03-27,2,CLEANING,157.371,0,Pichincha,D,3,968,51.16,22.44,0
3370,2022-03-27,2,GROCERY I,709.034,0,Pichincha,D,3,968,51.16,22.44,0
4830,2022-03-27,2,PRODUCE,311.709,1,Pichincha,D,3,968,51.16,22.44,0
7020,2022-03-27,3,BEVERAGES,708.259,0,Guayas,A,4,1719,51.16,22.44,0
8480,2022-03-27,3,CLEANING,292.82,0,Guayas,A,4,1719,51.16,22.44,0
6290,2022-03-27,3,GROCERY I,1173.633,0,Guayas,A,4,1719,51.16,22.44,0
7750,2022-03-27,3,PRODUCE,606.861,14,Guayas,A,4,1719,51.16,22.44,0
9940,2022-03-27,5,BEVERAGES,225.396,0,Azuay,B,2,688,51.16,22.44,0
11400,2022-03-27,5,CLEANING,130.866,0,Azuay,B,2,688,51.16,22.44,0
9210,2022-03-27,5,GROCERY I,465.375,0,Azuay,B,2,688,51.16,22.44,0
10670,2022-03-27,5,PRODUCE,210.645,0,Azuay,B,2,688,51.16,22.44,0
12860,2022-03-27,8,BEVERAGES,556.308,0,Guayas,C,1,1313,51.16,22.44,0
14320,2022-03-27,8,CLEANING,212.337,0,Guayas,C,1,1313,51.16,22.44,0
12130,2022-03-27,8,GROCERY I,817.085,0,Guayas,C,1,1313,51.16,22.44,0
13590,2022-03-27,8,PRODUCE,417.202,0,Guayas,C,1,1313,51.16,22.44,0
1181,2022-03-28,1,BEVERAGES,385.51,0,Pichincha,D,2,966,51.31,25.52,0
2641,2022-03-28,1,CLEANING,169.088,0,Pichincha,D,2,966,51.31,25.52,0
451,2022-03-28,1,GROCERY I,621.045,0,Pichincha,D,2,966,51.31,25.52,0
1911,2022-03-28,1,PRODUCE,235.563,0,Pichincha,D,2,966,51.31,25.52,0
4101,2022-03-28,2,BEVERAGES,311.655,0,Pichincha,D,3,773,51.31,25.52,0
5561,2022-03-28,2,CLEANING,119.022,0,Pichincha,D,3,773,51.31,25.52,0
3371,2022-03-28,2,GROCERY I,461.609,0,Pichincha,D,3,773,51.31,25.52,0
4831,2022-03-28,2,PRODUCE,214.83,0,Pichincha,D,3,773,51.31,25.52,0
7021,2022-03-28,3,BEVERAGES,496.063,0,Guayas,A,4,1235,51.31,25.52,0
8481,2022-03-28,3,CLEANING,210.865,0,Guayas,A,4,1235,51.31,25.52,0
6291,2022-03-28,3,GROCERY I,774.344,0,Guayas,A,4,1235,51.31,25.52,0
7751,2022-03-28,3,PRODUCE,389.848,0,Guayas,A,4,1235,51.31,25.52,0
9941,2022-03-28,5,BEVERAGES,233.432,0,Azuay,B,2,601,51.31,25.52,0
11401,2022-03-28,5,CLEANING,90.881,0,Azuay,B,2,601,51.31,25.52,0
9211,2022-03-28,5,GROCERY I,312.025,0,Azuay,B,2,601,51.31,25.52,0
10671,2022-03-28,5,PRODUCE,139.393,0,Azuay,B,2,601,51.31,25.52,0
12861,2022-03-28,8,BEVERAGES,430.59,0,Guayas,C,1,962,51.31,25.52,0
14321,2022-03-28,8,CLEANING,192.293,0,Guayas,C,1,962,51.31,25.52,0
12131,2022-03-28,8,GROCERY I,611.267,0,Guayas,C,1,962,51.31,25.52,0
13591,2022-03-28,8,PRODUCE,248.681,0,Guayas,C,1,962,51.31,25.52,0
1182,2022-03-29,1,BEVERAGES,484.802,20,Pichincha,D,2,769,52.19,23.24,0
2642,2022-03-29,1,CLEANING,171.856,0,Pichincha,D,2,769,52.19,23.24,0
452,2022-03-29,1,GROCERY I,610.603,0,Pichincha,D,2,769,52.19,23.24,0
1912,2022-03-29,1,PRODUCE,233.06,0,Pichincha,D,2,769,52.19,23.24,0
4102,2022-03-29,2,BEVERAGES,316.007,0,Pichincha,D,3,771,52.19,23.24,0
5562,2022-03-29,2,CLEANING,150.082,0,Pichincha,D,3,771,52.19,23.24,0
3372,2022-03-29,2,GROCERY I,439.827,0,Pichincha,D,3,771,52.19,23.24,0
4832,2022-03-29,2,PRODUCE,210.692,0,Pichincha,D,3,771,52.19,23.24,0
7022,2022-03-29,3,BEVERAGES,624.583,0,Guayas,A,4,1256,52.19,23.24,0
8482,2022-03-29,3,CLEANING,263.786,15,Guayas,A,4,1256,52.19,23.24,0
6292,2022-03-29,3,GROCERY I,962.321,0,Guayas,A,4,1256,52.19,23.24,0
7752,2022-03-29,3,PRODUCE,350.028,0,Guayas,A,4,1256,52.19,23.24,0
9942,2022-03-29,5,BEVERAGES,235.732,0,Azuay,B,2,536,52.19,23.24,0
11402,2022-03-29,5,CLEANING,110.26,11,Azuay,B,2,536,52.19,23.24,0
9212,2022-03-29,5,GROCERY I,341.265,0,Azuay,B,2,536,52.19,23.24,0
10672,2022-03-29,5,PRODUCE,160.324,0,Azuay,B,2,536,52.19,23.24,0
12862,2022-03-29,8,BEVERAGES,369.665,0,Guayas,C,1,1011,52.19,23.24,0
14322,2022-03-29,8,CLEANING,174.518,0,Guayas,C,1,1011,52.19,23.24,0
12132,2022-03-29,8,GROCERY I,661.839,0,Guayas,C,1,1011,52.19,23.24,0
13592,2022-03-29,8,PRODUCE,255.852,0,Guayas,C,1,1011,52.19,23.24,0
1183,2022-03-30,1,BEVERAGES,378.59,0,Pichincha,D,2,974,53.12,25.28,0
2643,2022-03-30,1,CLEANING,163.134,0,Pichincha,D,2,974,53.12,25.28,0
453,2022-03-30,1,GROCERY I,577.205,0,Pichincha,D,2,974,53.12,25.28,0
1913,2022-03-30,1,PRODUCE,249.257,0,Pichincha,D,2,974,53.12,25.28,0
4103,2022-03-30,2,BEVERAGES,355.142,0,Pichincha,D,3,749,53.12,25.28,0
5563,2022-03-30,2,CLEANING,158.042,6,Pichincha,D,3,749,53.12,25.28,0
3373,2022-03-30,2,GROCERY I,439.775,0,Pichincha,D,3,749,53.12,25.28,0
4833,2022-03-30,2,PRODUCE,237.276,11,Pichincha,D,3,749,53.12,25.28,0
7023,2022-03-30,3,BEVERAGES,530.228,0,Guayas,A,4,1243,53.12,25.28,0
8483,2022-03-30,3,CLEANING,231.686,0,Guayas,A,4,1243,53.12,25.28,0
6293,2022-03-30,3,GROCERY I,842.361,0,Guayas,A,4,1243,53.12,25.28,0
7753,2022-03-30,3,PRODUCE,352.028,0,Guayas,A,4,1243,53.12,25.28,0
9943,2022-03-30,5,BEVERAGES,178.542,0,Azuay,B,2,475,53.12,25.28,0
11403,2022-03-30,5,CLEANING,90.819,0,Azuay,B,2,475,53.12,25.28,0
9213,2022-03-30,5,GROCERY I,343.639,0,Azuay,B,2,475,53.12,25.28,0
10673,2022-03-30,5,PRODUCE,129.449,0,Azuay,B,2,475,53.12,25.28,0
12863,2022-03-30,8,BEVERAGES,409.798,0,Guayas,C,1,1030,53.12,25.28,0
14323,2022-03-30,8,CLEANING,144.824,0,Guayas,C,1,1030,53.12,25.28,0
12133,2022-03-30,8,GROCERY I,603.366,0,Guayas,C,1,1030,53.12,25.28,0
13593,2022-03-30,8,PRODUCE,312.11,0,Guayas,C,1,1030,53.12,25.28,0
1184,2022-03-31,1,BEVERAGES,389.923,0,Pichincha,D,2,835,53.16,24.42,0
2644,2022-03-31,1,CLEANING,212.294,6,Pichincha,D,2,835,53.16,24.42,0
454,2022-03-31,1,GROCERY I,624.886,0,Pichincha,D,2,835,53.16,24.42,0
1914,2022-03-31,1,PRODUCE,229.604,0,Pichincha,D,2,835,53.16,24.42,0
4104,2022-03-31,2,BEVERAGES,320.633,0,Pichincha,D,3,811,53.16,24.42,0
5564,2022-03-31,2,CLEANING,138.643,0,Pichincha,D,3,811,53.16,24.42,0
3374,2022-03-31,2,GROCERY I,545.648,0,Pichincha,D,3,811,53.16,24.42,0
4834,2022-03-31,2,PRODUCE,226.623,0,Pichincha,D,3,811,53.16,24.42,0
7024,2022-03-31,3,BEVERAGES,557.793,0,Guayas,A,4,1310,53.16,24.42,0
8484,2022-03-31,3,CLEANING,243.533,19,Guayas,A,4,1310,53.16,24.42,0
6294,2022-03-31,3,GROCERY I,658.09,0,Guayas,A,4,1310,53.16,24.42,0
7754,2022-03-31,3,PRODUCE,468.669,0,Guayas,A,4,1310,53.16,24.42,0
9944,2022-03-31,5,BEVERAGES,224.377,0,Azuay,B,2,591,53.16,24.42,0
11404,2022-03-31,5,CLEANING,89.87,0,Azuay,B,2,591,53.16,24.42,0
9214,2022-03-31,5,GROCERY I,345.211,0,Azuay,B,2,591,53.16,24.42,0
10674,2022-03-31,5,PRODUCE,123.93,0,Azuay,B,2,591,53.16,24.42,0
12864,2022-03-31,8,BEVERAGES,422.45,0,Guayas,C,1,1062,53.16,24.42,0
14324,2022-03-31,8,CLEANING,177.194,0,Guayas,C,1,1062,53.16,24.42,0
12134,2022-03-31,8,GROCERY I,705.306,0,Guayas,C,1,1062,53.16,24.42,0
13594,2022-03-31,8,PRODUCE,291.798,0,Guayas,C,1,1062,53.16,24.42,0
1185,2022-04-01,1,BEVERAGES,475.24,0,Pichincha,D,2,1119,53.23,22.54,0
2645,2022-04-01,1,CLEANING,204.717,13,Pichincha,D,2,1119,53.23,22.54,0
455,2022-04-01,1,GROCERY I,685.934,0,Pichincha,D,2,1119,53.23,22.54,0
1915,2022-04-01,1,PRODUCE,381.037,0,Pichincha,D,2,1119,53.23,22.54,0
4105,2022-04-01,2,BEVERAGES,363.099,0,Pichincha,D,3,890,53.23,22.54,0
5565,2022-04-01,2,CLEANING,152.664,0,Pichincha,D,3,890,53.23,22.54,0
3375,2022-04-01,2,GROCERY I,553.353,0,Pichincha,D,3,890,53.23,22.54,0
4835,2022-04-01,2,PRODUCE,282.29,0,Pichincha,D,3,890,53.23,22.54,0
7025,2022-04-01,3,BEVERAGES,699.281,0,Guayas,A,4,1489,53.23,22.54,0
8485,2022-04-01,3,CLEANING,252.564,0,Guayas,A,4,1489,53.23,22.54,0
6295,2022-04-01,3,GROCERY I,864.474,0,Guayas,A,4,1489,53.23,22.54,0
7755,2022-04-01,3,PRODUCE,402.807,0,Guayas,A,4,1489,53.23,22.54,0
9945,2022-04-01,5,BEVERAGES,332.74,11,Azuay,B,2,706,53.23,22.54,0
11405,2022-04-01,5,CLEANING,129.313,15,Azuay,B,2,706,53.23,22.54,0
9215,2022-04-01,5,GROCERY I,420.107,2,Azuay,B,2,706,53.23,22.54,0
10675,2022-04-01,5,PRODUCE,178.592,0,Azuay,B,2,706,53.23,22.54,0
12865,2022-04-01,8,BEVERAGES,485.944,0,Guayas,C,1,1367,53.23,22.54,0
14325,2022-04-01,8,CLEANING,177.02,0,Guayas,C,1,1367,53.23,22.54,0
12135,2022-04-01,8,GROCERY I,716.286,0,Guayas,C,1,1367,53.23,22.54,0
13595,2022-04-01,8,PRODUCE,372.784,0,Guayas,C,1,1367,53.23,22.54,0
1186,2022-04-02,1,BEVERAGES,617.511,0,Pichincha,D,2,1428,53.71,24.06,0
2646,2022-04-02,1,CLEANING,232.827,0,Pichincha,D,2,1428,53.71,24.06,0
456,2022-04-02,1,GROCERY I,996.016,14,Pichincha,D,2,1428,53.71,24.06,0
1916,2022-04-02,1,PRODUCE,419.028,0,Pichincha,D,2,1428,53.71,24.06,0
4106,2022-04-02,2,BEVERAGES,487.555,0,Pichincha,D,3,1158,53.71,24.06,0
5566,2022-04-02,2,CLEANING,199.954,0,Pichincha,D,3,1158,53.71,24.06,0
3376,2022-04-02,2,GROCERY I,777.558,0,Pichincha,D,3,1158,53.71,24.06,0
4836,2022-04-02,2,PRODUCE,277.407,0,Pichincha,D,3,1158,53.71,24.06,0
7026,2022-04-02,3,BEVERAGES,682.128,0,Guayas,A,4,1907,53.71,24.06,0
8486,2022-04-02,3,CLEANING,347.478,0,Guayas,A,4,1907,53.71,24.06,0
6296,2022-04-02,3,GROCERY I,1218.331,0,Guayas,A,4,1907,53.71,24.06,0
7756,2022-04-02,3,PRODUCE,571.035,0,Guayas,A,4,1907,53.71,24.06,0
9946,2022-04-02,5,BEVERAGES,319.007,0,Azuay,B,2,902,53.71,24.06,0
11406,2022-04-02,5,CLEANING,132.325,0,Azuay,B,2,902,53.71,24.06,0
9216,2022-04-02,5,GROCERY I,739.252,23,Azuay,B,2,902,53.71,24.06,0
10676,2022-04-02,5,PRODUCE,261.244,0,Azuay,B,2,902,53.71,24.06,0
12866,2022-04-02,8,BEVERAGES,595.507,0,Guayas,C,1,1530,53.71,24.06,0
14326,2022-04-02,8,CLEANING,235.43,0,Guayas,C,1,1530,53.71,24.06,0
12136,2022-04-02,8,GROCERY I,1197.762,4,Guayas,C,1,1530,53.71,24.06,0
13596,2022-04-02,8,PRODUCE,452.45,0,Guayas,C,1,1530,53.71,24.06,0
1187,2022-04-03,1,BEVERAGES,468.402,0,Pichincha,D,2,1194,53.33,25.05,0
2647,2022-04-03,1,CLEANING,204.66,0,Pichincha,D,2,1194,53.33,25.05,0
457,2022-04-03,1,GROCERY I,824.67,0,Pichincha,D,2,1194,53.33,25.05,0
1917,2022-04-03,1,PRODUCE,352.55,0,Pichincha,D,2,1194,53.33,25.05,0
4107,2022-04-03,2,BEVERAGES,434.829,0,Pichincha,D,3,1073,53.33,25.05,0
5567,2022-04-03,2,CLEANING,197.346,0,Pichincha,D,3,1073,53.33,25.05,0
3377,2022-04-03,2,GROCERY I,662.229,0,Pichincha,D,3,1073,53.33,25.05,0
4837,2022-04-03,2,PRODUCE,279.036,0,Pichincha,D,3,1073,53.33,25.05,0
7027,2022-04-03,3,BEVERAGES,618.308,0,Guayas,A,4,1573,53.33,25.05,0
8487,2022-04-03,3,CLEANING,267.602,0,Guayas,A,4,1573,53.33,25.05,0
6297,2022-04-03,3,GROCERY I,932.629,0,Guayas,A,4,1573,53.33,25.05,0
7757,2022-04-03,3,PRODUCE,521.371,0,Guayas,A,4,1573,53.33,25.05,0
9947,2022-04-03,5,BEVERAGES,250.117,0,Azuay,B,2,767,53.33,25.05,0
11407,2022-04-03,5,CLEANING,107.476,0,Azuay,B,2,767,53.33,25.05,0
9217,2022-04-03,5,GROCERY I,400.184,0,Azuay,B,2,767,53.33,25.05,0
10677,2022-04-03,5,PRODUCE,230.407,0,Azuay,B,2,767,53.33,25.05,0
12867,2022-04-03,8,BEVERAGES,461.672,0,Guayas,C,1,1375,53.33,25.05,0
14327,2022-04-03,8,CLEANING,266.753,17,Guayas,C,1,1375,53.33,25.05,0
12137,2022-04-03,8,GROCERY I,798.742,0,Guayas,C,1,1375,53.33,25.05,0
13597,2022-04-03,8,PRODUCE,396.029,0,Guayas,C,1,1375,53.33,25.05,0
1188,2022-04-04,1,BEVERAGES,383.768,0,Pichincha,D,2,876,53.48,25.42,0
2648,2022-04-04,1,CLEANING,180.712,0,Pichincha,D,2,876,53.48,25.42,0
458,2022-04-04,1,GROCERY I,625.119,0,Pichincha,D,2,876,53.48,25.42,0
1918,2022-04-04,1,PRODUCE,221.178,0,Pichincha,D,2,876,53.48,25.42,0
4108,2022-04-04,2,BEVERAGES,320.849,0,Pichincha,D,3,833,53.48,25.42,0
5568,2022-04-04,2,CLEANING,166.256,20,Pichincha,D,3,833,53.48,25.42,0
3378,2022-04-04,2,GROCERY I,467.777,0,Pichincha,D,3,833,53.48,25.42,0
4838,2022-04-04,2,PRODUCE,189.981,0,Pichincha,D,3,833,53.48,25.42,0
7028,2022-04-04,3,BEVERAGES,511.69,0,Guayas,A,4,1207,53.48,25.42,0
8488,2022-04-04,3,CLEANING,217.815,0,Guayas,A,4,1207,53.48,25.42,0
6298,2022-04-04,3,GROCERY I,850.143,0,Guayas,A,4,1207,53.48,25.42,0
7758,2022-04-04,3,PRODUCE,359.935,0,Guayas,A,4,1207,53.48,25.42,0
9948,2022-04-04,5,BEVERAGES,249.178,0,Azuay,B,2,525,53.48,25.42,0
11408,2022-04-04,5,CLEANING,89.113,0,Azuay,B,2,525,53.48,25.42,0
9218,2022-04-04,5,GROCERY I,353.007,0,Azuay,B,2,525,53.48,25.42,0
10678,2022-04-04,5,PRODUCE,135.25,0,Azuay,B,2,525,53.48,25.42,0
12868,2022-04-04,8,BEVERAGES,465.734,0,Guayas,C,1,1051,53.48,25.42,0
14328,2022-04-04,8,CLEANING,163.09,0,Guayas,C,1,1051,53.48,25.42,0
12138,2022-04-04,8,GROCERY I,611.779,0,Guayas,C,1,1051,53.48,25.42,0
13598,2022-04-04,8,PRODUCE,273.003,0,Guayas,C,1,1051,53.48,25.42,0
1189,2022-04-05,1,BEVERAGES,373.576,0,Pichincha,D,2,852,53.47,24.4,0
2649,2022-04-05,1,CLEANING,149.385,0,Pichincha,D,2,852,53.47,24.4,0
459,2022-04-05,1,GROCERY I,601.585,0,Pichincha,D,2,852,53.47,24.4,0
1919,2022-04-05,1,PRODUCE,221.394,0,Pichincha,D,2,852,53.47,24.4,0
4109,2022-04-05,2,BEVERAGES,333.042,0,Pichincha,D,3,763,53.47,24.4,0
5569,2022-04-05,2,CLEANING,140.373,0,Pichincha,D,3,763,53.47,24.4,0
3379,2022-04-05,2,GROCERY I,539.535,0,Pichincha,D,3,763,53.47,24.4,0
4839,2022-04-05,2,PRODUCE,256.607,0,Pichincha,D,3,763,53.47,24.4,0
7029,2022-04-05,3,BEVERAGES,547.989,0,Guayas,A,4,1269,53.47,24.4,0
8489,2022-04-05,3,CLEANING,202.047,0,Guayas,A,4,1269,53.47,24.4,0
6299,2022-04-05,3,GROCERY I,747.186,0,Guayas,A,4,1269,53.47,24.4,0
7759,2022-04-05,3,PRODUCE,351.625,0,Guayas,A,4,1269,53.47,24.4,0
9949,2022-04-05,5,BEVERAGES,187.94,0,Azuay,B,2,605,53.47,24.4,0
11409,2022-04-05,5,CLEANING,88.144,0,Azuay,B,2,605,53.47,24.4,0
9219,2022-04-05,5,GROCERY I,309.522,0,Azuay,B,2,605,53.47,24.4,0
10679,2022-04-05,5,PRODUCE,131.087,0,Azuay,B,2,605,53.47,24.4,0
12869,2022-04-05,8,BEVERAGES,466.174,0,Guayas,C,1,1049,53.47,24.4,0
14329,2022-04-05,8,CLEANING,244.571,19,Guayas,C,1,1049,53.47,24.4,0
12139,2022-04-05,8,GROCERY I,579.222,0,Guayas,C,1,1049,53.47,24.4,0
13599,2022-04-05,8,PRODUCE,316.75,0,Guayas,C,1,1049,53.47,24.4,0
1190,2022-04-06,1,BEVERAGES,407.856,0,Pichincha,D,2,969,53.61,26.77,0
2650,2022-04-06,1,CLEANING,162.471,0,Pichincha,D,2,969,53.61,26.77,0
460,2022-04-06,1,GROCERY I,600.736,0,Pichincha,D,2,969,53.61,26.77,0
1920,2022-04-06,1,PRODUCE,268.493,0,Pichincha,D,2,969,53.61,26.77,0
4110,2022-04-06,2,BEVERAGES,304.088,0,Pichincha,D,3,795,53.61,26.77,0
5570,2022-04-06,2,CLEANING,130.212,0,Pichincha,D,3,795,53.61,26.77,0
3380,2022-04-06,2,GROCERY I,416.424,0,Pichincha,D,3,795,53.61,26.77,0
4840,2022-04-06,2,PRODUCE,223.989,0,Pichincha,D,3,795,53.61,26.77,0
7030,2022-04-06,3,BEVERAGES,450.495,0,Guayas,A,4,1326,53.61,26.77,0
8490,2022-04-06,3,CLEANING,206.052,0,Guayas,A,4,1326,53.61,26.77,0
6300,2022-04-06,3,GROCERY I,704.793,0,Guayas,A,4,1326,53.61,26.77,0
7760,2022-04-06,3,PRODUCE,348.917,0,Guayas,A,4,1326,53.61,26.77,0
9950,2022-04-06,5,BEVERAGES,178.868,0,Azuay,B,2,491,53.61,26.77,0
11410,2022-04-06,5,CLEANING,92.292,0,Azuay,B,2,491,53.61,26.77,0
9220,2022-04-06,5,GROCERY I,367.56,0,Azuay,B,2,491,53.61,26.77,0
10680,2022-04-06,5,PRODUCE,164.487,0,Azuay,B,2,491,53.61,26.77,0
12870,2022-04-06,8,BEVERAGES,379.832,0,Guayas,C,1,1000,53.61,26.77,0
14330,2022-04-06,8,CLEANING,185.482,0,Guayas,C,1,1000,53.61,26.77,0
12140,2022-04-06,8,GROCERY I,692.774,0,Guayas,C,1,1000,53.61,26.77,0
13600,2022-04-06,8,PRODUCE,280.195,0,Guayas,C,1,1000,53.61,26.77,0
1191,2022-04-07,1,BEVERAGES,397.357,0,Pichincha,D,2,887,53.24,26.07,0
2651,2022-04-07,1,CLEANING,171.561,0,Pichincha,D,2,887,53.24,26.07,0
461,2022-04-07,1,GROCERY I,623.422,0,Pichincha,D,2,887,53.24,26.07,0
1921,2022-04-07,1,PRODUCE,335.016,0,Pichincha,D,2,887,53.24,26.07,0
4111,2022-04-07,2,BEVERAGES,404.941,14,Pichincha,D,3,791,53.24,26.07,0
5571,2022-04-07,2,CLEANING,124.907,0,Pichincha,D,3,791,53.24,26.07,0
3381,2022-04-07,2,GROCERY I,583.996,0,Pichincha,D,3,791,53.24,26.07,0
4841,2022-04-07,2,PRODUCE,235.519,0,Pichincha,D,3,791,53.24,26.07,0
7031,2022-04-07,3,BEVERAGES,537.205,0,Guayas,A,4,1285,53.24,26.07,0
8491,2022-04-07,3,CLEANING,216.598,0,Guayas,A,4,1285,53.24,26.07,0
6301,2022-04-07,3,GROCERY I,764.222,0,Guayas,A,4,1285,53.24,26.07,0
7761,2022-04-07,3,PRODUCE,383.575,0,Guayas,A,4,1285,53.24,26.07,0
9951,2022-04-07,5,BEVERAGES,201.416,0,Azuay,B,2,586,53.24,26.07,0
11411,2022-04-07,5,CLEANING,122.289,6,Azuay,B,2,586,53.24,26.07,0
9221,2022-04-07,5,GROCERY I,419.361,4,Azuay,B,2,586,53.24,26.07,0
10681,2022-04-07,5,PRODUCE,156.649,0,Azuay,B,2,586,53.24,26.07,0
12871,2022-04-07,8,BEVERAGES,482.934,0,Guayas,C,1,1023,53.24,26.07,0
14331,2022-04-07,8,CLEANING,178.694,0,Guayas,C,1,1023,53.24,26.07,0
12141,2022-04-07,8,GROCERY I,658.412,0,Guayas,C,1,1023,53.24,26.07,0
13601,2022-04-07,8,PRODUCE,328.141,0,Guayas,C,1,1023,53.24,26.07,0
1192,2022-04-08,1,BEVERAGES,554.042,0,Pichincha,D,2,1199,52.52,24.32,0
2652,2022-04-08,1,CLEANING,220.64,0,Pichincha,D,2,1199,52.52,24.32,0
462,2022-04-08,1,GROCERY I,784.041,0,Pichincha,D,2,1199,52.52,24.32,0
1922,2022-04-08,1,PRODUCE,386.612,20,Pichincha,D,2,1199,52.52,24.32,0
4112,2022-04-08,2,BEVERAGES,403.118,0,Pichincha,D,3,1049,52.52,24.32,0
5572,2022-04-08,2,CLEANING,153.48,0,Pichincha,D,3,1049,52.52,24.32,0
3382,2022-04-08,2,GROCERY I,621.156,0,Pichincha,D,3,1049,52.52,24.32,0
4842,2022-04-08,2,PRODUCE,282.534,0,Pichincha,D,3,1049,52.52,24.32,0
7032,2022-04-08,3,BEVERAGES,630.226,0,Guayas,A,4,1596,52.52,24.32,0
8492,2022-04-08,3,CLEANING,238.839,0,Guayas,A,4,1596,52.52,24.32,0
6302,2022-04-08,3,GROCERY I,1070.781,0,Guayas,A,4,1596,52.52,24.32,0
7762,2022-04-08,3,PRODUCE,601.126,8,Guayas,A,4,1596,52.52,24.32,0
9952,2022-04-08,5,BEVERAGES,284.981,0,Azuay,B,2,723,52.52,24.32,0
11412,2022-04-08,5,CLEANING,112.522,0,Azuay,B,2,723,52.52,24.32,0
9222,2022-04-08,5,GROCERY I,394.316,0,Azuay,B,2,723,52.52,24.32,0
10682,2022-04-08,5,PRODUCE,217.685,0,Azuay,B,2,723,52.52,24.32,0
12872,2022-04-08,8,BEVERAGES,520.282,0,Guayas,C,1,1298,52.52,24.32,0
14332,2022-04-08,8,CLEANING,246.913,0,Guayas,C,1,1298,52.52,24.32,0
12142,2022-04-08,8,GROCERY I,969.357,12,Guayas,C,1,1298,52.52,24.32,0
13602,2022-04-08,8,PRODUCE,363.395,0,Guayas,C,1,1298,52.52,24.32,0
1193,2022-04-09,1,BEVERAGES,563.432,0,Pichincha,D,2,1382,51.59,25.76,0
2653,2022-04-09,1,CLEANING,288.859,8,Pichincha,D,2,1382,51.59,25.76,0
463,2022-04-09,1,GROCERY I,959.349,0,Pichincha,D,2,1382,51.59,25.76,0
1923,2022-04-09,1,PRODUCE,533.26,5,Pichincha,D,2,1382,51.59,25.76,0
4113,2022-04-09,2,BEVERAGES,479.808,0,Pichincha,D,3,1270,51.59,25.76,0
5573,2022-04-09,2,CLEANING,176.405,0,Pichincha,D,3,1270,51.59,25.76,0
3383,2022-04-09,2,GROCERY I,589.054,0,Pichincha,D,3,1270,51.59,25.76,0
4843,2022-04-09,2,PRODUCE,349.983,0,Pichincha,D,3,1270,51.59,25.76,0
7033,2022-04-09,3,BEVERAGES,661.188,0,Guayas,A,4,1905,51.59,25.76,0
8493,2022-04-09,3,CLEANING,336.397,0,Guayas,A,4,1905,51.59,25.76,0
6303,2022-04-09,3,GROCERY I,975.621,0,Guayas,A,4,1905,51.59,25.76,0
7763,2022-04-09,3,PRODUCE,536.942,0,Guayas,A,4,1905,51.59,25.76,0
9953,2022-04-09,5,BEVERAGES,390.061,17,Azuay,B,2,897,51.59,25.76,0
11413,2022-04-09,5,CLEANING,156.003,3,Azuay,B,2,897,51.59,25.76,0
9223,2022-04-09,5,GROCERY I,534.422,0,Azuay,B,2,897,51.59,25.76,0
10683,2022-04-09,5,PRODUCE,248.072,0,Azuay,B,2,897,51.59,25.76,0
12873,2022-04-09,8,BEVERAGES,625.229,0,Guayas,C,1,1537,51.59,25.76,0
14333,2022-04-09,8,CLEANING,292.09,20,Guayas,C,1,1537,51.59,25.76,0
12143,2022-04-09,8,GROCERY I,1006.23,0,Guayas,C,1,1537,51.59,25.76,0
13603,2022-04-09,8,PRODUCE,520.896,0,Guayas,C,1,1537,51.59,25.76,0
1194,2022-04-10,1,BEVERAGES,485.867,0,Pichincha,D,2,1157,51.09,27.44,0
2654,2022-04-10,1,CLEANING,223.716,0,Pichincha,D,2,1157,51.09,27.44,0
464,2022-04-10,1,GROCERY I,831.801,0,Pichincha,D,2,1157,51.09,27.44,0
1924,2022-04-10,1,PRODUCE,337.128,0,Pichincha,D,2,1157,51.09,27.44,0
4114,2022-04-10,2,BEVERAGES,465.331,0,Pichincha,D,3,1037,51.09,27.44,0
5574,2022-04-10,2,CLEANING,173.738,0,Pichincha,D,3,1037,51.09,27.44,0
3384,2022-04-10,2,GROCERY I,719.301,0,Pichincha,D,3,1037,51.09,27.44,0
4844,2022-04-10,2,PRODUCE,313.752,0,Pichincha,D,3,1037,51.09,27.44,0
7034,2022-04-10,3,BEVERAGES,638.595,0,Guayas,A,4,1630,51.09,27.44,0
8494,2022-04-10,3,CLEANING,307.485,0,Guayas,A,4,1630,51.09,27.44,0
6304,2022-04-10,3,GROCERY I,1133.743,0,Guayas,A,4,1630,51.09,27.44,0
7764,2022-04-10,3,PRODUCE,607.915,0,Guayas,A,4,1630,51.09,27.44,0
9954,2022-04-10,5,BEVERAGES,264.879,0,Azuay,B,2,811,51.09,27.44,0
11414,2022-04-10,5,CLEANING,123.923,0,Azuay,B,2,811,51.09,27.44,0
9224,2022-04-10,5,GROCERY I,390.237,0,Azuay,B,2,811,51.09,27.44,0
10684,2022-04-10,5,PRODUCE,218.639,0,Azuay,B,2,811,51.09,27.44,0
12874,2022-04-10,8,BEVERAGES,480.299,0,Guayas,C,1,1368,51.09,27.44,0
14334,2022-04-10,8,CLEANING,221.178,0,Guayas,C,1,1368,51.09,27.44,0
12144,2022-04-10,8,GROCERY I,928.209,0,Guayas,C,1,1368,51.09,27.44,0
13604,2022-04-10,8,PRODUCE,436.136,0,Guayas,C,1,1368,51.09,27.44,0
1195,2022-04-11,1,BEVERAGES,381.324,0,Pichincha,D,2,918,50.88,27.5,0
2655,2022-04-11,1,CLEANING,137.49,0,Pichincha,D,2,918,50.88,27.5,0
465,2022-04-11,1,GROCERY I,594.228,0,Pichincha,D,2,918,50.88,27.5,0
1925,2022-04-11,1,PRODUCE,276.214,0,Pichincha,D,2,918,50.88,27.5,0
4115,2022-04-11,2,BEVERAGES,327.503,0,Pichincha,D,3,919,50.88,27.5,0
5575,2022-04-11,2,CLEANING,147.56,0,Pichincha,D,3,919,50.88,27.5,0
3385,2022-04-11,2,GROCERY I,533.72,0,Pichincha,D,3,919,50.88,27.5,0
4845,2022-04-11,2,PRODUCE,193.286,0,Pichincha,D,3,919,50.88,27.5,0
7035,2022-04-11,3,BEVERAGES,667.981,13,Guayas,A,4,1335,50.88,27.5,0
8495,2022-04-11,3,CLEANING,262.844,20,Guayas,A,4,1335,50.88,27.5,0
6305,2022-04-11,3,GROCERY I,886.505,0,Guayas,A,4,1335,50.88,27.5,0
7765,2022-04-11,3,PRODUCE,355.39,0,Guayas,A,4,1335,50.88,27.5,0
9955,2022-04-11,5,BEVERAGES,232.552,0,Azuay,B,2,624,50.88,27.5,0
11415,2022-04-11,5,CLEANING,99.728,0,Azuay,B,2,624,50.88,27.5,0
9225,2022-04-11,5,GROCERY I,330.97,0,Azuay,B,2,624,50.88,27.5,0
10685,2022-04-11,5,PRODUCE,177.999,22,Azuay,B,2,624,50.88,27.5,0
12875,2022-04-11,8,BEVERAGES,402.809,0,Guayas,C,1,1011,50.88,27.5,0
14335,2022-04-11,8,CLEANING,233.648,2,Guayas,C,1,1011,50.88,27.5,0
12145,2022-04-11,8,GROCERY I,602.102,0,Guayas,C,1,1011,50.88,27.5,0
13605,2022-04-11,8,PRODUCE,358.712,0,Guayas,C,1,1011,50.88,27.5,0
1196,2022-04-12,1,BEVERAGES,332.74,0,Pichincha,D,2,858,50.75,23.06,0
2656,2022-04-12,1,CLEANING,135.299,0,Pichincha,D,2,858,50.75,23.06,0
466,2022-04-12,1,GROCERY I,657.426,0,Pichincha,D,2,858,50.75,23.06,0
1926,2022-04-12,1,PRODUCE,297.166,0,Pichincha,D,2,858,50.75,23.06,0
4116,2022-04-12,2,BEVERAGES,300.477,0,Pichincha,D,3,737,50.75,23.06,0
5576,2022-04-12,2,CLEANING,160.341,20,Pichincha,D,3,737,50.75,23.06,0
3386,2022-04-12,2,GROCERY I,459.903,0,Pichincha,D,3,737,50.75,23.06,0
4846,2022-04-12,2,PRODUCE,299.01,20,Pichincha,D,3,737,50.75,23.06,0
7036,2022-04-12,3,BEVERAGES,440.892,0,Guayas,A,4,1212,50.75,23.06,0
8496,2022-04-12,3,CLEANING,231.608,0,Guayas,A,4,1212,50.75,23.06,0
6306,2022-04-12,3,GROCERY I,764.345,0,Guayas,A,4,1212,50.75,23.06,0
7766,2022-04-12,3,PRODUCE,405.862,0,Guayas,A,4,1212,50.75,23.06,0
9956,2022-04-12,5,BEVERAGES,222.86,0,Azuay,B,2,536,50.75,23.06,0
11416,2022-04-12,5,CLEANING,105.863,9,Azuay,B,2,536,50.75,23.06,0
9226,2022-04-12,5,GROCERY I,355.857,0,Azuay,B,2,536,50.75,23.06,0
10686,2022-04-12,5,PRODUCE,159.695,0,Azuay,B,2,536,50.75,23.06,0
12876,2022-04-12,8,BEVERAGES,433.169,0,Guayas,C,1,1015,50.75,23.06,0
14336,2022-04-12,8,CLEANING,155.935,0,Guayas,C,1,1015,50.75,23.06,0
12146,2022-04-12,8,GROCERY I,652.731,0,Guayas,C,1,1015,50.75,23.06,0
13606,2022-04-12,8,PRODUCE,336.979,0,Guayas,C,1,1015,50.75,23.06,0
1197,2022-04-13,1,BEVERAGES,349.632,0,Pichincha,D,2,963,51.62,23.51,0
2657,2022-04-13,1,CLEANING,156.742,14,Pichincha,D,2,963,51.62,23.51,0
467,2022-04-13,1,GROCERY I,609.352,0,Pichincha,D,2,963,51.62,23.51,0
1927,2022-04-13,1,PRODUCE,323.47,12,Pichincha,D,2,963,51.62,23.51,0
4117,2022-04-13,2,BEVERAGES,330.587,0,Pichincha,D,3,729,51.62,23.51,0
5577,2022-04-13,2,CLEANING,128.679,0,Pichincha,D,3,729,51.62,23.51,0
3387,2022-04-13,2,GROCERY I,446.229,0,Pichincha,D,3,729,51.62,23.51,0
4847,2022-04-13,2,PRODUCE,249.08,0,Pichincha,D,3,729,51.62,23.51,0
7037,2022-04-13,3,BEVERAGES,585.816,0,Guayas,A,4,1271,51.62,23.51,0
8497,2022-04-13,3,CLEANING,254.179,12,Guayas,A,4,1271,51.62,23.51,0
6307,2022-04-13,3,GROCERY I,703.108,0,Guayas,A,4,1271,51.62,23.51,0
7767,2022-04-13,3,PRODUCE,386.943,0,Guayas,A,4,1271,51.62,23.51,0
9957,2022-04-13,5,BEVERAGES,175.147,0,Azuay,B,2,581,51.62,23.51,0
11417,2022-04-13,5,CLEANING,84.5,0,Azuay,B,2,581,51.62,23.51,0
9227,2022-04-13,5,GROCERY I,388.688,0,Azuay,B,2,581,51.62,23.51,0
10687,2022-04-13,5,PRODUCE,185.343,0,Azuay,B,2,581,51.62,23.51,0
12877,2022-04-13,8,BEVERAGES,385.197,0,Guayas,C,1,945,51.62,23.51,0
14337,2022-04-13,8,CLEANING,187.996,0,Guayas,C,1,945,51.62,23.51,0
12147,2022-04-13,8,GROCERY I,600.3,0,Guayas,C,1,945,51.62,23.51,0
13607,2022-04-13,8,PRODUCE,296.049,0,Guayas,C,1,945,51.62,23.51,0
1198,2022-04-14,1,BEVERAGES,382.511,0,Pichincha,D,2,1009,52.12,26.9,0
2658,2022-04-14,1,CLEANING,180.369,0,Pichincha,D,2,1009,52.12,26.9,0
468,2022-04-14,1,GROCERY I,657.38,0,Pichincha,D,2,1009,52.12,26.9,0
1928,2022-04-14,1,PRODUCE,267.369,0,Pichincha,D,2,1009,52.12,26.9,0
4118,2022-04-14,2,BEVERAGES,358.604,0,Pichincha,D,3,797,52.12,26.9,0
5578,2022-04-14,2,CLEANING,156.242,6,Pichincha,D,3,797,52.12,26.9,0
3388,2022-04-14,2,GROCERY I,0.0,0,Pichincha,D,3,797,52.12,26.9,0
4848,2022-04-14,2,PRODUCE,231.917,0,Pichincha,D,3,797,52.12,26.9,0
7038,2022-04-14,3,BEVERAGES,564.282,0,Guayas,A,4,1261,52.12,26.9,0
8498,2022-04-14,3,CLEANING,215.827,0,Guayas,A,4,1261,52.12,26.9,0
6308,2022-04-14,3,GROCERY I,880.354,0,Guayas,A,4,1261,52.12,26.9,0
7768,2022-04-14,3,PRODUCE,473.388,10,Guayas,A,4,1261,52.12,26.9,0
9958,2022-04-14,5,BEVERAGES,240.997,0,Azuay,B,2,596,52.12,26.9,0
11418,2022-04-14,5,CLEANING,92.687,0,Azuay,B,2,596,52.12,26.9,0
9228,2022-04-14,5,GROCERY I,325.664,0,Azuay,B,2,596,52.12,26.9,0
10688,2022-04-14,5,PRODUCE,165.51,0,Azuay,B,2,596,52.12,26.9,0
12878,2022-04-14,8,BEVERAGES,410.515,0,Guayas,C,1,1052,52.12,26.9,0
14338,2022-04-14,8,CLEANING,189.325,0,Guayas,C,1,1052,52.12,26.9,0
12148,2022-04-14,8,GROCERY I,815.349,15,Guayas,C,1,1052,52.12,26.9,0
13608,2022-04-14,8,PRODUCE,297.17,0,Guayas,C,1,1052,52.12,26.9,0
1199,2022-04-15,1,BEVERAGES,529.864,0,Pichincha,D,2,1073,51.68,23.36,0
2659,2022-04-15,1,CLEANING,213.816,0,Pichincha,D,2,1073,51.68,23.36,0
469,2022-04-15,1,GROCERY I,0.0,0,Pichincha,D,2,1073,51.68,23.36,0
1929,2022-04-15,1,PRODUCE,384.698,0,Pichincha,D,2,1073,51.68,23.36,0
4119,2022-04-15,2,BEVERAGES,420.846,0,Pichincha,D,3,968,51.68,23.36,0
5579,2022-04-15,2,CLEANING,170.265,0,Pichincha,D,3,968,51.68,23.36,0
3389,2022-04-15,2,GROCERY I,741.614,0,Pichincha,D,3,968,51.68,23.36,0
4849,2022-04-15,2,PRODUCE,276.226,0,Pichincha,D,3,968,51.68,23.36,0
7039,2022-04-15,3,BEVERAGES,668.177,0,Guayas,A,4,1499,51.68,23.36,0
8499,2022-04-15,3,CLEANING,281.785,0,Guayas,A,4,1499,51.68,23.36,0
6309,2022-04-15,3,GROCERY I,959.433,0,Guayas,A,4,1499,51.68,23.36,0
7769,2022-04-15,3,PRODUCE,520.742,0,Guayas,A,4,1499,51.68,23.36,0
9959,2022-04-15,5,BEVERAGES,304.868,0,Azuay,B,2,658,51.68,23.36,0
11419,2022-04-15,5,CLEANING,113.674,0,Azuay,B,2,658,51.68,23.36,0
9229,2022-04-15,5,GROCERY I,403.206,0,Azuay,B,2,658,51.68,23.36,0
10689,2022-04-15,5,PRODUCE,194.775,0,Azuay,B,2,658,51.68,23.36,0
12879,2022-04-15,8,BEVERAGES,502.342,0,Guayas,C,1,1234,51.68,23.36,0
14339,2022-04-15,8,CLEANING,232.439,0,Guayas,C,1,1234,51.68,23.36,0
12149,2022-04-15,8,GROCERY I,1089.737,8,Guayas,C,1,1234,51.68,23.36,0
13609,2022-04-15,8,PRODUCE,335.409,0,Guayas,C,1,1234,51.68,23.36,0
1200,2022-04-16,1,BEVERAGES,578.839,0,Pichincha,D,2,1369,51.84,23.01,0
2660,2022-04-16,1,CLEANING,263.116,0,Pichincha,D,2,1369,51.84,23.01,0
470,2022-04-16,1,GROCERY I,918.931,0,Pichincha,D,2,1369,51.84,23.01,0
1930,2022-04-16,1,PRODUCE,413.707,0,Pichincha,D,2,1369,51.84,23.01,0
4120,2022-04-16,2,BEVERAGES,505.886,0,Pichincha,D,3,1283,51.84,23.01,0
5580,2022-04-16,2,CLEANING,177.052,0,Pichincha,D,3,1283,51.84,23.01,0
3390,2022-04-16,2,GROCERY I,674.572,0,Pichincha,D,3,1283,51.84,23.01,0
4850,2022-04-16,2,PRODUCE,296.507,6,Pichincha,D,3,1283,51.84,23.01,0
7040,2022-04-16,3,BEVERAGES,783.166,0,Guayas,A,4,1926,51.84,23.01,0
8500,2022-04-16,3,CLEANING,340.806,0,Guayas,A,4,1926,51.84,23.01,0
6310,2022-04-16,3,GROCERY I,1046.516,0,Guayas,A,4,1926,51.84,23.01,0
7770,2022-04-16,3,PRODUCE,475.407,0,Guayas,A,4,1926,51.84,23.01,0
9960,2022-04-16,5,BEVERAGES,401.525,23,Azuay,B,2,827,51.84,23.01,0
11420,2022-04-16,5,CLEANING,153.948,0,Azuay,B,2,827,51.84,23.01,0
9230,2022-04-16,5,GROCERY I,531.649,0,Azuay,B,2,827,51.84,23.01,0
10690,2022-04-16,5,PRODUCE,226.925,0,Azuay,B,2,827,51.84,23.01,0
12880,2022-04-16,8,BEVERAGES,440.796,0,Guayas,C,1,1548,51.84,23.01,0
14340,2022-04-16,8,CLEANING,0.0,0,Guayas,C,1,1548,51.84,23.01,0
12150,2022-04-16,8,GROCERY I,776.543,0,Guayas,C,1,1548,51.84,23.01,0
13610,2022-04-16,8,PRODUCE,461.99,0,Guayas,C,1,1548,51.84,23.01,0
1201,2022-04-17,1,BEVERAGES,483.234,0,Pichincha,D,2,1174,51.66,24.2,0
2661,2022-04-17,1,CLEANING,198.971,0,Pichincha,D,2,1174,51.66,24.2,0
471,2022-04-17,1,GROCERY I,730.552,0,Pichincha,D,2,1174,51.66,24.2,0
1931,2022-04-17,1,PRODUCE,480.432,14,Pichincha,D,2,1174,51.66,24.2,0
4121,2022-04-17,2,BEVERAGES,357.771,0,Pichincha,D,3,1018,51.66,24.2,0
5581,2022-04-17,2,CLEANING,155.713,0,Pichincha,D,3,1018,51.66,24.2,0
3391,2022-04-17,2,GROCERY I,692.324,10,Pichincha,D,3,1018,51.66,24.2,0
4851,2022-04-17,2,PRODUCE,260.612,0,Pichincha,D,3,1018,51.66,24.2,0
7041,2022-04-17,3,BEVERAGES,614.134,0,Guayas,A,4,1662,51.66,24.2,0
8501,2022-04-17,3,CLEANING,344.919,5,Guayas,A,4,1662,51.66,24.2,0
6311,2022-04-17,3,GROCERY I,1507.672,15,Guayas,A,4,1662,51.66,24.2,0
7771,2022-04-17,3,PRODUCE,501.852,0,Guayas,A,4,1662,51.66,24.2,0
9961,2022-04-17,5,BEVERAGES,283.521,0,Azuay,B,2,809,51.66,24.2,0
11421,2022-04-17,5,CLEANING,129.048,0,Azuay,B,2,809,51.66,24.2,0
9231,2022-04-17,5,GROCERY I,367.86,0,Azuay,B,2,809,51.66,24.2,0
10691,2022-04-17,5,PRODUCE,175.919,0,Azuay,B,2,809,51.66,24.2,0
12881,2022-04-17,8,BEVERAGES,569.646,0,Guayas,C,1,1312,51.66,24.2,0
14341,2022-04-17,8,CLEANING,241.542,0,Guayas,C,1,1312,51.66,24.2,0
12151,2022-04-17,8,GROCERY I,785.563,0,Guayas,C,1,1312,51.66,24.2,0
13611,2022-04-17,8,PRODUCE,393.524,0,Guayas,C,1,1312,51.66,24.2,0
1202,2022-04-18,1,BEVERAGES,531.115,21,Pichincha,D,2,1004,51.53,25.48,0
2662,2022-04-18,1,CLEANING,156.074,0,Pichincha,D,2,1004,51.53,25.48,0
472,2022-04-18,1,GROCERY I,787.365,6,Pichincha,D,2,1004,51.53,25.48,0
1932,2022-04-18,1,PRODUCE,318.515,22,Pichincha,D,2,1004,51.53,25.48,0
4122,2022-04-18,2,BEVERAGES,248.89,0,Pichincha,D,3,765,51.53,25.48,0
5582,2022-04-18,2,CLEANING,145.459,0,Pichincha,D,3,765,51.53,25.48,0
3392,2022-04-18,2,GROCERY I,508.81,0,Pichincha,D,3,765,51.53,25.48,0
4852,2022-04-18,2,PRODUCE,238.347,0,Pichincha,D,3,765,51.53,25.48,0
7042,2022-04-18,3,BEVERAGES,497.584,0,Guayas,A,4,1271,51.53,25.48,0
8502,2022-04-18,3,CLEANING,235.119,0,Guayas,A,4,1271,51.53,25.48,0
6312,2022-04-18,3,GROCERY I,753.167,0,Guayas,A,4,1271,51.53,25.48,0
7772,2022-04-18,3,PRODUCE,350.873,0,Guayas,A,4,1271,51.53,25.48,0
9962,2022-04-18,5,BEVERAGES,263.055,0,Azuay,B,2,597,51.53,25.48,0
11422,2022-04-18,5,CLEANING,94.221,0,Azuay,B,2,597,51.53,25.48,0
9232,2022-04-18,5,GROCERY I,390.516,0,Azuay,B,2,597,51.53,25.48,0
10692,2022-04-18,5,PRODUCE,143.723,0,Azuay,B,2,597,51.53,25.48,0
12882,2022-04-18,8,BEVERAGES,453.939,0,Guayas,C,1,979,51.53,25.48,0
14342,2022-04-18,8,CLEANING,182.083,0,Guayas,C,1,979,51.53,25.48,0
12152,2022-04-18,8,GROCERY I,650.924,0,Guayas,C,1,979,51.53,25.48,0
13612,2022-04-18,8,PRODUCE,303.504,0,Guayas,C,1,979,51.53,25.48,0
1203,2022-04-19,1,BEVERAGES,428.784,0,Pichincha,D,2,844,51.61,24.77,0
2663,2022-04-19,1,CLEANING,156.066,0,Pichincha,D,2,844,51.61,24.77,0
473,2022-04-19,1,GROCERY I,731.779,0,Pichincha,D,2,844,51.61,24.77,0
1933,2022-04-19,1,PRODUCE,300.826,0,Pichincha,D,2,844,51.61,24.77,0
4123,2022-04-19,2,BEVERAGES,343.278,0,Pichincha,D,3,729,51.61,24.77,0
5583,2022-04-19,2,CLEANING,125.906,0,Pichincha,D,3,729,51.61,24.77,0
3393,2022-04-19,2,GROCERY I,406.517,0,Pichincha,D,3,729,51.61,24.77,0
4853,2022-04-19,2,PRODUCE,242.148,0,Pichincha,D,3,729,51.61,24.77,0
7043,2022-04-19,3,BEVERAGES,523.7,0,Guayas,A,4,1308,51.61,24.77,0
8503,2022-04-19,3,CLEANING,188.054,0,Guayas,A,4,1308,51.61,24.77,0
6313,2022-04-19,3,GROCERY I,681.265,0,Guayas,A,4,1308,51.61,24.77,0
7773,2022-04-19,3,PRODUCE,421.891,2,Guayas,A,4,1308,51.61,24.77,0
9963,2022-04-19,5,BEVERAGES,201.909,0,Azuay,B,2,636,51.61,24.77,0
11423,2022-04-19,5,CLEANING,0.0,0,Azuay,B,2,636,51.61,24.77,0
9233,2022-04-19,5,GROCERY I,303.926,0,Azuay,B,2,636,51.61,24.77,0
10693,2022-04-19,5,PRODUCE,140.783,0,Azuay,B,2,636,51.61,24.77,0
12883,2022-04-19,8,BEVERAGES,425.54,0,Guayas,C,1,970,51.61,24.77,0
14343,2022-04-19,8,CLEANING,149.498,0,Guayas,C,1,970,51.61,24.77,0
12153,2022-04-19,8,GROCERY I,659.821,0,Guayas,C,1,970,51.61,24.77,0
13613,2022-04-19,8,PRODUCE,270.583,0,Guayas,C,1,970,51.61,24.77,0
1204,2022-04-20,1,BEVERAGES,429.745,0,Pichincha,D,2,998,51.89,24.01,0
2664,2022-04-20,1,CLEANING,182.96,0,Pichincha,D,2,998,51.89,24.01,0
474,2022-04-20,1,GROCERY I,577.695,0,Pichincha,D,2,998,51.89,24.01,0
1934,2022-04-20,1,PRODUCE,342.537,21,Pichincha,D,2,998,51.89,24.01,0
4124,2022-04-20,2,BEVERAGES,328.488,0,Pichincha,D,3,838,51.89,24.01,0
5584,2022-04-20,2,CLEANING,128.971,0,Pichincha,D,3,838,51.89,24.01,0
3394,2022-04-20,2,GROCERY I,446.076,0,Pichincha,D,3,838,51.89,24.01,0
4854,2022-04-20,2,PRODUCE,238.973,0,Pichincha,D,3,838,51.89,24.01,0
7044,2022-04-20,3,BEVERAGES,489.951,0,Guayas,A,4,1335,51.89,24.01,0
8504,2022-04-20,3,CLEANING,212.293,0,Guayas,A,4,1335,51.89,24.01,0
6314,2022-04-20,3,GROCERY I,826.574,0,Guayas,A,4,1335,51.89,24.01,0
7774,2022-04-20,3,PRODUCE,353.314,0,Guayas,A,4,1335,51.89,24.01,0
9964,2022-04-20,5,BEVERAGES,218.041,0,Azuay,B,2,507,51.89,24.01,0
11424,2022-04-20,5,CLEANING,92.53,0,Azuay,B,2,507,51.89,24.01,0
9234,2022-04-20,5,GROCERY I,329.23,0,Azuay,B,2,507,51.89,24.01,0
10694,2022-04-20,5,PRODUCE,133.835,0,Azuay,B,2,507,51.89,24.01,0
12884,2022-04-20,8,BEVERAGES,458.698,0,Guayas,C,1,1045,51.89,24.01,0
14344,2022-04-20,8,CLEANING,180.667,0,Guayas,C,1,1045,51.89,24.01,0
12154,2022-04-20,8,GROCERY I,886.402,1,Guayas,C,1,1045,51.89,24.01,0
13614,2022-04-20,8,PRODUCE,309.815,0,Guayas,C,1,1045,51.89,24.01,0
1205,2022-04-21,1,BEVERAGES,376.422,0,Pichincha,D,2,976,51.74,23.99,0
2665,2022-04-21,1,CLEANING,197.047,0,Pichincha,D,2,976,51.74,23.99,0
475,2022-04-21,1,GROCERY I,635.352,0,Pichincha,D,2,976,51.74,23.99,0
1935,2022-04-21,1,PRODUCE,300.677,0,Pichincha,D,2,976,51.74,23.99,0
4125,2022-04-21,2,BEVERAGES,333.042,0,Pichincha,D,3,876,51.74,23.99,0
5585,2022-04-21,2,CLEANING,137.805,0,Pichincha,D,3,876,51.74,23.99,0
3395,2022-04-21,2,GROCERY I,562.949,0,Pichincha,D,3,876,51.74,23.99,0
4855,2022-04-21,2,PRODUCE,286.942,5,Pichincha,D,3,876,51.74,23.99,0
7045,2022-04-21,3,BEVERAGES,558.939,0,Guayas,A,4,1339,51.74,23.99,0
8505,2022-04-21,3,CLEANING,250.492,0,Guayas,A,4,1339,51.74,23.99,0
6315,2022-04-21,3,GROCERY I,845.801,0,Guayas,A,4,1339,51.74,23.99,0
7775,2022-04-21,3,PRODUCE,356.207,0,Guayas,A,4,1339,51.74,23.99,0
9965,2022-04-21,5,BEVERAGES,240.69,0,Azuay,B,2,569,51.74,23.99,0
11425,2022-04-21,5,CLEANING,110.486,0,Azuay,B,2,569,51.74,23.99,0
9235,2022-04-21,5,GROCERY I,0.0,0,Azuay,B,2,569,51.74,23.99,0
10695,2022-04-21,5,PRODUCE,142.829,0,Azuay,B,2,569,51.74,23.99,0
12885,2022-04-21,8,BEVERAGES,428.638,0,Guayas,C,1,1081,51.74,23.99,0
14345,2022-04-21,8,CLEANING,179.146,0,Guayas,C,1,1081,51.74,23.99,0
12155,2022-04-21,8,GROCERY I,585.722,0,Guayas,C,1,1081,51.74,23.99,0
13615,2022-04-21,8,PRODUCE,305.967,0,Guayas,C,1,1081,51.74,23.99,0
1206,2022-04-22,1,BEVERAGES,459.458,0,Pichincha,D,2,1101,52.22,23.95,0
2666,2022-04-22,1,CLEANING,216.072,0,Pichincha,D,2,1101,52.22,23.95,0
476,2022-04-22,1,GROCERY I,714.705,0,Pichincha,D,2,1101,52.22,23.95,0
1936,2022-04-22,1,PRODUCE,421.292,8,Pichincha,D,2,1101,52.22,23.95,0
4126,2022-04-22,2,BEVERAGES,510.16,18,Pichincha,D,3,958,52.22,23.95,0
5586,2022-04-22,2,CLEANING,175.828,0,Pichincha,D,3,958,52.22,23.95,0
3396,2022-04-22,2,GROCERY I,634.859,0,Pichincha,D,3,958,52.22,23.95,0
4856,2022-04-22,2,PRODUCE,327.72,0,Pichincha,D,3,958,52.22,23.95,0
7046,2022-04-22,3,BEVERAGES,595.786,0,Guayas,A,4,1491,52.22,23.95,0
8506,2022-04-22,3,CLEANING,295.376,0,Guayas,A,4,1491,52.22,23.95,0
6316,2022-04-22,3,GROCERY I,1388.311,20,Guayas,A,4,1491,52.22,23.95,0
7776,2022-04-22,3,PRODUCE,477.765,7,Guayas,A,4,1491,52.22,23.95,0
9966,2022-04-22,5,BEVERAGES,276.871,0,Azuay,B,2,710,52.22,23.95,0
11426,2022-04-22,5,CLEANING,128.31,0,Azuay,B,2,710,52.22,23.95,0
9236,2022-04-22,5,GROCERY I,428.811,0,Azuay,B,2,710,52.22,23.95,0
10696,2022-04-22,5,PRODUCE,152.53,0,Azuay,B,2,710,52.22,23.95,0
12886,2022-04-22,8,BEVERAGES,612.441,0,Guayas,C,1,1235,52.22,23.95,0
14346,2022-04-22,8,CLEANING,218.386,0,Guayas,C,1,1235,52.22,23.95,0
12156,2022-04-22,8,GROCERY I,919.257,0,Guayas,C,1,1235,52.22,23.95,0
13616,2022-04-22,8,PRODUCE,357.487,0,Guayas,C,1,1235,52.22,23.95,0
1207,2022-04-23,1,BEVERAGES,675.018,0,Pichincha,D,2,1359,51.7,23.73,0
2667,2022-04-23,1,CLEANING,250.599,0,Pichincha,D,2,1359,51.7,23.73,0
477,2022-04-23,1,GROCERY I,1048.046,3,Pichincha,D,2,1359,51.7,23.73,0
1937,2022-04-23,1,PRODUCE,393.086,0,Pichincha,D,2,1359,51.7,23.73,0
4127,2022-04-23,2,BEVERAGES,557.301,0,Pichincha,D,3,1097,51.7,23.73,0
5587,2022-04-23,2,CLEANING,202.127,0,Pichincha,D,3,1097,51.7,23.73,0
3397,2022-04-23,2,GROCERY I,709.792,0,Pichincha,D,3,1097,51.7,23.73,0
4857,2022-04-23,2,PRODUCE,367.532,0,Pichincha,D,3,1097,51.7,23.73,0
7047,2022-04-23,3,BEVERAGES,993.077,16,Guayas,A,4,1871,51.7,23.73,0
8507,2022-04-23,3,CLEANING,352.708,0,Guayas,A,4,1871,51.7,23.73,0
6317,2022-04-23,3,GROCERY I,1169.696,0,Guayas,A,4,1871,51.7,23.73,0
7777,2022-04-23,3,PRODUCE,574.546,0,Guayas,A,4,1871,51.7,23.73,0
9967,2022-04-23,5,BEVERAGES,324.499,0,Azuay,B,2,867,51.7,23.73,0
11427,2022-04-23,5,CLEANING,153.945,0,Azuay,B,2,867,51.7,23.73,0
9237,2022-04-23,5,GROCERY I,470.402,0,Azuay,B,2,867,51.7,23.73,0
10697,2022-04-23,5,PRODUCE,267.727,9,Azuay,B,2,867,51.7,23.73,0
12887,2022-04-23,8,BEVERAGES,716.307,13,Guayas,C,1,1567,51.7,23.73,0
14347,2022-04-23,8,CLEANING,255.125,0,Guayas,C,1,1567,51.7,23.73,0
12157,2022-04-23,8,GROCERY I,1256.65,14,Guayas,C,1,1567,51.7,23.73,0
13617,2022-04-23,8,PRODUCE,457.617,0,Guayas,C,1,1567,51.7,23.73,0
1208,2022-04-24,1,BEVERAGES,509.018,0,Pichincha,D,2,1179,51.71,28.16,0
2668,2022-04-24,1,CLEANING,234.034,0,Pichincha,D,2,1179,51.71,28.16,0
478,2022-04-24,1,GROCERY I,878.642,0,Pichincha,D,2,1179,51.71,28.16,0
1938,2022-04-24,1,PRODUCE,353.512,0,Pichincha,D,2,1179,51.71,28.16,0
4128,2022-04-24,2,BEVERAGES,459.611,0,Pichincha,D,3,982,51.71,28.16,0
5588,2022-04-24,2,CLEANING,159.552,0,Pichincha,D,3,982,51.71,28.16,0
3398,2022-04-24,2,GROCERY I,632.379,0,Pichincha,D,3,982,51.71,28.16,0
4858,2022-04-24,2,PRODUCE,340.511,15,Pichincha,D,3,982,51.71,28.16,0
7048,2022-04-24,3,BEVERAGES,703.362,0,Guayas,A,4,1603,51.71,28.16,0
8508,2022-04-24,3,CLEANING,307.496,0,Guayas,A,4,1603,51.71,28.16,0
6318,2022-04-24,3,GROCERY I,1005.22,0,Guayas,A,4,1603,51.71,28.16,0
7778,2022-04-24,3,PRODUCE,473.769,0,Guayas,A,4,1603,51.71,28.16,0
9968,2022-04-24,5,BEVERAGES,351.223,17,Azuay,B,2,724,51.71,28.16,0
11428,2022-04-24,5,CLEANING,150.337,24,Azuay,B,2,724,51.71,28.16,0
9238,2022-04-24,5,GROCERY I,510.722,0,Azuay,B,2,724,51.71,28.16,0
10698,2022-04-24,5,PRODUCE,214.997,0,Azuay,B,2,724,51.71,28.16,0
12888,2022-04-24,8,BEVERAGES,534.539,0,Guayas,C,1,1407,51.71,28.16,0
14348,2022-04-24,8,CLEANING,238.904,0,Guayas,C,1,1407,51.71,28.16,0
12158,2022-04-24,8,GROCERY I,1008.262,13,Guayas,C,1,1407,51.71,28.16,0
13618,2022-04-24,8,PRODUCE,384.458,0,Guayas,C,1,1407,51.71,28.16,0
1209,2022-04-25,1,BEVERAGES,383.445,0,Pichincha,D,2,890,52.87,25.39,0
2669,2022-04-25,1,CLEANING,160.974,0,Pichincha,D,2,890,52.87,25.39,0
479,2022-04-25,1,GROCERY I,571.527,0,Pichincha,D,2,890,52.87,25.39,0
1939,2022-04-25,1,PRODUCE,267.731,0,Pichincha,D,2,890,52.87,25.39,0
4129,2022-04-25,2,BEVERAGES,349.41,0,Pichincha,D,3,883,52.87,25.39,0
5589,2022-04-25,2,CLEANING,126.267,0,Pichincha,D,3,883,52.87,25.39,0
3399,2022-04-25,2,GROCERY I,478.076,0,Pichincha,D,3,883,52.87,25.39,0
4859,2022-04-25,2,PRODUCE,273.023,0,Pichincha,D,3,883,52.87,25.39,0
7049,2022-04-25,3,BEVERAGES,452.042,0,Guayas,A,4,1283,52.87,25.39,0
8509,2022-04-25,3,CLEANING,214.655,0,Guayas,A,4,1283,52.87,25.39,0
6319,2022-04-25,3,GROCERY I,844.811,0,Guayas,A,4,1283,52.87,25.39,0
7779,2022-04-25,3,PRODUCE,365.697,0,Guayas,A,4,1283,52.87,25.39,0
9969,2022-04-25,5,BEVERAGES,257.037,0,Azuay,B,2,605,52.87,25.39,0
11429,2022-04-25,5,CLEANING,95.445,0,Azuay,B,2,605,52.87,25.39,0
9239,2022-04-25,5,GROCERY I,267.921,0,Azuay,B,2,605,52.87,25.39,0
10699,2022-04-25,5,PRODUCE,155.289,0,Azuay,B,2,605,52.87,25.39,0
12889,2022-04-25,8,BEVERAGES,509.641,17,Guayas,C,1,1083,52.87,25.39,0
14349,2022-04-25,8,CLEANING,164.343,0,Guayas,C,1,1083,52.87,25.39,0
12159,2022-04-25,8,GROCERY I,578.12,0,Guayas,C,1,1083,52.87,25.39,0
13619,2022-04-25,8,PRODUCE,266.149,0,Guayas,C,1,1083,52.87,25.39,0
1210,2022-04-26,1,BEVERAGES,398.798,0,Pichincha,D,2,911,52.98,26.22,0
2670,2022-04-26,1,CLEANING,151.555,0,Pichincha,D,2,911,52.98,26.22,0
480,2022-04-26,1,GROCERY I,555.249,0,Pichincha,D,2,911,52.98,26.22,0
1940,2022-04-26,1,PRODUCE,288.788,0,Pichincha,D,2,911,52.98,26.22,0
4130,2022-04-26,2,BEVERAGES,282.098,0,Pichincha,D,3,802,52.98,26.22,0
5590,2022-04-26,2,CLEANING,126.301,0,Pichincha,D,3,802,52.98,26.22,0
3400,2022-04-26,2,GROCERY I,472.03,0,Pichincha,D,3,802,52.98,26.22,0
4860,2022-04-26,2,PRODUCE,196.097,0,Pichincha,D,3,802,52.98,26.22,0
7050,2022-04-26,3,BEVERAGES,507.982,0,Guayas,A,4,1182,52.98,26.22,0
8510,2022-04-26,3,CLEANING,179.246,0,Guayas,A,4,1182,52.98,26.22,0
6320,2022-04-26,3,GROCERY I,795.855,0,Guayas,A,4,1182,52.98,26.22,0
7780,2022-04-26,3,PRODUCE,382.816,0,Guayas,A,4,1182,52.98,26.22,0
9970,2022-04-26,5,BEVERAGES,230.335,0,Azuay,B,2,580,52.98,26.22,0
11430,2022-04-26,5,CLEANING,90.088,0,Azuay,B,2,580,52.98,26.22,0
9240,2022-04-26,5,GROCERY I,0.0,0,Azuay,B,2,580,52.98,26.22,0
10700,2022-04-26,5,PRODUCE,148.108,0,Azuay,B,2,580,52.98,26.22,0
12890,2022-04-26,8,BEVERAGES,508.816,15,Guayas,C,1,894,52.98,26.22,0
14350,2022-04-26,8,CLEANING,175.296,0,Guayas,C,1,894,52.98,26.22,0
12160,2022-04-26,8,GROCERY I,602.404,0,Guayas,C,1,894,52.98,26.22,0
13620,2022-04-26,8,PRODUCE,270.462,0,Guayas,C,1,894,52.98,26.22,0
1211,2022-04-27,1,BEVERAGES,421.114,0,Pichincha,D,2,872,53.62,24.3,0
2671,2022-04-27,1,CLEANING,160.037,0,Pichincha,D,2,872,53.62,24.3,0
481,2022-04-27,1,GROCERY I,512.432,0,Pichincha,D,2,872,53.62,24.3,0
1941,2022-04-27,1,PRODUCE,0.0,0,Pichincha,D,2,872,53.62,24.3,0
4131,2022-04-27,2,BEVERAGES,294.476,0,Pichincha,D,3,791,53.62,24.3,0
5591,2022-04-27,2,CLEANING,136.12,0,Pichincha,D,3,791,53.62,24.3,0
3401,2022-04-27,2,GROCERY I,455.742,0,Pichincha,D,3,791,53.62,24.3,0
4861,2022-04-27,2,PRODUCE,237.353,20,Pichincha,D,3,791,53.62,24.3,0
7051,2022-04-27,3,BEVERAGES,548.009,6,Guayas,A,4,1198,53.62,24.3,0
8511,2022-04-27,3,CLEANING,213.176,0,Guayas,A,4,1198,53.62,24.3,0
6321,2022-04-27,3,GROCERY I,1003.53,3,Guayas,A,4,1198,53.62,24.3,0
7781,2022-04-27,3,PRODUCE,384.386,0,Guayas,A,4,1198,53.62,24.3,0
9971,2022-04-27,5,BEVERAGES,219.848,0,Azuay,B,2,494,53.62,24.3,0
11431,2022-04-27,5,CLEANING,121.903,5,Azuay,B,2,494,53.62,24.3,0
9241,2022-04-27,5,GROCERY I,323.073,0,Azuay,B,2,494,53.62,24.3,0
10701,2022-04-27,5,PRODUCE,167.917,0,Azuay,B,2,494,53.62,24.3,0
12891,2022-04-27,8,BEVERAGES,413.694,0,Guayas,C,1,1031,53.62,24.3,0
14351,2022-04-27,8,CLEANING,160.687,0,Guayas,C,1,1031,53.62,24.3,0
12161,2022-04-27,8,GROCERY I,715.08,0,Guayas,C,1,1031,53.62,24.3,0
13621,2022-04-27,8,PRODUCE,314.443,0,Guayas,C,1,1031,53.62,24.3,0
1212,2022-04-28,1,BEVERAGES,385.922,0,Pichincha,D,2,881,53.66,24.73,0
2672,2022-04-28,1,CLEANING,189.813,21,Pichincha,D,2,881,53.66,24.73,0
482,2022-04-28,1,GROCERY I,587.002,0,Pichincha,D,2,881,53.66,24.73,0
1942,2022-04-28,1,PRODUCE,304.807,8,Pichincha,D,2,881,53.66,24.73,0
4132,2022-04-28,2,BEVERAGES,261.456,0,Pichincha,D,3,917,53.66,24.73,0
5592,2022-04-28,2,CLEANING,139.186,0,Pichincha,D,3,917,53.66,24.73,0
3402,2022-04-28,2,GROCERY I,488.643,0,Pichincha,D,3,917,53.66,24.73,0
4862,2022-04-28,2,PRODUCE,227.346,0,Pichincha,D,3,917,53.66,24.73,0
7052,2022-04-28,3,BEVERAGES,456.56,0,Guayas,A,4,1220,53.66,24.73,0
8512,2022-04-28,3,CLEANING,243.145,0,Guayas,A,4,1220,53.66,24.73,0
6322,2022-04-28,3,GROCERY I,869.945,0,Guayas,A,4,1220,53.66,24.73,0
7782,2022-04-28,3,PRODUCE,463.419,5,Guayas,A,4,1220,53.66,24.73,0
9972,2022-04-28,5,BEVERAGES,215.089,0,Azuay,B,2,622,53.66,24.73,0
11432,2022-04-28,5,CLEANING,90.855,0,Azuay,B,2,622,53.66,24.73,0
9242,2022-04-28,5,GROCERY I,330.253,0,Azuay,B,2,622,53.66,24.73,0
10702,2022-04-28,5,PRODUCE,190.672,0,Azuay,B,2,622,53.66,24.73,0
12892,2022-04-28,8,BEVERAGES,441.39,0,Guayas,C,1,1071,53.66,24.73,0
14352,2022-04-28,8,CLEANING,156.585,0,Guayas,C,1,1071,53.66,24.73,0
12162,2022-04-28,8,GROCERY I,691.474,0,Guayas,C,1,1071,53.66,24.73,0
13622,2022-04-28,8,PRODUCE,314.816,0,Guayas,C,1,1071,53.66,24.73,0
1213,2022-04-29,1,BEVERAGES,490.554,0,Pichincha,D,2,1138,53.92,24.0,0
2673,2022-04-29,1,CLEANING,198.555,0,Pichincha,D,2,1138,53.92,24.0,0
483,2022-04-29,1,GROCERY I,630.331,0,Pichincha,D,2,1138,53.92,24.0,0
1943,2022-04-29,1,PRODUCE,289.792,0,Pichincha,D,2,1138,53.92,24.0,0
4133,2022-04-29,2,BEVERAGES,507.703,1,Pichincha,D,3,1070,53.92,24.0,0
5593,2022-04-29,2,CLEANING,163.251,0,Pichincha,D,3,1070,53.92,24.0,0
3403,2022-04-29,2,GROCERY I,576.099,0,Pichincha,D,3,1070,53.92,24.0,0
4863,2022-04-29,2,PRODUCE,260.325,0,Pichincha,D,3,1070,53.92,24.0,0
7053,2022-04-29,3,BEVERAGES,613.785,0,Guayas,A,4,1567,53.92,24.0,0
8513,2022-04-29,3,CLEANING,291.494,0,Guayas,A,4,1567,53.92,24.0,0
6323,2022-04-29,3,GROCERY I,1018.919,0,Guayas,A,4,1567,53.92,24.0,0
7783,2022-04-29,3,PRODUCE,586.546,0,Guayas,A,4,1567,53.92,24.0,0
9973,2022-04-29,5,BEVERAGES,257.619,0,Azuay,B,2,741,53.92,24.0,0
11433,2022-04-29,5,CLEANING,112.905,0,Azuay,B,2,741,53.92,24.0,0
9243,2022-04-29,5,GROCERY I,473.852,0,Azuay,B,2,741,53.92,24.0,0
10703,2022-04-29,5,PRODUCE,235.742,0,Azuay,B,2,741,53.92,24.0,0
12893,2022-04-29,8,BEVERAGES,494.612,0,Guayas,C,1,1179,53.92,24.0,0
14353,2022-04-29,8,CLEANING,214.113,0,Guayas,C,1,1179,53.92,24.0,0
12163,2022-04-29,8,GROCERY I,802.383,0,Guayas,C,1,1179,53.92,24.0,0
13623,2022-04-29,8,PRODUCE,308.484,0,Guayas,C,1,1179,53.92,24.0,0
1214,2022-04-30,1,BEVERAGES,635.022,0,Pichincha,D,2,1311,53.9,21.29,0
2674,2022-04-30,1,CLEANING,269.721,22,Pichincha,D,2,1311,53.9,21.29,0
484,2022-04-30,1,GROCERY I,959.184,0,Pichincha,D,2,1311,53.9,21.29,0
1944,2022-04-30,1,PRODUCE,351.329,0,Pichincha,D,2,1311,53.9,21.29,0
4134,2022-04-30,2,BEVERAGES,527.573,0,Pichincha,D,3,1182,53.9,21.29,0
5594,2022-04-30,2,CLEANING,202.007,0,Pichincha,D,3,1182,53.9,21.29,0
3404,2022-04-30,2,GROCERY I,694.253,0,Pichincha,D,3,1182,53.9,21.29,0
4864,2022-04-30,2,PRODUCE,329.258,0,Pichincha,D,3,1182,53.9,21.29,0
7054,2022-04-30,3,BEVERAGES,988.99,0,Guayas,A,4,1776,53.9,21.29,0
8514,2022-04-30,3,CLEANING,315.64,0,Guayas,A,4,1776,53.9,21.29,0
6324,2022-04-30,3,GROCERY I,1177.529,0,Guayas,A,4,1776,53.9,21.29,0
7784,2022-04-30,3,PRODUCE,612.091,0,Guayas,A,4,1776,53.9,21.29,0
9974,2022-04-30,5,BEVERAGES,364.739,0,Azuay,B,2,849,53.9,21.29,0
11434,2022-04-30,5,CLEANING,162.044,0,Azuay,B,2,849,53.9,21.29,0
9244,2022-04-30,5,GROCERY I,442.614,0,Azuay,B,2,849,53.9,21.29,0
10704,2022-04-30,5,PRODUCE,241.556,0,Azuay,B,2,849,53.9,21.29,0
12894,2022-04-30,8,BEVERAGES,616.527,0,Guayas,C,1,1474,53.9,21.29,0
14354,2022-04-30,8,CLEANING,280.404,0,Guayas,C,1,1474,53.9,21.29,0
12164,2022-04-30,8,GROCERY I,906.948,0,Guayas,C,1,1474,53.9,21.29,0
13624,2022-04-30,8,PRODUCE,484.159,0,Guayas,C,1,1474,53.9,21.29,0
1215,2022-05-01,1,BEVERAGES,592.131,0,Pichincha,D,2,1184,53.82,23.07,1
2675,2022-05-01,1,CLEANING,369.471,3,Pichincha,D,2,1184,53.82,23.07,1
485,2022-05-01,1,GROCERY I,1281.713,0,Pichincha,D,2,1184,53.82,23.07,1
1945,2022-05-01,1,PRODUCE,604.288,14,Pichincha,D,2,1184,53.82,23.07,1
4135,2022-05-01,2,BEVERAGES,599.079,0,Pichincha,D,3,1034,53.82,23.07,1
5595,2022-05-01,2,CLEANING,226.18,0,Pichincha,D,3,1034,53.82,23.07,1
3405,2022-05-01,2,GROCERY I,916.577,0,Pichincha,D,3,1034,53.82,23.07,1
4865,2022-05-01,2,PRODUCE,411.602,0,Pichincha,D,3,1034,53.82,23.07,1
7055,2022-05-01,3,BEVERAGES,953.438,0,Guayas,A,4,1629,53.82,23.07,1
8515,2022-05-01,3,CLEANING,341.186,0,Guayas,A,4,1629,53.82,23.07,1
6325,2022-05-01,3,GROCERY I,1483.407,0,Guayas,A,4,1629,53.82,23.07,1
7785,2022-05-01,3,PRODUCE,771.664,0,Guayas,A,4,1629,53.82,23.07,1
9975,2022-05-01,5,BEVERAGES,324.665,0,Azuay,B,2,648,53.82,23.07,1
11435,2022-05-01,5,CLEANING,167.859,0,Azuay,B,2,648,53.82,23.07,1
9245,2022-05-01,5,GROCERY I,669.124,0,Azuay,B,2,648,53.82,23.07,1
10705,2022-05-01,5,PRODUCE,262.157,0,Azuay,B,2,648,53.82,23.07,1
12895,2022-05-01,8,BEVERAGES,578.431,0,Guayas,C,1,1375,53.82,23.07,1
14355,2022-05-01,8,CLEANING,282.389,0,Guayas,C,1,1375,53.82,23.07,1
12165,2022-05-01,8,GROCERY I,1195.185,0,Guayas,C,1,1375,53.82,23.07,1
13625,2022-05-01,8,PRODUCE,511.535,0,Guayas,C,1,1375,53.82,23.07,1
1216,2022-05-02,1,BEVERAGES,485.396,20,Pichincha,D,2,909,53.47,22.46,0
2676,2022-05-02,1,CLEANING,174.817,0,Pichincha,D,2,909,53.47,22.46,0
486,2022-05-02,1,GROCERY I,725.971,17,Pichincha,D,2,909,53.47,22.46,0
1946,2022-05-02,1,PRODUCE,252.813,0,Pichincha,D,2,909,53.47,22.46,0
4136,2022-05-02,2,BEVERAGES,420.937,14,Pichincha,D,3,781,53.47,22.46,0
5596,2022-05-02,2,CLEANING,126.819,0,Pichincha,D,3,781,53.47,22.46,0
3406,2022-05-02,2,GROCERY I,538.532,0,Pichincha,D,3,781,53.47,22.46,0
4866,2022-05-02,2,PRODUCE,230.123,0,Pichincha,D,3,781,53.47,22.46,0
7056,2022-05-02,3,BEVERAGES,602.834,0,Guayas,A,4,1313,53.47,22.46,0
8516,2022-05-02,3,CLEANING,207.094,0,Guayas,A,4,1313,53.47,22.46,0
6326,2022-05-02,3,GROCERY I,802.626,0,Guayas,A,4,1313,53.47,22.46,0
7786,2022-05-02,3,PRODUCE,365.986,0,Guayas,A,4,1313,53.47,22.46,0
9976,2022-05-02,5,BEVERAGES,277.096,0,Azuay,B,2,557,53.47,22.46,0
11436,2022-05-02,5,CLEANING,103.742,0,Azuay,B,2,557,53.47,22.46,0
9246,2022-05-02,5,GROCERY I,343.926,0,Azuay,B,2,557,53.47,22.46,0
10706,2022-05-02,5,PRODUCE,189.916,7,Azuay,B,2,557,53.47,22.46,0
12896,2022-05-02,8,BEVERAGES,569.287,15,Guayas,C,1,1053,53.47,22.46,0
14356,2022-05-02,8,CLEANING,184.746,0,Guayas,C,1,1053,53.47,22.46,0
12166,2022-05-02,8,GROCERY I,664.778,0,Guayas,C,1,1053,53.47,22.46,0
13626,2022-05-02,8,PRODUCE,279.339,0,Guayas,C,1,1053,53.47,22.46,0
1217,2022-05-03,1,BEVERAGES,342.784,0,Pichincha,D,2,869,53.66,21.85,0
2677,2022-05-03,1,CLEANING,180.329,0,Pichincha,D,2,869,53.66,21.85,0
487,2022-05-03,1,GROCERY I,501.435,0,Pichincha,D,2,869,53.66,21.85,0
1947,2022-05-03,1,PRODUCE,277.686,0,Pichincha,D,2,869,53.66,21.85,0
4137,2022-05-03,2,BEVERAGES,307.49,0,Pichincha,D,3,759,53.66,21.85,0
5597,2022-05-03,2,CLEANING,143.789,0,Pichincha,D,3,759,53.66,21.85,0
3407,2022-05-03,2,GROCERY I,442.294,0,Pichincha,D,3,759,53.66,21.85,0
4867,2022-05-03,2,PRODUCE,221.121,0,Pichincha,D,3,759,53.66,21.85,0
7057,2022-05-03,3,BEVERAGES,541.692,0,Guayas,A,4,1194,53.66,21.85,0
8517,2022-05-03,3,CLEANING,204.83,0,Guayas,A,4,1194,53.66,21.85,0
6327,2022-05-03,3,GROCERY I,1040.381,14,Guayas,A,4,1194,53.66,21.85,0
7787,2022-05-03,3,PRODUCE,372.66,0,Guayas,A,4,1194,53.66,21.85,0
9977,2022-05-03,5,BEVERAGES,217.779,0,Azuay,B,2,565,53.66,21.85,0
11437,2022-05-03,5,CLEANING,99.458,14,Azuay,B,2,565,53.66,21.85,0
9247,2022-05-03,5,GROCERY I,296.753,0,Azuay,B,2,565,53.66,21.85,0
10707,2022-05-03,5,PRODUCE,163.243,0,Azuay,B,2,565,53.66,21.85,0
12897,2022-05-03,8,BEVERAGES,462.179,3,Guayas,C,1,1003,53.66,21.85,0
14357,2022-05-03,8,CLEANING,169.243,0,Guayas,C,1,1003,53.66,21.85,0
12167,2022-05-03,8,GROCERY I,632.245,0,Guayas,C,1,1003,53.66,21.85,0
13627,2022-05-03,8,PRODUCE,278.259,0,Guayas,C,1,1003,53.66,21.85,0
1218,2022-05-04,1,BEVERAGES,352.961,0,Pichincha,D,2,1019,53.28,23.32,0
2678,2022-05-04,1,CLEANING,138.579,0,Pichincha,D,2,1019,53.28,23.32,0
488,2022-05-04,1,GROCERY I,648.165,0,Pichincha,D,2,1019,53.28,23.32,0
1948,2022-05-04,1,PRODUCE,278.193,0,Pichincha,D,2,1019,53.28,23.32,0
4138,2022-05-04,2,BEVERAGES,300.829,0,Pichincha,D,3,723,53.28,23.32,0
5598,2022-05-04,2,CLEANING,127.134,0,Pichincha,D,3,723,53.28,23.32,0
3408,2022-05-04,2,GROCERY I,437.97,0,Pichincha,D,3,723,53.28,23.32,0
4868,2022-05-04,2,PRODUCE,226.104,0,Pichincha,D,3,723,53.28,23.32,0
7058,2022-05-04,3,BEVERAGES,531.639,0,Guayas,A,4,1206,53.28,23.32,0
8518,2022-05-04,3,CLEANING,181.523,0,Guayas,A,4,1206,53.28,23.32,0
6328,2022-05-04,3,GROCERY I,909.186,0,Guayas,A,4,1206,53.28,23.32,0
7788,2022-05-04,3,PRODUCE,329.159,0,Guayas,A,4,1206,53.28,23.32,0
9978,2022-05-04,5,BEVERAGES,194.442,0,Azuay,B,2,519,53.28,23.32,0
11438,2022-05-04,5,CLEANING,89.47,0,Azuay,B,2,519,53.28,23.32,0
9248,2022-05-04,5,GROCERY I,278.726,0,Azuay,B,2,519,53.28,23.32,0
10708,2022-05-04,5,PRODUCE,155.32,0,Azuay,B,2,519,53.28,23.32,0
12898,2022-05-04,8,BEVERAGES,405.322,0,Guayas,C,1,993,53.28,23.32,0
14358,2022-05-04,8,CLEANING,161.255,0,Guayas,C,1,993,53.28,23.32,0
12168,2022-05-04,8,GROCERY I,650.962,0,Guayas,C,1,993,53.28,23.32,0
13628,2022-05-04,8,PRODUCE,305.412,0,Guayas,C,1,993,53.28,23.32,0
1219,2022-05-05,1,BEVERAGES,382.39,0,Pichincha,D,2,984,53.58,26.85,0
2679,2022-05-05,1,CLEANING,197.829,0,Pichincha,D,2,984,53.58,26.85,0
489,2022-05-05,1,GROCERY I,711.129,18,Pichincha,D,2,984,53.58,26.85,0
1949,2022-05-05,1,PRODUCE,284.196,0,Pichincha,D,2,984,53.58,26.85,0
4139,2022-05-05,2,BEVERAGES,305.173,0,Pichincha,D,3,767,53.58,26.85,0
5599,2022-05-05,2,CLEANING,139.853,0,Pichincha,D,3,767,53.58,26.85,0
3409,2022-05-05,2,GROCERY I,503.218,0,Pichincha,D,3,767,53.58,26.85,0
4869,2022-05-05,2,PRODUCE,185.265,0,Pichincha,D,3,767,53.58,26.85,0
7059,2022-05-05,3,BEVERAGES,586.722,0,Guayas,A,4,1322,53.58,26.85,0
8519,2022-05-05,3,CLEANING,216.893,0,Guayas,A,4,1322,53.58,26.85,0
6329,2022-05-05,3,GROCERY I,789.457,0,Guayas,A,4,1322,53.58,26.85,0
7789,2022-05-05,3,PRODUCE,456.122,16,Guayas,A,4,1322,53.58,26.85,0
9979,2022-05-05,5,BEVERAGES,234.687,0,Azuay,B,2,630,53.58,26.85,0
11439,2022-05-05,5,CLEANING,99.741,0,Azuay,B,2,630,53.58,26.85,0
9249,2022-05-05,5,GROCERY I,350.609,0,Azuay,B,2,630,53.58,26.85,0
10709,2022-05-05,5,PRODUCE,161.616,0,Azuay,B,2,630,53.58,26.85,0
12899,2022-05-05,8,BEVERAGES,399.02,0,Guayas,C,1,1128,53.58,26.85,0
14359,2022-05-05,8,CLEANING,194.251,0,Guayas,C,1,1128,53.58,26.85,0
12169,2022-05-05,8,GROCERY I,643.317,0,Guayas,C,1,1128,53.58,26.85,0
13629,2022-05-05,8,PRODUCE,250.809,0,Guayas,C,1,1128,53.58,26.85,0
1220,2022-05-06,1,BEVERAGES,498.989,0,Pichincha,D,2,1168,54.07,24.92,0
2680,2022-05-06,1,CLEANING,172.243,0,Pichincha,D,2,1168,54.07,24.92,0
490,2022-05-06,1,GROCERY I,827.449,0,Pichincha,D,2,1168,54.07,24.92,0
1950,2022-05-06,1,PRODUCE,352.938,0,Pichincha,D,2,1168,54.07,24.92,0
4140,2022-05-06,2,BEVERAGES,470.685,4,Pichincha,D,3,906,54.07,24.92,0
5600,2022-05-06,2,CLEANING,133.757,0,Pichincha,D,3,906,54.07,24.92,0
3410,2022-05-06,2,GROCERY I,723.903,0,Pichincha,D,3,906,54.07,24.92,0
4870,2022-05-06,2,PRODUCE,239.99,0,Pichincha,D,3,906,54.07,24.92,0
7060,2022-05-06,3,BEVERAGES,607.804,0,Guayas,A,4,1525,54.07,24.92,0
8520,2022-05-06,3,CLEANING,271.619,0,Guayas,A,4,1525,54.07,24.92,0
6330,2022-05-06,3,GROCERY I,1214.697,0,Guayas,A,4,1525,54.07,24.92,0
7790,2022-05-06,3,PRODUCE,529.036,18,Guayas,A,4,1525,54.07,24.92,0
9980,2022-05-06,5,BEVERAGES,254.501,0,Azuay,B,2,727,54.07,24.92,0
11440,2022-05-06,5,CLEANING,114.585,0,Azuay,B,2,727,54.07,24.92,0
9250,2022-05-06,5,GROCERY I,397.84,0,Azuay,B,2,727,54.07,24.92,0
10710,2022-05-06,5,PRODUCE,235.613,23,Azuay,B,2,727,54.07,24.92,0
12900,2022-05-06,8,BEVERAGES,550.783,0,Guayas,C,1,1217,54.07,24.92,0
14360,2022-05-06,8,CLEANING,252.332,5,Guayas,C,1,1217,54.07,24.92,0
12170,2022-05-06,8,GROCERY I,751.706,0,Guayas,C,1,1217,54.07,24.92,0
13630,2022-05-06,8,PRODUCE,385.887,0,Guayas,C,1,1217,54.07,24.92,0
1221,2022-05-07,1,BEVERAGES,677.723,20,Pichincha,D,2,1315,54.23,26.79,0
2681,2022-05-07,1,CLEANING,214.036,0,Pichincha,D,2,1315,54.23,26.79,0
491,2022-05-07,1,GROCERY I,863.334,0,Pichincha,D,2,1315,54.23,26.79,0
1951,2022-05-07,1,PRODUCE,411.785,0,Pichincha,D,2,1315,54.23,26.79,0
4141,2022-05-07,2,BEVERAGES,427.004,0,Pichincha,D,3,1235,54.23,26.79,0
5601,2022-05-07,2,CLEANING,192.543,0,Pichincha,D,3,1235,54.23,26.79,0
3411,2022-05-07,2,GROCERY I,657.914,0,Pichincha,D,3,1235,54.23,26.79,0
4871,2022-05-07,2,PRODUCE,320.755,0,Pichincha,D,3,1235,54.23,26.79,0
7061,2022-05-07,3,BEVERAGES,980.656,10,Guayas,A,4,1892,54.23,26.79,0
8521,2022-05-07,3,CLEANING,320.541,0,Guayas,A,4,1892,54.23,26.79,0
6331,2022-05-07,3,GROCERY I,1117.474,0,Guayas,A,4,1892,54.23,26.79,0
7791,2022-05-07,3,PRODUCE,694.818,0,Guayas,A,4,1892,54.23,26.79,0
9981,2022-05-07,5,BEVERAGES,315.582,0,Azuay,B,2,843,54.23,26.79,0
11441,2022-05-07,5,CLEANING,122.36,0,Azuay,B,2,843,54.23,26.79,0
9251,2022-05-07,5,GROCERY I,632.691,19,Azuay,B,2,843,54.23,26.79,0
10711,2022-05-07,5,PRODUCE,213.003,0,Azuay,B,2,843,54.23,26.79,0
12901,2022-05-07,8,BEVERAGES,595.832,0,Guayas,C,1,1495,54.23,26.79,0
14361,2022-05-07,8,CLEANING,271.57,0,Guayas,C,1,1495,54.23,26.79,0
12171,2022-05-07,8,GROCERY I,837.359,0,Guayas,C,1,1495,54.23,26.79,0
13631,2022-05-07,8,PRODUCE,484.073,0,Guayas,C,1,1495,54.23,26.79,0
1222,2022-05-08,1,BEVERAGES,473.037,0,Pichincha,D,2,1190,54.1,25.55,0
2682,2022-05-08,1,CLEANING,198.894,0,Pichincha,D,2,1190,54.1,25.55,0
492,2022-05-08,1,GROCERY I,733.607,0,Pichincha,D,2,1190,54.1,25.55,0
1952,2022-05-08,1,PRODUCE,269.565,0,Pichincha,D,2,1190,54.1,25.55,0
4142,2022-05-08,2,BEVERAGES,580.852,17,Pichincha,D,3,966,54.1,25.55,0
5602,2022-05-08,2,CLEANING,155.349,0,Pichincha,D,3,966,54.1,25.55,0
3412,2022-05-08,2,GROCERY I,627.358,0,Pichincha,D,3,966,54.1,25.55,0
4872,2022-05-08,2,PRODUCE,269.638,0,Pichincha,D,3,966,54.1,25.55,0
7062,2022-05-08,3,BEVERAGES,748.894,0,Guayas,A,4,1600,54.1,25.55,0
8522,2022-05-08,3,CLEANING,275.528,0,Guayas,A,4,1600,54.1,25.55,0
6332,2022-05-08,3,GROCERY I,981.937,0,Guayas,A,4,1600,54.1,25.55,0
7792,2022-05-08,3,PRODUCE,450.613,0,Guayas,A,4,1600,54.1,25.55,0
9982,2022-05-08,5,BEVERAGES,248.816,0,Azuay,B,2,733,54.1,25.55,0
11442,2022-05-08,5,CLEANING,129.02,0,Azuay,B,2,733,54.1,25.55,0
9252,2022-05-08,5,GROCERY I,427.81,0,Azuay,B,2,733,54.1,25.55,0
10712,2022-05-08,5,PRODUCE,161.471,0,Azuay,B,2,733,54.1,25.55,0
12902,2022-05-08,8,BEVERAGES,429.14,0,Guayas,C,1,1327,54.1,25.55,0
14362,2022-05-08,8,CLEANING,200.372,0,Guayas,C,1,1327,54.1,25.55,0
12172,2022-05-08,8,GROCERY I,981.226,7,Guayas,C,1,1327,54.1,25.55,0
13632,2022-05-08,8,PRODUCE,421.686,0,Guayas,C,1,1327,54.1,25.55,0
1223,2022-05-09,1,BEVERAGES,392.464,0,Pichincha,D,2,961,54.31,26.06,0
2683,2022-05-09,1,CLEANING,183.102,0,Pichincha,D,2,961,54.31,26.06,0
493,2022-05-09,1,GROCERY I,595.191,0,Pichincha,D,2,961,54.31,26.06,0
1953,2022-05-09,1,PRODUCE,328.377,14,Pichincha,D,2,961,54.31,26.06,0
4143,2022-05-09,2,BEVERAGES,282.24,0,Pichincha,D,3,896,54.31,26.06,0
5603,2022-05-09,2,CLEANING,122.261,0,Pichincha,D,3,896,54.31,26.06,0
3413,2022-05-09,2,GROCERY I,498.996,0,Pichincha,D,3,896,54.31,26.06,0
4873,2022-05-09,2,PRODUCE,222.161,0,Pichincha,D,3,896,54.31,26.06,0
7063,2022-05-09,3,BEVERAGES,559.733,0,Guayas,A,4,1279,54.31,26.06,0
8523,2022-05-09,3,CLEANING,207.127,0,Guayas,A,4,1279,54.31,26.06,0
6333,2022-05-09,3,GROCERY I,854.983,0,Guayas,A,4,1279,54.31,26.06,0
7793,2022-05-09,3,PRODUCE,446.318,6,Guayas,A,4,1279,54.31,26.06,0
9983,2022-05-09,5,BEVERAGES,219.13,0,Azuay,B,2,579,54.31,26.06,0
11443,2022-05-09,5,CLEANING,103.016,0,Azuay,B,2,579,54.31,26.06,0
9253,2022-05-09,5,GROCERY I,376.572,0,Azuay,B,2,579,54.31,26.06,0
10713,2022-05-09,5,PRODUCE,149.352,0,Azuay,B,2,579,54.31,26.06,0
12903,2022-05-09,8,BEVERAGES,438.592,0,Guayas,C,1,978,54.31,26.06,0
14363,2022-05-09,8,CLEANING,181.602,0,Guayas,C,1,978,54.31,26.06,0
12173,2022-05-09,8,GROCERY I,555.059,0,Guayas,C,1,978,54.31,26.06,0
13633,2022-05-09,8,PRODUCE,335.125,0,Guayas,C,1,978,54.31,26.06,0
1224,2022-05-10,1,BEVERAGES,338.145,0,Pichincha,D,2,864,54.17,23.69,0
2684,2022-05-10,1,CLEANING,161.336,0,Pichincha,D,2,864,54.17,23.69,0
494,2022-05-10,1,GROCERY I,623.666,0,Pichincha,D,2,864,54.17,23.69,0
1954,2022-05-10,1,PRODUCE,277.835,0,Pichincha,D,2,864,54.17,23.69,0
4144,2022-05-10,2,BEVERAGES,303.126,0,Pichincha,D,3,741,54.17,23.69,0
5604,2022-05-10,2,CLEANING,192.301,4,Pichincha,D,3,741,54.17,23.69,0
3414,2022-05-10,2,GROCERY I,473.158,0,Pichincha,D,3,741,54.17,23.69,0
4874,2022-05-10,2,PRODUCE,246.682,0,Pichincha,D,3,741,54.17,23.69,0
7064,2022-05-10,3,BEVERAGES,565.127,0,Guayas,A,4,1213,54.17,23.69,0
8524,2022-05-10,3,CLEANING,202.16,0,Guayas,A,4,1213,54.17,23.69,0
6334,2022-05-10,3,GROCERY I,818.284,0,Guayas,A,4,1213,54.17,23.69,0
7794,2022-05-10,3,PRODUCE,382.494,17,Guayas,A,4,1213,54.17,23.69,0
9984,2022-05-10,5,BEVERAGES,174.859,0,Azuay,B,2,546,54.17,23.69,0
11444,2022-05-10,5,CLEANING,88.317,0,Azuay,B,2,546,54.17,23.69,0
9254,2022-05-10,5,GROCERY I,330.396,0,Azuay,B,2,546,54.17,23.69,0
10714,2022-05-10,5,PRODUCE,211.695,19,Azuay,B,2,546,54.17,23.69,0
12904,2022-05-10,8,BEVERAGES,469.871,13,Guayas,C,1,961,54.17,23.69,0
14364,2022-05-10,8,CLEANING,0.0,0,Guayas,C,1,961,54.17,23.69,0
12174,2022-05-10,8,GROCERY I,667.29,0,Guayas,C,1,961,54.17,23.69,0
13634,2022-05-10,8,PRODUCE,272.463,0,Guayas,C,1,961,54.17,23.69,0
1225,2022-05-11,1,BEVERAGES,397.071,0,Pichincha,D,2,972,54.59,25.68,0
2685,2022-05-11,1,CLEANING,156.808,0,Pichincha,D,2,972,54.59,25.68,0
495,2022-05-11,1,GROCERY I,579.858,0,Pichincha,D,2,972,54.59,25.68,0
1955,2022-05-11,1,PRODUCE,311.376,0,Pichincha,D,2,972,54.59,25.68,0
4145,2022-05-11,2,BEVERAGES,258.37,0,Pichincha,D,3,870,54.59,25.68,0
5605,2022-05-11,2,CLEANING,134.161,0,Pichincha,D,3,870,54.59,25.68,0
3415,2022-05-11,2,GROCERY I,464.502,0,Pichincha,D,3,870,54.59,25.68,0
4875,2022-05-11,2,PRODUCE,220.566,0,Pichincha,D,3,870,54.59,25.68,0
7065,2022-05-11,3,BEVERAGES,523.82,0,Guayas,A,4,1256,54.59,25.68,0
8525,2022-05-11,3,CLEANING,205.318,0,Guayas,A,4,1256,54.59,25.68,0
6335,2022-05-11,3,GROCERY I,979.807,19,Guayas,A,4,1256,54.59,25.68,0
7795,2022-05-11,3,PRODUCE,383.301,0,Guayas,A,4,1256,54.59,25.68,0
9985,2022-05-11,5,BEVERAGES,207.329,0,Azuay,B,2,501,54.59,25.68,0
11445,2022-05-11,5,CLEANING,98.488,0,Azuay,B,2,501,54.59,25.68,0
9255,2022-05-11,5,GROCERY I,326.4,0,Azuay,B,2,501,54.59,25.68,0
10715,2022-05-11,5,PRODUCE,175.278,0,Azuay,B,2,501,54.59,25.68,0
12905,2022-05-11,8,BEVERAGES,417.776,0,Guayas,C,1,1072,54.59,25.68,0
14365,2022-05-11,8,CLEANING,181.124,0,Guayas,C,1,1072,54.59,25.68,0
12175,2022-05-11,8,GROCERY I,743.335,13,Guayas,C,1,1072,54.59,25.68,0
13635,2022-05-11,8,PRODUCE,324.759,0,Guayas,C,1,1072,54.59,25.68,0
1226,2022-05-12,1,BEVERAGES,443.868,0,Pichincha,D,2,929,53.77,25.95,0
2686,2022-05-12,1,CLEANING,156.885,0,Pichincha,D,2,929,53.77,25.95,0
496,2022-05-12,1,GROCERY I,595.879,0,Pichincha,D,2,929,53.77,25.95,0
1956,2022-05-12,1,PRODUCE,329.285,0,Pichincha,D,2,929,53.77,25.95,0
4146,2022-05-12,2,BEVERAGES,338.497,0,Pichincha,D,3,819,53.77,25.95,0
5606,2022-05-12,2,CLEANING,153.516,0,Pichincha,D,3,819,53.77,25.95,0
3416,2022-05-12,2,GROCERY I,563.569,0,Pichincha,D,3,819,53.77,25.95,0
4876,2022-05-12,2,PRODUCE,251.486,19,Pichincha,D,3,819,53.77,25.95,0
7066,2022-05-12,3,BEVERAGES,625.722,0,Guayas,A,4,1401,53.77,25.95,0
8526,2022-05-12,3,CLEANING,242.179,0,Guayas,A,4,1401,53.77,25.95,0
6336,2022-05-12,3,GROCERY I,902.734,0,Guayas,A,4,1401,53.77,25.95,0
7796,2022-05-12,3,PRODUCE,354.15,0,Guayas,A,4,1401,53.77,25.95,0
9986,2022-05-12,5,BEVERAGES,213.736,0,Azuay,B,2,570,53.77,25.95,0
11446,2022-05-12,5,CLEANING,114.527,0,Azuay,B,2,570,53.77,25.95,0
9256,2022-05-12,5,GROCERY I,474.446,18,Azuay,B,2,570,53.77,25.95,0
10716,2022-05-12,5,PRODUCE,177.748,0,Azuay,B,2,570,53.77,25.95,0
12906,2022-05-12,8,BEVERAGES,474.178,0,Guayas,C,1,1043,53.77,25.95,0
14366,2022-05-12,8,CLEANING,199.854,0,Guayas,C,1,1043,53.77,25.95,0
12176,2022-05-12,8,GROCERY I,658.937,0,Guayas,C,1,1043,53.77,25.95,0
13636,2022-05-12,8,PRODUCE,320.739,0,Guayas,C,1,1043,53.77,25.95,0
1227,2022-05-13,1,BEVERAGES,474.768,0,Pichincha,D,2,1146,53.62,24.11,0
2687,2022-05-13,1,CLEANING,175.694,0,Pichincha,D,2,1146,53.62,24.11,0
497,2022-05-13,1,GROCERY I,727.153,0,Pichincha,D,2,1146,53.62,24.11,0
1957,2022-05-13,1,PRODUCE,297.718,0,Pichincha,D,2,1146,53.62,24.11,0
4147,2022-05-13,2,BEVERAGES,477.342,17,Pichincha,D,3,915,53.62,24.11,0
5607,2022-05-13,2,CLEANING,176.747,0,Pichincha,D,3,915,53.62,24.11,0
3417,2022-05-13,2,GROCERY I,630.742,0,Pichincha,D,3,915,53.62,24.11,0
4877,2022-05-13,2,PRODUCE,257.907,0,Pichincha,D,3,915,53.62,24.11,0
7067,2022-05-13,3,BEVERAGES,632.488,0,Guayas,A,4,1574,53.62,24.11,0
8527,2022-05-13,3,CLEANING,270.28,0,Guayas,A,4,1574,53.62,24.11,0
6337,2022-05-13,3,GROCERY I,1020.732,0,Guayas,A,4,1574,53.62,24.11,0
7797,2022-05-13,3,PRODUCE,495.251,0,Guayas,A,4,1574,53.62,24.11,0
9987,2022-05-13,5,BEVERAGES,261.72,0,Azuay,B,2,699,53.62,24.11,0
11447,2022-05-13,5,CLEANING,130.731,0,Azuay,B,2,699,53.62,24.11,0
9257,2022-05-13,5,GROCERY I,433.148,0,Azuay,B,2,699,53.62,24.11,0
10717,2022-05-13,5,PRODUCE,185.887,0,Azuay,B,2,699,53.62,24.11,0
12907,2022-05-13,8,BEVERAGES,477.088,0,Guayas,C,1,1310,53.62,24.11,0
14367,2022-05-13,8,CLEANING,232.343,0,Guayas,C,1,1310,53.62,24.11,0
12177,2022-05-13,8,GROCERY I,808.069,0,Guayas,C,1,1310,53.62,24.11,0
13637,2022-05-13,8,PRODUCE,343.671,0,Guayas,C,1,1310,53.62,24.11,0
1228,2022-05-14,1,BEVERAGES,561.841,0,Pichincha,D,2,1371,52.72,25.69,0
2688,2022-05-14,1,CLEANING,264.451,0,Pichincha,D,2,1371,52.72,25.69,0
498,2022-05-14,1,GROCERY I,784.679,0,Pichincha,D,2,1371,52.72,25.69,0
1958,2022-05-14,1,PRODUCE,479.887,11,Pichincha,D,2,1371,52.72,25.69,0
4148,2022-05-14,2,BEVERAGES,453.323,0,Pichincha,D,3,1246,52.72,25.69,0
5608,2022-05-14,2,CLEANING,213.791,0,Pichincha,D,3,1246,52.72,25.69,0
3418,2022-05-14,2,GROCERY I,780.411,0,Pichincha,D,3,1246,52.72,25.69,0
4878,2022-05-14,2,PRODUCE,383.558,0,Pichincha,D,3,1246,52.72,25.69,0
7068,2022-05-14,3,BEVERAGES,1120.496,19,Guayas,A,4,1909,52.72,25.69,0
8528,2022-05-14,3,CLEANING,507.151,8,Guayas,A,4,1909,52.72,25.69,0
6338,2022-05-14,3,GROCERY I,1416.514,0,Guayas,A,4,1909,52.72,25.69,0
7798,2022-05-14,3,PRODUCE,459.342,0,Guayas,A,4,1909,52.72,25.69,0
9988,2022-05-14,5,BEVERAGES,305.493,0,Azuay,B,2,902,52.72,25.69,0
11448,2022-05-14,5,CLEANING,134.593,0,Azuay,B,2,902,52.72,25.69,0
9258,2022-05-14,5,GROCERY I,543.371,0,Azuay,B,2,902,52.72,25.69,0
10718,2022-05-14,5,PRODUCE,216.25,0,Azuay,B,2,902,52.72,25.69,0
12908,2022-05-14,8,BEVERAGES,623.804,0,Guayas,C,1,1566,52.72,25.69,0
14368,2022-05-14,8,CLEANING,269.876,0,Guayas,C,1,1566,52.72,25.69,0
12178,2022-05-14,8,GROCERY I,900.279,0,Guayas,C,1,1566,52.72,25.69,0
13638,2022-05-14,8,PRODUCE,463.421,0,Guayas,C,1,1566,52.72,25.69,0
1229,2022-05-15,1,BEVERAGES,516.641,0,Pichincha,D,2,1229,52.05,25.68,0
2689,2022-05-15,1,CLEANING,274.106,12,Pichincha,D,2,1229,52.05,25.68,0
499,2022-05-15,1,GROCERY I,977.957,7,Pichincha,D,2,1229,52.05,25.68,0
1959,2022-05-15,1,PRODUCE,304.728,0,Pichincha,D,2,1229,52.05,25.68,0
4149,2022-05-15,2,BEVERAGES,374.736,0,Pichincha,D,3,1102,52.05,25.68,0
5609,2022-05-15,2,CLEANING,168.476,0,Pichincha,D,3,1102,52.05,25.68,0
3419,2022-05-15,2,GROCERY I,667.011,0,Pichincha,D,3,1102,52.05,25.68,0
4879,2022-05-15,2,PRODUCE,330.355,0,Pichincha,D,3,1102,52.05,25.68,0
7069,2022-05-15,3,BEVERAGES,708.554,0,Guayas,A,4,1621,52.05,25.68,0
8529,2022-05-15,3,CLEANING,274.098,0,Guayas,A,4,1621,52.05,25.68,0
6339,2022-05-15,3,GROCERY I,1038.261,0,Guayas,A,4,1621,52.05,25.68,0
7799,2022-05-15,3,PRODUCE,472.926,0,Guayas,A,4,1621,52.05,25.68,0
9989,2022-05-15,5,BEVERAGES,350.638,11,Azuay,B,2,764,52.05,25.68,0
11449,2022-05-15,5,CLEANING,108.225,0,Azuay,B,2,764,52.05,25.68,0
9259,2022-05-15,5,GROCERY I,489.528,0,Azuay,B,2,764,52.05,25.68,0
10719,2022-05-15,5,PRODUCE,233.077,0,Azuay,B,2,764,52.05,25.68,0
12909,2022-05-15,8,BEVERAGES,509.339,0,Guayas,C,1,1337,52.05,25.68,0
14369,2022-05-15,8,CLEANING,247.012,0,Guayas,C,1,1337,52.05,25.68,0
12179,2022-05-15,8,GROCERY I,757.888,0,Guayas,C,1,1337,52.05,25.68,0
13639,2022-05-15,8,PRODUCE,403.7,0,Guayas,C,1,1337,52.05,25.68,0
1230,2022-05-16,1,BEVERAGES,320.351,0,Pichincha,D,2,924,52.66,24.1,0
2690,2022-05-16,1,CLEANING,184.348,0,Pichincha,D,2,924,52.66,24.1,0
500,2022-05-16,1,GROCERY I,509.229,0,Pichincha,D,2,924,52.66,24.1,0
1960,2022-05-16,1,PRODUCE,316.164,0,Pichincha,D,2,924,52.66,24.1,0
4150,2022-05-16,2,BEVERAGES,320.806,0,Pichincha,D,3,769,52.66,24.1,0
5610,2022-05-16,2,CLEANING,153.947,0,Pichincha,D,3,769,52.66,24.1,0
3420,2022-05-16,2,GROCERY I,536.577,0,Pichincha,D,3,769,52.66,24.1,0
4880,2022-05-16,2,PRODUCE,239.825,0,Pichincha,D,3,769,52.66,24.1,0
7070,2022-05-16,3,BEVERAGES,510.01,0,Guayas,A,4,1297,52.66,24.1,0
8530,2022-05-16,3,CLEANING,280.917,15,Guayas,A,4,1297,52.66,24.1,0
6340,2022-05-16,3,GROCERY I,755.052,0,Guayas,A,4,1297,52.66,24.1,0
7800,2022-05-16,3,PRODUCE,381.394,20,Guayas,A,4,1297,52.66,24.1,0
9990,2022-05-16,5,BEVERAGES,242.607,0,Azuay,B,2,638,52.66,24.1,0
11450,2022-05-16,5,CLEANING,96.161,0,Azuay,B,2,638,52.66,24.1,0
9260,2022-05-16,5,GROCERY I,413.155,13,Azuay,B,2,638,52.66,24.1,0
10720,2022-05-16,5,PRODUCE,143.889,0,Azuay,B,2,638,52.66,24.1,0
12910,2022-05-16,8,BEVERAGES,467.255,0,Guayas,C,1,984,52.66,24.1,0
14370,2022-05-16,8,CLEANING,173.911,0,Guayas,C,1,984,52.66,24.1,0
12180,2022-05-16,8,GROCERY I,677.751,0,Guayas,C,1,984,52.66,24.1,0
13640,2022-05-16,8,PRODUCE,346.781,0,Guayas,C,1,984,52.66,24.1,0
1231,2022-05-17,1,BEVERAGES,393.936,0,Pichincha,D,2,900,53.06,23.28,0
2691,2022-05-17,1,CLEANING,163.214,0,Pichincha,D,2,900,53.06,23.28,0
501,2022-05-17,1,GROCERY I,558.597,0,Pichincha,D,2,900,53.06,23.28,0
1961,2022-05-17,1,PRODUCE,290.993,0,Pichincha,D,2,900,53.06,23.28,0
4151,2022-05-17,2,BEVERAGES,292.475,0,Pichincha,D,3,760,53.06,23.28,0
5611,2022-05-17,2,CLEANING,138.798,0,Pichincha,D,3,760,53.06,23.28,0
3421,2022-05-17,2,GROCERY I,663.807,5,Pichincha,D,3,760,53.06,23.28,0
4881,2022-05-17,2,PRODUCE,228.83,21,Pichincha,D,3,760,53.06,23.28,0
7071,2022-05-17,3,BEVERAGES,552.399,11,Guayas,A,4,1218,53.06,23.28,0
8531,2022-05-17,3,CLEANING,206.493,0,Guayas,A,4,1218,53.06,23.28,0
6341,2022-05-17,3,GROCERY I,745.377,0,Guayas,A,4,1218,53.06,23.28,0
7801,2022-05-17,3,PRODUCE,343.611,0,Guayas,A,4,1218,53.06,23.28,0
9991,2022-05-17,5,BEVERAGES,271.335,22,Azuay,B,2,484,53.06,23.28,0
11451,2022-05-17,5,CLEANING,109.416,0,Azuay,B,2,484,53.06,23.28,0
9261,2022-05-17,5,GROCERY I,334.694,0,Azuay,B,2,484,53.06,23.28,0
10721,2022-05-17,5,PRODUCE,153.417,0,Azuay,B,2,484,53.06,23.28,0
12911,2022-05-17,8,BEVERAGES,414.424,0,Guayas,C,1,1006,53.06,23.28,0
14371,2022-05-17,8,CLEANING,180.66,0,Guayas,C,1,1006,53.06,23.28,0
12181,2022-05-17,8,GROCERY I,745.484,0,Guayas,C,1,1006,53.06,23.28,0
13641,2022-05-17,8,PRODUCE,323.497,0,Guayas,C,1,1006,53.06,23.28,0
1232,2022-05-18,1,BEVERAGES,491.379,0,Pichincha,D,2,922,52.74,23.18,0
2692,2022-05-18,1,CLEANING,122.785,0,Pichincha,D,2,922,52.74,23.18,0
502,2022-05-18,1,GROCERY I,635.447,0,Pichincha,D,2,922,52.74,23.18,0
1962,2022-05-18,1,PRODUCE,281.217,0,Pichincha,D,2,922,52.74,23.18,0
4152,2022-05-18,2,BEVERAGES,310.513,0,Pichincha,D,3,752,52.74,23.18,0
5612,2022-05-18,2,CLEANING,132.33,0,Pichincha,D,3,752,52.74,23.18,0
3422,2022-05-18,2,GROCERY I,545.105,0,Pichincha,D,3,752,52.74,23.18,0
4882,2022-05-18,2,PRODUCE,229.273,0,Pichincha,D,3,752,52.74,23.18,0
7072,2022-05-18,3,BEVERAGES,480.153,0,Guayas,A,4,1260,52.74,23.18,0
8532,2022-05-18,3,CLEANING,256.946,20,Guayas,A,4,1260,52.74,23.18,0
6342,2022-05-18,3,GROCERY I,835.776,0,Guayas,A,4,1260,52.74,23.18,0
7802,2022-05-18,3,PRODUCE,357.977,0,Guayas,A,4,1260,52.74,23.18,0
9992,2022-05-18,5,BEVERAGES,245.955,0,Azuay,B,2,544,52.74,23.18,0
11452,2022-05-18,5,CLEANING,103.465,0,Azuay,B,2,544,52.74,23.18,0
9262,2022-05-18,5,GROCERY I,366.858,0,Azuay,B,2,544,52.74,23.18,0
10722,2022-05-18,5,PRODUCE,180.037,0,Azuay,B,2,544,52.74,23.18,0
12912,2022-05-18,8,BEVERAGES,512.129,12,Guayas,C,1,931,52.74,23.18,0
14372,2022-05-18,8,CLEANING,176.748,0,Guayas,C,1,931,52.74,23.18,0
12182,2022-05-18,8,GROCERY I,704.684,0,Guayas,C,1,931,52.74,23.18,0
13642,2022-05-18,8,PRODUCE,279.973,0,Guayas,C,1,931,52.74,23.18,0
1233,2022-05-19,1,BEVERAGES,485.295,19,Pichincha,D,2,952,52.06,24.94,0
2693,2022-05-19,1,CLEANING,149.781,0,Pichincha,D,2,952,52.06,24.94,0
503,2022-05-19,1,GROCERY I,639.785,0,Pichincha,D,2,952,52.06,24.94,0
1963,2022-05-19,1,PRODUCE,289.716,0,Pichincha,D,2,952,52.06,24.94,0
4153,2022-05-19,2,BEVERAGES,387.179,0,Pichincha,D,3,832,52.06,24.94,0
5613,2022-05-19,2,CLEANING,141.317,0,Pichincha,D,3,832,52.06,24.94,0
3423,2022-05-19,2,GROCERY I,616.356,0,Pichincha,D,3,832,52.06,24.94,0
4883,2022-05-19,2,PRODUCE,241.684,0,Pichincha,D,3,832,52.06,24.94,0
7073,2022-05-19,3,BEVERAGES,495.372,0,Guayas,A,4,1359,52.06,24.94,0
8533,2022-05-19,3,CLEANING,259.339,0,Guayas,A,4,1359,52.06,24.94,0
6343,2022-05-19,3,GROCERY I,876.229,0,Guayas,A,4,1359,52.06,24.94,0
7803,2022-05-19,3,PRODUCE,364.032,0,Guayas,A,4,1359,52.06,24.94,0
9993,2022-05-19,5,BEVERAGES,220.228,0,Azuay,B,2,684,52.06,24.94,0
11453,2022-05-19,5,CLEANING,96.639,0,Azuay,B,2,684,52.06,24.94,0
9263,2022-05-19,5,GROCERY I,278.273,0,Azuay,B,2,684,52.06,24.94,0
10723,2022-05-19,5,PRODUCE,165.458,0,Azuay,B,2,684,52.06,24.94,0
12913,2022-05-19,8,BEVERAGES,391.265,0,Guayas,C,1,1059,52.06,24.94,0
14373,2022-05-19,8,CLEANING,215.471,0,Guayas,C,1,1059,52.06,24.94,0
12183,2022-05-19,8,GROCERY I,760.554,0,Guayas,C,1,1059,52.06,24.94,0
13643,2022-05-19,8,PRODUCE,322.165,0,Guayas,C,1,1059,52.06,24.94,0
1234,2022-05-20,1,BEVERAGES,468.055,0,Pichincha,D,2,1183,50.73,25.25,0
2694,2022-05-20,1,CLEANING,206.709,0,Pichincha,D,2,1183,50.73,25.25,0
504,2022-05-20,1,GROCERY I,771.506,0,Pichincha,D,2,1183,50.73,25.25,0
1964,2022-05-20,1,PRODUCE,377.489,0,Pichincha,D,2,1183,50.73,25.25,0
4154,2022-05-20,2,BEVERAGES,393.216,0,Pichincha,D,3,992,50.73,25.25,0
5614,2022-05-20,2,CLEANING,160.382,0,Pichincha,D,3,992,50.73,25.25,0
3424,2022-05-20,2,GROCERY I,665.248,0,Pichincha,D,3,992,50.73,25.25,0
4884,2022-05-20,2,PRODUCE,275.43,0,Pichincha,D,3,992,50.73,25.25,0
7074,2022-05-20,3,BEVERAGES,632.669,0,Guayas,A,4,1545,50.73,25.25,0
8534,2022-05-20,3,CLEANING,291.46,0,Guayas,A,4,1545,50.73,25.25,0
6344,2022-05-20,3,GROCERY I,1005.852,0,Guayas,A,4,1545,50.73,25.25,0
7804,2022-05-20,3,PRODUCE,432.229,0,Guayas,A,4,1545,50.73,25.25,0
9994,2022-05-20,5,BEVERAGES,340.556,21,Azuay,B,2,663,50.73,25.25,0
11454,2022-05-20,5,CLEANING,129.728,0,Azuay,B,2,663,50.73,25.25,0
9264,2022-05-20,5,GROCERY I,416.104,0,Azuay,B,2,663,50.73,25.25,0
10724,2022-05-20,5,PRODUCE,187.394,0,Azuay,B,2,663,50.73,25.25,0
12914,2022-05-20,8,BEVERAGES,553.08,0,Guayas,C,1,1288,50.73,25.25,0
14374,2022-05-20,8,CLEANING,271.59,2,Guayas,C,1,1288,50.73,25.25,0
12184,2022-05-20,8,GROCERY I,864.334,1,Guayas,C,1,1288,50.73,25.25,0
13644,2022-05-20,8,PRODUCE,378.602,0,Guayas,C,1,1288,50.73,25.25,0
1235,2022-05-21,1,BEVERAGES,611.762,0,Pichincha,D,2,1411,50.48,23.66,0
2695,2022-05-21,1,CLEANING,232.452,0,Pichincha,D,2,1411,50.48,23.66,0
505,2022-05-21,1,GROCERY I,882.63,0,Pichincha,D,2,1411,50.48,23.66,0
1965,2022-05-21,1,PRODUCE,451.283,0,Pichincha,D,2,1411,50.48,23.66,0
4155,2022-05-21,2,BEVERAGES,491.776,0,Pichincha,D,3,1174,50.48,23.66,0
5615,2022-05-21,2,CLEANING,197.716,0,Pichincha,D,3,1174,50.48,23.66,0
3425,2022-05-21,2,GROCERY I,682.834,0,Pichincha,D,3,1174,50.48,23.66,0
4885,2022-05-21,2,PRODUCE,315.946,0,Pichincha,D,3,1174,50.48,23.66,0
7075,2022-05-21,3,BEVERAGES,684.29,0,Guayas,A,4,1872,50.48,23.66,0
8535,2022-05-21,3,CLEANING,272.937,0,Guayas,A,4,1872,50.48,23.66,0
6345,2022-05-21,3,GROCERY I,1105.264,0,Guayas,A,4,1872,50.48,23.66,0
7805,2022-05-21,3,PRODUCE,727.681,14,Guayas,A,4,1872,50.48,23.66,0
9995,2022-05-21,5,BEVERAGES,339.463,0,Azuay,B,2,806,50.48,23.66,0
11455,2022-05-21,5,CLEANING,152.337,0,Azuay,B,2,806,50.48,23.66,0
9265,2022-05-21,5,GROCERY I,498.643,0,Azuay,B,2,806,50.48,23.66,0
10725,2022-05-21,5,PRODUCE,257.615,0,Azuay,B,2,806,50.48,23.66,0
12915,2022-05-21,8,BEVERAGES,677.454,0,Guayas,C,1,1579,50.48,23.66,0
14375,2022-05-21,8,CLEANING,232.846,0,Guayas,C,1,1579,50.48,23.66,0
12185,2022-05-21,8,GROCERY I,955.463,0,Guayas,C,1,1579,50.48,23.66,0
13645,2022-05-21,8,PRODUCE,455.677,0,Guayas,C,1,1579,50.48,23.66,0
1236,2022-05-22,1,BEVERAGES,572.175,0,Pichincha,D,2,1220,51.57,24.79,0
2696,2022-05-22,1,CLEANING,198.485,0,Pichincha,D,2,1220,51.57,24.79,0
506,2022-05-22,1,GROCERY I,852.919,0,Pichincha,D,2,1220,51.57,24.79,0
1966,2022-05-22,1,PRODUCE,390.549,0,Pichincha,D,2,1220,51.57,24.79,0
4156,2022-05-22,2,BEVERAGES,390.829,0,Pichincha,D,3,959,51.57,24.79,0
5616,2022-05-22,2,CLEANING,170.375,0,Pichincha,D,3,959,51.57,24.79,0
3426,2022-05-22,2,GROCERY I,679.716,0,Pichincha,D,3,959,51.57,24.79,0
4886,2022-05-22,2,PRODUCE,280.015,0,Pichincha,D,3,959,51.57,24.79,0
7076,2022-05-22,3,BEVERAGES,749.957,0,Guayas,A,4,1631,51.57,24.79,0
8536,2022-05-22,3,CLEANING,255.794,0,Guayas,A,4,1631,51.57,24.79,0
6346,2022-05-22,3,GROCERY I,1395.665,12,Guayas,A,4,1631,51.57,24.79,0
7806,2022-05-22,3,PRODUCE,570.059,0,Guayas,A,4,1631,51.57,24.79,0
9996,2022-05-22,5,BEVERAGES,315.303,0,Azuay,B,2,722,51.57,24.79,0
11456,2022-05-22,5,CLEANING,99.325,0,Azuay,B,2,722,51.57,24.79,0
9266,2022-05-22,5,GROCERY I,457.253,0,Azuay,B,2,722,51.57,24.79,0
10726,2022-05-22,5,PRODUCE,204.063,0,Azuay,B,2,722,51.57,24.79,0
12916,2022-05-22,8,BEVERAGES,508.116,0,Guayas,C,1,1340,51.57,24.79,0
14376,2022-05-22,8,CLEANING,234.073,0,Guayas,C,1,1340,51.57,24.79,0
12186,2022-05-22,8,GROCERY I,829.968,0,Guayas,C,1,1340,51.57,24.79,0
13646,2022-05-22,8,PRODUCE,376.678,0,Guayas,C,1,1340,51.57,24.79,0
1237,2022-05-23,1,BEVERAGES,513.531,13,Pichincha,D,2,935,51.77,25.52,0
2697,2022-05-23,1,CLEANING,146.166,0,Pichincha,D,2,935,51.77,25.52,0
507,2022-05-23,1,GROCERY I,649.048,0,Pichincha,D,2,935,51.77,25.52,0
1967,2022-05-23,1,PRODUCE,285.913,0,Pichincha,D,2,935,51.77,25.52,0
4157,2022-05-23,2,BEVERAGES,294.345,0,Pichincha,D,3,785,51.77,25.52,0
5617,2022-05-23,2,CLEANING,137.372,0,Pichincha,D,3,785,51.77,25.52,0
3427,2022-05-23,2,GROCERY I,521.735,0,Pichincha,D,3,785,51.77,25.52,0
4887,2022-05-23,2,PRODUCE,211.817,0,Pichincha,D,3,785,51.77,25.52,0
7077,2022-05-23,3,BEVERAGES,642.725,22,Guayas,A,4,1266,51.77,25.52,0
8537,2022-05-23,3,CLEANING,216.064,0,Guayas,A,4,1266,51.77,25.52,0
6347,2022-05-23,3,GROCERY I,948.48,0,Guayas,A,4,1266,51.77,25.52,0
7807,2022-05-23,3,PRODUCE,381.491,0,Guayas,A,4,1266,51.77,25.52,0
9997,2022-05-23,5,BEVERAGES,207.247,0,Azuay,B,2,664,51.77,25.52,0
11457,2022-05-23,5,CLEANING,101.914,0,Azuay,B,2,664,51.77,25.52,0
9267,2022-05-23,5,GROCERY I,318.714,0,Azuay,B,2,664,51.77,25.52,0
10727,2022-05-23,5,PRODUCE,195.453,18,Azuay,B,2,664,51.77,25.52,0
12917,2022-05-23,8,BEVERAGES,429.622,0,Guayas,C,1,1023,51.77,25.52,0
14377,2022-05-23,8,CLEANING,162.49,0,Guayas,C,1,1023,51.77,25.52,0
12187,2022-05-23,8,GROCERY I,740.486,0,Guayas,C,1,1023,51.77,25.52,0
13647,2022-05-23,8,PRODUCE,348.22,0,Guayas,C,1,1023,51.77,25.52,0
1238,2022-05-24,1,BEVERAGES,297.944,0,Pichincha,D,2,949,51.52,25.56,0
2698,2022-05-24,1,CLEANING,168.239,0,Pichincha,D,2,949,51.52,25.56,0
508,2022-05-24,1,GROCERY I,726.337,19,Pichincha,D,2,949,51.52,25.56,0
1968,2022-05-24,1,PRODUCE,254.094,0,Pichincha,D,2,949,51.52,25.56,0
4158,2022-05-24,2,BEVERAGES,301.91,0,Pichincha,D,3,808,51.52,25.56,0
5618,2022-05-24,2,CLEANING,146.737,0,Pichincha,D,3,808,51.52,25.56,0
3428,2022-05-24,2,GROCERY I,549.401,0,Pichincha,D,3,808,51.52,25.56,0
4888,2022-05-24,2,PRODUCE,192.576,0,Pichincha,D,3,808,51.52,25.56,0
7078,2022-05-24,3,BEVERAGES,501.435,0,Guayas,A,4,1241,51.52,25.56,0
8538,2022-05-24,3,CLEANING,243.067,20,Guayas,A,4,1241,51.52,25.56,0
6348,2022-05-24,3,GROCERY I,943.76,4,Guayas,A,4,1241,51.52,25.56,0
7808,2022-05-24,3,PRODUCE,326.253,0,Guayas,A,4,1241,51.52,25.56,0
9998,2022-05-24,5,BEVERAGES,226.95,0,Azuay,B,2,518,51.52,25.56,0
11458,2022-05-24,5,CLEANING,89.813,0,Azuay,B,2,518,51.52,25.56,0
9268,2022-05-24,5,GROCERY I,360.46,0,Azuay,B,2,518,51.52,25.56,0
10728,2022-05-24,5,PRODUCE,170.886,0,Azuay,B,2,518,51.52,25.56,0
12918,2022-05-24,8,BEVERAGES,426.218,0,Guayas,C,1,974,51.52,25.56,0
14378,2022-05-24,8,CLEANING,180.883,0,Guayas,C,1,974,51.52,25.56,0
12188,2022-05-24,8,GROCERY I,678.499,0,Guayas,C,1,974,51.52,25.56,0
13648,2022-05-24,8,PRODUCE,271.164,0,Guayas,C,1,974,51.52,25.56,0
1239,2022-05-25,1,BEVERAGES,394.688,0,Pichincha,D,2,924,51.73,26.85,0
2699,2022-05-25,1,CLEANING,163.994,0,Pichincha,D,2,924,51.73,26.85,0
509,2022-05-25,1,GROCERY I,630.192,0,Pichincha,D,2,924,51.73,26.85,0
1969,2022-05-25,1,PRODUCE,284.989,0,Pichincha,D,2,924,51.73,26.85,0
4159,2022-05-25,2,BEVERAGES,376.711,0,Pichincha,D,3,785,51.73,26.85,0
5619,2022-05-25,2,CLEANING,114.938,0,Pichincha,D,3,785,51.73,26.85,0
3429,2022-05-25,2,GROCERY I,434.587,0,Pichincha,D,3,785,51.73,26.85,0
4889,2022-05-25,2,PRODUCE,244.999,0,Pichincha,D,3,785,51.73,26.85,0
7079,2022-05-25,3,BEVERAGES,453.243,0,Guayas,A,4,1245,51.73,26.85,0
8539,2022-05-25,3,CLEANING,183.516,0,Guayas,A,4,1245,51.73,26.85,0
6349,2022-05-25,3,GROCERY I,911.79,0,Guayas,A,4,1245,51.73,26.85,0
7809,2022-05-25,3,PRODUCE,361.419,0,Guayas,A,4,1245,51.73,26.85,0
9999,2022-05-25,5,BEVERAGES,198.72,0,Azuay,B,2,586,51.73,26.85,0
11459,2022-05-25,5,CLEANING,83.259,0,Azuay,B,2,586,51.73,26.85,0
9269,2022-05-25,5,GROCERY I,311.282,0,Azuay,B,2,586,51.73,26.85,0
10729,2022-05-25,5,PRODUCE,117.816,0,Azuay,B,2,586,51.73,26.85,0
12919,2022-05-25,8,BEVERAGES,493.458,0,Guayas,C,1,1007,51.73,26.85,0
14379,2022-05-25,8,CLEANING,184.089,0,Guayas,C,1,1007,51.73,26.85,0
12189,2022-05-25,8,GROCERY I,627.514,0,Guayas,C,1,1007,51.73,26.85,0
13649,2022-05-25,8,PRODUCE,335.704,0,Guayas,C,1,1007,51.73,26.85,0
1240,2022-05-26,1,BEVERAGES,595.987,13,Pichincha,D,2,973,51.02,26.43,0
2700,2022-05-26,1,CLEANING,173.858,0,Pichincha,D,2,973,51.02,26.43,0
510,2022-05-26,1,GROCERY I,655.715,0,Pichincha,D,2,973,51.02,26.43,0
1970,2022-05-26,1,PRODUCE,302.198,0,Pichincha,D,2,973,51.02,26.43,0
4160,2022-05-26,2,BEVERAGES,316.26,0,Pichincha,D,3,824,51.02,26.43,0
5620,2022-05-26,2,CLEANING,150.145,0,Pichincha,D,3,824,51.02,26.43,0
3430,2022-05-26,2,GROCERY I,527.94,0,Pichincha,D,3,824,51.02,26.43,0
4890,2022-05-26,2,PRODUCE,248.698,0,Pichincha,D,3,824,51.02,26.43,0
7080,2022-05-26,3,BEVERAGES,497.716,0,Guayas,A,4,1399,51.02,26.43,0
8540,2022-05-26,3,CLEANING,226.577,0,Guayas,A,4,1399,51.02,26.43,0
6350,2022-05-26,3,GROCERY I,892.514,0,Guayas,A,4,1399,51.02,26.43,0
7810,2022-05-26,3,PRODUCE,367.384,0,Guayas,A,4,1399,51.02,26.43,0
10000,2022-05-26,5,BEVERAGES,263.199,9,Azuay,B,2,610,51.02,26.43,0
11460,2022-05-26,5,CLEANING,96.145,0,Azuay,B,2,610,51.02,26.43,0
9270,2022-05-26,5,GROCERY I,411.822,24,Azuay,B,2,610,51.02,26.43,0
10730,2022-05-26,5,PRODUCE,166.593,0,Azuay,B,2,610,51.02,26.43,0
12920,2022-05-26,8,BEVERAGES,449.688,0,Guayas,C,1,1113,51.02,26.43,0
14380,2022-05-26,8,CLEANING,172.181,0,Guayas,C,1,1113,51.02,26.43,0
12190,2022-05-26,8,GROCERY I,651.586,15,Guayas,C,1,1113,51.02,26.43,0
13650,2022-05-26,8,PRODUCE,327.874,8,Guayas,C,1,1113,51.02,26.43,0
1241,2022-05-27,1,BEVERAGES,499.739,0,Pichincha,D,2,1168,50.89,23.21,0
2701,2022-05-27,1,CLEANING,187.134,0,Pichincha,D,2,1168,50.89,23.21,0
511,2022-05-27,1,GROCERY I,703.76,0,Pichincha,D,2,1168,50.89,23.21,0
1971,2022-05-27,1,PRODUCE,330.077,0,Pichincha,D,2,1168,50.89,23.21,0
4161,2022-05-27,2,BEVERAGES,399.897,0,Pichincha,D,3,947,50.89,23.21,0
5621,2022-05-27,2,CLEANING,157.033,0,Pichincha,D,3,947,50.89,23.21,0
3431,2022-05-27,2,GROCERY I,562.929,0,Pichincha,D,3,947,50.89,23.21,0
4891,2022-05-27,2,PRODUCE,267.808,0,Pichincha,D,3,947,50.89,23.21,0
7081,2022-05-27,3,BEVERAGES,510.424,0,Guayas,A,4,1691,50.89,23.21,0
8541,2022-05-27,3,CLEANING,222.288,0,Guayas,A,4,1691,50.89,23.21,0
6351,2022-05-27,3,GROCERY I,1184.939,0,Guayas,A,4,1691,50.89,23.21,0
7811,2022-05-27,3,PRODUCE,488.938,0,Guayas,A,4,1691,50.89,23.21,0
10001,2022-05-27,5,BEVERAGES,262.519,0,Azuay,B,2,611,50.89,23.21,0
11461,2022-05-27,5,CLEANING,118.002,0,Azuay,B,2,611,50.89,23.21,0
9271,2022-05-27,5,GROCERY I,394.923,0,Azuay,B,2,611,50.89,23.21,0
10731,2022-05-27,5,PRODUCE,179.241,0,Azuay,B,2,611,50.89,23.21,0
12921,2022-05-27,8,BEVERAGES,518.19,0,Guayas,C,1,1296,50.89,23.21,0
14381,2022-05-27,8,CLEANING,197.015,0,Guayas,C,1,1296,50.89,23.21,0
12191,2022-05-27,8,GROCERY I,718.705,0,Guayas,C,1,1296,50.89,23.21,0
13651,2022-05-27,8,PRODUCE,355.137,0,Guayas,C,1,1296,50.89,23.21,0
1242,2022-05-28,1,BEVERAGES,502.784,0,Pichincha,D,2,1479,50.94,26.94,0
2702,2022-05-28,1,CLEANING,291.615,7,Pichincha,D,2,1479,50.94,26.94,0
512,2022-05-28,1,GROCERY I,931.717,12,Pichincha,D,2,1479,50.94,26.94,0
1972,2022-05-28,1,PRODUCE,385.604,0,Pichincha,D,2,1479,50.94,26.94,0
4162,2022-05-28,2,BEVERAGES,518.461,10,Pichincha,D,3,1165,50.94,26.94,0
5622,2022-05-28,2,CLEANING,214.574,0,Pichincha,D,3,1165,50.94,26.94,0
3432,2022-05-28,2,GROCERY I,743.825,0,Pichincha,D,3,1165,50.94,26.94,0
4892,2022-05-28,2,PRODUCE,336.216,0,Pichincha,D,3,1165,50.94,26.94,0
7082,2022-05-28,3,BEVERAGES,866.453,0,Guayas,A,4,1868,50.94,26.94,0
8542,2022-05-28,3,CLEANING,320.789,0,Guayas,A,4,1868,50.94,26.94,0
6352,2022-05-28,3,GROCERY I,1220.907,0,Guayas,A,4,1868,50.94,26.94,0
7812,2022-05-28,3,PRODUCE,550.656,0,Guayas,A,4,1868,50.94,26.94,0
10002,2022-05-28,5,BEVERAGES,334.76,0,Azuay,B,2,841,50.94,26.94,0
11462,2022-05-28,5,CLEANING,125.242,0,Azuay,B,2,841,50.94,26.94,0
9272,2022-05-28,5,GROCERY I,553.151,0,Azuay,B,2,841,50.94,26.94,0
10732,2022-05-28,5,PRODUCE,224.005,0,Azuay,B,2,841,50.94,26.94,0
12922,2022-05-28,8,BEVERAGES,605.813,0,Guayas,C,1,1542,50.94,26.94,0
14382,2022-05-28,8,CLEANING,260.739,0,Guayas,C,1,1542,50.94,26.94,0
12192,2022-05-28,8,GROCERY I,1005.555,0,Guayas,C,1,1542,50.94,26.94,0
13652,2022-05-28,8,PRODUCE,466.045,0,Guayas,C,1,1542,50.94,26.94,0
1243,2022-05-29,1,BEVERAGES,508.635,0,Pichincha,D,2,1166,50.9,23.81,0
2703,2022-05-29,1,CLEANING,182.977,0,Pichincha,D,2,1166,50.9,23.81,0
513,2022-05-29,1,GROCERY I,797.14,0,Pichincha,D,2,1166,50.9,23.81,0
1973,2022-05-29,1,PRODUCE,387.945,0,Pichincha,D,2,1166,50.9,23.81,0
4163,2022-05-29,2,BEVERAGES,305.306,0,Pichincha,D,3,1106,50.9,23.81,0
5623,2022-05-29,2,CLEANING,165.14,0,Pichincha,D,3,1106,50.9,23.81,0
3433,2022-05-29,2,GROCERY I,616.462,0,Pichincha,D,3,1106,50.9,23.81,0
4893,2022-05-29,2,PRODUCE,363.826,20,Pichincha,D,3,1106,50.9,23.81,0
7083,2022-05-29,3,BEVERAGES,711.682,23,Guayas,A,4,1669,50.9,23.81,0
8543,2022-05-29,3,CLEANING,298.83,0,Guayas,A,4,1669,50.9,23.81,0
6353,2022-05-29,3,GROCERY I,1048.079,0,Guayas,A,4,1669,50.9,23.81,0
7813,2022-05-29,3,PRODUCE,407.151,0,Guayas,A,4,1669,50.9,23.81,0
10003,2022-05-29,5,BEVERAGES,256.541,0,Azuay,B,2,711,50.9,23.81,0
11463,2022-05-29,5,CLEANING,117.961,0,Azuay,B,2,711,50.9,23.81,0
9273,2022-05-29,5,GROCERY I,357.654,0,Azuay,B,2,711,50.9,23.81,0
10733,2022-05-29,5,PRODUCE,248.704,7,Azuay,B,2,711,50.9,23.81,0
12923,2022-05-29,8,BEVERAGES,538.5,0,Guayas,C,1,1377,50.9,23.81,0
14383,2022-05-29,8,CLEANING,209.262,0,Guayas,C,1,1377,50.9,23.81,0
12193,2022-05-29,8,GROCERY I,816.809,0,Guayas,C,1,1377,50.9,23.81,0
13653,2022-05-29,8,PRODUCE,425.745,24,Guayas,C,1,1377,50.9,23.81,0
1244,2022-05-30,1,BEVERAGES,338.694,0,Pichincha,D,2,991,51.25,25.99,0
2704,2022-05-30,1,CLEANING,158.661,0,Pichincha,D,2,991,51.25,25.99,0
514,2022-05-30,1,GROCERY I,621.883,0,Pichincha,D,2,991,51.25,25.99,0
1974,2022-05-30,1,PRODUCE,312.366,0,Pichincha,D,2,991,51.25,25.99,0
4164,2022-05-30,2,BEVERAGES,291.033,0,Pichincha,D,3,762,51.25,25.99,0
5624,2022-05-30,2,CLEANING,136.266,0,Pichincha,D,3,762,51.25,25.99,0
3434,2022-05-30,2,GROCERY I,617.382,5,Pichincha,D,3,762,51.25,25.99,0
4894,2022-05-30,2,PRODUCE,269.229,0,Pichincha,D,3,762,51.25,25.99,0
7084,2022-05-30,3,BEVERAGES,453.705,0,Guayas,A,4,1338,51.25,25.99,0
8544,2022-05-30,3,CLEANING,233.395,0,Guayas,A,4,1338,51.25,25.99,0
6354,2022-05-30,3,GROCERY I,859.586,0,Guayas,A,4,1338,51.25,25.99,0
7814,2022-05-30,3,PRODUCE,402.399,0,Guayas,A,4,1338,51.25,25.99,0
10004,2022-05-30,5,BEVERAGES,200.732,0,Azuay,B,2,604,51.25,25.99,0
11464,2022-05-30,5,CLEANING,108.93,14,Azuay,B,2,604,51.25,25.99,0
9274,2022-05-30,5,GROCERY I,394.436,0,Azuay,B,2,604,51.25,25.99,0
10734,2022-05-30,5,PRODUCE,178.449,22,Azuay,B,2,604,51.25,25.99,0
12924,2022-05-30,8,BEVERAGES,448.154,0,Guayas,C,1,1052,51.25,25.99,0
14384,2022-05-30,8,CLEANING,162.53,0,Guayas,C,1,1052,51.25,25.99,0
12194,2022-05-30,8,GROCERY I,642.653,0,Guayas,C,1,1052,51.25,25.99,0
13654,2022-05-30,8,PRODUCE,277.821,0,Guayas,C,1,1052,51.25,25.99,0
1245,2022-05-31,1,BEVERAGES,408.541,0,Pichincha,D,2,830,51.41,24.58,0
2705,2022-05-31,1,CLEANING,119.128,0,Pichincha,D,2,830,51.41,24.58,0
515,2022-05-31,1,GROCERY I,625.286,0,Pichincha,D,2,830,51.41,24.58,0
1975,2022-05-31,1,PRODUCE,243.375,0,Pichincha,D,2,830,51.41,24.58,0
4165,2022-05-31,2,BEVERAGES,365.45,0,Pichincha,D,3,810,51.41,24.58,0
5625,2022-05-31,2,CLEANING,124.406,0,Pichincha,D,3,810,51.41,24.58,0
3435,2022-05-31,2,GROCERY I,406.858,0,Pichincha,D,3,810,51.41,24.58,0
4895,2022-05-31,2,PRODUCE,230.361,0,Pichincha,D,3,810,51.41,24.58,0
7085,2022-05-31,3,BEVERAGES,558.747,0,Guayas,A,4,1223,51.41,24.58,0
8545,2022-05-31,3,CLEANING,250.313,10,Guayas,A,4,1223,51.41,24.58,0
6355,2022-05-31,3,GROCERY I,737.586,0,Guayas,A,4,1223,51.41,24.58,0
7815,2022-05-31,3,PRODUCE,382.399,0,Guayas,A,4,1223,51.41,24.58,0
10005,2022-05-31,5,BEVERAGES,242.251,9,Azuay,B,2,627,51.41,24.58,0
11465,2022-05-31,5,CLEANING,94.729,0,Azuay,B,2,627,51.41,24.58,0
9275,2022-05-31,5,GROCERY I,369.69,0,Azuay,B,2,627,51.41,24.58,0
10735,2022-05-31,5,PRODUCE,152.68,0,Azuay,B,2,627,51.41,24.58,0
12925,2022-05-31,8,BEVERAGES,370.726,0,Guayas,C,1,947,51.41,24.58,0
14385,2022-05-31,8,CLEANING,161.18,0,Guayas,C,1,947,51.41,24.58,0
12195,2022-05-31,8,GROCERY I,657.96,0,Guayas,C,1,947,51.41,24.58,0
13655,2022-05-31,8,PRODUCE,299.542,0,Guayas,C,1,947,51.41,24.58,0
1246,2022-06-01,1,BEVERAGES,344.22,0,Pichincha,D,2,946,51.71,23.88,0
2706,2022-06-01,1,CLEANING,135.648,0,Pichincha,D,2,946,51.71,23.88,0
516,2022-06-01,1,GROCERY I,534.012,0,Pichincha,D,2,946,51.71,23.88,0
1976,2022-06-01,1,PRODUCE,260.943,0,Pichincha,D,2,946,51.71,23.88,0
4166,2022-06-01,2,BEVERAGES,324.749,0,Pichincha,D,3,798,51.71,23.88,0
5626,2022-06-01,2,CLEANING,109.126,0,Pichincha,D,3,798,51.71,23.88,0
3436,2022-06-01,2,GROCERY I,511.335,0,Pichincha,D,3,798,51.71,23.88,0
4896,2022-06-01,2,PRODUCE,235.18,0,Pichincha,D,3,798,51.71,23.88,0
7086,2022-06-01,3,BEVERAGES,525.38,0,Guayas,A,4,1219,51.71,23.88,0
8546,2022-06-01,3,CLEANING,241.843,0,Guayas,A,4,1219,51.71,23.88,0
6356,2022-06-01,3,GROCERY I,814.875,0,Guayas,A,4,1219,51.71,23.88,0
7816,2022-06-01,3,PRODUCE,498.688,4,Guayas,A,4,1219,51.71,23.88,0
10006,2022-06-01,5,BEVERAGES,216.837,0,Azuay,B,2,546,51.71,23.88,0
11466,2022-06-01,5,CLEANING,88.081,0,Azuay,B,2,546,51.71,23.88,0
9276,2022-06-01,5,GROCERY I,317.295,0,Azuay,B,2,546,51.71,23.88,0
10736,2022-06-01,5,PRODUCE,158.53,0,Azuay,B,2,546,51.71,23.88,0
12926,2022-06-01,8,BEVERAGES,447.037,0,Guayas,C,1,980,51.71,23.88,0
14386,2022-06-01,8,CLEANING,182.667,0,Guayas,C,1,980,51.71,23.88,0
12196,2022-06-01,8,GROCERY I,703.631,0,Guayas,C,1,980,51.71,23.88,0
13656,2022-06-01,8,PRODUCE,247.156,0,Guayas,C,1,980,51.71,23.88,0
1247,2022-06-02,1,BEVERAGES,402.811,0,Pichincha,D,2,1059,51.4,21.89,0
2707,2022-06-02,1,CLEANING,162.932,0,Pichincha,D,2,1059,51.4,21.89,0
517,2022-06-02,1,GROCERY I,569.024,0,Pichincha,D,2,1059,51.4,21.89,0
1977,2022-06-02,1,PRODUCE,292.937,0,Pichincha,D,2,1059,51.4,21.89,0
4167,2022-06-02,2,BEVERAGES,375.842,0,Pichincha,D,3,851,51.4,21.89,0
5627,2022-06-02,2,CLEANING,158.823,0,Pichincha,D,3,851,51.4,21.89,0
3437,2022-06-02,2,GROCERY I,516.468,0,Pichincha,D,3,851,51.4,21.89,0
4897,2022-06-02,2,PRODUCE,284.503,10,Pichincha,D,3,851,51.4,21.89,0
7087,2022-06-02,3,BEVERAGES,545.234,0,Guayas,A,4,1413,51.4,21.89,0
8547,2022-06-02,3,CLEANING,232.939,0,Guayas,A,4,1413,51.4,21.89,0
6357,2022-06-02,3,GROCERY I,935.18,0,Guayas,A,4,1413,51.4,21.89,0
7817,2022-06-02,3,PRODUCE,445.287,5,Guayas,A,4,1413,51.4,21.89,0
10007,2022-06-02,5,BEVERAGES,210.049,0,Azuay,B,2,578,51.4,21.89,0
11467,2022-06-02,5,CLEANING,81.474,0,Azuay,B,2,578,51.4,21.89,0
9277,2022-06-02,5,GROCERY I,387.99,0,Azuay,B,2,578,51.4,21.89,0
10737,2022-06-02,5,PRODUCE,165.764,0,Azuay,B,2,578,51.4,21.89,0
12927,2022-06-02,8,BEVERAGES,377.391,0,Guayas,C,1,1114,51.4,21.89,0
14387,2022-06-02,8,CLEANING,159.209,0,Guayas,C,1,1114,51.4,21.89,0
12197,2022-06-02,8,GROCERY I,630.902,0,Guayas,C,1,1114,51.4,21.89,0
13657,2022-06-02,8,PRODUCE,341.879,0,Guayas,C,1,1114,51.4,21.89,0
1248,2022-06-03,1,BEVERAGES,430.715,0,Pichincha,D,2,1188,51.8,24.14,0
2708,2022-06-03,1,CLEANING,289.839,17,Pichincha,D,2,1188,51.8,24.14,0
518,2022-06-03,1,GROCERY I,752.62,0,Pichincha,D,2,1188,51.8,24.14,0
1978,2022-06-03,1,PRODUCE,421.811,14,Pichincha,D,2,1188,51.8,24.14,0
4168,2022-06-03,2,BEVERAGES,370.04,0,Pichincha,D,3,958,51.8,24.14,0
5628,2022-06-03,2,CLEANING,146.599,0,Pichincha,D,3,958,51.8,24.14,0
3438,2022-06-03,2,GROCERY I,599.577,0,Pichincha,D,3,958,51.8,24.14,0
4898,2022-06-03,2,PRODUCE,260.494,0,Pichincha,D,3,958,51.8,24.14,0
7088,2022-06-03,3,BEVERAGES,648.429,0,Guayas,A,4,1604,51.8,24.14,0
8548,2022-06-03,3,CLEANING,283.927,0,Guayas,A,4,1604,51.8,24.14,0
6358,2022-06-03,3,GROCERY I,1046.038,0,Guayas,A,4,1604,51.8,24.14,0
7818,2022-06-03,3,PRODUCE,458.597,0,Guayas,A,4,1604,51.8,24.14,0
10008,2022-06-03,5,BEVERAGES,273.918,0,Azuay,B,2,813,51.8,24.14,0
11468,2022-06-03,5,CLEANING,107.684,0,Azuay,B,2,813,51.8,24.14,0
9278,2022-06-03,5,GROCERY I,419.139,0,Azuay,B,2,813,51.8,24.14,0
10738,2022-06-03,5,PRODUCE,233.979,8,Azuay,B,2,813,51.8,24.14,0
12928,2022-06-03,8,BEVERAGES,541.764,0,Guayas,C,1,1220,51.8,24.14,0
14388,2022-06-03,8,CLEANING,199.783,0,Guayas,C,1,1220,51.8,24.14,0
12198,2022-06-03,8,GROCERY I,833.542,0,Guayas,C,1,1220,51.8,24.14,0
13658,2022-06-03,8,PRODUCE,410.993,0,Guayas,C,1,1220,51.8,24.14,0
1249,2022-06-04,1,BEVERAGES,538.364,0,Pichincha,D,2,1413,52.54,22.16,0
2709,2022-06-04,1,CLEANING,198.961,0,Pichincha,D,2,1413,52.54,22.16,0
519,2022-06-04,1,GROCERY I,871.098,0,Pichincha,D,2,1413,52.54,22.16,0
1979,2022-06-04,1,PRODUCE,382.936,0,Pichincha,D,2,1413,52.54,22.16,0
4169,2022-06-04,2,BEVERAGES,365.103,0,Pichincha,D,3,1179,52.54,22.16,0
5629,2022-06-04,2,CLEANING,195.794,0,Pichincha,D,3,1179,52.54,22.16,0
3439,2022-06-04,2,GROCERY I,843.455,0,Pichincha,D,3,1179,52.54,22.16,0
4899,2022-06-04,2,PRODUCE,369.787,0,Pichincha,D,3,1179,52.54,22.16,0
7089,2022-06-04,3,BEVERAGES,828.758,0,Guayas,A,4,1911,52.54,22.16,0
8549,2022-06-04,3,CLEANING,298.857,0,Guayas,A,4,1911,52.54,22.16,0
6359,2022-06-04,3,GROCERY I,1437.756,6,Guayas,A,4,1911,52.54,22.16,0
7819,2022-06-04,3,PRODUCE,483.894,0,Guayas,A,4,1911,52.54,22.16,0
10009,2022-06-04,5,BEVERAGES,314.124,0,Azuay,B,2,811,52.54,22.16,0
11469,2022-06-04,5,CLEANING,124.52,0,Azuay,B,2,811,52.54,22.16,0
9279,2022-06-04,5,GROCERY I,577.335,0,Azuay,B,2,811,52.54,22.16,0
10739,2022-06-04,5,PRODUCE,227.907,0,Azuay,B,2,811,52.54,22.16,0
12929,2022-06-04,8,BEVERAGES,672.752,0,Guayas,C,1,1529,52.54,22.16,0
14389,2022-06-04,8,CLEANING,316.145,0,Guayas,C,1,1529,52.54,22.16,0
12199,2022-06-04,8,GROCERY I,1099.281,0,Guayas,C,1,1529,52.54,22.16,0
13659,2022-06-04,8,PRODUCE,500.274,0,Guayas,C,1,1529,52.54,22.16,0
1250,2022-06-05,1,BEVERAGES,552.317,0,Pichincha,D,2,1203,52.1,25.66,0
2710,2022-06-05,1,CLEANING,181.427,0,Pichincha,D,2,1203,52.1,25.66,0
520,2022-06-05,1,GROCERY I,626.289,0,Pichincha,D,2,1203,52.1,25.66,0
1980,2022-06-05,1,PRODUCE,404.331,0,Pichincha,D,2,1203,52.1,25.66,0
4170,2022-06-05,2,BEVERAGES,358.915,0,Pichincha,D,3,1044,52.1,25.66,0
5630,2022-06-05,2,CLEANING,151.36,0,Pichincha,D,3,1044,52.1,25.66,0
3440,2022-06-05,2,GROCERY I,0.0,14,Pichincha,D,3,1044,52.1,25.66,0
4900,2022-06-05,2,PRODUCE,299.557,0,Pichincha,D,3,1044,52.1,25.66,0
7090,2022-06-05,3,BEVERAGES,662.576,0,Guayas,A,4,1724,52.1,25.66,0
8550,2022-06-05,3,CLEANING,313.092,0,Guayas,A,4,1724,52.1,25.66,0
6360,2022-06-05,3,GROCERY I,1035.125,0,Guayas,A,4,1724,52.1,25.66,0
7820,2022-06-05,3,PRODUCE,565.93,20,Guayas,A,4,1724,52.1,25.66,0
10010,2022-06-05,5,BEVERAGES,295.797,0,Azuay,B,2,677,52.1,25.66,0
11470,2022-06-05,5,CLEANING,103.471,0,Azuay,B,2,677,52.1,25.66,0
9280,2022-06-05,5,GROCERY I,469.4,0,Azuay,B,2,677,52.1,25.66,0
10740,2022-06-05,5,PRODUCE,196.438,0,Azuay,B,2,677,52.1,25.66,0
12930,2022-06-05,8,BEVERAGES,572.169,0,Guayas,C,1,1346,52.1,25.66,0
14390,2022-06-05,8,CLEANING,263.048,0,Guayas,C,1,1346,52.1,25.66,0
12200,2022-06-05,8,GROCERY I,932.163,0,Guayas,C,1,1346,52.1,25.66,0
13660,2022-06-05,8,PRODUCE,475.407,4,Guayas,C,1,1346,52.1,25.66,0
1251,2022-06-06,1,BEVERAGES,381.578,0,Pichincha,D,2,960,51.7,26.39,0
2711,2022-06-06,1,CLEANING,161.634,0,Pichincha,D,2,960,51.7,26.39,0
521,2022-06-06,1,GROCERY I,738.274,3,Pichincha,D,2,960,51.7,26.39,0
1981,2022-06-06,1,PRODUCE,278.492,0,Pichincha,D,2,960,51.7,26.39,0
4171,2022-06-06,2,BEVERAGES,320.465,0,Pichincha,D,3,791,51.7,26.39,0
5631,2022-06-06,2,CLEANING,114.139,0,Pichincha,D,3,791,51.7,26.39,0
3441,2022-06-06,2,GROCERY I,493.843,0,Pichincha,D,3,791,51.7,26.39,0
4901,2022-06-06,2,PRODUCE,203.187,0,Pichincha,D,3,791,51.7,26.39,0
7091,2022-06-06,3,BEVERAGES,438.816,0,Guayas,A,4,1328,51.7,26.39,0
8551,2022-06-06,3,CLEANING,213.651,0,Guayas,A,4,1328,51.7,26.39,0
6361,2022-06-06,3,GROCERY I,842.882,0,Guayas,A,4,1328,51.7,26.39,0
7821,2022-06-06,3,PRODUCE,456.989,9,Guayas,A,4,1328,51.7,26.39,0
10011,2022-06-06,5,BEVERAGES,265.896,7,Azuay,B,2,637,51.7,26.39,0
11471,2022-06-06,5,CLEANING,100.537,0,Azuay,B,2,637,51.7,26.39,0
9281,2022-06-06,5,GROCERY I,401.802,0,Azuay,B,2,637,51.7,26.39,0
10741,2022-06-06,5,PRODUCE,188.978,6,Azuay,B,2,637,51.7,26.39,0
12931,2022-06-06,8,BEVERAGES,424.067,0,Guayas,C,1,1008,51.7,26.39,0
14391,2022-06-06,8,CLEANING,192.513,0,Guayas,C,1,1008,51.7,26.39,0
12201,2022-06-06,8,GROCERY I,610.397,0,Guayas,C,1,1008,51.7,26.39,0
13661,2022-06-06,8,PRODUCE,282.49,0,Guayas,C,1,1008,51.7,26.39,0
1252,2022-06-07,1,BEVERAGES,347.433,0,Pichincha,D,2,905,52.3,23.11,0
2712,2022-06-07,1,CLEANING,177.851,0,Pichincha,D,2,905,52.3,23.11,0
522,2022-06-07,1,GROCERY I,472.03,0,Pichincha,D,2,905,52.3,23.11,0
1982,2022-06-07,1,PRODUCE,272.049,0,Pichincha,D,2,905,52.3,23.11,0
4172,2022-06-07,2,BEVERAGES,305.817,0,Pichincha,D,3,794,52.3,23.11,0
5632,2022-06-07,2,CLEANING,123.245,0,Pichincha,D,3,794,52.3,23.11,0
3442,2022-06-07,2,GROCERY I,467.793,0,Pichincha,D,3,794,52.3,23.11,0
4902,2022-06-07,2,PRODUCE,221.167,0,Pichincha,D,3,794,52.3,23.11,0
7092,2022-06-07,3,BEVERAGES,525.69,0,Guayas,A,4,1235,52.3,23.11,0
8552,2022-06-07,3,CLEANING,236.152,0,Guayas,A,4,1235,52.3,23.11,0
6362,2022-06-07,3,GROCERY I,813.37,0,Guayas,A,4,1235,52.3,23.11,0
7822,2022-06-07,3,PRODUCE,329.942,0,Guayas,A,4,1235,52.3,23.11,0
10012,2022-06-07,5,BEVERAGES,242.79,0,Azuay,B,2,548,52.3,23.11,0
11472,2022-06-07,5,CLEANING,94.307,0,Azuay,B,2,548,52.3,23.11,0
9282,2022-06-07,5,GROCERY I,279.072,0,Azuay,B,2,548,52.3,23.11,0
10742,2022-06-07,5,PRODUCE,136.209,0,Azuay,B,2,548,52.3,23.11,0
12932,2022-06-07,8,BEVERAGES,414.858,0,Guayas,C,1,933,52.3,23.11,0
14392,2022-06-07,8,CLEANING,168.664,0,Guayas,C,1,933,52.3,23.11,0
12202,2022-06-07,8,GROCERY I,636.776,0,Guayas,C,1,933,52.3,23.11,0
13662,2022-06-07,8,PRODUCE,275.037,0,Guayas,C,1,933,52.3,23.11,0
1253,2022-06-08,1,BEVERAGES,332.989,0,Pichincha,D,2,902,52.21,24.61,0
2713,2022-06-08,1,CLEANING,193.395,23,Pichincha,D,2,902,52.21,24.61,0
523,2022-06-08,1,GROCERY I,641.649,13,Pichincha,D,2,902,52.21,24.61,0
1983,2022-06-08,1,PRODUCE,305.178,0,Pichincha,D,2,902,52.21,24.61,0
4173,2022-06-08,2,BEVERAGES,303.556,0,Pichincha,D,3,818,52.21,24.61,0
5633,2022-06-08,2,CLEANING,120.611,0,Pichincha,D,3,818,52.21,24.61,0
3443,2022-06-08,2,GROCERY I,584.195,24,Pichincha,D,3,818,52.21,24.61,0
4903,2022-06-08,2,PRODUCE,231.88,0,Pichincha,D,3,818,52.21,24.61,0
7093,2022-06-08,3,BEVERAGES,519.462,0,Guayas,A,4,1222,52.21,24.61,0
8553,2022-06-08,3,CLEANING,235.514,0,Guayas,A,4,1222,52.21,24.61,0
6363,2022-06-08,3,GROCERY I,827.182,0,Guayas,A,4,1222,52.21,24.61,0
7823,2022-06-08,3,PRODUCE,366.093,0,Guayas,A,4,1222,52.21,24.61,0
10013,2022-06-08,5,BEVERAGES,215.14,0,Azuay,B,2,575,52.21,24.61,0
11473,2022-06-08,5,CLEANING,81.48,0,Azuay,B,2,575,52.21,24.61,0
9283,2022-06-08,5,GROCERY I,335.202,0,Azuay,B,2,575,52.21,24.61,0
10743,2022-06-08,5,PRODUCE,168.298,0,Azuay,B,2,575,52.21,24.61,0
12933,2022-06-08,8,BEVERAGES,391.9,0,Guayas,C,1,979,52.21,24.61,0
14393,2022-06-08,8,CLEANING,182.024,0,Guayas,C,1,979,52.21,24.61,0
12203,2022-06-08,8,GROCERY I,672.018,0,Guayas,C,1,979,52.21,24.61,0
13663,2022-06-08,8,PRODUCE,361.09,19,Guayas,C,1,979,52.21,24.61,0
1254,2022-06-09,1,BEVERAGES,327.243,0,Pichincha,D,2,977,52.85,23.13,0
2714,2022-06-09,1,CLEANING,214.061,21,Pichincha,D,2,977,52.85,23.13,0
524,2022-06-09,1,GROCERY I,683.472,0,Pichincha,D,2,977,52.85,23.13,0
1984,2022-06-09,1,PRODUCE,267.996,0,Pichincha,D,2,977,52.85,23.13,0
4174,2022-06-09,2,BEVERAGES,306.705,0,Pichincha,D,3,939,52.85,23.13,0
5634,2022-06-09,2,CLEANING,120.856,0,Pichincha,D,3,939,52.85,23.13,0
3444,2022-06-09,2,GROCERY I,730.071,5,Pichincha,D,3,939,52.85,23.13,0
4904,2022-06-09,2,PRODUCE,185.456,0,Pichincha,D,3,939,52.85,23.13,0
7094,2022-06-09,3,BEVERAGES,715.415,18,Guayas,A,4,1315,52.85,23.13,0
8554,2022-06-09,3,CLEANING,227.615,0,Guayas,A,4,1315,52.85,23.13,0
6364,2022-06-09,3,GROCERY I,1032.693,20,Guayas,A,4,1315,52.85,23.13,0
7824,2022-06-09,3,PRODUCE,382.157,0,Guayas,A,4,1315,52.85,23.13,0
10014,2022-06-09,5,BEVERAGES,200.855,0,Azuay,B,2,695,52.85,23.13,0
11474,2022-06-09,5,CLEANING,83.795,0,Azuay,B,2,695,52.85,23.13,0
9284,2022-06-09,5,GROCERY I,295.103,0,Azuay,B,2,695,52.85,23.13,0
10744,2022-06-09,5,PRODUCE,158.785,0,Azuay,B,2,695,52.85,23.13,0
12934,2022-06-09,8,BEVERAGES,472.518,10,Guayas,C,1,1008,52.85,23.13,0
14394,2022-06-09,8,CLEANING,212.841,15,Guayas,C,1,1008,52.85,23.13,0
12204,2022-06-09,8,GROCERY I,668.473,0,Guayas,C,1,1008,52.85,23.13,0
13664,2022-06-09,8,PRODUCE,309.396,0,Guayas,C,1,1008,52.85,23.13,0
1255,2022-06-10,1,BEVERAGES,410.81,0,Pichincha,D,2,1177,52.65,23.22,0
2715,2022-06-10,1,CLEANING,188.239,0,Pichincha,D,2,1177,52.65,23.22,0
525,2022-06-10,1,GROCERY I,834.547,0,Pichincha,D,2,1177,52.65,23.22,0
1985,2022-06-10,1,PRODUCE,325.926,0,Pichincha,D,2,1177,52.65,23.22,0
4175,2022-06-10,2,BEVERAGES,501.329,4,Pichincha,D,3,1005,52.65,23.22,0
5635,2022-06-10,2,CLEANING,158.379,0,Pichincha,D,3,1005,52.65,23.22,0
3445,2022-06-10,2,GROCERY I,590.024,0,Pichincha,D,3,1005,52.65,23.22,0
4905,2022-06-10,2,PRODUCE,246.562,0,Pichincha,D,3,1005,52.65,23.22,0
7095,2022-06-10,3,BEVERAGES,553.881,0,Guayas,A,4,1631,52.65,23.22,0
8555,2022-06-10,3,CLEANING,271.247,0,Guayas,A,4,1631,52.65,23.22,0
6365,2022-06-10,3,GROCERY I,894.543,0,Guayas,A,4,1631,52.65,23.22,0
7825,2022-06-10,3,PRODUCE,424.934,0,Guayas,A,4,1631,52.65,23.22,0
10015,2022-06-10,5,BEVERAGES,317.565,17,Azuay,B,2,637,52.65,23.22,0
11475,2022-06-10,5,CLEANING,134.518,24,Azuay,B,2,637,52.65,23.22,0
9285,2022-06-10,5,GROCERY I,391.729,0,Azuay,B,2,637,52.65,23.22,0
10745,2022-06-10,5,PRODUCE,181.497,0,Azuay,B,2,637,52.65,23.22,0
12935,2022-06-10,8,BEVERAGES,518.341,0,Guayas,C,1,1312,52.65,23.22,0
14395,2022-06-10,8,CLEANING,160.84,0,Guayas,C,1,1312,52.65,23.22,0
12205,2022-06-10,8,GROCERY I,767.347,0,Guayas,C,1,1312,52.65,23.22,0
13665,2022-06-10,8,PRODUCE,347.458,0,Guayas,C,1,1312,52.65,23.22,0
1256,2022-06-11,1,BEVERAGES,558.237,0,Pichincha,D,2,1373,53.3,25.14,0
2716,2022-06-11,1,CLEANING,221.113,0,Pichincha,D,2,1373,53.3,25.14,0
526,2022-06-11,1,GROCERY I,762.118,0,Pichincha,D,2,1373,53.3,25.14,0
1986,2022-06-11,1,PRODUCE,347.974,0,Pichincha,D,2,1373,53.3,25.14,0
4176,2022-06-11,2,BEVERAGES,431.904,0,Pichincha,D,3,1111,53.3,25.14,0
5636,2022-06-11,2,CLEANING,164.382,0,Pichincha,D,3,1111,53.3,25.14,0
3446,2022-06-11,2,GROCERY I,664.598,0,Pichincha,D,3,1111,53.3,25.14,0
4906,2022-06-11,2,PRODUCE,331.476,0,Pichincha,D,3,1111,53.3,25.14,0
7096,2022-06-11,3,BEVERAGES,696.078,0,Guayas,A,4,1931,53.3,25.14,0
8556,2022-06-11,3,CLEANING,307.351,0,Guayas,A,4,1931,53.3,25.14,0
6366,2022-06-11,3,GROCERY I,1084.462,0,Guayas,A,4,1931,53.3,25.14,0
7826,2022-06-11,3,PRODUCE,595.19,0,Guayas,A,4,1931,53.3,25.14,0
10016,2022-06-11,5,BEVERAGES,317.417,0,Azuay,B,2,836,53.3,25.14,0
11476,2022-06-11,5,CLEANING,117.033,0,Azuay,B,2,836,53.3,25.14,0
9286,2022-06-11,5,GROCERY I,589.872,0,Azuay,B,2,836,53.3,25.14,0
10746,2022-06-11,5,PRODUCE,232.846,0,Azuay,B,2,836,53.3,25.14,0
12936,2022-06-11,8,BEVERAGES,608.957,0,Guayas,C,1,1567,53.3,25.14,0
14396,2022-06-11,8,CLEANING,240.769,0,Guayas,C,1,1567,53.3,25.14,0
12206,2022-06-11,8,GROCERY I,791.14,0,Guayas,C,1,1567,53.3,25.14,0
13666,2022-06-11,8,PRODUCE,490.724,0,Guayas,C,1,1567,53.3,25.14,0
1257,2022-06-12,1,BEVERAGES,527.226,0,Pichincha,D,2,1195,53.36,23.96,0
2717,2022-06-12,1,CLEANING,204.674,0,Pichincha,D,2,1195,53.36,23.96,0
527,2022-06-12,1,GROCERY I,727.93,0,Pichincha,D,2,1195,53.36,23.96,0
1987,2022-06-12,1,PRODUCE,338.494,0,Pichincha,D,2,1195,53.36,23.96,0
4177,2022-06-12,2,BEVERAGES,407.495,0,Pichincha,D,3,1099,53.36,23.96,0
5637,2022-06-12,2,CLEANING,205.15,17,Pichincha,D,3,1099,53.36,23.96,0
3447,2022-06-12,2,GROCERY I,717.329,0,Pichincha,D,3,1099,53.36,23.96,0
4907,2022-06-12,2,PRODUCE,232.656,0,Pichincha,D,3,1099,53.36,23.96,0
7097,2022-06-12,3,BEVERAGES,676.115,0,Guayas,A,4,1653,53.36,23.96,0
8557,2022-06-12,3,CLEANING,253.677,0,Guayas,A,4,1653,53.36,23.96,0
6367,2022-06-12,3,GROCERY I,1053.175,0,Guayas,A,4,1653,53.36,23.96,0
7827,2022-06-12,3,PRODUCE,553.501,6,Guayas,A,4,1653,53.36,23.96,0
10017,2022-06-12,5,BEVERAGES,255.016,0,Azuay,B,2,683,53.36,23.96,0
11477,2022-06-12,5,CLEANING,113.929,0,Azuay,B,2,683,53.36,23.96,0
9287,2022-06-12,5,GROCERY I,448.152,0,Azuay,B,2,683,53.36,23.96,0
10747,2022-06-12,5,PRODUCE,195.063,0,Azuay,B,2,683,53.36,23.96,0
12937,2022-06-12,8,BEVERAGES,574.639,0,Guayas,C,1,1320,53.36,23.96,0
14397,2022-06-12,8,CLEANING,212.992,0,Guayas,C,1,1320,53.36,23.96,0
12207,2022-06-12,8,GROCERY I,757.516,0,Guayas,C,1,1320,53.36,23.96,0
13667,2022-06-12,8,PRODUCE,368.167,0,Guayas,C,1,1320,53.36,23.96,0
1258,2022-06-13,1,BEVERAGES,432.436,19,Pichincha,D,2,899,53.48,26.4,0
2718,2022-06-13,1,CLEANING,147.263,0,Pichincha,D,2,899,53.48,26.4,0
528,2022-06-13,1,GROCERY I,580.201,0,Pichincha,D,2,899,53.48,26.4,0
1988,2022-06-13,1,PRODUCE,229.41,0,Pichincha,D,2,899,53.48,26.4,0
4178,2022-06-13,2,BEVERAGES,310.87,0,Pichincha,D,3,807,53.48,26.4,0
5638,2022-06-13,2,CLEANING,154.506,24,Pichincha,D,3,807,53.48,26.4,0
3448,2022-06-13,2,GROCERY I,561.117,21,Pichincha,D,3,807,53.48,26.4,0
4908,2022-06-13,2,PRODUCE,182.344,0,Pichincha,D,3,807,53.48,26.4,0
7098,2022-06-13,3,BEVERAGES,460.399,0,Guayas,A,4,1375,53.48,26.4,0
8558,2022-06-13,3,CLEANING,222.311,0,Guayas,A,4,1375,53.48,26.4,0
6368,2022-06-13,3,GROCERY I,837.405,0,Guayas,A,4,1375,53.48,26.4,0
7828,2022-06-13,3,PRODUCE,361.359,0,Guayas,A,4,1375,53.48,26.4,0
10018,2022-06-13,5,BEVERAGES,296.702,17,Azuay,B,2,591,53.48,26.4,0
11478,2022-06-13,5,CLEANING,110.171,16,Azuay,B,2,591,53.48,26.4,0
9288,2022-06-13,5,GROCERY I,440.036,18,Azuay,B,2,591,53.48,26.4,0
10748,2022-06-13,5,PRODUCE,168.841,0,Azuay,B,2,591,53.48,26.4,0
12938,2022-06-13,8,BEVERAGES,403.564,0,Guayas,C,1,994,53.48,26.4,0
14398,2022-06-13,8,CLEANING,171.852,0,Guayas,C,1,994,53.48,26.4,0
12208,2022-06-13,8,GROCERY I,593.314,0,Guayas,C,1,994,53.48,26.4,0
13668,2022-06-13,8,PRODUCE,327.614,0,Guayas,C,1,994,53.48,26.4,0
1259,2022-06-14,1,BEVERAGES,411.976,0,Pichincha,D,2,936,54.18,23.25,0
2719,2022-06-14,1,CLEANING,161.235,0,Pichincha,D,2,936,54.18,23.25,0
529,2022-06-14,1,GROCERY I,648.495,0,Pichincha,D,2,936,54.18,23.25,0
1989,2022-06-14,1,PRODUCE,333.552,17,Pichincha,D,2,936,54.18,23.25,0
4179,2022-06-14,2,BEVERAGES,285.614,0,Pichincha,D,3,871,54.18,23.25,0
5639,2022-06-14,2,CLEANING,96.227,0,Pichincha,D,3,871,54.18,23.25,0
3449,2022-06-14,2,GROCERY I,391.331,0,Pichincha,D,3,871,54.18,23.25,0
4909,2022-06-14,2,PRODUCE,204.544,0,Pichincha,D,3,871,54.18,23.25,0
7099,2022-06-14,3,BEVERAGES,383.525,0,Guayas,A,4,1233,54.18,23.25,0
8559,2022-06-14,3,CLEANING,214.03,0,Guayas,A,4,1233,54.18,23.25,0
6369,2022-06-14,3,GROCERY I,800.971,0,Guayas,A,4,1233,54.18,23.25,0
7829,2022-06-14,3,PRODUCE,299.711,0,Guayas,A,4,1233,54.18,23.25,0
10019,2022-06-14,5,BEVERAGES,201.144,0,Azuay,B,2,526,54.18,23.25,0
11479,2022-06-14,5,CLEANING,0.0,0,Azuay,B,2,526,54.18,23.25,0
9289,2022-06-14,5,GROCERY I,335.205,0,Azuay,B,2,526,54.18,23.25,0
10749,2022-06-14,5,PRODUCE,158.667,0,Azuay,B,2,526,54.18,23.25,0
12939,2022-06-14,8,BEVERAGES,400.918,0,Guayas,C,1,1063,54.18,23.25,0
14399,2022-06-14,8,CLEANING,172.961,0,Guayas,C,1,1063,54.18,23.25,0
12209,2022-06-14,8,GROCERY I,542.543,0,Guayas,C,1,1063,54.18,23.25,0
13669,2022-06-14,8,PRODUCE,283.033,0,Guayas,C,1,1063,54.18,23.25,0
1260,2022-06-15,1,BEVERAGES,341.816,0,Pichincha,D,2,964,54.02,25.27,0
2720,2022-06-15,1,CLEANING,131.085,0,Pichincha,D,2,964,54.02,25.27,0
530,2022-06-15,1,GROCERY I,540.702,0,Pichincha,D,2,964,54.02,25.27,0
1990,2022-06-15,1,PRODUCE,269.128,0,Pichincha,D,2,964,54.02,25.27,0
4180,2022-06-15,2,BEVERAGES,335.914,19,Pichincha,D,3,865,54.02,25.27,0
5640,2022-06-15,2,CLEANING,119.508,0,Pichincha,D,3,865,54.02,25.27,0
3450,2022-06-15,2,GROCERY I,432.185,0,Pichincha,D,3,865,54.02,25.27,0
4910,2022-06-15,2,PRODUCE,221.625,0,Pichincha,D,3,865,54.02,25.27,0
7100,2022-06-15,3,BEVERAGES,501.313,0,Guayas,A,4,1313,54.02,25.27,0
8560,2022-06-15,3,CLEANING,176.468,0,Guayas,A,4,1313,54.02,25.27,0
6370,2022-06-15,3,GROCERY I,716.333,0,Guayas,A,4,1313,54.02,25.27,0
7830,2022-06-15,3,PRODUCE,365.896,0,Guayas,A,4,1313,54.02,25.27,0
10020,2022-06-15,5,BEVERAGES,197.318,0,Azuay,B,2,511,54.02,25.27,0
11480,2022-06-15,5,CLEANING,90.532,0,Azuay,B,2,511,54.02,25.27,0
9290,2022-06-15,5,GROCERY I,337.492,0,Azuay,B,2,511,54.02,25.27,0
10750,2022-06-15,5,PRODUCE,182.878,15,Azuay,B,2,511,54.02,25.27,0
12940,2022-06-15,8,BEVERAGES,410.496,0,Guayas,C,1,1053,54.02,25.27,0
14400,2022-06-15,8,CLEANING,192.736,0,Guayas,C,1,1053,54.02,25.27,0
12210,2022-06-15,8,GROCERY I,625.686,0,Guayas,C,1,1053,54.02,25.27,0
13670,2022-06-15,8,PRODUCE,284.943,0,Guayas,C,1,1053,54.02,25.27,0
1261,2022-06-16,1,BEVERAGES,378.699,0,Pichincha,D,2,1002,53.6,23.96,0
2721,2022-06-16,1,CLEANING,175.285,0,Pichincha,D,2,1002,53.6,23.96,0
531,2022-06-16,1,GROCERY I,573.491,0,Pichincha,D,2,1002,53.6,23.96,0
1991,2022-06-16,1,PRODUCE,267.789,0,Pichincha,D,2,1002,53.6,23.96,0
4181,2022-06-16,2,BEVERAGES,304.537,0,Pichincha,D,3,820,53.6,23.96,0
5641,2022-06-16,2,CLEANING,168.868,17,Pichincha,D,3,820,53.6,23.96,0
3451,2022-06-16,2,GROCERY I,435.383,0,Pichincha,D,3,820,53.6,23.96,0
4911,2022-06-16,2,PRODUCE,235.647,0,Pichincha,D,3,820,53.6,23.96,0
7101,2022-06-16,3,BEVERAGES,563.668,0,Guayas,A,4,1349,53.6,23.96,0
8561,2022-06-16,3,CLEANING,217.126,0,Guayas,A,4,1349,53.6,23.96,0
6371,2022-06-16,3,GROCERY I,796.726,0,Guayas,A,4,1349,53.6,23.96,0
7831,2022-06-16,3,PRODUCE,354.313,0,Guayas,A,4,1349,53.6,23.96,0
10021,2022-06-16,5,BEVERAGES,225.464,0,Azuay,B,2,628,53.6,23.96,0
11481,2022-06-16,5,CLEANING,86.493,0,Azuay,B,2,628,53.6,23.96,0
9291,2022-06-16,5,GROCERY I,327.346,0,Azuay,B,2,628,53.6,23.96,0
10751,2022-06-16,5,PRODUCE,170.738,0,Azuay,B,2,628,53.6,23.96,0
12941,2022-06-16,8,BEVERAGES,445.603,0,Guayas,C,1,1063,53.6,23.96,0
14401,2022-06-16,8,CLEANING,178.219,0,Guayas,C,1,1063,53.6,23.96,0
12211,2022-06-16,8,GROCERY I,707.338,0,Guayas,C,1,1063,53.6,23.96,0
13671,2022-06-16,8,PRODUCE,314.764,0,Guayas,C,1,1063,53.6,23.96,0
1262,2022-06-17,1,BEVERAGES,499.616,9,Pichincha,D,2,1213,53.39,24.89,0
2722,2022-06-17,1,CLEANING,190.89,0,Pichincha,D,2,1213,53.39,24.89,0
532,2022-06-17,1,GROCERY I,976.285,6,Pichincha,D,2,1213,53.39,24.89,0
1992,2022-06-17,1,PRODUCE,318.996,0,Pichincha,D,2,1213,53.39,24.89,0
4182,2022-06-17,2,BEVERAGES,433.827,0,Pichincha,D,3,1027,53.39,24.89,0
5642,2022-06-17,2,CLEANING,171.746,23,Pichincha,D,3,1027,53.39,24.89,0
3452,2022-06-17,2,GROCERY I,481.688,0,Pichincha,D,3,1027,53.39,24.89,0
4912,2022-06-17,2,PRODUCE,367.186,14,Pichincha,D,3,1027,53.39,24.89,0
7102,2022-06-17,3,BEVERAGES,737.288,9,Guayas,A,4,1666,53.39,24.89,0
8562,2022-06-17,3,CLEANING,276.437,0,Guayas,A,4,1666,53.39,24.89,0
6372,2022-06-17,3,GROCERY I,846.674,0,Guayas,A,4,1666,53.39,24.89,0
7832,2022-06-17,3,PRODUCE,471.299,0,Guayas,A,4,1666,53.39,24.89,0
10022,2022-06-17,5,BEVERAGES,238.813,0,Azuay,B,2,702,53.39,24.89,0
11482,2022-06-17,5,CLEANING,109.733,0,Azuay,B,2,702,53.39,24.89,0
9292,2022-06-17,5,GROCERY I,376.934,0,Azuay,B,2,702,53.39,24.89,0
10752,2022-06-17,5,PRODUCE,188.438,0,Azuay,B,2,702,53.39,24.89,0
12942,2022-06-17,8,BEVERAGES,539.113,0,Guayas,C,1,1340,53.39,24.89,0
14402,2022-06-17,8,CLEANING,189.484,0,Guayas,C,1,1340,53.39,24.89,0
12212,2022-06-17,8,GROCERY I,740.078,0,Guayas,C,1,1340,53.39,24.89,0
13672,2022-06-17,8,PRODUCE,368.525,0,Guayas,C,1,1340,53.39,24.89,0
1263,2022-06-18,1,BEVERAGES,598.576,0,Pichincha,D,2,1414,53.6,23.1,0
2723,2022-06-18,1,CLEANING,226.012,0,Pichincha,D,2,1414,53.6,23.1,0
533,2022-06-18,1,GROCERY I,822.246,0,Pichincha,D,2,1414,53.6,23.1,0
1993,2022-06-18,1,PRODUCE,508.432,13,Pichincha,D,2,1414,53.6,23.1,0
4183,2022-06-18,2,BEVERAGES,494.81,0,Pichincha,D,3,1172,53.6,23.1,0
5643,2022-06-18,2,CLEANING,197.305,0,Pichincha,D,3,1172,53.6,23.1,0
3453,2022-06-18,2,GROCERY I,673.678,0,Pichincha,D,3,1172,53.6,23.1,0
4913,2022-06-18,2,PRODUCE,392.304,16,Pichincha,D,3,1172,53.6,23.1,0
7103,2022-06-18,3,BEVERAGES,777.351,0,Guayas,A,4,1938,53.6,23.1,0
8563,2022-06-18,3,CLEANING,351.641,0,Guayas,A,4,1938,53.6,23.1,0
6373,2022-06-18,3,GROCERY I,1003.409,0,Guayas,A,4,1938,53.6,23.1,0
7833,2022-06-18,3,PRODUCE,463.695,0,Guayas,A,4,1938,53.6,23.1,0
10023,2022-06-18,5,BEVERAGES,342.439,0,Azuay,B,2,790,53.6,23.1,0
11483,2022-06-18,5,CLEANING,147.339,0,Azuay,B,2,790,53.6,23.1,0
9293,2022-06-18,5,GROCERY I,463.694,0,Azuay,B,2,790,53.6,23.1,0
10753,2022-06-18,5,PRODUCE,200.353,0,Azuay,B,2,790,53.6,23.1,0
12943,2022-06-18,8,BEVERAGES,550.152,0,Guayas,C,1,1558,53.6,23.1,0
14403,2022-06-18,8,CLEANING,247.921,0,Guayas,C,1,1558,53.6,23.1,0
12213,2022-06-18,8,GROCERY I,747.019,0,Guayas,C,1,1558,53.6,23.1,0
13673,2022-06-18,8,PRODUCE,421.533,0,Guayas,C,1,1558,53.6,23.1,0
1264,2022-06-19,1,BEVERAGES,568.678,0,Pichincha,D,2,1251,52.89,23.61,0
2724,2022-06-19,1,CLEANING,170.944,0,Pichincha,D,2,1251,52.89,23.61,0
534,2022-06-19,1,GROCERY I,788.85,0,Pichincha,D,2,1251,52.89,23.61,0
1994,2022-06-19,1,PRODUCE,304.787,0,Pichincha,D,2,1251,52.89,23.61,0
4184,2022-06-19,2,BEVERAGES,427.462,0,Pichincha,D,3,1048,52.89,23.61,0
5644,2022-06-19,2,CLEANING,208.1,3,Pichincha,D,3,1048,52.89,23.61,0
3454,2022-06-19,2,GROCERY I,602.375,0,Pichincha,D,3,1048,52.89,23.61,0
4914,2022-06-19,2,PRODUCE,268.526,0,Pichincha,D,3,1048,52.89,23.61,0
7104,2022-06-19,3,BEVERAGES,668.24,0,Guayas,A,4,1667,52.89,23.61,0
8564,2022-06-19,3,CLEANING,288.065,0,Guayas,A,4,1667,52.89,23.61,0
6374,2022-06-19,3,GROCERY I,1005.77,0,Guayas,A,4,1667,52.89,23.61,0
7834,2022-06-19,3,PRODUCE,475.361,0,Guayas,A,4,1667,52.89,23.61,0
10024,2022-06-19,5,BEVERAGES,293.114,0,Azuay,B,2,686,52.89,23.61,0
11484,2022-06-19,5,CLEANING,93.293,0,Azuay,B,2,686,52.89,23.61,0
9294,2022-06-19,5,GROCERY I,320.265,0,Azuay,B,2,686,52.89,23.61,0
10754,2022-06-19,5,PRODUCE,210.197,0,Azuay,B,2,686,52.89,23.61,0
12944,2022-06-19,8,BEVERAGES,556.924,0,Guayas,C,1,1371,52.89,23.61,0
14404,2022-06-19,8,CLEANING,232.41,0,Guayas,C,1,1371,52.89,23.61,0
12214,2022-06-19,8,GROCERY I,802.469,0,Guayas,C,1,1371,52.89,23.61,0
13674,2022-06-19,8,PRODUCE,390.652,0,Guayas,C,1,1371,52.89,23.61,0
1265,2022-06-20,1,BEVERAGES,313.338,0,Pichincha,D,2,975,53.18,23.46,0
2725,2022-06-20,1,CLEANING,142.391,0,Pichincha,D,2,975,53.18,23.46,0
535,2022-06-20,1,GROCERY I,499.941,0,Pichincha,D,2,975,53.18,23.46,0
1995,2022-06-20,1,PRODUCE,269.129,0,Pichincha,D,2,975,53.18,23.46,0
4185,2022-06-20,2,BEVERAGES,283.194,0,Pichincha,D,3,848,53.18,23.46,0
5645,2022-06-20,2,CLEANING,116.099,0,Pichincha,D,3,848,53.18,23.46,0
3455,2022-06-20,2,GROCERY I,522.033,0,Pichincha,D,3,848,53.18,23.46,0
4915,2022-06-20,2,PRODUCE,190.837,0,Pichincha,D,3,848,53.18,23.46,0
7105,2022-06-20,3,BEVERAGES,502.437,0,Guayas,A,4,1290,53.18,23.46,0
8565,2022-06-20,3,CLEANING,221.742,16,Guayas,A,4,1290,53.18,23.46,0
6375,2022-06-20,3,GROCERY I,872.236,0,Guayas,A,4,1290,53.18,23.46,0
7835,2022-06-20,3,PRODUCE,286.273,0,Guayas,A,4,1290,53.18,23.46,0
10025,2022-06-20,5,BEVERAGES,215.977,0,Azuay,B,2,586,53.18,23.46,0
11485,2022-06-20,5,CLEANING,92.143,0,Azuay,B,2,586,53.18,23.46,0
9295,2022-06-20,5,GROCERY I,328.09,0,Azuay,B,2,586,53.18,23.46,0
10755,2022-06-20,5,PRODUCE,125.582,0,Azuay,B,2,586,53.18,23.46,0
12945,2022-06-20,8,BEVERAGES,489.407,17,Guayas,C,1,1011,53.18,23.46,0
14405,2022-06-20,8,CLEANING,169.277,0,Guayas,C,1,1011,53.18,23.46,0
12215,2022-06-20,8,GROCERY I,646.971,0,Guayas,C,1,1011,53.18,23.46,0
13675,2022-06-20,8,PRODUCE,307.3,0,Guayas,C,1,1011,53.18,23.46,0
1266,2022-06-21,1,BEVERAGES,345.821,0,Pichincha,D,2,916,52.94,22.4,0
2726,2022-06-21,1,CLEANING,165.833,0,Pichincha,D,2,916,52.94,22.4,0
536,2022-06-21,1,GROCERY I,544.167,0,Pichincha,D,2,916,52.94,22.4,0
1996,2022-06-21,1,PRODUCE,269.261,0,Pichincha,D,2,916,52.94,22.4,0
4186,2022-06-21,2,BEVERAGES,254.328,0,Pichincha,D,3,832,52.94,22.4,0
5646,2022-06-21,2,CLEANING,122.369,0,Pichincha,D,3,832,52.94,22.4,0
3456,2022-06-21,2,GROCERY I,477.948,0,Pichincha,D,3,832,52.94,22.4,0
4916,2022-06-21,2,PRODUCE,200.139,0,Pichincha,D,3,832,52.94,22.4,0
7106,2022-06-21,3,BEVERAGES,487.034,0,Guayas,A,4,1241,52.94,22.4,0
8566,2022-06-21,3,CLEANING,182.623,0,Guayas,A,4,1241,52.94,22.4,0
6376,2022-06-21,3,GROCERY I,751.692,0,Guayas,A,4,1241,52.94,22.4,0
7836,2022-06-21,3,PRODUCE,360.385,0,Guayas,A,4,1241,52.94,22.4,0
10026,2022-06-21,5,BEVERAGES,215.509,0,Azuay,B,2,477,52.94,22.4,0
11486,2022-06-21,5,CLEANING,93.582,5,Azuay,B,2,477,52.94,22.4,0
9296,2022-06-21,5,GROCERY I,323.663,0,Azuay,B,2,477,52.94,22.4,0
10756,2022-06-21,5,PRODUCE,99.249,0,Azuay,B,2,477,52.94,22.4,0
12946,2022-06-21,8,BEVERAGES,413.475,0,Guayas,C,1,944,52.94,22.4,0
14406,2022-06-21,8,CLEANING,152.059,0,Guayas,C,1,944,52.94,22.4,0
12216,2022-06-21,8,GROCERY I,616.458,0,Guayas,C,1,944,52.94,22.4,0
13676,2022-06-21,8,PRODUCE,318.664,0,Guayas,C,1,944,52.94,22.4,0
1267,2022-06-22,1,BEVERAGES,402.375,0,Pichincha,D,2,917,53.45,24.45,0
2727,2022-06-22,1,CLEANING,148.649,0,Pichincha,D,2,917,53.45,24.45,0
537,2022-06-22,1,GROCERY I,475.812,0,Pichincha,D,2,917,53.45,24.45,0
1997,2022-06-22,1,PRODUCE,215.25,0,Pichincha,D,2,917,53.45,24.45,0
4187,2022-06-22,2,BEVERAGES,324.832,0,Pichincha,D,3,840,53.45,24.45,0
5647,2022-06-22,2,CLEANING,133.19,0,Pichincha,D,3,840,53.45,24.45,0
3457,2022-06-22,2,GROCERY I,481.844,0,Pichincha,D,3,840,53.45,24.45,0
4917,2022-06-22,2,PRODUCE,223.181,0,Pichincha,D,3,840,53.45,24.45,0
7107,2022-06-22,3,BEVERAGES,546.085,0,Guayas,A,4,1238,53.45,24.45,0
8567,2022-06-22,3,CLEANING,197.849,0,Guayas,A,4,1238,53.45,24.45,0
6377,2022-06-22,3,GROCERY I,883.485,0,Guayas,A,4,1238,53.45,24.45,0
7837,2022-06-22,3,PRODUCE,340.146,0,Guayas,A,4,1238,53.45,24.45,0
10027,2022-06-22,5,BEVERAGES,197.774,0,Azuay,B,2,575,53.45,24.45,0
11487,2022-06-22,5,CLEANING,97.815,0,Azuay,B,2,575,53.45,24.45,0
9297,2022-06-22,5,GROCERY I,302.781,0,Azuay,B,2,575,53.45,24.45,0
10757,2022-06-22,5,PRODUCE,156.197,0,Azuay,B,2,575,53.45,24.45,0
12947,2022-06-22,8,BEVERAGES,448.229,0,Guayas,C,1,965,53.45,24.45,0
14407,2022-06-22,8,CLEANING,173.725,0,Guayas,C,1,965,53.45,24.45,0
12217,2022-06-22,8,GROCERY I,572.772,0,Guayas,C,1,965,53.45,24.45,0
13677,2022-06-22,8,PRODUCE,282.544,0,Guayas,C,1,965,53.45,24.45,0
1268,2022-06-23,1,BEVERAGES,331.017,0,Pichincha,D,2,1093,52.38,24.38,0
2728,2022-06-23,1,CLEANING,199.587,22,Pichincha,D,2,1093,52.38,24.38,0
538,2022-06-23,1,GROCERY I,650.634,16,Pichincha,D,2,1093,52.38,24.38,0
1998,2022-06-23,1,PRODUCE,286.737,0,Pichincha,D,2,1093,52.38,24.38,0
4188,2022-06-23,2,BEVERAGES,336.834,0,Pichincha,D,3,848,52.38,24.38,0
5648,2022-06-23,2,CLEANING,120.314,0,Pichincha,D,3,848,52.38,24.38,0
3458,2022-06-23,2,GROCERY I,443.508,0,Pichincha,D,3,848,52.38,24.38,0
4918,2022-06-23,2,PRODUCE,287.943,9,Pichincha,D,3,848,52.38,24.38,0
7108,2022-06-23,3,BEVERAGES,468.487,0,Guayas,A,4,1280,52.38,24.38,0
8568,2022-06-23,3,CLEANING,242.216,0,Guayas,A,4,1280,52.38,24.38,0
6378,2022-06-23,3,GROCERY I,782.602,0,Guayas,A,4,1280,52.38,24.38,0
7838,2022-06-23,3,PRODUCE,377.155,0,Guayas,A,4,1280,52.38,24.38,0
10028,2022-06-23,5,BEVERAGES,188.659,0,Azuay,B,2,657,52.38,24.38,0
11488,2022-06-23,5,CLEANING,98.216,0,Azuay,B,2,657,52.38,24.38,0
9298,2022-06-23,5,GROCERY I,333.83,0,Azuay,B,2,657,52.38,24.38,0
10758,2022-06-23,5,PRODUCE,161.007,0,Azuay,B,2,657,52.38,24.38,0
12948,2022-06-23,8,BEVERAGES,337.672,0,Guayas,C,1,1187,52.38,24.38,0
14408,2022-06-23,8,CLEANING,156.792,0,Guayas,C,1,1187,52.38,24.38,0
12218,2022-06-23,8,GROCERY I,575.312,0,Guayas,C,1,1187,52.38,24.38,0
13678,2022-06-23,8,PRODUCE,274.975,0,Guayas,C,1,1187,52.38,24.38,0
1269,2022-06-24,1,BEVERAGES,470.751,0,Pichincha,D,2,1152,52.02,24.24,0
2729,2022-06-24,1,CLEANING,172.964,0,Pichincha,D,2,1152,52.02,24.24,0
539,2022-06-24,1,GROCERY I,910.017,22,Pichincha,D,2,1152,52.02,24.24,0
1999,2022-06-24,1,PRODUCE,269.978,0,Pichincha,D,2,1152,52.02,24.24,0
4189,2022-06-24,2,BEVERAGES,371.103,0,Pichincha,D,3,1108,52.02,24.24,0
5649,2022-06-24,2,CLEANING,184.071,11,Pichincha,D,3,1108,52.02,24.24,0
3459,2022-06-24,2,GROCERY I,612.806,0,Pichincha,D,3,1108,52.02,24.24,0
4919,2022-06-24,2,PRODUCE,266.346,0,Pichincha,D,3,1108,52.02,24.24,0
7109,2022-06-24,3,BEVERAGES,645.771,0,Guayas,A,4,1596,52.02,24.24,0
8569,2022-06-24,3,CLEANING,292.017,9,Guayas,A,4,1596,52.02,24.24,0
6379,2022-06-24,3,GROCERY I,937.488,0,Guayas,A,4,1596,52.02,24.24,0
7839,2022-06-24,3,PRODUCE,405.334,0,Guayas,A,4,1596,52.02,24.24,0
10029,2022-06-24,5,BEVERAGES,304.069,15,Azuay,B,2,733,52.02,24.24,0
11489,2022-06-24,5,CLEANING,115.282,0,Azuay,B,2,733,52.02,24.24,0
9299,2022-06-24,5,GROCERY I,507.949,20,Azuay,B,2,733,52.02,24.24,0
10759,2022-06-24,5,PRODUCE,188.396,0,Azuay,B,2,733,52.02,24.24,0
12949,2022-06-24,8,BEVERAGES,544.091,0,Guayas,C,1,1252,52.02,24.24,0
14409,2022-06-24,8,CLEANING,189.422,0,Guayas,C,1,1252,52.02,24.24,0
12219,2022-06-24,8,GROCERY I,820.041,0,Guayas,C,1,1252,52.02,24.24,0
13679,2022-06-24,8,PRODUCE,326.855,0,Guayas,C,1,1252,52.02,24.24,0
1270,2022-06-25,1,BEVERAGES,594.798,0,Pichincha,D,2,1383,51.26,25.51,0
2730,2022-06-25,1,CLEANING,224.139,0,Pichincha,D,2,1383,51.26,25.51,0
540,2022-06-25,1,GROCERY I,1007.76,23,Pichincha,D,2,1383,51.26,25.51,0
2000,2022-06-25,1,PRODUCE,376.282,0,Pichincha,D,2,1383,51.26,25.51,0
4190,2022-06-25,2,BEVERAGES,423.952,0,Pichincha,D,3,1185,51.26,25.51,0
5650,2022-06-25,2,CLEANING,202.96,0,Pichincha,D,3,1185,51.26,25.51,0
3460,2022-06-25,2,GROCERY I,764.118,0,Pichincha,D,3,1185,51.26,25.51,0
4920,2022-06-25,2,PRODUCE,326.575,0,Pichincha,D,3,1185,51.26,25.51,0
7110,2022-06-25,3,BEVERAGES,645.587,0,Guayas,A,4,1884,51.26,25.51,0
8570,2022-06-25,3,CLEANING,331.785,0,Guayas,A,4,1884,51.26,25.51,0
6380,2022-06-25,3,GROCERY I,1018.731,0,Guayas,A,4,1884,51.26,25.51,0
7840,2022-06-25,3,PRODUCE,468.843,0,Guayas,A,4,1884,51.26,25.51,0
10030,2022-06-25,5,BEVERAGES,293.329,0,Azuay,B,2,820,51.26,25.51,0
11490,2022-06-25,5,CLEANING,118.929,0,Azuay,B,2,820,51.26,25.51,0
9300,2022-06-25,5,GROCERY I,513.533,0,Azuay,B,2,820,51.26,25.51,0
10760,2022-06-25,5,PRODUCE,245.273,0,Azuay,B,2,820,51.26,25.51,0
12950,2022-06-25,8,BEVERAGES,580.571,0,Guayas,C,1,1557,51.26,25.51,0
14410,2022-06-25,8,CLEANING,255.303,0,Guayas,C,1,1557,51.26,25.51,0
12220,2022-06-25,8,GROCERY I,937.392,0,Guayas,C,1,1557,51.26,25.51,0
13680,2022-06-25,8,PRODUCE,505.207,0,Guayas,C,1,1557,51.26,25.51,0
1271,2022-06-26,1,BEVERAGES,470.948,0,Pichincha,D,2,1255,50.89,25.33,0
2731,2022-06-26,1,CLEANING,171.895,0,Pichincha,D,2,1255,50.89,25.33,0
541,2022-06-26,1,GROCERY I,703.316,0,Pichincha,D,2,1255,50.89,25.33,0
2001,2022-06-26,1,PRODUCE,297.135,0,Pichincha,D,2,1255,50.89,25.33,0
4191,2022-06-26,2,BEVERAGES,405.418,16,Pichincha,D,3,978,50.89,25.33,0
5651,2022-06-26,2,CLEANING,148.114,0,Pichincha,D,3,978,50.89,25.33,0
3461,2022-06-26,2,GROCERY I,613.67,0,Pichincha,D,3,978,50.89,25.33,0
4921,2022-06-26,2,PRODUCE,302.822,0,Pichincha,D,3,978,50.89,25.33,0
7111,2022-06-26,3,BEVERAGES,585.293,0,Guayas,A,4,1644,50.89,25.33,0
8571,2022-06-26,3,CLEANING,249.529,0,Guayas,A,4,1644,50.89,25.33,0
6381,2022-06-26,3,GROCERY I,945.576,0,Guayas,A,4,1644,50.89,25.33,0
7841,2022-06-26,3,PRODUCE,429.875,0,Guayas,A,4,1644,50.89,25.33,0
10031,2022-06-26,5,BEVERAGES,218.945,0,Azuay,B,2,754,50.89,25.33,0
11491,2022-06-26,5,CLEANING,115.091,0,Azuay,B,2,754,50.89,25.33,0
9301,2022-06-26,5,GROCERY I,370.345,0,Azuay,B,2,754,50.89,25.33,0
10761,2022-06-26,5,PRODUCE,189.828,0,Azuay,B,2,754,50.89,25.33,0
12951,2022-06-26,8,BEVERAGES,472.679,0,Guayas,C,1,1380,50.89,25.33,0
14411,2022-06-26,8,CLEANING,199.578,0,Guayas,C,1,1380,50.89,25.33,0
12221,2022-06-26,8,GROCERY I,744.323,0,Guayas,C,1,1380,50.89,25.33,0
13681,2022-06-26,8,PRODUCE,301.945,0,Guayas,C,1,1380,50.89,25.33,0
1272,2022-06-27,1,BEVERAGES,385.826,0,Pichincha,D,2,975,51.0,22.72,0
2732,2022-06-27,1,CLEANING,155.549,0,Pichincha,D,2,975,51.0,22.72,0
542,2022-06-27,1,GROCERY I,530.86,0,Pichincha,D,2,975,51.0,22.72,0
2002,2022-06-27,1,PRODUCE,294.498,0,Pichincha,D,2,975,51.0,22.72,0
4192,2022-06-27,2,BEVERAGES,324.354,0,Pichincha,D,3,755,51.0,22.72,0
5652,2022-06-27,2,CLEANING,160.288,13,Pichincha,D,3,755,51.0,22.72,0
3462,2022-06-27,2,GROCERY I,589.959,5,Pichincha,D,3,755,51.0,22.72,0
4922,2022-06-27,2,PRODUCE,262.257,22,Pichincha,D,3,755,51.0,22.72,0
7112,2022-06-27,3,BEVERAGES,548.877,0,Guayas,A,4,1297,51.0,22.72,0
8572,2022-06-27,3,CLEANING,217.769,0,Guayas,A,4,1297,51.0,22.72,0
6382,2022-06-27,3,GROCERY I,685.116,0,Guayas,A,4,1297,51.0,22.72,0
7842,2022-06-27,3,PRODUCE,357.751,0,Guayas,A,4,1297,51.0,22.72,0
10032,2022-06-27,5,BEVERAGES,190.673,0,Azuay,B,2,522,51.0,22.72,0
11492,2022-06-27,5,CLEANING,111.456,3,Azuay,B,2,522,51.0,22.72,0
9302,2022-06-27,5,GROCERY I,302.961,0,Azuay,B,2,522,51.0,22.72,0
10762,2022-06-27,5,PRODUCE,144.464,0,Azuay,B,2,522,51.0,22.72,0
12952,2022-06-27,8,BEVERAGES,386.711,0,Guayas,C,1,1059,51.0,22.72,0
14412,2022-06-27,8,CLEANING,163.46,0,Guayas,C,1,1059,51.0,22.72,0
12222,2022-06-27,8,GROCERY I,539.108,0,Guayas,C,1,1059,51.0,22.72,0
13682,2022-06-27,8,PRODUCE,255.094,0,Guayas,C,1,1059,51.0,22.72,0
1273,2022-06-28,1,BEVERAGES,404.775,0,Pichincha,D,2,859,50.92,23.71,0
2733,2022-06-28,1,CLEANING,151.411,0,Pichincha,D,2,859,50.92,23.71,0
543,2022-06-28,1,GROCERY I,530.265,0,Pichincha,D,2,859,50.92,23.71,0
2003,2022-06-28,1,PRODUCE,222.139,0,Pichincha,D,2,859,50.92,23.71,0
4193,2022-06-28,2,BEVERAGES,316.482,0,Pichincha,D,3,850,50.92,23.71,0
5653,2022-06-28,2,CLEANING,108.27,0,Pichincha,D,3,850,50.92,23.71,0
3463,2022-06-28,2,GROCERY I,392.373,0,Pichincha,D,3,850,50.92,23.71,0
4923,2022-06-28,2,PRODUCE,278.05,4,Pichincha,D,3,850,50.92,23.71,0
7113,2022-06-28,3,BEVERAGES,419.699,0,Guayas,A,4,1247,50.92,23.71,0
8573,2022-06-28,3,CLEANING,180.799,0,Guayas,A,4,1247,50.92,23.71,0
6383,2022-06-28,3,GROCERY I,627.837,0,Guayas,A,4,1247,50.92,23.71,0
7843,2022-06-28,3,PRODUCE,351.59,0,Guayas,A,4,1247,50.92,23.71,0
10033,2022-06-28,5,BEVERAGES,178.114,0,Azuay,B,2,559,50.92,23.71,0
11493,2022-06-28,5,CLEANING,66.069,0,Azuay,B,2,559,50.92,23.71,0
9303,2022-06-28,5,GROCERY I,331.147,0,Azuay,B,2,559,50.92,23.71,0
10763,2022-06-28,5,PRODUCE,152.335,0,Azuay,B,2,559,50.92,23.71,0
12953,2022-06-28,8,BEVERAGES,423.456,3,Guayas,C,1,1007,50.92,23.71,0
14413,2022-06-28,8,CLEANING,160.68,0,Guayas,C,1,1007,50.92,23.71,0
12223,2022-06-28,8,GROCERY I,604.301,0,Guayas,C,1,1007,50.92,23.71,0
13683,2022-06-28,8,PRODUCE,272.166,0,Guayas,C,1,1007,50.92,23.71,0
1274,2022-06-29,1,BEVERAGES,421.457,0,Pichincha,D,2,993,50.81,22.26,0
2734,2022-06-29,1,CLEANING,188.746,17,Pichincha,D,2,993,50.81,22.26,0
544,2022-06-29,1,GROCERY I,570.263,0,Pichincha,D,2,993,50.81,22.26,0
2004,2022-06-29,1,PRODUCE,216.68,0,Pichincha,D,2,993,50.81,22.26,0
4194,2022-06-29,2,BEVERAGES,275.529,0,Pichincha,D,3,798,50.81,22.26,0
5654,2022-06-29,2,CLEANING,121.283,0,Pichincha,D,3,798,50.81,22.26,0
3464,2022-06-29,2,GROCERY I,497.52,0,Pichincha,D,3,798,50.81,22.26,0
4924,2022-06-29,2,PRODUCE,194.646,0,Pichincha,D,3,798,50.81,22.26,0
7114,2022-06-29,3,BEVERAGES,472.841,0,Guayas,A,4,1273,50.81,22.26,0
8574,2022-06-29,3,CLEANING,199.16,0,Guayas,A,4,1273,50.81,22.26,0
6384,2022-06-29,3,GROCERY I,669.409,0,Guayas,A,4,1273,50.81,22.26,0
7844,2022-06-29,3,PRODUCE,352.403,0,Guayas,A,4,1273,50.81,22.26,0
10034,2022-06-29,5,BEVERAGES,226.99,15,Azuay,B,2,551,50.81,22.26,0
11494,2022-06-29,5,CLEANING,87.336,0,Azuay,B,2,551,50.81,22.26,0
9304,2022-06-29,5,GROCERY I,335.147,0,Azuay,B,2,551,50.81,22.26,0
10764,2022-06-29,5,PRODUCE,136.505,0,Azuay,B,2,551,50.81,22.26,0
12954,2022-06-29,8,BEVERAGES,410.595,0,Guayas,C,1,1029,50.81,22.26,0
14414,2022-06-29,8,CLEANING,164.043,0,Guayas,C,1,1029,50.81,22.26,0
12224,2022-06-29,8,GROCERY I,558.877,0,Guayas,C,1,1029,50.81,22.26,0
13684,2022-06-29,8,PRODUCE,263.235,0,Guayas,C,1,1029,50.81,22.26,0
1275,2022-06-30,1,BEVERAGES,374.193,0,Pichincha,D,2,991,50.74,23.1,0
2735,2022-06-30,1,CLEANING,176.86,4,Pichincha,D,2,991,50.74,23.1,0
545,2022-06-30,1,GROCERY I,634.187,0,Pichincha,D,2,991,50.74,23.1,0
2005,2022-06-30,1,PRODUCE,270.251,0,Pichincha,D,2,991,50.74,23.1,0
4195,2022-06-30,2,BEVERAGES,286.827,0,Pichincha,D,3,853,50.74,23.1,0
5655,2022-06-30,2,CLEANING,134.338,0,Pichincha,D,3,853,50.74,23.1,0
3465,2022-06-30,2,GROCERY I,553.273,0,Pichincha,D,3,853,50.74,23.1,0
4925,2022-06-30,2,PRODUCE,217.113,0,Pichincha,D,3,853,50.74,23.1,0
7115,2022-06-30,3,BEVERAGES,750.332,14,Guayas,A,4,1422,50.74,23.1,0
8575,2022-06-30,3,CLEANING,191.046,0,Guayas,A,4,1422,50.74,23.1,0
6385,2022-06-30,3,GROCERY I,791.415,0,Guayas,A,4,1422,50.74,23.1,0
7845,2022-06-30,3,PRODUCE,402.137,19,Guayas,A,4,1422,50.74,23.1,0
10035,2022-06-30,5,BEVERAGES,241.592,0,Azuay,B,2,551,50.74,23.1,0
11495,2022-06-30,5,CLEANING,116.45,13,Azuay,B,2,551,50.74,23.1,0
9305,2022-06-30,5,GROCERY I,374.411,0,Azuay,B,2,551,50.74,23.1,0
10765,2022-06-30,5,PRODUCE,149.802,0,Azuay,B,2,551,50.74,23.1,0
12955,2022-06-30,8,BEVERAGES,373.682,0,Guayas,C,1,1117,50.74,23.1,0
14415,2022-06-30,8,CLEANING,157.749,0,Guayas,C,1,1117,50.74,23.1,0
12225,2022-06-30,8,GROCERY I,660.001,0,Guayas,C,1,1117,50.74,23.1,0
13685,2022-06-30,8,PRODUCE,313.98,0,Guayas,C,1,1117,50.74,23.1,0
1276,2022-07-01,1,BEVERAGES,422.917,0,Pichincha,D,2,1124,50.83,22.17,0
2736,2022-07-01,1,CLEANING,180.543,0,Pichincha,D,2,1124,50.83,22.17,0
546,2022-07-01,1,GROCERY I,525.294,0,Pichincha,D,2,1124,50.83,22.17,0
2006,2022-07-01,1,PRODUCE,303.502,0,Pichincha,D,2,1124,50.83,22.17,0
4196,2022-07-01,2,BEVERAGES,404.147,0,Pichincha,D,3,974,50.83,22.17,0
5656,2022-07-01,2,CLEANING,145.742,24,Pichincha,D,3,974,50.83,22.17,0
3466,2022-07-01,2,GROCERY I,579.263,0,Pichincha,D,3,974,50.83,22.17,0
4926,2022-07-01,2,PRODUCE,301.135,23,Pichincha,D,3,974,50.83,22.17,0
7116,2022-07-01,3,BEVERAGES,654.034,0,Guayas,A,4,1615,50.83,22.17,0
8576,2022-07-01,3,CLEANING,283.708,0,Guayas,A,4,1615,50.83,22.17,0
6386,2022-07-01,3,GROCERY I,865.653,0,Guayas,A,4,1615,50.83,22.17,0
7846,2022-07-01,3,PRODUCE,604.159,18,Guayas,A,4,1615,50.83,22.17,0
10036,2022-07-01,5,BEVERAGES,266.368,0,Azuay,B,2,733,50.83,22.17,0
11496,2022-07-01,5,CLEANING,93.193,0,Azuay,B,2,733,50.83,22.17,0
9306,2022-07-01,5,GROCERY I,440.509,0,Azuay,B,2,733,50.83,22.17,0
10766,2022-07-01,5,PRODUCE,184.817,0,Azuay,B,2,733,50.83,22.17,0
12956,2022-07-01,8,BEVERAGES,657.757,10,Guayas,C,1,1245,50.83,22.17,0
14416,2022-07-01,8,CLEANING,210.021,0,Guayas,C,1,1245,50.83,22.17,0
12226,2022-07-01,8,GROCERY I,763.868,0,Guayas,C,1,1245,50.83,22.17,0
13686,2022-07-01,8,PRODUCE,367.926,0,Guayas,C,1,1245,50.83,22.17,0
1277,2022-07-02,1,BEVERAGES,483.869,0,Pichincha,D,2,1469,50.37,25.22,0
2737,2022-07-02,1,CLEANING,231.926,0,Pichincha,D,2,1469,50.37,25.22,0
547,2022-07-02,1,GROCERY I,755.702,0,Pichincha,D,2,1469,50.37,25.22,0
2007,2022-07-02,1,PRODUCE,323.692,0,Pichincha,D,2,1469,50.37,25.22,0
4197,2022-07-02,2,BEVERAGES,406.813,0,Pichincha,D,3,1183,50.37,25.22,0
5657,2022-07-02,2,CLEANING,172.352,0,Pichincha,D,3,1183,50.37,25.22,0
3467,2022-07-02,2,GROCERY I,771.971,4,Pichincha,D,3,1183,50.37,25.22,0
4927,2022-07-02,2,PRODUCE,328.267,0,Pichincha,D,3,1183,50.37,25.22,0
7117,2022-07-02,3,BEVERAGES,663.94,0,Guayas,A,4,2006,50.37,25.22,0
8577,2022-07-02,3,CLEANING,279.562,0,Guayas,A,4,2006,50.37,25.22,0
6387,2022-07-02,3,GROCERY I,1051.552,0,Guayas,A,4,2006,50.37,25.22,0
7847,2022-07-02,3,PRODUCE,519.782,0,Guayas,A,4,2006,50.37,25.22,0
10037,2022-07-02,5,BEVERAGES,328.679,0,Azuay,B,2,760,50.37,25.22,0
11497,2022-07-02,5,CLEANING,133.69,0,Azuay,B,2,760,50.37,25.22,0
9307,2022-07-02,5,GROCERY I,570.026,0,Azuay,B,2,760,50.37,25.22,0
10767,2022-07-02,5,PRODUCE,221.04,0,Azuay,B,2,760,50.37,25.22,0
12957,2022-07-02,8,BEVERAGES,613.667,0,Guayas,C,1,1537,50.37,25.22,0
14417,2022-07-02,8,CLEANING,222.253,0,Guayas,C,1,1537,50.37,25.22,0
12227,2022-07-02,8,GROCERY I,1061.693,0,Guayas,C,1,1537,50.37,25.22,0
13687,2022-07-02,8,PRODUCE,390.248,0,Guayas,C,1,1537,50.37,25.22,0
1278,2022-07-03,1,BEVERAGES,615.011,11,Pichincha,D,2,1266,50.69,23.4,0
2738,2022-07-03,1,CLEANING,190.617,0,Pichincha,D,2,1266,50.69,23.4,0
548,2022-07-03,1,GROCERY I,727.742,0,Pichincha,D,2,1266,50.69,23.4,0
2008,2022-07-03,1,PRODUCE,344.402,0,Pichincha,D,2,1266,50.69,23.4,0
4198,2022-07-03,2,BEVERAGES,439.946,0,Pichincha,D,3,1017,50.69,23.4,0
5658,2022-07-03,2,CLEANING,165.175,0,Pichincha,D,3,1017,50.69,23.4,0
3468,2022-07-03,2,GROCERY I,578.627,0,Pichincha,D,3,1017,50.69,23.4,0
4928,2022-07-03,2,PRODUCE,244.556,0,Pichincha,D,3,1017,50.69,23.4,0
7118,2022-07-03,3,BEVERAGES,592.794,0,Guayas,A,4,1651,50.69,23.4,0
8578,2022-07-03,3,CLEANING,225.458,0,Guayas,A,4,1651,50.69,23.4,0
6388,2022-07-03,3,GROCERY I,1223.417,2,Guayas,A,4,1651,50.69,23.4,0
7848,2022-07-03,3,PRODUCE,418.437,0,Guayas,A,4,1651,50.69,23.4,0
10038,2022-07-03,5,BEVERAGES,277.804,0,Azuay,B,2,689,50.69,23.4,0
11498,2022-07-03,5,CLEANING,112.389,0,Azuay,B,2,689,50.69,23.4,0
9308,2022-07-03,5,GROCERY I,488.547,9,Azuay,B,2,689,50.69,23.4,0
10768,2022-07-03,5,PRODUCE,223.084,17,Azuay,B,2,689,50.69,23.4,0
12958,2022-07-03,8,BEVERAGES,517.782,0,Guayas,C,1,1258,50.69,23.4,0
14418,2022-07-03,8,CLEANING,244.395,0,Guayas,C,1,1258,50.69,23.4,0
12228,2022-07-03,8,GROCERY I,780.156,0,Guayas,C,1,1258,50.69,23.4,0
13688,2022-07-03,8,PRODUCE,408.831,0,Guayas,C,1,1258,50.69,23.4,0
1279,2022-07-04,1,BEVERAGES,316.981,0,Pichincha,D,2,908,50.99,22.52,0
2739,2022-07-04,1,CLEANING,147.729,0,Pichincha,D,2,908,50.99,22.52,0
549,2022-07-04,1,GROCERY I,554.957,0,Pichincha,D,2,908,50.99,22.52,0
2009,2022-07-04,1,PRODUCE,210.64,0,Pichincha,D,2,908,50.99,22.52,0
4199,2022-07-04,2,BEVERAGES,293.057,0,Pichincha,D,3,842,50.99,22.52,0
5659,2022-07-04,2,CLEANING,126.636,0,Pichincha,D,3,842,50.99,22.52,0
3469,2022-07-04,2,GROCERY I,537.927,14,Pichincha,D,3,842,50.99,22.52,0
4929,2022-07-04,2,PRODUCE,248.825,4,Pichincha,D,3,842,50.99,22.52,0
7119,2022-07-04,3,BEVERAGES,479.999,0,Guayas,A,4,1338,50.99,22.52,0
8579,2022-07-04,3,CLEANING,174.499,0,Guayas,A,4,1338,50.99,22.52,0
6389,2022-07-04,3,GROCERY I,649.57,0,Guayas,A,4,1338,50.99,22.52,0
7849,2022-07-04,3,PRODUCE,359.149,0,Guayas,A,4,1338,50.99,22.52,0
10039,2022-07-04,5,BEVERAGES,227.507,0,Azuay,B,2,531,50.99,22.52,0
11499,2022-07-04,5,CLEANING,119.242,4,Azuay,B,2,531,50.99,22.52,0
9309,2022-07-04,5,GROCERY I,366.585,0,Azuay,B,2,531,50.99,22.52,0
10769,2022-07-04,5,PRODUCE,140.623,0,Azuay,B,2,531,50.99,22.52,0
12959,2022-07-04,8,BEVERAGES,323.432,0,Guayas,C,1,978,50.99,22.52,0
14419,2022-07-04,8,CLEANING,160.065,0,Guayas,C,1,978,50.99,22.52,0
12229,2022-07-04,8,GROCERY I,723.573,0,Guayas,C,1,978,50.99,22.52,0
13689,2022-07-04,8,PRODUCE,253.126,0,Guayas,C,1,978,50.99,22.52,0
1280,2022-07-05,1,BEVERAGES,334.58,0,Pichincha,D,2,1003,51.16,24.44,0
2740,2022-07-05,1,CLEANING,168.167,0,Pichincha,D,2,1003,51.16,24.44,0
550,2022-07-05,1,GROCERY I,670.213,8,Pichincha,D,2,1003,51.16,24.44,0
2010,2022-07-05,1,PRODUCE,220.307,0,Pichincha,D,2,1003,51.16,24.44,0
4200,2022-07-05,2,BEVERAGES,270.447,0,Pichincha,D,3,781,51.16,24.44,0
5660,2022-07-05,2,CLEANING,111.977,0,Pichincha,D,3,781,51.16,24.44,0
3470,2022-07-05,2,GROCERY I,419.776,0,Pichincha,D,3,781,51.16,24.44,0
4930,2022-07-05,2,PRODUCE,165.567,0,Pichincha,D,3,781,51.16,24.44,0
7120,2022-07-05,3,BEVERAGES,629.501,15,Guayas,A,4,1229,51.16,24.44,0
8580,2022-07-05,3,CLEANING,192.042,0,Guayas,A,4,1229,51.16,24.44,0
6390,2022-07-05,3,GROCERY I,719.783,0,Guayas,A,4,1229,51.16,24.44,0
7850,2022-07-05,3,PRODUCE,335.057,0,Guayas,A,4,1229,51.16,24.44,0
10040,2022-07-05,5,BEVERAGES,240.015,12,Azuay,B,2,531,51.16,24.44,0
11500,2022-07-05,5,CLEANING,79.242,0,Azuay,B,2,531,51.16,24.44,0
9310,2022-07-05,5,GROCERY I,278.721,0,Azuay,B,2,531,51.16,24.44,0
10770,2022-07-05,5,PRODUCE,152.794,21,Azuay,B,2,531,51.16,24.44,0
12960,2022-07-05,8,BEVERAGES,330.279,0,Guayas,C,1,957,51.16,24.44,0
14420,2022-07-05,8,CLEANING,165.819,0,Guayas,C,1,957,51.16,24.44,0
12230,2022-07-05,8,GROCERY I,584.776,0,Guayas,C,1,957,51.16,24.44,0
13690,2022-07-05,8,PRODUCE,248.407,0,Guayas,C,1,957,51.16,24.44,0
1281,2022-07-06,1,BEVERAGES,359.29,0,Pichincha,D,2,974,51.41,19.67,0
2741,2022-07-06,1,CLEANING,136.513,0,Pichincha,D,2,974,51.41,19.67,0
551,2022-07-06,1,GROCERY I,564.499,0,Pichincha,D,2,974,51.41,19.67,0
2011,2022-07-06,1,PRODUCE,239.566,0,Pichincha,D,2,974,51.41,19.67,0
4201,2022-07-06,2,BEVERAGES,292.539,0,Pichincha,D,3,823,51.41,19.67,0
5661,2022-07-06,2,CLEANING,134.243,2,Pichincha,D,3,823,51.41,19.67,0
3471,2022-07-06,2,GROCERY I,477.442,0,Pichincha,D,3,823,51.41,19.67,0
4931,2022-07-06,2,PRODUCE,217.83,0,Pichincha,D,3,823,51.41,19.67,0
7121,2022-07-06,3,BEVERAGES,436.617,0,Guayas,A,4,1250,51.41,19.67,0
8581,2022-07-06,3,CLEANING,235.39,11,Guayas,A,4,1250,51.41,19.67,0
6391,2022-07-06,3,GROCERY I,799.748,0,Guayas,A,4,1250,51.41,19.67,0
7851,2022-07-06,3,PRODUCE,335.184,0,Guayas,A,4,1250,51.41,19.67,0
10041,2022-07-06,5,BEVERAGES,282.934,6,Azuay,B,2,625,51.41,19.67,0
11501,2022-07-06,5,CLEANING,86.948,0,Azuay,B,2,625,51.41,19.67,0
9311,2022-07-06,5,GROCERY I,384.072,0,Azuay,B,2,625,51.41,19.67,0
10771,2022-07-06,5,PRODUCE,134.567,0,Azuay,B,2,625,51.41,19.67,0
12961,2022-07-06,8,BEVERAGES,387.026,0,Guayas,C,1,1078,51.41,19.67,0
14421,2022-07-06,8,CLEANING,174.267,0,Guayas,C,1,1078,51.41,19.67,0
12231,2022-07-06,8,GROCERY I,692.214,22,Guayas,C,1,1078,51.41,19.67,0
13691,2022-07-06,8,PRODUCE,315.812,0,Guayas,C,1,1078,51.41,19.67,0
1282,2022-07-07,1,BEVERAGES,357.611,0,Pichincha,D,2,997,51.55,19.82,0
2742,2022-07-07,1,CLEANING,172.351,0,Pichincha,D,2,997,51.55,19.82,0
552,2022-07-07,1,GROCERY I,564.063,0,Pichincha,D,2,997,51.55,19.82,0
2012,2022-07-07,1,PRODUCE,285.015,0,Pichincha,D,2,997,51.55,19.82,0
4202,2022-07-07,2,BEVERAGES,295.886,0,Pichincha,D,3,863,51.55,19.82,0
5662,2022-07-07,2,CLEANING,135.826,0,Pichincha,D,3,863,51.55,19.82,0
3472,2022-07-07,2,GROCERY I,486.601,0,Pichincha,D,3,863,51.55,19.82,0
4932,2022-07-07,2,PRODUCE,241.965,0,Pichincha,D,3,863,51.55,19.82,0
7122,2022-07-07,3,BEVERAGES,456.639,0,Guayas,A,4,1443,51.55,19.82,0
8582,2022-07-07,3,CLEANING,224.097,0,Guayas,A,4,1443,51.55,19.82,0
6392,2022-07-07,3,GROCERY I,847.546,0,Guayas,A,4,1443,51.55,19.82,0
7852,2022-07-07,3,PRODUCE,348.878,0,Guayas,A,4,1443,51.55,19.82,0
10042,2022-07-07,5,BEVERAGES,190.923,0,Azuay,B,2,632,51.55,19.82,0
11502,2022-07-07,5,CLEANING,92.809,0,Azuay,B,2,632,51.55,19.82,0
9312,2022-07-07,5,GROCERY I,346.074,0,Azuay,B,2,632,51.55,19.82,0
10772,2022-07-07,5,PRODUCE,177.329,0,Azuay,B,2,632,51.55,19.82,0
12962,2022-07-07,8,BEVERAGES,409.223,0,Guayas,C,1,1085,51.55,19.82,0
14422,2022-07-07,8,CLEANING,166.514,0,Guayas,C,1,1085,51.55,19.82,0
12232,2022-07-07,8,GROCERY I,574.773,0,Guayas,C,1,1085,51.55,19.82,0
13692,2022-07-07,8,PRODUCE,256.89,0,Guayas,C,1,1085,51.55,19.82,0
1283,2022-07-08,1,BEVERAGES,444.574,0,Pichincha,D,2,1248,52.46,23.7,0
2743,2022-07-08,1,CLEANING,198.806,10,Pichincha,D,2,1248,52.46,23.7,0
553,2022-07-08,1,GROCERY I,639.623,0,Pichincha,D,2,1248,52.46,23.7,0
2013,2022-07-08,1,PRODUCE,343.635,0,Pichincha,D,2,1248,52.46,23.7,0
4203,2022-07-08,2,BEVERAGES,390.882,0,Pichincha,D,3,981,52.46,23.7,0
5663,2022-07-08,2,CLEANING,144.514,0,Pichincha,D,3,981,52.46,23.7,0
3473,2022-07-08,2,GROCERY I,599.189,0,Pichincha,D,3,981,52.46,23.7,0
4933,2022-07-08,2,PRODUCE,272.515,0,Pichincha,D,3,981,52.46,23.7,0
7123,2022-07-08,3,BEVERAGES,622.079,0,Guayas,A,4,1553,52.46,23.7,0
8583,2022-07-08,3,CLEANING,239.947,0,Guayas,A,4,1553,52.46,23.7,0
6393,2022-07-08,3,GROCERY I,0.0,0,Guayas,A,4,1553,52.46,23.7,0
7853,2022-07-08,3,PRODUCE,451.613,0,Guayas,A,4,1553,52.46,23.7,0
10043,2022-07-08,5,BEVERAGES,247.074,0,Azuay,B,2,710,52.46,23.7,0
11503,2022-07-08,5,CLEANING,77.906,0,Azuay,B,2,710,52.46,23.7,0
9313,2022-07-08,5,GROCERY I,403.689,0,Azuay,B,2,710,52.46,23.7,0
10773,2022-07-08,5,PRODUCE,172.201,0,Azuay,B,2,710,52.46,23.7,0
12963,2022-07-08,8,BEVERAGES,515.037,0,Guayas,C,1,1325,52.46,23.7,0
14423,2022-07-08,8,CLEANING,181.807,0,Guayas,C,1,1325,52.46,23.7,0
12233,2022-07-08,8,GROCERY I,677.247,0,Guayas,C,1,1325,52.46,23.7,0
13693,2022-07-08,8,PRODUCE,347.526,0,Guayas,C,1,1325,52.46,23.7,0
1284,2022-07-09,1,BEVERAGES,644.488,0,Pichincha,D,2,1425,52.42,22.6,0
2744,2022-07-09,1,CLEANING,232.527,0,Pichincha,D,2,1425,52.42,22.6,0
554,2022-07-09,1,GROCERY I,792.869,0,Pichincha,D,2,1425,52.42,22.6,0
2014,2022-07-09,1,PRODUCE,498.359,8,Pichincha,D,2,1425,52.42,22.6,0
4204,2022-07-09,2,BEVERAGES,462.713,0,Pichincha,D,3,1140,52.42,22.6,0
5664,2022-07-09,2,CLEANING,188.534,0,Pichincha,D,3,1140,52.42,22.6,0
3474,2022-07-09,2,GROCERY I,685.709,0,Pichincha,D,3,1140,52.42,22.6,0
4934,2022-07-09,2,PRODUCE,326.374,0,Pichincha,D,3,1140,52.42,22.6,0
7124,2022-07-09,3,BEVERAGES,730.832,13,Guayas,A,4,1814,52.42,22.6,0
8584,2022-07-09,3,CLEANING,327.057,0,Guayas,A,4,1814,52.42,22.6,0
6394,2022-07-09,3,GROCERY I,1087.777,0,Guayas,A,4,1814,52.42,22.6,0
7854,2022-07-09,3,PRODUCE,578.813,0,Guayas,A,4,1814,52.42,22.6,0
10044,2022-07-09,5,BEVERAGES,272.481,0,Azuay,B,2,853,52.42,22.6,0
11504,2022-07-09,5,CLEANING,121.86,0,Azuay,B,2,853,52.42,22.6,0
9314,2022-07-09,5,GROCERY I,506.186,0,Azuay,B,2,853,52.42,22.6,0
10774,2022-07-09,5,PRODUCE,264.315,23,Azuay,B,2,853,52.42,22.6,0
12964,2022-07-09,8,BEVERAGES,423.097,0,Guayas,C,1,1577,52.42,22.6,0
14424,2022-07-09,8,CLEANING,256.25,0,Guayas,C,1,1577,52.42,22.6,0
12234,2022-07-09,8,GROCERY I,922.135,0,Guayas,C,1,1577,52.42,22.6,0
13694,2022-07-09,8,PRODUCE,464.366,0,Guayas,C,1,1577,52.42,22.6,0
1285,2022-07-10,1,BEVERAGES,451.112,0,Pichincha,D,2,1239,52.29,22.8,0
2745,2022-07-10,1,CLEANING,203.46,0,Pichincha,D,2,1239,52.29,22.8,0
555,2022-07-10,1,GROCERY I,779.24,0,Pichincha,D,2,1239,52.29,22.8,0
2015,2022-07-10,1,PRODUCE,319.221,0,Pichincha,D,2,1239,52.29,22.8,0
4205,2022-07-10,2,BEVERAGES,409.838,0,Pichincha,D,3,984,52.29,22.8,0
5665,2022-07-10,2,CLEANING,161.895,0,Pichincha,D,3,984,52.29,22.8,0
3475,2022-07-10,2,GROCERY I,533.038,0,Pichincha,D,3,984,52.29,22.8,0
4935,2022-07-10,2,PRODUCE,284.923,0,Pichincha,D,3,984,52.29,22.8,0
7125,2022-07-10,3,BEVERAGES,564.401,0,Guayas,A,4,1642,52.29,22.8,0
8585,2022-07-10,3,CLEANING,248.882,0,Guayas,A,4,1642,52.29,22.8,0
6395,2022-07-10,3,GROCERY I,898.529,0,Guayas,A,4,1642,52.29,22.8,0
7855,2022-07-10,3,PRODUCE,434.769,15,Guayas,A,4,1642,52.29,22.8,0
10045,2022-07-10,5,BEVERAGES,290.678,0,Azuay,B,2,743,52.29,22.8,0
11505,2022-07-10,5,CLEANING,110.496,0,Azuay,B,2,743,52.29,22.8,0
9315,2022-07-10,5,GROCERY I,355.457,0,Azuay,B,2,743,52.29,22.8,0
10775,2022-07-10,5,PRODUCE,195.991,6,Azuay,B,2,743,52.29,22.8,0
12965,2022-07-10,8,BEVERAGES,465.331,0,Guayas,C,1,1376,52.29,22.8,0
14425,2022-07-10,8,CLEANING,222.812,9,Guayas,C,1,1376,52.29,22.8,0
12235,2022-07-10,8,GROCERY I,0.0,0,Guayas,C,1,1376,52.29,22.8,0
13695,2022-07-10,8,PRODUCE,271.535,0,Guayas,C,1,1376,52.29,22.8,0
1286,2022-07-11,1,BEVERAGES,343.876,0,Pichincha,D,2,937,51.95,20.53,0
2746,2022-07-11,1,CLEANING,143.193,0,Pichincha,D,2,937,51.95,20.53,0
556,2022-07-11,1,GROCERY I,517.659,0,Pichincha,D,2,937,51.95,20.53,0
2016,2022-07-11,1,PRODUCE,198.507,0,Pichincha,D,2,937,51.95,20.53,0
4206,2022-07-11,2,BEVERAGES,297.776,0,Pichincha,D,3,958,51.95,20.53,0
5666,2022-07-11,2,CLEANING,117.888,0,Pichincha,D,3,958,51.95,20.53,0
3476,2022-07-11,2,GROCERY I,433.103,0,Pichincha,D,3,958,51.95,20.53,0
4936,2022-07-11,2,PRODUCE,220.963,0,Pichincha,D,3,958,51.95,20.53,0
7126,2022-07-11,3,BEVERAGES,478.744,0,Guayas,A,4,1215,51.95,20.53,0
8586,2022-07-11,3,CLEANING,221.003,0,Guayas,A,4,1215,51.95,20.53,0
6396,2022-07-11,3,GROCERY I,741.465,0,Guayas,A,4,1215,51.95,20.53,0
7856,2022-07-11,3,PRODUCE,380.293,0,Guayas,A,4,1215,51.95,20.53,0
10046,2022-07-11,5,BEVERAGES,212.916,0,Azuay,B,2,642,51.95,20.53,0
11506,2022-07-11,5,CLEANING,67.79,0,Azuay,B,2,642,51.95,20.53,0
9316,2022-07-11,5,GROCERY I,286.946,0,Azuay,B,2,642,51.95,20.53,0
10776,2022-07-11,5,PRODUCE,179.189,0,Azuay,B,2,642,51.95,20.53,0
12966,2022-07-11,8,BEVERAGES,421.445,0,Guayas,C,1,1021,51.95,20.53,0
14426,2022-07-11,8,CLEANING,145.571,0,Guayas,C,1,1021,51.95,20.53,0
12236,2022-07-11,8,GROCERY I,617.837,20,Guayas,C,1,1021,51.95,20.53,0
13696,2022-07-11,8,PRODUCE,269.683,0,Guayas,C,1,1021,51.95,20.53,0
1287,2022-07-12,1,BEVERAGES,369.998,0,Pichincha,D,2,951,51.48,22.29,0
2747,2022-07-12,1,CLEANING,126.591,0,Pichincha,D,2,951,51.48,22.29,0
557,2022-07-12,1,GROCERY I,521.965,0,Pichincha,D,2,951,51.48,22.29,0
2017,2022-07-12,1,PRODUCE,249.057,0,Pichincha,D,2,951,51.48,22.29,0
4207,2022-07-12,2,BEVERAGES,266.063,0,Pichincha,D,3,853,51.48,22.29,0
5667,2022-07-12,2,CLEANING,127.585,0,Pichincha,D,3,853,51.48,22.29,0
3477,2022-07-12,2,GROCERY I,407.851,0,Pichincha,D,3,853,51.48,22.29,0
4937,2022-07-12,2,PRODUCE,207.794,0,Pichincha,D,3,853,51.48,22.29,0
7127,2022-07-12,3,BEVERAGES,455.595,0,Guayas,A,4,1206,51.48,22.29,0
8587,2022-07-12,3,CLEANING,175.21,0,Guayas,A,4,1206,51.48,22.29,0
6397,2022-07-12,3,GROCERY I,812.889,0,Guayas,A,4,1206,51.48,22.29,0
7857,2022-07-12,3,PRODUCE,324.894,0,Guayas,A,4,1206,51.48,22.29,0
10047,2022-07-12,5,BEVERAGES,215.097,0,Azuay,B,2,473,51.48,22.29,0
11507,2022-07-12,5,CLEANING,86.443,0,Azuay,B,2,473,51.48,22.29,0
9317,2022-07-12,5,GROCERY I,304.047,0,Azuay,B,2,473,51.48,22.29,0
10777,2022-07-12,5,PRODUCE,127.226,0,Azuay,B,2,473,51.48,22.29,0
12967,2022-07-12,8,BEVERAGES,359.975,0,Guayas,C,1,1021,51.48,22.29,0
14427,2022-07-12,8,CLEANING,164.187,0,Guayas,C,1,1021,51.48,22.29,0
12237,2022-07-12,8,GROCERY I,765.677,8,Guayas,C,1,1021,51.48,22.29,0
13697,2022-07-12,8,PRODUCE,285.931,0,Guayas,C,1,1021,51.48,22.29,0
1288,2022-07-13,1,BEVERAGES,349.302,0,Pichincha,D,2,968,50.92,25.06,0
2748,2022-07-13,1,CLEANING,117.961,0,Pichincha,D,2,968,50.92,25.06,0
558,2022-07-13,1,GROCERY I,0.0,0,Pichincha,D,2,968,50.92,25.06,0
2018,2022-07-13,1,PRODUCE,274.775,0,Pichincha,D,2,968,50.92,25.06,0
4208,2022-07-13,2,BEVERAGES,279.612,0,Pichincha,D,3,865,50.92,25.06,0
5668,2022-07-13,2,CLEANING,111.076,0,Pichincha,D,3,865,50.92,25.06,0
3478,2022-07-13,2,GROCERY I,519.756,12,Pichincha,D,3,865,50.92,25.06,0
4938,2022-07-13,2,PRODUCE,210.731,0,Pichincha,D,3,865,50.92,25.06,0
7128,2022-07-13,3,BEVERAGES,404.302,0,Guayas,A,4,1239,50.92,25.06,0
8588,2022-07-13,3,CLEANING,167.133,0,Guayas,A,4,1239,50.92,25.06,0
6398,2022-07-13,3,GROCERY I,731.205,0,Guayas,A,4,1239,50.92,25.06,0
7858,2022-07-13,3,PRODUCE,334.065,0,Guayas,A,4,1239,50.92,25.06,0
10048,2022-07-13,5,BEVERAGES,171.251,0,Azuay,B,2,603,50.92,25.06,0
11508,2022-07-13,5,CLEANING,82.833,0,Azuay,B,2,603,50.92,25.06,0
9318,2022-07-13,5,GROCERY I,312.941,0,Azuay,B,2,603,50.92,25.06,0
10778,2022-07-13,5,PRODUCE,124.392,0,Azuay,B,2,603,50.92,25.06,0
12968,2022-07-13,8,BEVERAGES,437.591,6,Guayas,C,1,1052,50.92,25.06,0
14428,2022-07-13,8,CLEANING,154.181,0,Guayas,C,1,1052,50.92,25.06,0
12238,2022-07-13,8,GROCERY I,656.824,0,Guayas,C,1,1052,50.92,25.06,0
13698,2022-07-13,8,PRODUCE,259.266,0,Guayas,C,1,1052,50.92,25.06,0
1289,2022-07-14,1,BEVERAGES,499.473,18,Pichincha,D,2,1000,50.52,23.35,0
2749,2022-07-14,1,CLEANING,175.169,22,Pichincha,D,2,1000,50.52,23.35,0
559,2022-07-14,1,GROCERY I,640.028,0,Pichincha,D,2,1000,50.52,23.35,0
2019,2022-07-14,1,PRODUCE,348.659,22,Pichincha,D,2,1000,50.52,23.35,0
4209,2022-07-14,2,BEVERAGES,285.272,0,Pichincha,D,3,819,50.52,23.35,0
5669,2022-07-14,2,CLEANING,137.724,0,Pichincha,D,3,819,50.52,23.35,0
3479,2022-07-14,2,GROCERY I,533.498,0,Pichincha,D,3,819,50.52,23.35,0
4939,2022-07-14,2,PRODUCE,198.093,0,Pichincha,D,3,819,50.52,23.35,0
7129,2022-07-14,3,BEVERAGES,504.128,0,Guayas,A,4,1351,50.52,23.35,0
8589,2022-07-14,3,CLEANING,189.704,0,Guayas,A,4,1351,50.52,23.35,0
6399,2022-07-14,3,GROCERY I,749.224,0,Guayas,A,4,1351,50.52,23.35,0
7859,2022-07-14,3,PRODUCE,474.468,20,Guayas,A,4,1351,50.52,23.35,0
10049,2022-07-14,5,BEVERAGES,196.508,0,Azuay,B,2,577,50.52,23.35,0
11509,2022-07-14,5,CLEANING,87.76,0,Azuay,B,2,577,50.52,23.35,0
9319,2022-07-14,5,GROCERY I,382.013,0,Azuay,B,2,577,50.52,23.35,0
10779,2022-07-14,5,PRODUCE,178.901,18,Azuay,B,2,577,50.52,23.35,0
12969,2022-07-14,8,BEVERAGES,339.312,0,Guayas,C,1,1198,50.52,23.35,0
14429,2022-07-14,8,CLEANING,190.142,3,Guayas,C,1,1198,50.52,23.35,0
12239,2022-07-14,8,GROCERY I,512.302,0,Guayas,C,1,1198,50.52,23.35,0
13699,2022-07-14,8,PRODUCE,283.177,0,Guayas,C,1,1198,50.52,23.35,0
1290,2022-07-15,1,BEVERAGES,434.17,0,Pichincha,D,2,1143,50.49,22.37,0
2750,2022-07-15,1,CLEANING,187.909,0,Pichincha,D,2,1143,50.49,22.37,0
560,2022-07-15,1,GROCERY I,644.54,0,Pichincha,D,2,1143,50.49,22.37,0
2020,2022-07-15,1,PRODUCE,316.271,0,Pichincha,D,2,1143,50.49,22.37,0
4210,2022-07-15,2,BEVERAGES,396.358,0,Pichincha,D,3,1002,50.49,22.37,0
5670,2022-07-15,2,CLEANING,164.295,0,Pichincha,D,3,1002,50.49,22.37,0
3480,2022-07-15,2,GROCERY I,637.542,0,Pichincha,D,3,1002,50.49,22.37,0
4940,2022-07-15,2,PRODUCE,297.693,3,Pichincha,D,3,1002,50.49,22.37,0
7130,2022-07-15,3,BEVERAGES,605.441,0,Guayas,A,4,1499,50.49,22.37,0
8590,2022-07-15,3,CLEANING,217.274,0,Guayas,A,4,1499,50.49,22.37,0
6400,2022-07-15,3,GROCERY I,938.255,0,Guayas,A,4,1499,50.49,22.37,0
7860,2022-07-15,3,PRODUCE,311.482,0,Guayas,A,4,1499,50.49,22.37,0
10050,2022-07-15,5,BEVERAGES,205.874,0,Azuay,B,2,730,50.49,22.37,0
11510,2022-07-15,5,CLEANING,109.523,0,Azuay,B,2,730,50.49,22.37,0
9320,2022-07-15,5,GROCERY I,347.302,0,Azuay,B,2,730,50.49,22.37,0
10780,2022-07-15,5,PRODUCE,160.069,0,Azuay,B,2,730,50.49,22.37,0
12970,2022-07-15,8,BEVERAGES,513.126,0,Guayas,C,1,1281,50.49,22.37,0
14430,2022-07-15,8,CLEANING,187.648,0,Guayas,C,1,1281,50.49,22.37,0
12240,2022-07-15,8,GROCERY I,791.482,0,Guayas,C,1,1281,50.49,22.37,0
13700,2022-07-15,8,PRODUCE,338.106,0,Guayas,C,1,1281,50.49,22.37,0
1291,2022-07-16,1,BEVERAGES,504.622,0,Pichincha,D,2,1427,50.64,21.45,0
2751,2022-07-16,1,CLEANING,195.462,0,Pichincha,D,2,1427,50.64,21.45,0
561,2022-07-16,1,GROCERY I,1059.186,14,Pichincha,D,2,1427,50.64,21.45,0
2021,2022-07-16,1,PRODUCE,327.093,0,Pichincha,D,2,1427,50.64,21.45,0
4211,2022-07-16,2,BEVERAGES,460.541,0,Pichincha,D,3,1171,50.64,21.45,0
5671,2022-07-16,2,CLEANING,193.893,0,Pichincha,D,3,1171,50.64,21.45,0
3481,2022-07-16,2,GROCERY I,703.343,0,Pichincha,D,3,1171,50.64,21.45,0
4941,2022-07-16,2,PRODUCE,301.688,0,Pichincha,D,3,1171,50.64,21.45,0
7131,2022-07-16,3,BEVERAGES,654.286,0,Guayas,A,4,1972,50.64,21.45,0
8591,2022-07-16,3,CLEANING,259.196,0,Guayas,A,4,1972,50.64,21.45,0
6401,2022-07-16,3,GROCERY I,1320.214,22,Guayas,A,4,1972,50.64,21.45,0
7861,2022-07-16,3,PRODUCE,529.981,0,Guayas,A,4,1972,50.64,21.45,0
10051,2022-07-16,5,BEVERAGES,372.72,17,Azuay,B,2,875,50.64,21.45,0
11511,2022-07-16,5,CLEANING,119.494,0,Azuay,B,2,875,50.64,21.45,0
9321,2022-07-16,5,GROCERY I,521.656,0,Azuay,B,2,875,50.64,21.45,0
10781,2022-07-16,5,PRODUCE,216.882,0,Azuay,B,2,875,50.64,21.45,0
12971,2022-07-16,8,BEVERAGES,540.553,0,Guayas,C,1,1596,50.64,21.45,0
14431,2022-07-16,8,CLEANING,220.059,0,Guayas,C,1,1596,50.64,21.45,0
12241,2022-07-16,8,GROCERY I,1007.757,0,Guayas,C,1,1596,50.64,21.45,0
13701,2022-07-16,8,PRODUCE,412.417,0,Guayas,C,1,1596,50.64,21.45,0
1292,2022-07-17,1,BEVERAGES,377.692,0,Pichincha,D,2,1239,50.66,21.44,0
2752,2022-07-17,1,CLEANING,190.322,0,Pichincha,D,2,1239,50.66,21.44,0
562,2022-07-17,1,GROCERY I,773.893,0,Pichincha,D,2,1239,50.66,21.44,0
2022,2022-07-17,1,PRODUCE,304.202,0,Pichincha,D,2,1239,50.66,21.44,0
4212,2022-07-17,2,BEVERAGES,365.189,0,Pichincha,D,3,997,50.66,21.44,0
5672,2022-07-17,2,CLEANING,151.906,0,Pichincha,D,3,997,50.66,21.44,0
3482,2022-07-17,2,GROCERY I,576.244,0,Pichincha,D,3,997,50.66,21.44,0
4942,2022-07-17,2,PRODUCE,253.423,0,Pichincha,D,3,997,50.66,21.44,0
7132,2022-07-17,3,BEVERAGES,697.127,0,Guayas,A,4,1592,50.66,21.44,0
8592,2022-07-17,3,CLEANING,321.833,5,Guayas,A,4,1592,50.66,21.44,0
6402,2022-07-17,3,GROCERY I,958.145,0,Guayas,A,4,1592,50.66,21.44,0
7862,2022-07-17,3,PRODUCE,480.083,0,Guayas,A,4,1592,50.66,21.44,0
10052,2022-07-17,5,BEVERAGES,247.976,0,Azuay,B,2,778,50.66,21.44,0
11512,2022-07-17,5,CLEANING,108.579,0,Azuay,B,2,778,50.66,21.44,0
9322,2022-07-17,5,GROCERY I,389.806,0,Azuay,B,2,778,50.66,21.44,0
10782,2022-07-17,5,PRODUCE,158.134,0,Azuay,B,2,778,50.66,21.44,0
12972,2022-07-17,8,BEVERAGES,541.181,0,Guayas,C,1,1361,50.66,21.44,0
14432,2022-07-17,8,CLEANING,301.545,19,Guayas,C,1,1361,50.66,21.44,0
12242,2022-07-17,8,GROCERY I,780.255,7,Guayas,C,1,1361,50.66,21.44,0
13702,2022-07-17,8,PRODUCE,324.288,0,Guayas,C,1,1361,50.66,21.44,0
1293,2022-07-18,1,BEVERAGES,301.801,0,Pichincha,D,2,909,50.32,18.95,0
2753,2022-07-18,1,CLEANING,128.473,0,Pichincha,D,2,909,50.32,18.95,0
563,2022-07-18,1,GROCERY I,663.574,7,Pichincha,D,2,909,50.32,18.95,0
2023,2022-07-18,1,PRODUCE,294.37,0,Pichincha,D,2,909,50.32,18.95,0
4213,2022-07-18,2,BEVERAGES,265.04,0,Pichincha,D,3,797,50.32,18.95,0
5673,2022-07-18,2,CLEANING,149.053,0,Pichincha,D,3,797,50.32,18.95,0
3483,2022-07-18,2,GROCERY I,479.276,21,Pichincha,D,3,797,50.32,18.95,0
4943,2022-07-18,2,PRODUCE,176.276,0,Pichincha,D,3,797,50.32,18.95,0
7133,2022-07-18,3,BEVERAGES,490.799,0,Guayas,A,4,1302,50.32,18.95,0
8593,2022-07-18,3,CLEANING,237.856,6,Guayas,A,4,1302,50.32,18.95,0
6403,2022-07-18,3,GROCERY I,721.035,0,Guayas,A,4,1302,50.32,18.95,0
7863,2022-07-18,3,PRODUCE,317.033,0,Guayas,A,4,1302,50.32,18.95,0
10053,2022-07-18,5,BEVERAGES,216.303,0,Azuay,B,2,652,50.32,18.95,0
11513,2022-07-18,5,CLEANING,111.684,5,Azuay,B,2,652,50.32,18.95,0
9323,2022-07-18,5,GROCERY I,305.706,0,Azuay,B,2,652,50.32,18.95,0
10783,2022-07-18,5,PRODUCE,158.44,0,Azuay,B,2,652,50.32,18.95,0
12973,2022-07-18,8,BEVERAGES,437.924,0,Guayas,C,1,1034,50.32,18.95,0
14433,2022-07-18,8,CLEANING,177.113,0,Guayas,C,1,1034,50.32,18.95,0
12243,2022-07-18,8,GROCERY I,700.106,3,Guayas,C,1,1034,50.32,18.95,0
13703,2022-07-18,8,PRODUCE,293.499,0,Guayas,C,1,1034,50.32,18.95,0
1294,2022-07-19,1,BEVERAGES,277.666,0,Pichincha,D,2,861,50.72,22.22,0
2754,2022-07-19,1,CLEANING,136.549,0,Pichincha,D,2,861,50.72,22.22,0
564,2022-07-19,1,GROCERY I,505.256,0,Pichincha,D,2,861,50.72,22.22,0
2024,2022-07-19,1,PRODUCE,205.954,0,Pichincha,D,2,861,50.72,22.22,0
4214,2022-07-19,2,BEVERAGES,309.972,0,Pichincha,D,3,847,50.72,22.22,0
5674,2022-07-19,2,CLEANING,115.717,0,Pichincha,D,3,847,50.72,22.22,0
3484,2022-07-19,2,GROCERY I,429.85,0,Pichincha,D,3,847,50.72,22.22,0
4944,2022-07-19,2,PRODUCE,171.716,0,Pichincha,D,3,847,50.72,22.22,0
7134,2022-07-19,3,BEVERAGES,407.812,0,Guayas,A,4,1237,50.72,22.22,0
8594,2022-07-19,3,CLEANING,190.421,0,Guayas,A,4,1237,50.72,22.22,0
6404,2022-07-19,3,GROCERY I,668.31,0,Guayas,A,4,1237,50.72,22.22,0
7864,2022-07-19,3,PRODUCE,278.272,0,Guayas,A,4,1237,50.72,22.22,0
10054,2022-07-19,5,BEVERAGES,191.216,0,Azuay,B,2,494,50.72,22.22,0
11514,2022-07-19,5,CLEANING,80.359,0,Azuay,B,2,494,50.72,22.22,0
9324,2022-07-19,5,GROCERY I,290.881,0,Azuay,B,2,494,50.72,22.22,0
10784,2022-07-19,5,PRODUCE,146.762,0,Azuay,B,2,494,50.72,22.22,0
12974,2022-07-19,8,BEVERAGES,407.412,0,Guayas,C,1,1059,50.72,22.22,0
14434,2022-07-19,8,CLEANING,141.412,0,Guayas,C,1,1059,50.72,22.22,0
12244,2022-07-19,8,GROCERY I,520.856,0,Guayas,C,1,1059,50.72,22.22,0
13704,2022-07-19,8,PRODUCE,264.422,0,Guayas,C,1,1059,50.72,22.22,0
1295,2022-07-20,1,BEVERAGES,349.738,0,Pichincha,D,2,974,51.06,22.98,0
2755,2022-07-20,1,CLEANING,155.161,7,Pichincha,D,2,974,51.06,22.98,0
565,2022-07-20,1,GROCERY I,508.144,0,Pichincha,D,2,974,51.06,22.98,0
2025,2022-07-20,1,PRODUCE,215.213,0,Pichincha,D,2,974,51.06,22.98,0
4215,2022-07-20,2,BEVERAGES,280.187,0,Pichincha,D,3,844,51.06,22.98,0
5675,2022-07-20,2,CLEANING,118.588,0,Pichincha,D,3,844,51.06,22.98,0
3485,2022-07-20,2,GROCERY I,398.094,0,Pichincha,D,3,844,51.06,22.98,0
4945,2022-07-20,2,PRODUCE,200.491,0,Pichincha,D,3,844,51.06,22.98,0
7135,2022-07-20,3,BEVERAGES,522.37,0,Guayas,A,4,1317,51.06,22.98,0
8595,2022-07-20,3,CLEANING,200.249,0,Guayas,A,4,1317,51.06,22.98,0
6405,2022-07-20,3,GROCERY I,769.14,0,Guayas,A,4,1317,51.06,22.98,0
7865,2022-07-20,3,PRODUCE,371.272,0,Guayas,A,4,1317,51.06,22.98,0
10055,2022-07-20,5,BEVERAGES,156.699,0,Azuay,B,2,614,51.06,22.98,0
11515,2022-07-20,5,CLEANING,67.808,0,Azuay,B,2,614,51.06,22.98,0
9325,2022-07-20,5,GROCERY I,356.159,18,Azuay,B,2,614,51.06,22.98,0
10785,2022-07-20,5,PRODUCE,166.058,14,Azuay,B,2,614,51.06,22.98,0
12975,2022-07-20,8,BEVERAGES,369.257,0,Guayas,C,1,1128,51.06,22.98,0
14435,2022-07-20,8,CLEANING,150.933,0,Guayas,C,1,1128,51.06,22.98,0
12245,2022-07-20,8,GROCERY I,623.687,0,Guayas,C,1,1128,51.06,22.98,0
13705,2022-07-20,8,PRODUCE,287.567,4,Guayas,C,1,1128,51.06,22.98,0
1296,2022-07-21,1,BEVERAGES,316.682,0,Pichincha,D,2,884,50.99,19.52,0
2756,2022-07-21,1,CLEANING,150.297,0,Pichincha,D,2,884,50.99,19.52,0
566,2022-07-21,1,GROCERY I,545.998,0,Pichincha,D,2,884,50.99,19.52,0
2026,2022-07-21,1,PRODUCE,277.875,0,Pichincha,D,2,884,50.99,19.52,0
4216,2022-07-21,2,BEVERAGES,356.159,7,Pichincha,D,3,807,50.99,19.52,0
5676,2022-07-21,2,CLEANING,123.629,0,Pichincha,D,3,807,50.99,19.52,0
3486,2022-07-21,2,GROCERY I,524.504,0,Pichincha,D,3,807,50.99,19.52,0
4946,2022-07-21,2,PRODUCE,226.724,0,Pichincha,D,3,807,50.99,19.52,0
7136,2022-07-21,3,BEVERAGES,463.612,0,Guayas,A,4,1367,50.99,19.52,0
8596,2022-07-21,3,CLEANING,173.074,0,Guayas,A,4,1367,50.99,19.52,0
6406,2022-07-21,3,GROCERY I,621.099,0,Guayas,A,4,1367,50.99,19.52,0
7866,2022-07-21,3,PRODUCE,354.651,6,Guayas,A,4,1367,50.99,19.52,0
10056,2022-07-21,5,BEVERAGES,175.985,0,Azuay,B,2,598,50.99,19.52,0
11516,2022-07-21,5,CLEANING,106.346,9,Azuay,B,2,598,50.99,19.52,0
9326,2022-07-21,5,GROCERY I,334.395,0,Azuay,B,2,598,50.99,19.52,0
10786,2022-07-21,5,PRODUCE,124.957,0,Azuay,B,2,598,50.99,19.52,0
12976,2022-07-21,8,BEVERAGES,378.018,0,Guayas,C,1,1113,50.99,19.52,0
14436,2022-07-21,8,CLEANING,174.649,0,Guayas,C,1,1113,50.99,19.52,0
12246,2022-07-21,8,GROCERY I,589.145,0,Guayas,C,1,1113,50.99,19.52,0
13706,2022-07-21,8,PRODUCE,268.738,0,Guayas,C,1,1113,50.99,19.52,0
1297,2022-07-22,1,BEVERAGES,469.989,0,Pichincha,D,2,1190,50.69,20.73,0
2757,2022-07-22,1,CLEANING,169.096,0,Pichincha,D,2,1190,50.69,20.73,0
567,2022-07-22,1,GROCERY I,704.107,0,Pichincha,D,2,1190,50.69,20.73,0
2027,2022-07-22,1,PRODUCE,288.048,0,Pichincha,D,2,1190,50.69,20.73,0
4217,2022-07-22,2,BEVERAGES,393.793,0,Pichincha,D,3,989,50.69,20.73,0
5677,2022-07-22,2,CLEANING,130.19,0,Pichincha,D,3,989,50.69,20.73,0
3487,2022-07-22,2,GROCERY I,457.763,0,Pichincha,D,3,989,50.69,20.73,0
4947,2022-07-22,2,PRODUCE,245.466,0,Pichincha,D,3,989,50.69,20.73,0
7137,2022-07-22,3,BEVERAGES,705.613,9,Guayas,A,4,1647,50.69,20.73,0
8597,2022-07-22,3,CLEANING,250.944,0,Guayas,A,4,1647,50.69,20.73,0
6407,2022-07-22,3,GROCERY I,919.318,0,Guayas,A,4,1647,50.69,20.73,0
7867,2022-07-22,3,PRODUCE,419.175,0,Guayas,A,4,1647,50.69,20.73,0
10057,2022-07-22,5,BEVERAGES,297.51,3,Azuay,B,2,688,50.69,20.73,0
11517,2022-07-22,5,CLEANING,102.095,0,Azuay,B,2,688,50.69,20.73,0
9327,2022-07-22,5,GROCERY I,361.488,0,Azuay,B,2,688,50.69,20.73,0
10787,2022-07-22,5,PRODUCE,194.26,23,Azuay,B,2,688,50.69,20.73,0
12977,2022-07-22,8,BEVERAGES,439.424,0,Guayas,C,1,1268,50.69,20.73,0
14437,2022-07-22,8,CLEANING,176.883,0,Guayas,C,1,1268,50.69,20.73,0
12247,2022-07-22,8,GROCERY I,686.696,0,Guayas,C,1,1268,50.69,20.73,0
13707,2022-07-22,8,PRODUCE,286.424,0,Guayas,C,1,1268,50.69,20.73,0
1298,2022-07-23,1,BEVERAGES,510.473,0,Pichincha,D,2,1402,50.94,19.97,0
2758,2022-07-23,1,CLEANING,232.552,23,Pichincha,D,2,1402,50.94,19.97,0
568,2022-07-23,1,GROCERY I,804.652,0,Pichincha,D,2,1402,50.94,19.97,0
2028,2022-07-23,1,PRODUCE,322.862,0,Pichincha,D,2,1402,50.94,19.97,0
4218,2022-07-23,2,BEVERAGES,397.523,0,Pichincha,D,3,1243,50.94,19.97,0
5678,2022-07-23,2,CLEANING,238.006,18,Pichincha,D,3,1243,50.94,19.97,0
3488,2022-07-23,2,GROCERY I,667.452,0,Pichincha,D,3,1243,50.94,19.97,0
4948,2022-07-23,2,PRODUCE,450.497,15,Pichincha,D,3,1243,50.94,19.97,0
7138,2022-07-23,3,BEVERAGES,800.526,7,Guayas,A,4,1905,50.94,19.97,0
8598,2022-07-23,3,CLEANING,256.561,0,Guayas,A,4,1905,50.94,19.97,0
6408,2022-07-23,3,GROCERY I,1240.694,24,Guayas,A,4,1905,50.94,19.97,0
7868,2022-07-23,3,PRODUCE,531.847,0,Guayas,A,4,1905,50.94,19.97,0
10058,2022-07-23,5,BEVERAGES,370.958,20,Azuay,B,2,945,50.94,19.97,0
11518,2022-07-23,5,CLEANING,161.406,14,Azuay,B,2,945,50.94,19.97,0
9328,2022-07-23,5,GROCERY I,394.508,0,Azuay,B,2,945,50.94,19.97,0
10788,2022-07-23,5,PRODUCE,208.272,0,Azuay,B,2,945,50.94,19.97,0
12978,2022-07-23,8,BEVERAGES,656.233,0,Guayas,C,1,1587,50.94,19.97,0
14438,2022-07-23,8,CLEANING,222.024,0,Guayas,C,1,1587,50.94,19.97,0
12248,2022-07-23,8,GROCERY I,895.915,0,Guayas,C,1,1587,50.94,19.97,0
13708,2022-07-23,8,PRODUCE,403.242,0,Guayas,C,1,1587,50.94,19.97,0
1299,2022-07-24,1,BEVERAGES,433.612,0,Pichincha,D,2,1303,51.02,20.17,0
2759,2022-07-24,1,CLEANING,174.898,0,Pichincha,D,2,1303,51.02,20.17,0
569,2022-07-24,1,GROCERY I,855.249,20,Pichincha,D,2,1303,51.02,20.17,0
2029,2022-07-24,1,PRODUCE,436.648,8,Pichincha,D,2,1303,51.02,20.17,0
4219,2022-07-24,2,BEVERAGES,352.435,0,Pichincha,D,3,1032,51.02,20.17,0
5679,2022-07-24,2,CLEANING,144.324,0,Pichincha,D,3,1032,51.02,20.17,0
3489,2022-07-24,2,GROCERY I,517.626,0,Pichincha,D,3,1032,51.02,20.17,0
4949,2022-07-24,2,PRODUCE,236.19,0,Pichincha,D,3,1032,51.02,20.17,0
7139,2022-07-24,3,BEVERAGES,631.201,0,Guayas,A,4,1659,51.02,20.17,0
8599,2022-07-24,3,CLEANING,237.608,0,Guayas,A,4,1659,51.02,20.17,0
6409,2022-07-24,3,GROCERY I,766.691,0,Guayas,A,4,1659,51.02,20.17,0
7869,2022-07-24,3,PRODUCE,439.263,0,Guayas,A,4,1659,51.02,20.17,0
10059,2022-07-24,5,BEVERAGES,248.218,15,Azuay,B,2,778,51.02,20.17,0
11519,2022-07-24,5,CLEANING,103.287,0,Azuay,B,2,778,51.02,20.17,0
9329,2022-07-24,5,GROCERY I,384.04,0,Azuay,B,2,778,51.02,20.17,0
10789,2022-07-24,5,PRODUCE,160.716,0,Azuay,B,2,778,51.02,20.17,0
12979,2022-07-24,8,BEVERAGES,581.011,12,Guayas,C,1,1381,51.02,20.17,0
14439,2022-07-24,8,CLEANING,198.133,0,Guayas,C,1,1381,51.02,20.17,0
12249,2022-07-24,8,GROCERY I,857.256,0,Guayas,C,1,1381,51.02,20.17,0
13709,2022-07-24,8,PRODUCE,359.761,0,Guayas,C,1,1381,51.02,20.17,0
1300,2022-07-25,1,BEVERAGES,316.777,0,Pichincha,D,2,948,50.37,21.53,0
2760,2022-07-25,1,CLEANING,131.674,0,Pichincha,D,2,948,50.37,21.53,0
570,2022-07-25,1,GROCERY I,477.052,0,Pichincha,D,2,948,50.37,21.53,0
2030,2022-07-25,1,PRODUCE,309.126,8,Pichincha,D,2,948,50.37,21.53,0
4220,2022-07-25,2,BEVERAGES,274.737,0,Pichincha,D,3,828,50.37,21.53,0
5680,2022-07-25,2,CLEANING,127.394,0,Pichincha,D,3,828,50.37,21.53,0
3490,2022-07-25,2,GROCERY I,434.049,0,Pichincha,D,3,828,50.37,21.53,0
4950,2022-07-25,2,PRODUCE,252.641,11,Pichincha,D,3,828,50.37,21.53,0
7140,2022-07-25,3,BEVERAGES,442.075,0,Guayas,A,4,1329,50.37,21.53,0
8600,2022-07-25,3,CLEANING,160.785,0,Guayas,A,4,1329,50.37,21.53,0
6410,2022-07-25,3,GROCERY I,652.751,0,Guayas,A,4,1329,50.37,21.53,0
7870,2022-07-25,3,PRODUCE,344.608,0,Guayas,A,4,1329,50.37,21.53,0
10060,2022-07-25,5,BEVERAGES,237.948,9,Azuay,B,2,563,50.37,21.53,0
11520,2022-07-25,5,CLEANING,75.156,0,Azuay,B,2,563,50.37,21.53,0
9330,2022-07-25,5,GROCERY I,386.481,16,Azuay,B,2,563,50.37,21.53,0
10790,2022-07-25,5,PRODUCE,126.311,0,Azuay,B,2,563,50.37,21.53,0
12980,2022-07-25,8,BEVERAGES,410.98,0,Guayas,C,1,1167,50.37,21.53,0
14440,2022-07-25,8,CLEANING,144.937,0,Guayas,C,1,1167,50.37,21.53,0
12250,2022-07-25,8,GROCERY I,578.036,0,Guayas,C,1,1167,50.37,21.53,0
13710,2022-07-25,8,PRODUCE,271.498,0,Guayas,C,1,1167,50.37,21.53,0
1301,2022-07-26,1,BEVERAGES,349.517,0,Pichincha,D,2,958,50.34,18.47,0
2761,2022-07-26,1,CLEANING,122.385,0,Pichincha,D,2,958,50.34,18.47,0
571,2022-07-26,1,GROCERY I,467.862,0,Pichincha,D,2,958,50.34,18.47,0
2031,2022-07-26,1,PRODUCE,226.818,0,Pichincha,D,2,958,50.34,18.47,0
4221,2022-07-26,2,BEVERAGES,238.783,0,Pichincha,D,3,807,50.34,18.47,0
5681,2022-07-26,2,CLEANING,125.45,0,Pichincha,D,3,807,50.34,18.47,0
3491,2022-07-26,2,GROCERY I,444.57,0,Pichincha,D,3,807,50.34,18.47,0
4951,2022-07-26,2,PRODUCE,214.577,0,Pichincha,D,3,807,50.34,18.47,0
7141,2022-07-26,3,BEVERAGES,429.253,0,Guayas,A,4,1300,50.34,18.47,0
8601,2022-07-26,3,CLEANING,198.118,0,Guayas,A,4,1300,50.34,18.47,0
6411,2022-07-26,3,GROCERY I,688.574,0,Guayas,A,4,1300,50.34,18.47,0
7871,2022-07-26,3,PRODUCE,309.072,0,Guayas,A,4,1300,50.34,18.47,0
10061,2022-07-26,5,BEVERAGES,172.36,0,Azuay,B,2,600,50.34,18.47,0
11521,2022-07-26,5,CLEANING,72.586,0,Azuay,B,2,600,50.34,18.47,0
9331,2022-07-26,5,GROCERY I,256.702,0,Azuay,B,2,600,50.34,18.47,0
10791,2022-07-26,5,PRODUCE,147.365,0,Azuay,B,2,600,50.34,18.47,0
12981,2022-07-26,8,BEVERAGES,378.176,0,Guayas,C,1,1055,50.34,18.47,0
14441,2022-07-26,8,CLEANING,166.989,0,Guayas,C,1,1055,50.34,18.47,0
12251,2022-07-26,8,GROCERY I,537.423,0,Guayas,C,1,1055,50.34,18.47,0
13711,2022-07-26,8,PRODUCE,269.944,0,Guayas,C,1,1055,50.34,18.47,0
1302,2022-07-27,1,BEVERAGES,308.493,0,Pichincha,D,2,932,50.46,22.18,0
2762,2022-07-27,1,CLEANING,153.057,0,Pichincha,D,2,932,50.46,22.18,0
572,2022-07-27,1,GROCERY I,749.436,20,Pichincha,D,2,932,50.46,22.18,0
2032,2022-07-27,1,PRODUCE,211.681,0,Pichincha,D,2,932,50.46,22.18,0
4222,2022-07-27,2,BEVERAGES,341.5,15,Pichincha,D,3,825,50.46,22.18,0
5682,2022-07-27,2,CLEANING,120.339,0,Pichincha,D,3,825,50.46,22.18,0
3492,2022-07-27,2,GROCERY I,460.209,0,Pichincha,D,3,825,50.46,22.18,0
4952,2022-07-27,2,PRODUCE,211.689,0,Pichincha,D,3,825,50.46,22.18,0
7142,2022-07-27,3,BEVERAGES,539.049,2,Guayas,A,4,1319,50.46,22.18,0
8602,2022-07-27,3,CLEANING,159.418,0,Guayas,A,4,1319,50.46,22.18,0
6412,2022-07-27,3,GROCERY I,700.479,0,Guayas,A,4,1319,50.46,22.18,0
7872,2022-07-27,3,PRODUCE,331.396,0,Guayas,A,4,1319,50.46,22.18,0
10062,2022-07-27,5,BEVERAGES,209.348,14,Azuay,B,2,568,50.46,22.18,0
11522,2022-07-27,5,CLEANING,90.328,0,Azuay,B,2,568,50.46,22.18,0
9332,2022-07-27,5,GROCERY I,310.652,0,Azuay,B,2,568,50.46,22.18,0
10792,2022-07-27,5,PRODUCE,137.184,0,Azuay,B,2,568,50.46,22.18,0
12982,2022-07-27,8,BEVERAGES,350.696,0,Guayas,C,1,1003,50.46,22.18,0
14442,2022-07-27,8,CLEANING,142.904,0,Guayas,C,1,1003,50.46,22.18,0
12252,2022-07-27,8,GROCERY I,549.468,0,Guayas,C,1,1003,50.46,22.18,0
13712,2022-07-27,8,PRODUCE,261.558,0,Guayas,C,1,1003,50.46,22.18,0
1303,2022-07-28,1,BEVERAGES,388.978,20,Pichincha,D,2,1008,50.05,22.3,0
2763,2022-07-28,1,CLEANING,141.96,0,Pichincha,D,2,1008,50.05,22.3,0
573,2022-07-28,1,GROCERY I,650.323,8,Pichincha,D,2,1008,50.05,22.3,0
2033,2022-07-28,1,PRODUCE,294.04,0,Pichincha,D,2,1008,50.05,22.3,0
4223,2022-07-28,2,BEVERAGES,266.687,0,Pichincha,D,3,864,50.05,22.3,0
5683,2022-07-28,2,CLEANING,137.368,8,Pichincha,D,3,864,50.05,22.3,0
3493,2022-07-28,2,GROCERY I,440.932,0,Pichincha,D,3,864,50.05,22.3,0
4953,2022-07-28,2,PRODUCE,215.184,0,Pichincha,D,3,864,50.05,22.3,0
7143,2022-07-28,3,BEVERAGES,549.363,11,Guayas,A,4,1368,50.05,22.3,0
8603,2022-07-28,3,CLEANING,176.408,0,Guayas,A,4,1368,50.05,22.3,0
6413,2022-07-28,3,GROCERY I,950.205,12,Guayas,A,4,1368,50.05,22.3,0
7873,2022-07-28,3,PRODUCE,313.345,0,Guayas,A,4,1368,50.05,22.3,0
10063,2022-07-28,5,BEVERAGES,188.733,0,Azuay,B,2,582,50.05,22.3,0
11523,2022-07-28,5,CLEANING,86.294,0,Azuay,B,2,582,50.05,22.3,0
9333,2022-07-28,5,GROCERY I,419.11,21,Azuay,B,2,582,50.05,22.3,0
10793,2022-07-28,5,PRODUCE,175.571,17,Azuay,B,2,582,50.05,22.3,0
12983,2022-07-28,8,BEVERAGES,374.391,0,Guayas,C,1,1160,50.05,22.3,0
14443,2022-07-28,8,CLEANING,0.0,0,Guayas,C,1,1160,50.05,22.3,0
12253,2022-07-28,8,GROCERY I,628.35,0,Guayas,C,1,1160,50.05,22.3,0
13713,2022-07-28,8,PRODUCE,290.538,0,Guayas,C,1,1160,50.05,22.3,0
1304,2022-07-29,1,BEVERAGES,457.969,0,Pichincha,D,2,1216,50.14,20.83,0
2764,2022-07-29,1,CLEANING,139.109,0,Pichincha,D,2,1216,50.14,20.83,0
574,2022-07-29,1,GROCERY I,595.931,0,Pichincha,D,2,1216,50.14,20.83,0
2034,2022-07-29,1,PRODUCE,357.414,16,Pichincha,D,2,1216,50.14,20.83,0
4224,2022-07-29,2,BEVERAGES,391.869,17,Pichincha,D,3,976,50.14,20.83,0
5684,2022-07-29,2,CLEANING,137.633,0,Pichincha,D,3,976,50.14,20.83,0
3494,2022-07-29,2,GROCERY I,560.195,0,Pichincha,D,3,976,50.14,20.83,0
4954,2022-07-29,2,PRODUCE,263.44,0,Pichincha,D,3,976,50.14,20.83,0
7144,2022-07-29,3,BEVERAGES,611.478,0,Guayas,A,4,1607,50.14,20.83,0
8604,2022-07-29,3,CLEANING,210.133,0,Guayas,A,4,1607,50.14,20.83,0
6414,2022-07-29,3,GROCERY I,1130.091,6,Guayas,A,4,1607,50.14,20.83,0
7874,2022-07-29,3,PRODUCE,375.153,0,Guayas,A,4,1607,50.14,20.83,0
10064,2022-07-29,5,BEVERAGES,239.8,0,Azuay,B,2,682,50.14,20.83,0
11524,2022-07-29,5,CLEANING,111.911,0,Azuay,B,2,682,50.14,20.83,0
9334,2022-07-29,5,GROCERY I,416.132,0,Azuay,B,2,682,50.14,20.83,0
10794,2022-07-29,5,PRODUCE,176.299,0,Azuay,B,2,682,50.14,20.83,0
12984,2022-07-29,8,BEVERAGES,501.297,0,Guayas,C,1,1336,50.14,20.83,0
14444,2022-07-29,8,CLEANING,191.982,0,Guayas,C,1,1336,50.14,20.83,0
12254,2022-07-29,8,GROCERY I,0.0,0,Guayas,C,1,1336,50.14,20.83,0
13714,2022-07-29,8,PRODUCE,317.815,0,Guayas,C,1,1336,50.14,20.83,0
1305,2022-07-30,1,BEVERAGES,519.656,0,Pichincha,D,2,1405,49.48,17.64,0
2765,2022-07-30,1,CLEANING,199.334,0,Pichincha,D,2,1405,49.48,17.64,0
575,2022-07-30,1,GROCERY I,880.172,0,Pichincha,D,2,1405,49.48,17.64,0
2035,2022-07-30,1,PRODUCE,402.326,0,Pichincha,D,2,1405,49.48,17.64,0
4225,2022-07-30,2,BEVERAGES,470.934,23,Pichincha,D,3,1187,49.48,17.64,0
5685,2022-07-30,2,CLEANING,131.191,0,Pichincha,D,3,1187,49.48,17.64,0
3495,2022-07-30,2,GROCERY I,600.106,0,Pichincha,D,3,1187,49.48,17.64,0
4955,2022-07-30,2,PRODUCE,293.945,0,Pichincha,D,3,1187,49.48,17.64,0
7145,2022-07-30,3,BEVERAGES,601.972,0,Guayas,A,4,1923,49.48,17.64,0
8605,2022-07-30,3,CLEANING,281.365,0,Guayas,A,4,1923,49.48,17.64,0
6415,2022-07-30,3,GROCERY I,904.755,0,Guayas,A,4,1923,49.48,17.64,0
7875,2022-07-30,3,PRODUCE,483.281,0,Guayas,A,4,1923,49.48,17.64,0
10065,2022-07-30,5,BEVERAGES,270.32,0,Azuay,B,2,869,49.48,17.64,0
11525,2022-07-30,5,CLEANING,137.796,0,Azuay,B,2,869,49.48,17.64,0
9335,2022-07-30,5,GROCERY I,460.567,0,Azuay,B,2,869,49.48,17.64,0
10795,2022-07-30,5,PRODUCE,201.847,0,Azuay,B,2,869,49.48,17.64,0
12985,2022-07-30,8,BEVERAGES,553.001,0,Guayas,C,1,1611,49.48,17.64,0
14445,2022-07-30,8,CLEANING,264.265,0,Guayas,C,1,1611,49.48,17.64,0
12255,2022-07-30,8,GROCERY I,852.594,0,Guayas,C,1,1611,49.48,17.64,0
13715,2022-07-30,8,PRODUCE,416.07,0,Guayas,C,1,1611,49.48,17.64,0
1306,2022-07-31,1,BEVERAGES,426.213,0,Pichincha,D,2,1291,50.09,19.65,0
2766,2022-07-31,1,CLEANING,197.627,0,Pichincha,D,2,1291,50.09,19.65,0
576,2022-07-31,1,GROCERY I,691.297,0,Pichincha,D,2,1291,50.09,19.65,0
2036,2022-07-31,1,PRODUCE,333.86,0,Pichincha,D,2,1291,50.09,19.65,0
4226,2022-07-31,2,BEVERAGES,411.782,17,Pichincha,D,3,1009,50.09,19.65,0
5686,2022-07-31,2,CLEANING,180.404,16,Pichincha,D,3,1009,50.09,19.65,0
3496,2022-07-31,2,GROCERY I,563.968,0,Pichincha,D,3,1009,50.09,19.65,0
4956,2022-07-31,2,PRODUCE,290.745,0,Pichincha,D,3,1009,50.09,19.65,0
7146,2022-07-31,3,BEVERAGES,584.969,0,Guayas,A,4,1701,50.09,19.65,0
8606,2022-07-31,3,CLEANING,242.604,0,Guayas,A,4,1701,50.09,19.65,0
6416,2022-07-31,3,GROCERY I,939.674,0,Guayas,A,4,1701,50.09,19.65,0
7876,2022-07-31,3,PRODUCE,437.744,14,Guayas,A,4,1701,50.09,19.65,0
10066,2022-07-31,5,BEVERAGES,204.985,0,Azuay,B,2,720,50.09,19.65,0
11526,2022-07-31,5,CLEANING,97.667,0,Azuay,B,2,720,50.09,19.65,0
9336,2022-07-31,5,GROCERY I,394.925,22,Azuay,B,2,720,50.09,19.65,0
10796,2022-07-31,5,PRODUCE,214.95,21,Azuay,B,2,720,50.09,19.65,0
12986,2022-07-31,8,BEVERAGES,457.332,0,Guayas,C,1,1391,50.09,19.65,0
14446,2022-07-31,8,CLEANING,198.398,0,Guayas,C,1,1391,50.09,19.65,0
12256,2022-07-31,8,GROCERY I,824.686,6,Guayas,C,1,1391,50.09,19.65,0
13716,2022-07-31,8,PRODUCE,299.218,0,Guayas,C,1,1391,50.09,19.65,0
1307,2022-08-01,1,BEVERAGES,353.693,0,Pichincha,D,2,927,50.65,22.7,0
2767,2022-08-01,1,CLEANING,130.619,0,Pichincha,D,2,927,50.65,22.7,0
577,2022-08-01,1,GROCERY I,544.706,0,Pichincha,D,2,927,50.65,22.7,0
2037,2022-08-01,1,PRODUCE,226.183,0,Pichincha,D,2,927,50.65,22.7,0
4227,2022-08-01,2,BEVERAGES,253.007,0,Pichincha,D,3,756,50.65,22.7,0
5687,2022-08-01,2,CLEANING,123.056,0,Pichincha,D,3,756,50.65,22.7,0
3497,2022-08-01,2,GROCERY I,461.968,0,Pichincha,D,3,756,50.65,22.7,0
4957,2022-08-01,2,PRODUCE,216.646,0,Pichincha,D,3,756,50.65,22.7,0
7147,2022-08-01,3,BEVERAGES,554.338,21,Guayas,A,4,1404,50.65,22.7,0
8607,2022-08-01,3,CLEANING,202.835,0,Guayas,A,4,1404,50.65,22.7,0
6417,2022-08-01,3,GROCERY I,743.692,0,Guayas,A,4,1404,50.65,22.7,0
7877,2022-08-01,3,PRODUCE,336.497,0,Guayas,A,4,1404,50.65,22.7,0
10067,2022-08-01,5,BEVERAGES,193.682,0,Azuay,B,2,590,50.65,22.7,0
11527,2022-08-01,5,CLEANING,74.453,0,Azuay,B,2,590,50.65,22.7,0
9337,2022-08-01,5,GROCERY I,314.105,0,Azuay,B,2,590,50.65,22.7,0
10797,2022-08-01,5,PRODUCE,172.775,13,Azuay,B,2,590,50.65,22.7,0
12987,2022-08-01,8,BEVERAGES,339.582,0,Guayas,C,1,1115,50.65,22.7,0
14447,2022-08-01,8,CLEANING,183.089,0,Guayas,C,1,1115,50.65,22.7,0
12257,2022-08-01,8,GROCERY I,616.822,21,Guayas,C,1,1115,50.65,22.7,0
13717,2022-08-01,8,PRODUCE,227.186,0,Guayas,C,1,1115,50.65,22.7,0
1308,2022-08-02,1,BEVERAGES,326.49,0,Pichincha,D,2,943,50.53,17.02,0
2768,2022-08-02,1,CLEANING,155.246,0,Pichincha,D,2,943,50.53,17.02,0
578,2022-08-02,1,GROCERY I,498.851,0,Pichincha,D,2,943,50.53,17.02,0
2038,2022-08-02,1,PRODUCE,220.828,0,Pichincha,D,2,943,50.53,17.02,0
4228,2022-08-02,2,BEVERAGES,272.93,0,Pichincha,D,3,785,50.53,17.02,0
5688,2022-08-02,2,CLEANING,109.57,0,Pichincha,D,3,785,50.53,17.02,0
3498,2022-08-02,2,GROCERY I,425.76,0,Pichincha,D,3,785,50.53,17.02,0
4958,2022-08-02,2,PRODUCE,174.944,0,Pichincha,D,3,785,50.53,17.02,0
7148,2022-08-02,3,BEVERAGES,434.812,0,Guayas,A,4,1245,50.53,17.02,0
8608,2022-08-02,3,CLEANING,182.673,0,Guayas,A,4,1245,50.53,17.02,0
6418,2022-08-02,3,GROCERY I,0.0,0,Guayas,A,4,1245,50.53,17.02,0
7878,2022-08-02,3,PRODUCE,295.729,15,Guayas,A,4,1245,50.53,17.02,0
10068,2022-08-02,5,BEVERAGES,181.106,0,Azuay,B,2,598,50.53,17.02,0
11528,2022-08-02,5,CLEANING,77.522,0,Azuay,B,2,598,50.53,17.02,0
9338,2022-08-02,5,GROCERY I,384.015,13,Azuay,B,2,598,50.53,17.02,0
10798,2022-08-02,5,PRODUCE,142.378,0,Azuay,B,2,598,50.53,17.02,0
12988,2022-08-02,8,BEVERAGES,367.526,0,Guayas,C,1,1043,50.53,17.02,0
14448,2022-08-02,8,CLEANING,144.918,0,Guayas,C,1,1043,50.53,17.02,0
12258,2022-08-02,8,GROCERY I,456.328,0,Guayas,C,1,1043,50.53,17.02,0
13718,2022-08-02,8,PRODUCE,255.498,0,Guayas,C,1,1043,50.53,17.02,0
1309,2022-08-03,1,BEVERAGES,339.63,0,Pichincha,D,2,993,50.7,20.35,0
2769,2022-08-03,1,CLEANING,127.064,0,Pichincha,D,2,993,50.7,20.35,0
579,2022-08-03,1,GROCERY I,493.775,0,Pichincha,D,2,993,50.7,20.35,0
2039,2022-08-03,1,PRODUCE,263.325,0,Pichincha,D,2,993,50.7,20.35,0
4229,2022-08-03,2,BEVERAGES,264.934,0,Pichincha,D,3,846,50.7,20.35,0
5689,2022-08-03,2,CLEANING,106.695,0,Pichincha,D,3,846,50.7,20.35,0
3499,2022-08-03,2,GROCERY I,396.225,0,Pichincha,D,3,846,50.7,20.35,0
4959,2022-08-03,2,PRODUCE,196.207,0,Pichincha,D,3,846,50.7,20.35,0
7149,2022-08-03,3,BEVERAGES,481.122,0,Guayas,A,4,1268,50.7,20.35,0
8609,2022-08-03,3,CLEANING,246.097,20,Guayas,A,4,1268,50.7,20.35,0
6419,2022-08-03,3,GROCERY I,716.233,0,Guayas,A,4,1268,50.7,20.35,0
7879,2022-08-03,3,PRODUCE,324.327,0,Guayas,A,4,1268,50.7,20.35,0
10069,2022-08-03,5,BEVERAGES,210.219,3,Azuay,B,2,576,50.7,20.35,0
11529,2022-08-03,5,CLEANING,101.612,1,Azuay,B,2,576,50.7,20.35,0
9339,2022-08-03,5,GROCERY I,273.144,0,Azuay,B,2,576,50.7,20.35,0
10799,2022-08-03,5,PRODUCE,139.551,0,Azuay,B,2,576,50.7,20.35,0
12989,2022-08-03,8,BEVERAGES,342.808,0,Guayas,C,1,1035,50.7,20.35,0
14449,2022-08-03,8,CLEANING,147.77,0,Guayas,C,1,1035,50.7,20.35,0
12259,2022-08-03,8,GROCERY I,530.873,0,Guayas,C,1,1035,50.7,20.35,0
13719,2022-08-03,8,PRODUCE,270.86,0,Guayas,C,1,1035,50.7,20.35,0
1310,2022-08-04,1,BEVERAGES,321.725,0,Pichincha,D,2,1034,49.61,19.12,0
2770,2022-08-04,1,CLEANING,152.22,0,Pichincha,D,2,1034,49.61,19.12,0
580,2022-08-04,1,GROCERY I,529.477,0,Pichincha,D,2,1034,49.61,19.12,0
2040,2022-08-04,1,PRODUCE,278.876,0,Pichincha,D,2,1034,49.61,19.12,0
4230,2022-08-04,2,BEVERAGES,285.426,0,Pichincha,D,3,792,49.61,19.12,0
5690,2022-08-04,2,CLEANING,115.986,0,Pichincha,D,3,792,49.61,19.12,0
3500,2022-08-04,2,GROCERY I,428.998,0,Pichincha,D,3,792,49.61,19.12,0
4960,2022-08-04,2,PRODUCE,173.603,0,Pichincha,D,3,792,49.61,19.12,0
7150,2022-08-04,3,BEVERAGES,404.729,0,Guayas,A,4,1336,49.61,19.12,0
8610,2022-08-04,3,CLEANING,202.996,0,Guayas,A,4,1336,49.61,19.12,0
6420,2022-08-04,3,GROCERY I,598.722,0,Guayas,A,4,1336,49.61,19.12,0
7880,2022-08-04,3,PRODUCE,345.85,0,Guayas,A,4,1336,49.61,19.12,0
10070,2022-08-04,5,BEVERAGES,193.547,0,Azuay,B,2,692,49.61,19.12,0
11530,2022-08-04,5,CLEANING,72.948,0,Azuay,B,2,692,49.61,19.12,0
9340,2022-08-04,5,GROCERY I,306.208,0,Azuay,B,2,692,49.61,19.12,0
10800,2022-08-04,5,PRODUCE,159.837,0,Azuay,B,2,692,49.61,19.12,0
12990,2022-08-04,8,BEVERAGES,400.586,0,Guayas,C,1,1111,49.61,19.12,0
14450,2022-08-04,8,CLEANING,210.952,8,Guayas,C,1,1111,49.61,19.12,0
12260,2022-08-04,8,GROCERY I,645.954,0,Guayas,C,1,1111,49.61,19.12,0
13720,2022-08-04,8,PRODUCE,263.14,0,Guayas,C,1,1111,49.61,19.12,0
1311,2022-08-05,1,BEVERAGES,479.07,0,Pichincha,D,2,1271,49.09,21.83,0
2771,2022-08-05,1,CLEANING,185.145,0,Pichincha,D,2,1271,49.09,21.83,0
581,2022-08-05,1,GROCERY I,667.903,17,Pichincha,D,2,1271,49.09,21.83,0
2041,2022-08-05,1,PRODUCE,238.174,0,Pichincha,D,2,1271,49.09,21.83,0
4231,2022-08-05,2,BEVERAGES,400.508,0,Pichincha,D,3,1019,49.09,21.83,0
5691,2022-08-05,2,CLEANING,187.581,9,Pichincha,D,3,1019,49.09,21.83,0
3501,2022-08-05,2,GROCERY I,558.513,0,Pichincha,D,3,1019,49.09,21.83,0
4961,2022-08-05,2,PRODUCE,266.669,0,Pichincha,D,3,1019,49.09,21.83,0
7151,2022-08-05,3,BEVERAGES,572.164,0,Guayas,A,4,1617,49.09,21.83,0
8611,2022-08-05,3,CLEANING,208.848,0,Guayas,A,4,1617,49.09,21.83,0
6421,2022-08-05,3,GROCERY I,936.639,12,Guayas,A,4,1617,49.09,21.83,0
7881,2022-08-05,3,PRODUCE,358.683,0,Guayas,A,4,1617,49.09,21.83,0
10071,2022-08-05,5,BEVERAGES,224.243,0,Azuay,B,2,711,49.09,21.83,0
11531,2022-08-05,5,CLEANING,101.051,0,Azuay,B,2,711,49.09,21.83,0
9341,2022-08-05,5,GROCERY I,374.037,0,Azuay,B,2,711,49.09,21.83,0
10801,2022-08-05,5,PRODUCE,164.647,0,Azuay,B,2,711,49.09,21.83,0
12991,2022-08-05,8,BEVERAGES,543.461,0,Guayas,C,1,1298,49.09,21.83,0
14451,2022-08-05,8,CLEANING,265.335,2,Guayas,C,1,1298,49.09,21.83,0
12261,2022-08-05,8,GROCERY I,562.485,0,Guayas,C,1,1298,49.09,21.83,0
13721,2022-08-05,8,PRODUCE,331.847,0,Guayas,C,1,1298,49.09,21.83,0
1312,2022-08-06,1,BEVERAGES,463.983,0,Pichincha,D,2,1394,48.96,19.69,0
2772,2022-08-06,1,CLEANING,213.6,0,Pichincha,D,2,1394,48.96,19.69,0
582,2022-08-06,1,GROCERY I,751.967,0,Pichincha,D,2,1394,48.96,19.69,0
2042,2022-08-06,1,PRODUCE,364.59,0,Pichincha,D,2,1394,48.96,19.69,0
4232,2022-08-06,2,BEVERAGES,395.021,0,Pichincha,D,3,1249,48.96,19.69,0
5692,2022-08-06,2,CLEANING,167.184,0,Pichincha,D,3,1249,48.96,19.69,0
3502,2022-08-06,2,GROCERY I,559.374,0,Pichincha,D,3,1249,48.96,19.69,0
4962,2022-08-06,2,PRODUCE,290.056,0,Pichincha,D,3,1249,48.96,19.69,0
7152,2022-08-06,3,BEVERAGES,714.825,14,Guayas,A,4,1833,48.96,19.69,0
8612,2022-08-06,3,CLEANING,260.098,0,Guayas,A,4,1833,48.96,19.69,0
6422,2022-08-06,3,GROCERY I,1147.326,0,Guayas,A,4,1833,48.96,19.69,0
7882,2022-08-06,3,PRODUCE,416.279,0,Guayas,A,4,1833,48.96,19.69,0
10072,2022-08-06,5,BEVERAGES,281.726,0,Azuay,B,2,918,48.96,19.69,0
11532,2022-08-06,5,CLEANING,121.958,0,Azuay,B,2,918,48.96,19.69,0
9342,2022-08-06,5,GROCERY I,504.391,0,Azuay,B,2,918,48.96,19.69,0
10802,2022-08-06,5,PRODUCE,175.0,0,Azuay,B,2,918,48.96,19.69,0
12992,2022-08-06,8,BEVERAGES,561.043,0,Guayas,C,1,1587,48.96,19.69,0
14452,2022-08-06,8,CLEANING,219.443,0,Guayas,C,1,1587,48.96,19.69,0
12262,2022-08-06,8,GROCERY I,870.551,0,Guayas,C,1,1587,48.96,19.69,0
13722,2022-08-06,8,PRODUCE,391.031,0,Guayas,C,1,1587,48.96,19.69,0
1313,2022-08-07,1,BEVERAGES,483.604,0,Pichincha,D,2,1187,48.48,21.13,0
2773,2022-08-07,1,CLEANING,155.884,0,Pichincha,D,2,1187,48.48,21.13,0
583,2022-08-07,1,GROCERY I,674.323,0,Pichincha,D,2,1187,48.48,21.13,0
2043,2022-08-07,1,PRODUCE,297.76,0,Pichincha,D,2,1187,48.48,21.13,0
4233,2022-08-07,2,BEVERAGES,366.073,0,Pichincha,D,3,979,48.48,21.13,0
5693,2022-08-07,2,CLEANING,169.932,0,Pichincha,D,3,979,48.48,21.13,0
3503,2022-08-07,2,GROCERY I,600.08,7,Pichincha,D,3,979,48.48,21.13,0
4963,2022-08-07,2,PRODUCE,276.287,0,Pichincha,D,3,979,48.48,21.13,0
7153,2022-08-07,3,BEVERAGES,545.623,0,Guayas,A,4,1680,48.48,21.13,0
8613,2022-08-07,3,CLEANING,272.39,0,Guayas,A,4,1680,48.48,21.13,0
6423,2022-08-07,3,GROCERY I,863.089,0,Guayas,A,4,1680,48.48,21.13,0
7883,2022-08-07,3,PRODUCE,390.891,0,Guayas,A,4,1680,48.48,21.13,0
10073,2022-08-07,5,BEVERAGES,237.745,0,Azuay,B,2,793,48.48,21.13,0
11533,2022-08-07,5,CLEANING,91.646,0,Azuay,B,2,793,48.48,21.13,0
9343,2022-08-07,5,GROCERY I,367.851,0,Azuay,B,2,793,48.48,21.13,0
10803,2022-08-07,5,PRODUCE,189.475,0,Azuay,B,2,793,48.48,21.13,0
12993,2022-08-07,8,BEVERAGES,539.942,0,Guayas,C,1,1377,48.48,21.13,0
14453,2022-08-07,8,CLEANING,216.47,0,Guayas,C,1,1377,48.48,21.13,0
12263,2022-08-07,8,GROCERY I,677.254,0,Guayas,C,1,1377,48.48,21.13,0
13723,2022-08-07,8,PRODUCE,268.871,0,Guayas,C,1,1377,48.48,21.13,0
1314,2022-08-08,1,BEVERAGES,323.972,0,Pichincha,D,2,929,48.8,21.29,0
2774,2022-08-08,1,CLEANING,126.485,0,Pichincha,D,2,929,48.8,21.29,0
584,2022-08-08,1,GROCERY I,595.296,0,Pichincha,D,2,929,48.8,21.29,0
2044,2022-08-08,1,PRODUCE,212.14,0,Pichincha,D,2,929,48.8,21.29,0
4234,2022-08-08,2,BEVERAGES,287.177,0,Pichincha,D,3,816,48.8,21.29,0
5694,2022-08-08,2,CLEANING,107.302,0,Pichincha,D,3,816,48.8,21.29,0
3504,2022-08-08,2,GROCERY I,440.258,0,Pichincha,D,3,816,48.8,21.29,0
4964,2022-08-08,2,PRODUCE,189.537,0,Pichincha,D,3,816,48.8,21.29,0
7154,2022-08-08,3,BEVERAGES,476.253,19,Guayas,A,4,1354,48.8,21.29,0
8614,2022-08-08,3,CLEANING,206.881,0,Guayas,A,4,1354,48.8,21.29,0
6424,2022-08-08,3,GROCERY I,825.511,0,Guayas,A,4,1354,48.8,21.29,0
7884,2022-08-08,3,PRODUCE,406.784,1,Guayas,A,4,1354,48.8,21.29,0
10074,2022-08-08,5,BEVERAGES,191.74,0,Azuay,B,2,653,48.8,21.29,0
11534,2022-08-08,5,CLEANING,71.453,0,Azuay,B,2,653,48.8,21.29,0
9344,2022-08-08,5,GROCERY I,315.997,0,Azuay,B,2,653,48.8,21.29,0
10804,2022-08-08,5,PRODUCE,131.12,0,Azuay,B,2,653,48.8,21.29,0
12994,2022-08-08,8,BEVERAGES,337.682,0,Guayas,C,1,1057,48.8,21.29,0
14454,2022-08-08,8,CLEANING,162.888,0,Guayas,C,1,1057,48.8,21.29,0
12264,2022-08-08,8,GROCERY I,505.332,0,Guayas,C,1,1057,48.8,21.29,0
13724,2022-08-08,8,PRODUCE,309.679,0,Guayas,C,1,1057,48.8,21.29,0
1315,2022-08-09,1,BEVERAGES,334.867,0,Pichincha,D,2,962,49.7,23.0,0
2775,2022-08-09,1,CLEANING,144.705,0,Pichincha,D,2,962,49.7,23.0,0
585,2022-08-09,1,GROCERY I,487.132,0,Pichincha,D,2,962,49.7,23.0,0
2045,2022-08-09,1,PRODUCE,226.773,0,Pichincha,D,2,962,49.7,23.0,0
4235,2022-08-09,2,BEVERAGES,254.056,0,Pichincha,D,3,866,49.7,23.0,0
5695,2022-08-09,2,CLEANING,109.241,0,Pichincha,D,3,866,49.7,23.0,0
3505,2022-08-09,2,GROCERY I,379.979,0,Pichincha,D,3,866,49.7,23.0,0
4965,2022-08-09,2,PRODUCE,151.031,0,Pichincha,D,3,866,49.7,23.0,0
7155,2022-08-09,3,BEVERAGES,408.244,0,Guayas,A,4,1234,49.7,23.0,0
8615,2022-08-09,3,CLEANING,189.562,0,Guayas,A,4,1234,49.7,23.0,0
6425,2022-08-09,3,GROCERY I,576.624,0,Guayas,A,4,1234,49.7,23.0,0
7885,2022-08-09,3,PRODUCE,307.94,0,Guayas,A,4,1234,49.7,23.0,0
10075,2022-08-09,5,BEVERAGES,178.178,0,Azuay,B,2,648,49.7,23.0,0
11535,2022-08-09,5,CLEANING,95.222,13,Azuay,B,2,648,49.7,23.0,0
9345,2022-08-09,5,GROCERY I,347.687,11,Azuay,B,2,648,49.7,23.0,0
10805,2022-08-09,5,PRODUCE,118.218,0,Azuay,B,2,648,49.7,23.0,0
12995,2022-08-09,8,BEVERAGES,362.908,0,Guayas,C,1,1017,49.7,23.0,0
14455,2022-08-09,8,CLEANING,133.546,0,Guayas,C,1,1017,49.7,23.0,0
12265,2022-08-09,8,GROCERY I,0.0,0,Guayas,C,1,1017,49.7,23.0,0
13725,2022-08-09,8,PRODUCE,215.13,0,Guayas,C,1,1017,49.7,23.0,0
1316,2022-08-10,1,BEVERAGES,544.652,22,Pichincha,D,2,976,49.17,20.07,1
2776,2022-08-10,1,CLEANING,162.894,0,Pichincha,D,2,976,49.17,20.07,1
586,2022-08-10,1,GROCERY I,512.193,0,Pichincha,D,2,976,49.17,20.07,1
2046,2022-08-10,1,PRODUCE,261.09,0,Pichincha,D,2,976,49.17,20.07,1
4236,2022-08-10,2,BEVERAGES,351.169,0,Pichincha,D,3,835,49.17,20.07,1
5696,2022-08-10,2,CLEANING,138.117,0,Pichincha,D,3,835,49.17,20.07,1
3506,2022-08-10,2,GROCERY I,0.0,13,Pichincha,D,3,835,49.17,20.07,1
4966,2022-08-10,2,PRODUCE,367.165,7,Pichincha,D,3,835,49.17,20.07,1
7156,2022-08-10,3,BEVERAGES,535.105,0,Guayas,A,4,1295,49.17,20.07,1
8616,2022-08-10,3,CLEANING,313.63,2,Guayas,A,4,1295,49.17,20.07,1
6426,2022-08-10,3,GROCERY I,997.045,0,Guayas,A,4,1295,49.17,20.07,1
7886,2022-08-10,3,PRODUCE,439.839,23,Guayas,A,4,1295,49.17,20.07,1
10076,2022-08-10,5,BEVERAGES,257.764,0,Azuay,B,2,493,49.17,20.07,1
11536,2022-08-10,5,CLEANING,119.45,0,Azuay,B,2,493,49.17,20.07,1
9346,2022-08-10,5,GROCERY I,378.369,0,Azuay,B,2,493,49.17,20.07,1
10806,2022-08-10,5,PRODUCE,181.283,0,Azuay,B,2,493,49.17,20.07,1
12996,2022-08-10,8,BEVERAGES,622.675,19,Guayas,C,1,1048,49.17,20.07,1
14456,2022-08-10,8,CLEANING,191.989,0,Guayas,C,1,1048,49.17,20.07,1
12266,2022-08-10,8,GROCERY I,793.79,0,Guayas,C,1,1048,49.17,20.07,1
13726,2022-08-10,8,PRODUCE,297.765,0,Guayas,C,1,1048,49.17,20.07,1
1317,2022-08-11,1,BEVERAGES,372.944,0,Pichincha,D,2,1011,48.79,20.82,0
2777,2022-08-11,1,CLEANING,154.212,0,Pichincha,D,2,1011,48.79,20.82,0
587,2022-08-11,1,GROCERY I,519.007,0,Pichincha,D,2,1011,48.79,20.82,0
2047,2022-08-11,1,PRODUCE,229.836,0,Pichincha,D,2,1011,48.79,20.82,0
4237,2022-08-11,2,BEVERAGES,277.182,0,Pichincha,D,3,771,48.79,20.82,0
5697,2022-08-11,2,CLEANING,137.683,0,Pichincha,D,3,771,48.79,20.82,0
3507,2022-08-11,2,GROCERY I,480.468,0,Pichincha,D,3,771,48.79,20.82,0
4967,2022-08-11,2,PRODUCE,198.661,0,Pichincha,D,3,771,48.79,20.82,0
7157,2022-08-11,3,BEVERAGES,522.87,0,Guayas,A,4,1454,48.79,20.82,0
8617,2022-08-11,3,CLEANING,199.092,0,Guayas,A,4,1454,48.79,20.82,0
6427,2022-08-11,3,GROCERY I,666.792,0,Guayas,A,4,1454,48.79,20.82,0
7887,2022-08-11,3,PRODUCE,326.463,0,Guayas,A,4,1454,48.79,20.82,0
10077,2022-08-11,5,BEVERAGES,270.139,3,Azuay,B,2,616,48.79,20.82,0
11537,2022-08-11,5,CLEANING,79.109,0,Azuay,B,2,616,48.79,20.82,0
9347,2022-08-11,5,GROCERY I,335.986,0,Azuay,B,2,616,48.79,20.82,0
10807,2022-08-11,5,PRODUCE,142.115,0,Azuay,B,2,616,48.79,20.82,0
12997,2022-08-11,8,BEVERAGES,416.154,0,Guayas,C,1,1027,48.79,20.82,0
14457,2022-08-11,8,CLEANING,154.67,0,Guayas,C,1,1027,48.79,20.82,0
12267,2022-08-11,8,GROCERY I,650.464,0,Guayas,C,1,1027,48.79,20.82,0
13727,2022-08-11,8,PRODUCE,289.891,0,Guayas,C,1,1027,48.79,20.82,0
1318,2022-08-12,1,BEVERAGES,371.273,0,Pichincha,D,2,1136,48.9,18.14,0
2778,2022-08-12,1,CLEANING,161.916,0,Pichincha,D,2,1136,48.9,18.14,0
588,2022-08-12,1,GROCERY I,775.266,0,Pichincha,D,2,1136,48.9,18.14,0
2048,2022-08-12,1,PRODUCE,264.565,0,Pichincha,D,2,1136,48.9,18.14,0
4238,2022-08-12,2,BEVERAGES,334.719,0,Pichincha,D,3,1038,48.9,18.14,0
5698,2022-08-12,2,CLEANING,140.082,0,Pichincha,D,3,1038,48.9,18.14,0
3508,2022-08-12,2,GROCERY I,458.623,0,Pichincha,D,3,1038,48.9,18.14,0
4968,2022-08-12,2,PRODUCE,258.993,10,Pichincha,D,3,1038,48.9,18.14,0
7158,2022-08-12,3,BEVERAGES,674.889,9,Guayas,A,4,1617,48.9,18.14,0
8618,2022-08-12,3,CLEANING,233.897,0,Guayas,A,4,1617,48.9,18.14,0
6428,2022-08-12,3,GROCERY I,903.409,0,Guayas,A,4,1617,48.9,18.14,0
7888,2022-08-12,3,PRODUCE,479.822,24,Guayas,A,4,1617,48.9,18.14,0
10078,2022-08-12,5,BEVERAGES,229.937,0,Azuay,B,2,707,48.9,18.14,0
11538,2022-08-12,5,CLEANING,99.422,0,Azuay,B,2,707,48.9,18.14,0
9348,2022-08-12,5,GROCERY I,329.839,0,Azuay,B,2,707,48.9,18.14,0
10808,2022-08-12,5,PRODUCE,144.598,0,Azuay,B,2,707,48.9,18.14,0
12998,2022-08-12,8,BEVERAGES,490.48,0,Guayas,C,1,1352,48.9,18.14,0
14458,2022-08-12,8,CLEANING,167.325,0,Guayas,C,1,1352,48.9,18.14,0
12268,2022-08-12,8,GROCERY I,698.43,0,Guayas,C,1,1352,48.9,18.14,0
13728,2022-08-12,8,PRODUCE,312.699,0,Guayas,C,1,1352,48.9,18.14,0
1319,2022-08-13,1,BEVERAGES,521.812,0,Pichincha,D,2,1465,49.62,21.82,0
2779,2022-08-13,1,CLEANING,202.05,0,Pichincha,D,2,1465,49.62,21.82,0
589,2022-08-13,1,GROCERY I,794.093,0,Pichincha,D,2,1465,49.62,21.82,0
2049,2022-08-13,1,PRODUCE,322.446,0,Pichincha,D,2,1465,49.62,21.82,0
4239,2022-08-13,2,BEVERAGES,368.813,0,Pichincha,D,3,1183,49.62,21.82,0
5699,2022-08-13,2,CLEANING,194.556,0,Pichincha,D,3,1183,49.62,21.82,0
3509,2022-08-13,2,GROCERY I,592.069,0,Pichincha,D,3,1183,49.62,21.82,0
4969,2022-08-13,2,PRODUCE,304.819,0,Pichincha,D,3,1183,49.62,21.82,0
7159,2022-08-13,3,BEVERAGES,813.358,15,Guayas,A,4,1831,49.62,21.82,0
8619,2022-08-13,3,CLEANING,270.137,0,Guayas,A,4,1831,49.62,21.82,0
6429,2022-08-13,3,GROCERY I,1179.238,19,Guayas,A,4,1831,49.62,21.82,0
7889,2022-08-13,3,PRODUCE,464.112,0,Guayas,A,4,1831,49.62,21.82,0
10079,2022-08-13,5,BEVERAGES,314.11,23,Azuay,B,2,864,49.62,21.82,0
11539,2022-08-13,5,CLEANING,108.141,0,Azuay,B,2,864,49.62,21.82,0
9349,2022-08-13,5,GROCERY I,431.04,0,Azuay,B,2,864,49.62,21.82,0
10809,2022-08-13,5,PRODUCE,205.228,0,Azuay,B,2,864,49.62,21.82,0
12999,2022-08-13,8,BEVERAGES,521.754,0,Guayas,C,1,1590,49.62,21.82,0
14459,2022-08-13,8,CLEANING,221.702,0,Guayas,C,1,1590,49.62,21.82,0
12269,2022-08-13,8,GROCERY I,801.571,0,Guayas,C,1,1590,49.62,21.82,0
13729,2022-08-13,8,PRODUCE,344.176,0,Guayas,C,1,1590,49.62,21.82,0
1320,2022-08-14,1,BEVERAGES,489.018,0,Pichincha,D,2,1196,49.07,19.02,0
2780,2022-08-14,1,CLEANING,187.773,8,Pichincha,D,2,1196,49.07,19.02,0
590,2022-08-14,1,GROCERY I,601.905,0,Pichincha,D,2,1196,49.07,19.02,0
2050,2022-08-14,1,PRODUCE,295.677,0,Pichincha,D,2,1196,49.07,19.02,0
4240,2022-08-14,2,BEVERAGES,327.925,0,Pichincha,D,3,1095,49.07,19.02,0
5700,2022-08-14,2,CLEANING,138.476,0,Pichincha,D,3,1095,49.07,19.02,0
3510,2022-08-14,2,GROCERY I,501.761,0,Pichincha,D,3,1095,49.07,19.02,0
4970,2022-08-14,2,PRODUCE,288.179,0,Pichincha,D,3,1095,49.07,19.02,0
7160,2022-08-14,3,BEVERAGES,508.907,0,Guayas,A,4,1626,49.07,19.02,0
8620,2022-08-14,3,CLEANING,273.282,0,Guayas,A,4,1626,49.07,19.02,0
6430,2022-08-14,3,GROCERY I,884.335,0,Guayas,A,4,1626,49.07,19.02,0
7890,2022-08-14,3,PRODUCE,445.94,16,Guayas,A,4,1626,49.07,19.02,0
10080,2022-08-14,5,BEVERAGES,209.296,0,Azuay,B,2,733,49.07,19.02,0
11540,2022-08-14,5,CLEANING,102.95,0,Azuay,B,2,733,49.07,19.02,0
9350,2022-08-14,5,GROCERY I,455.198,24,Azuay,B,2,733,49.07,19.02,0
10810,2022-08-14,5,PRODUCE,199.37,0,Azuay,B,2,733,49.07,19.02,0
13000,2022-08-14,8,BEVERAGES,495.969,0,Guayas,C,1,1349,49.07,19.02,0
14460,2022-08-14,8,CLEANING,193.951,0,Guayas,C,1,1349,49.07,19.02,0
12270,2022-08-14,8,GROCERY I,736.061,0,Guayas,C,1,1349,49.07,19.02,0
13730,2022-08-14,8,PRODUCE,380.767,2,Guayas,C,1,1349,49.07,19.02,0
1321,2022-08-15,1,BEVERAGES,318.163,0,Pichincha,D,2,1028,49.18,19.24,0
2781,2022-08-15,1,CLEANING,129.126,0,Pichincha,D,2,1028,49.18,19.24,0
591,2022-08-15,1,GROCERY I,531.216,0,Pichincha,D,2,1028,49.18,19.24,0
2051,2022-08-15,1,PRODUCE,210.046,0,Pichincha,D,2,1028,49.18,19.24,0
4241,2022-08-15,2,BEVERAGES,267.003,0,Pichincha,D,3,798,49.18,19.24,0
5701,2022-08-15,2,CLEANING,127.169,0,Pichincha,D,3,798,49.18,19.24,0
3511,2022-08-15,2,GROCERY I,401.736,0,Pichincha,D,3,798,49.18,19.24,0
4971,2022-08-15,2,PRODUCE,185.751,0,Pichincha,D,3,798,49.18,19.24,0
7161,2022-08-15,3,BEVERAGES,468.344,0,Guayas,A,4,1306,49.18,19.24,0
8621,2022-08-15,3,CLEANING,176.437,0,Guayas,A,4,1306,49.18,19.24,0
6431,2022-08-15,3,GROCERY I,873.928,9,Guayas,A,4,1306,49.18,19.24,0
7891,2022-08-15,3,PRODUCE,315.984,0,Guayas,A,4,1306,49.18,19.24,0
10081,2022-08-15,5,BEVERAGES,197.596,0,Azuay,B,2,561,49.18,19.24,0
11541,2022-08-15,5,CLEANING,73.9,0,Azuay,B,2,561,49.18,19.24,0
9351,2022-08-15,5,GROCERY I,249.922,0,Azuay,B,2,561,49.18,19.24,0
10811,2022-08-15,5,PRODUCE,136.38,0,Azuay,B,2,561,49.18,19.24,0
13001,2022-08-15,8,BEVERAGES,324.042,0,Guayas,C,1,1100,49.18,19.24,0
14461,2022-08-15,8,CLEANING,154.633,0,Guayas,C,1,1100,49.18,19.24,0
12271,2022-08-15,8,GROCERY I,675.453,0,Guayas,C,1,1100,49.18,19.24,0
13731,2022-08-15,8,PRODUCE,233.089,0,Guayas,C,1,1100,49.18,19.24,0
1322,2022-08-16,1,BEVERAGES,310.837,0,Pichincha,D,2,1062,50.0,19.92,0
2782,2022-08-16,1,CLEANING,119.708,0,Pichincha,D,2,1062,50.0,19.92,0
592,2022-08-16,1,GROCERY I,447.755,0,Pichincha,D,2,1062,50.0,19.92,0
2052,2022-08-16,1,PRODUCE,251.043,0,Pichincha,D,2,1062,50.0,19.92,0
4242,2022-08-16,2,BEVERAGES,208.595,0,Pichincha,D,3,791,50.0,19.92,0
5702,2022-08-16,2,CLEANING,107.479,0,Pichincha,D,3,791,50.0,19.92,0
3512,2022-08-16,2,GROCERY I,361.411,0,Pichincha,D,3,791,50.0,19.92,0
4972,2022-08-16,2,PRODUCE,178.368,0,Pichincha,D,3,791,50.0,19.92,0
7162,2022-08-16,3,BEVERAGES,479.278,0,Guayas,A,4,1224,50.0,19.92,0
8622,2022-08-16,3,CLEANING,178.95,0,Guayas,A,4,1224,50.0,19.92,0
6432,2022-08-16,3,GROCERY I,745.48,10,Guayas,A,4,1224,50.0,19.92,0
7892,2022-08-16,3,PRODUCE,320.911,0,Guayas,A,4,1224,50.0,19.92,0
10082,2022-08-16,5,BEVERAGES,163.203,0,Azuay,B,2,511,50.0,19.92,0
11542,2022-08-16,5,CLEANING,88.76,3,Azuay,B,2,511,50.0,19.92,0
9352,2022-08-16,5,GROCERY I,305.552,0,Azuay,B,2,511,50.0,19.92,0
10812,2022-08-16,5,PRODUCE,150.248,1,Azuay,B,2,511,50.0,19.92,0
13002,2022-08-16,8,BEVERAGES,388.402,0,Guayas,C,1,1004,50.0,19.92,0
14462,2022-08-16,8,CLEANING,143.191,0,Guayas,C,1,1004,50.0,19.92,0
12272,2022-08-16,8,GROCERY I,511.562,0,Guayas,C,1,1004,50.0,19.92,0
13732,2022-08-16,8,PRODUCE,223.464,0,Guayas,C,1,1004,50.0,19.92,0
1323,2022-08-17,1,BEVERAGES,303.811,0,Pichincha,D,2,971,49.26,17.7,0
2783,2022-08-17,1,CLEANING,136.418,0,Pichincha,D,2,971,49.26,17.7,0
593,2022-08-17,1,GROCERY I,433.524,0,Pichincha,D,2,971,49.26,17.7,0
2053,2022-08-17,1,PRODUCE,288.302,14,Pichincha,D,2,971,49.26,17.7,0
4243,2022-08-17,2,BEVERAGES,296.071,0,Pichincha,D,3,788,49.26,17.7,0
5703,2022-08-17,2,CLEANING,117.665,0,Pichincha,D,3,788,49.26,17.7,0
3513,2022-08-17,2,GROCERY I,430.005,0,Pichincha,D,3,788,49.26,17.7,0
4973,2022-08-17,2,PRODUCE,189.148,0,Pichincha,D,3,788,49.26,17.7,0
7163,2022-08-17,3,BEVERAGES,463.423,0,Guayas,A,4,1294,49.26,17.7,0
8623,2022-08-17,3,CLEANING,152.519,0,Guayas,A,4,1294,49.26,17.7,0
6433,2022-08-17,3,GROCERY I,870.393,12,Guayas,A,4,1294,49.26,17.7,0
7893,2022-08-17,3,PRODUCE,319.741,0,Guayas,A,4,1294,49.26,17.7,0
10083,2022-08-17,5,BEVERAGES,270.088,7,Azuay,B,2,577,49.26,17.7,0
11543,2022-08-17,5,CLEANING,93.539,0,Azuay,B,2,577,49.26,17.7,0
9353,2022-08-17,5,GROCERY I,304.111,0,Azuay,B,2,577,49.26,17.7,0
10813,2022-08-17,5,PRODUCE,134.469,8,Azuay,B,2,577,49.26,17.7,0
13003,2022-08-17,8,BEVERAGES,319.218,0,Guayas,C,1,1028,49.26,17.7,0
14463,2022-08-17,8,CLEANING,137.619,0,Guayas,C,1,1028,49.26,17.7,0
12273,2022-08-17,8,GROCERY I,595.818,0,Guayas,C,1,1028,49.26,17.7,0
13733,2022-08-17,8,PRODUCE,265.376,0,Guayas,C,1,1028,49.26,17.7,0
1324,2022-08-18,1,BEVERAGES,322.018,0,Pichincha,D,2,1035,48.68,20.14,0
2784,2022-08-18,1,CLEANING,171.477,14,Pichincha,D,2,1035,48.68,20.14,0
594,2022-08-18,1,GROCERY I,498.52,0,Pichincha,D,2,1035,48.68,20.14,0
2054,2022-08-18,1,PRODUCE,273.982,0,Pichincha,D,2,1035,48.68,20.14,0
4244,2022-08-18,2,BEVERAGES,396.414,1,Pichincha,D,3,857,48.68,20.14,0
5704,2022-08-18,2,CLEANING,101.553,0,Pichincha,D,3,857,48.68,20.14,0
3514,2022-08-18,2,GROCERY I,425.404,0,Pichincha,D,3,857,48.68,20.14,0
4974,2022-08-18,2,PRODUCE,173.749,0,Pichincha,D,3,857,48.68,20.14,0
7164,2022-08-18,3,BEVERAGES,395.135,0,Guayas,A,4,1348,48.68,20.14,0
8624,2022-08-18,3,CLEANING,163.695,0,Guayas,A,4,1348,48.68,20.14,0
6434,2022-08-18,3,GROCERY I,677.139,0,Guayas,A,4,1348,48.68,20.14,0
7894,2022-08-18,3,PRODUCE,329.739,0,Guayas,A,4,1348,48.68,20.14,0
10084,2022-08-18,5,BEVERAGES,238.194,0,Azuay,B,2,647,48.68,20.14,0
11544,2022-08-18,5,CLEANING,80.672,0,Azuay,B,2,647,48.68,20.14,0
9354,2022-08-18,5,GROCERY I,295.924,0,Azuay,B,2,647,48.68,20.14,0
10814,2022-08-18,5,PRODUCE,160.182,0,Azuay,B,2,647,48.68,20.14,0
13004,2022-08-18,8,BEVERAGES,405.058,0,Guayas,C,1,1126,48.68,20.14,0
14464,2022-08-18,8,CLEANING,186.238,0,Guayas,C,1,1126,48.68,20.14,0
12274,2022-08-18,8,GROCERY I,650.904,23,Guayas,C,1,1126,48.68,20.14,0
13734,2022-08-18,8,PRODUCE,246.725,0,Guayas,C,1,1126,48.68,20.14,0
1325,2022-08-19,1,BEVERAGES,449.24,0,Pichincha,D,2,1167,48.49,21.11,0
2785,2022-08-19,1,CLEANING,170.044,0,Pichincha,D,2,1167,48.49,21.11,0
595,2022-08-19,1,GROCERY I,607.721,0,Pichincha,D,2,1167,48.49,21.11,0
2055,2022-08-19,1,PRODUCE,332.185,19,Pichincha,D,2,1167,48.49,21.11,0
4245,2022-08-19,2,BEVERAGES,394.642,6,Pichincha,D,3,985,48.49,21.11,0
5705,2022-08-19,2,CLEANING,137.793,0,Pichincha,D,3,985,48.49,21.11,0
3515,2022-08-19,2,GROCERY I,536.977,0,Pichincha,D,3,985,48.49,21.11,0
4975,2022-08-19,2,PRODUCE,212.044,0,Pichincha,D,3,985,48.49,21.11,0
7165,2022-08-19,3,BEVERAGES,502.817,0,Guayas,A,4,1658,48.49,21.11,0
8625,2022-08-19,3,CLEANING,255.999,0,Guayas,A,4,1658,48.49,21.11,0
6435,2022-08-19,3,GROCERY I,1007.129,24,Guayas,A,4,1658,48.49,21.11,0
7895,2022-08-19,3,PRODUCE,427.449,0,Guayas,A,4,1658,48.49,21.11,0
10085,2022-08-19,5,BEVERAGES,218.874,0,Azuay,B,2,691,48.49,21.11,0
11545,2022-08-19,5,CLEANING,80.406,0,Azuay,B,2,691,48.49,21.11,0
9355,2022-08-19,5,GROCERY I,337.399,0,Azuay,B,2,691,48.49,21.11,0
10815,2022-08-19,5,PRODUCE,150.998,0,Azuay,B,2,691,48.49,21.11,0
13005,2022-08-19,8,BEVERAGES,466.317,0,Guayas,C,1,1372,48.49,21.11,0
14465,2022-08-19,8,CLEANING,222.349,11,Guayas,C,1,1372,48.49,21.11,0
12275,2022-08-19,8,GROCERY I,610.705,0,Guayas,C,1,1372,48.49,21.11,0
13735,2022-08-19,8,PRODUCE,333.587,22,Guayas,C,1,1372,48.49,21.11,0
1326,2022-08-20,1,BEVERAGES,427.372,0,Pichincha,D,2,1352,48.26,20.1,0
2786,2022-08-20,1,CLEANING,188.33,0,Pichincha,D,2,1352,48.26,20.1,0
596,2022-08-20,1,GROCERY I,604.911,0,Pichincha,D,2,1352,48.26,20.1,0
2056,2022-08-20,1,PRODUCE,316.963,0,Pichincha,D,2,1352,48.26,20.1,0
4246,2022-08-20,2,BEVERAGES,407.551,0,Pichincha,D,3,1208,48.26,20.1,0
5706,2022-08-20,2,CLEANING,145.735,0,Pichincha,D,3,1208,48.26,20.1,0
3516,2022-08-20,2,GROCERY I,562.746,0,Pichincha,D,3,1208,48.26,20.1,0
4976,2022-08-20,2,PRODUCE,316.65,0,Pichincha,D,3,1208,48.26,20.1,0
7166,2022-08-20,3,BEVERAGES,639.508,0,Guayas,A,4,1886,48.26,20.1,0
8626,2022-08-20,3,CLEANING,280.33,0,Guayas,A,4,1886,48.26,20.1,0
6436,2022-08-20,3,GROCERY I,747.176,0,Guayas,A,4,1886,48.26,20.1,0
7896,2022-08-20,3,PRODUCE,456.243,0,Guayas,A,4,1886,48.26,20.1,0
10086,2022-08-20,5,BEVERAGES,228.972,0,Azuay,B,2,845,48.26,20.1,0
11546,2022-08-20,5,CLEANING,119.48,0,Azuay,B,2,845,48.26,20.1,0
9356,2022-08-20,5,GROCERY I,417.037,0,Azuay,B,2,845,48.26,20.1,0
10816,2022-08-20,5,PRODUCE,203.639,17,Azuay,B,2,845,48.26,20.1,0
13006,2022-08-20,8,BEVERAGES,562.521,0,Guayas,C,1,1589,48.26,20.1,0
14466,2022-08-20,8,CLEANING,240.997,0,Guayas,C,1,1589,48.26,20.1,0
12276,2022-08-20,8,GROCERY I,923.461,0,Guayas,C,1,1589,48.26,20.1,0
13736,2022-08-20,8,PRODUCE,340.15,0,Guayas,C,1,1589,48.26,20.1,0
1327,2022-08-21,1,BEVERAGES,378.868,0,Pichincha,D,2,1226,48.63,17.4,0
2787,2022-08-21,1,CLEANING,159.066,0,Pichincha,D,2,1226,48.63,17.4,0
597,2022-08-21,1,GROCERY I,574.691,0,Pichincha,D,2,1226,48.63,17.4,0
2057,2022-08-21,1,PRODUCE,415.139,6,Pichincha,D,2,1226,48.63,17.4,0
4247,2022-08-21,2,BEVERAGES,371.763,0,Pichincha,D,3,1012,48.63,17.4,0
5707,2022-08-21,2,CLEANING,145.365,0,Pichincha,D,3,1012,48.63,17.4,0
3517,2022-08-21,2,GROCERY I,625.299,0,Pichincha,D,3,1012,48.63,17.4,0
4977,2022-08-21,2,PRODUCE,289.844,17,Pichincha,D,3,1012,48.63,17.4,0
7167,2022-08-21,3,BEVERAGES,529.031,0,Guayas,A,4,1683,48.63,17.4,0
8627,2022-08-21,3,CLEANING,229.528,0,Guayas,A,4,1683,48.63,17.4,0
6437,2022-08-21,3,GROCERY I,837.795,0,Guayas,A,4,1683,48.63,17.4,0
7897,2022-08-21,3,PRODUCE,366.006,0,Guayas,A,4,1683,48.63,17.4,0
10087,2022-08-21,5,BEVERAGES,251.269,0,Azuay,B,2,721,48.63,17.4,0
11547,2022-08-21,5,CLEANING,109.63,0,Azuay,B,2,721,48.63,17.4,0
9357,2022-08-21,5,GROCERY I,476.817,16,Azuay,B,2,721,48.63,17.4,0
10817,2022-08-21,5,PRODUCE,170.091,0,Azuay,B,2,721,48.63,17.4,0
13007,2022-08-21,8,BEVERAGES,537.59,0,Guayas,C,1,1344,48.63,17.4,0
14467,2022-08-21,8,CLEANING,197.596,0,Guayas,C,1,1344,48.63,17.4,0
12277,2022-08-21,8,GROCERY I,856.536,13,Guayas,C,1,1344,48.63,17.4,0
13737,2022-08-21,8,PRODUCE,317.211,0,Guayas,C,1,1344,48.63,17.4,0
1328,2022-08-22,1,BEVERAGES,365.672,0,Pichincha,D,2,928,48.73,19.39,0
2788,2022-08-22,1,CLEANING,136.132,0,Pichincha,D,2,928,48.73,19.39,0
598,2022-08-22,1,GROCERY I,603.861,23,Pichincha,D,2,928,48.73,19.39,0
2058,2022-08-22,1,PRODUCE,214.858,0,Pichincha,D,2,928,48.73,19.39,0
4248,2022-08-22,2,BEVERAGES,230.216,0,Pichincha,D,3,853,48.73,19.39,0
5708,2022-08-22,2,CLEANING,94.631,0,Pichincha,D,3,853,48.73,19.39,0
3518,2022-08-22,2,GROCERY I,335.338,0,Pichincha,D,3,853,48.73,19.39,0
4978,2022-08-22,2,PRODUCE,171.511,0,Pichincha,D,3,853,48.73,19.39,0
7168,2022-08-22,3,BEVERAGES,528.641,0,Guayas,A,4,1329,48.73,19.39,0
8628,2022-08-22,3,CLEANING,181.805,0,Guayas,A,4,1329,48.73,19.39,0
6438,2022-08-22,3,GROCERY I,905.708,3,Guayas,A,4,1329,48.73,19.39,0
7898,2022-08-22,3,PRODUCE,282.454,0,Guayas,A,4,1329,48.73,19.39,0
10088,2022-08-22,5,BEVERAGES,265.544,20,Azuay,B,2,542,48.73,19.39,0
11548,2022-08-22,5,CLEANING,81.442,0,Azuay,B,2,542,48.73,19.39,0
9358,2022-08-22,5,GROCERY I,347.485,6,Azuay,B,2,542,48.73,19.39,0
10818,2022-08-22,5,PRODUCE,141.715,0,Azuay,B,2,542,48.73,19.39,0
13008,2022-08-22,8,BEVERAGES,382.851,0,Guayas,C,1,1059,48.73,19.39,0
14468,2022-08-22,8,CLEANING,166.55,0,Guayas,C,1,1059,48.73,19.39,0
12278,2022-08-22,8,GROCERY I,552.456,0,Guayas,C,1,1059,48.73,19.39,0
13738,2022-08-22,8,PRODUCE,231.46,0,Guayas,C,1,1059,48.73,19.39,0
1329,2022-08-23,1,BEVERAGES,320.33,0,Pichincha,D,2,870,47.94,20.54,0
2789,2022-08-23,1,CLEANING,115.398,0,Pichincha,D,2,870,47.94,20.54,0
599,2022-08-23,1,GROCERY I,452.347,0,Pichincha,D,2,870,47.94,20.54,0
2059,2022-08-23,1,PRODUCE,211.779,0,Pichincha,D,2,870,47.94,20.54,0
4249,2022-08-23,2,BEVERAGES,268.948,0,Pichincha,D,3,803,47.94,20.54,0
5709,2022-08-23,2,CLEANING,125.913,10,Pichincha,D,3,803,47.94,20.54,0
3519,2022-08-23,2,GROCERY I,329.498,0,Pichincha,D,3,803,47.94,20.54,0
4979,2022-08-23,2,PRODUCE,168.983,0,Pichincha,D,3,803,47.94,20.54,0
7169,2022-08-23,3,BEVERAGES,391.07,0,Guayas,A,4,1278,47.94,20.54,0
8629,2022-08-23,3,CLEANING,150.483,0,Guayas,A,4,1278,47.94,20.54,0
6439,2022-08-23,3,GROCERY I,672.58,0,Guayas,A,4,1278,47.94,20.54,0
7899,2022-08-23,3,PRODUCE,294.723,0,Guayas,A,4,1278,47.94,20.54,0
10089,2022-08-23,5,BEVERAGES,153.322,0,Azuay,B,2,550,47.94,20.54,0
11549,2022-08-23,5,CLEANING,71.747,0,Azuay,B,2,550,47.94,20.54,0
9359,2022-08-23,5,GROCERY I,253.023,0,Azuay,B,2,550,47.94,20.54,0
10819,2022-08-23,5,PRODUCE,137.105,0,Azuay,B,2,550,47.94,20.54,0
13009,2022-08-23,8,BEVERAGES,292.458,0,Guayas,C,1,1067,47.94,20.54,0
14469,2022-08-23,8,CLEANING,158.044,18,Guayas,C,1,1067,47.94,20.54,0
12279,2022-08-23,8,GROCERY I,539.547,0,Guayas,C,1,1067,47.94,20.54,0
13739,2022-08-23,8,PRODUCE,229.157,0,Guayas,C,1,1067,47.94,20.54,0
1330,2022-08-24,1,BEVERAGES,373.882,0,Pichincha,D,2,1034,48.17,16.81,0
2790,2022-08-24,1,CLEANING,144.442,0,Pichincha,D,2,1034,48.17,16.81,0
600,2022-08-24,1,GROCERY I,503.416,0,Pichincha,D,2,1034,48.17,16.81,0
2060,2022-08-24,1,PRODUCE,237.254,0,Pichincha,D,2,1034,48.17,16.81,0
4250,2022-08-24,2,BEVERAGES,247.094,0,Pichincha,D,3,740,48.17,16.81,0
5710,2022-08-24,2,CLEANING,118.381,0,Pichincha,D,3,740,48.17,16.81,0
3520,2022-08-24,2,GROCERY I,460.641,0,Pichincha,D,3,740,48.17,16.81,0
4980,2022-08-24,2,PRODUCE,199.963,0,Pichincha,D,3,740,48.17,16.81,0
7170,2022-08-24,3,BEVERAGES,421.566,0,Guayas,A,4,1298,48.17,16.81,0
8630,2022-08-24,3,CLEANING,170.64,0,Guayas,A,4,1298,48.17,16.81,0
6440,2022-08-24,3,GROCERY I,863.259,21,Guayas,A,4,1298,48.17,16.81,0
7900,2022-08-24,3,PRODUCE,261.489,0,Guayas,A,4,1298,48.17,16.81,0
10090,2022-08-24,5,BEVERAGES,210.725,0,Azuay,B,2,589,48.17,16.81,0
11550,2022-08-24,5,CLEANING,84.478,13,Azuay,B,2,589,48.17,16.81,0
9360,2022-08-24,5,GROCERY I,265.709,0,Azuay,B,2,589,48.17,16.81,0
10820,2022-08-24,5,PRODUCE,120.0,0,Azuay,B,2,589,48.17,16.81,0
13010,2022-08-24,8,BEVERAGES,441.714,7,Guayas,C,1,1071,48.17,16.81,0
14470,2022-08-24,8,CLEANING,143.024,0,Guayas,C,1,1071,48.17,16.81,0
12280,2022-08-24,8,GROCERY I,597.29,9,Guayas,C,1,1071,48.17,16.81,0
13740,2022-08-24,8,PRODUCE,251.638,0,Guayas,C,1,1071,48.17,16.81,0
1331,2022-08-25,1,BEVERAGES,315.82,0,Pichincha,D,2,1022,47.91,17.87,0
2791,2022-08-25,1,CLEANING,136.614,0,Pichincha,D,2,1022,47.91,17.87,0
601,2022-08-25,1,GROCERY I,453.955,0,Pichincha,D,2,1022,47.91,17.87,0
2061,2022-08-25,1,PRODUCE,207.578,0,Pichincha,D,2,1022,47.91,17.87,0
4251,2022-08-25,2,BEVERAGES,396.418,7,Pichincha,D,3,903,47.91,17.87,0
5711,2022-08-25,2,CLEANING,118.538,0,Pichincha,D,3,903,47.91,17.87,0
3521,2022-08-25,2,GROCERY I,434.921,0,Pichincha,D,3,903,47.91,17.87,0
4981,2022-08-25,2,PRODUCE,157.184,0,Pichincha,D,3,903,47.91,17.87,0
7171,2022-08-25,3,BEVERAGES,419.733,0,Guayas,A,4,1255,47.91,17.87,0
8631,2022-08-25,3,CLEANING,161.65,0,Guayas,A,4,1255,47.91,17.87,0
6441,2022-08-25,3,GROCERY I,842.19,16,Guayas,A,4,1255,47.91,17.87,0
7901,2022-08-25,3,PRODUCE,306.072,0,Guayas,A,4,1255,47.91,17.87,0
10091,2022-08-25,5,BEVERAGES,157.291,0,Azuay,B,2,663,47.91,17.87,0
11551,2022-08-25,5,CLEANING,72.771,0,Azuay,B,2,663,47.91,17.87,0
9361,2022-08-25,5,GROCERY I,291.849,0,Azuay,B,2,663,47.91,17.87,0
10821,2022-08-25,5,PRODUCE,132.723,0,Azuay,B,2,663,47.91,17.87,0
13011,2022-08-25,8,BEVERAGES,299.159,0,Guayas,C,1,1154,47.91,17.87,0
14471,2022-08-25,8,CLEANING,145.061,0,Guayas,C,1,1154,47.91,17.87,0
12281,2022-08-25,8,GROCERY I,536.103,0,Guayas,C,1,1154,47.91,17.87,0
13741,2022-08-25,8,PRODUCE,298.576,12,Guayas,C,1,1154,47.91,17.87,0
1332,2022-08-26,1,BEVERAGES,387.335,0,Pichincha,D,2,1208,48.48,20.54,0
2792,2022-08-26,1,CLEANING,155.891,0,Pichincha,D,2,1208,48.48,20.54,0
602,2022-08-26,1,GROCERY I,631.117,0,Pichincha,D,2,1208,48.48,20.54,0
2062,2022-08-26,1,PRODUCE,289.193,0,Pichincha,D,2,1208,48.48,20.54,0
4252,2022-08-26,2,BEVERAGES,308.128,0,Pichincha,D,3,1005,48.48,20.54,0
5712,2022-08-26,2,CLEANING,116.845,0,Pichincha,D,3,1005,48.48,20.54,0
3522,2022-08-26,2,GROCERY I,500.236,0,Pichincha,D,3,1005,48.48,20.54,0
4982,2022-08-26,2,PRODUCE,227.538,0,Pichincha,D,3,1005,48.48,20.54,0
7172,2022-08-26,3,BEVERAGES,527.012,0,Guayas,A,4,1612,48.48,20.54,0
8632,2022-08-26,3,CLEANING,210.737,0,Guayas,A,4,1612,48.48,20.54,0
6442,2022-08-26,3,GROCERY I,919.945,0,Guayas,A,4,1612,48.48,20.54,0
7902,2022-08-26,3,PRODUCE,381.675,0,Guayas,A,4,1612,48.48,20.54,0
10092,2022-08-26,5,BEVERAGES,232.787,8,Azuay,B,2,661,48.48,20.54,0
11552,2022-08-26,5,CLEANING,90.494,0,Azuay,B,2,661,48.48,20.54,0
9362,2022-08-26,5,GROCERY I,311.405,0,Azuay,B,2,661,48.48,20.54,0
10822,2022-08-26,5,PRODUCE,155.81,0,Azuay,B,2,661,48.48,20.54,0
13012,2022-08-26,8,BEVERAGES,415.945,0,Guayas,C,1,1328,48.48,20.54,0
14472,2022-08-26,8,CLEANING,166.818,0,Guayas,C,1,1328,48.48,20.54,0
12282,2022-08-26,8,GROCERY I,746.453,17,Guayas,C,1,1328,48.48,20.54,0
13742,2022-08-26,8,PRODUCE,335.011,1,Guayas,C,1,1328,48.48,20.54,0
1333,2022-08-27,1,BEVERAGES,530.267,12,Pichincha,D,2,1422,48.2,19.62,0
2793,2022-08-27,1,CLEANING,201.855,0,Pichincha,D,2,1422,48.2,19.62,0
603,2022-08-27,1,GROCERY I,639.312,0,Pichincha,D,2,1422,48.2,19.62,0
2063,2022-08-27,1,PRODUCE,345.177,0,Pichincha,D,2,1422,48.2,19.62,0
4253,2022-08-27,2,BEVERAGES,409.123,0,Pichincha,D,3,1228,48.2,19.62,0
5713,2022-08-27,2,CLEANING,131.506,0,Pichincha,D,3,1228,48.2,19.62,0
3523,2022-08-27,2,GROCERY I,608.345,0,Pichincha,D,3,1228,48.2,19.62,0
4983,2022-08-27,2,PRODUCE,327.885,0,Pichincha,D,3,1228,48.2,19.62,0
7173,2022-08-27,3,BEVERAGES,700.427,0,Guayas,A,4,1932,48.2,19.62,0
8633,2022-08-27,3,CLEANING,277.222,0,Guayas,A,4,1932,48.2,19.62,0
6443,2022-08-27,3,GROCERY I,989.571,0,Guayas,A,4,1932,48.2,19.62,0
7903,2022-08-27,3,PRODUCE,488.674,0,Guayas,A,4,1932,48.2,19.62,0
10093,2022-08-27,5,BEVERAGES,272.276,0,Azuay,B,2,860,48.2,19.62,0
11553,2022-08-27,5,CLEANING,131.057,11,Azuay,B,2,860,48.2,19.62,0
9363,2022-08-27,5,GROCERY I,422.488,0,Azuay,B,2,860,48.2,19.62,0
10823,2022-08-27,5,PRODUCE,204.524,0,Azuay,B,2,860,48.2,19.62,0
13013,2022-08-27,8,BEVERAGES,486.81,0,Guayas,C,1,1614,48.2,19.62,0
14473,2022-08-27,8,CLEANING,217.323,0,Guayas,C,1,1614,48.2,19.62,0
12283,2022-08-27,8,GROCERY I,806.984,0,Guayas,C,1,1614,48.2,19.62,0
13743,2022-08-27,8,PRODUCE,336.609,0,Guayas,C,1,1614,48.2,19.62,0
1334,2022-08-28,1,BEVERAGES,407.88,0,Pichincha,D,2,1248,47.91,19.76,0
2794,2022-08-28,1,CLEANING,167.708,0,Pichincha,D,2,1248,47.91,19.76,0
604,2022-08-28,1,GROCERY I,715.7,0,Pichincha,D,2,1248,47.91,19.76,0
2064,2022-08-28,1,PRODUCE,388.478,6,Pichincha,D,2,1248,47.91,19.76,0
4254,2022-08-28,2,BEVERAGES,324.274,0,Pichincha,D,3,1102,47.91,19.76,0
5714,2022-08-28,2,CLEANING,144.386,0,Pichincha,D,3,1102,47.91,19.76,0
3524,2022-08-28,2,GROCERY I,536.529,0,Pichincha,D,3,1102,47.91,19.76,0
4984,2022-08-28,2,PRODUCE,276.639,0,Pichincha,D,3,1102,47.91,19.76,0
7174,2022-08-28,3,BEVERAGES,548.42,0,Guayas,A,4,1734,47.91,19.76,0
8634,2022-08-28,3,CLEANING,236.916,0,Guayas,A,4,1734,47.91,19.76,0
6444,2022-08-28,3,GROCERY I,964.467,7,Guayas,A,4,1734,47.91,19.76,0
7904,2022-08-28,3,PRODUCE,331.689,0,Guayas,A,4,1734,47.91,19.76,0
10094,2022-08-28,5,BEVERAGES,251.961,0,Azuay,B,2,806,47.91,19.76,0
11554,2022-08-28,5,CLEANING,91.94,0,Azuay,B,2,806,47.91,19.76,0
9364,2022-08-28,5,GROCERY I,331.917,0,Azuay,B,2,806,47.91,19.76,0
10824,2022-08-28,5,PRODUCE,172.561,0,Azuay,B,2,806,47.91,19.76,0
13014,2022-08-28,8,BEVERAGES,466.276,0,Guayas,C,1,1472,47.91,19.76,0
14474,2022-08-28,8,CLEANING,180.822,0,Guayas,C,1,1472,47.91,19.76,0
12284,2022-08-28,8,GROCERY I,705.311,0,Guayas,C,1,1472,47.91,19.76,0
13744,2022-08-28,8,PRODUCE,352.15,0,Guayas,C,1,1472,47.91,19.76,0
1335,2022-08-29,1,BEVERAGES,261.11,0,Pichincha,D,2,1023,48.16,21.73,0
2795,2022-08-29,1,CLEANING,110.859,0,Pichincha,D,2,1023,48.16,21.73,0
605,2022-08-29,1,GROCERY I,406.826,0,Pichincha,D,2,1023,48.16,21.73,0
2065,2022-08-29,1,PRODUCE,238.177,0,Pichincha,D,2,1023,48.16,21.73,0
4255,2022-08-29,2,BEVERAGES,304.577,0,Pichincha,D,3,847,48.16,21.73,0
5715,2022-08-29,2,CLEANING,148.618,1,Pichincha,D,3,847,48.16,21.73,0
3525,2022-08-29,2,GROCERY I,404.379,0,Pichincha,D,3,847,48.16,21.73,0
4985,2022-08-29,2,PRODUCE,189.782,0,Pichincha,D,3,847,48.16,21.73,0
7175,2022-08-29,3,BEVERAGES,410.589,0,Guayas,A,4,1354,48.16,21.73,0
8635,2022-08-29,3,CLEANING,200.765,0,Guayas,A,4,1354,48.16,21.73,0
6445,2022-08-29,3,GROCERY I,698.447,0,Guayas,A,4,1354,48.16,21.73,0
7905,2022-08-29,3,PRODUCE,299.895,0,Guayas,A,4,1354,48.16,21.73,0
10095,2022-08-29,5,BEVERAGES,177.055,0,Azuay,B,2,534,48.16,21.73,0
11555,2022-08-29,5,CLEANING,82.866,0,Azuay,B,2,534,48.16,21.73,0
9365,2022-08-29,5,GROCERY I,252.111,0,Azuay,B,2,534,48.16,21.73,0
10825,2022-08-29,5,PRODUCE,129.487,0,Azuay,B,2,534,48.16,21.73,0
13015,2022-08-29,8,BEVERAGES,384.366,5,Guayas,C,1,1016,48.16,21.73,0
14475,2022-08-29,8,CLEANING,124.361,0,Guayas,C,1,1016,48.16,21.73,0
12285,2022-08-29,8,GROCERY I,498.376,0,Guayas,C,1,1016,48.16,21.73,0
13745,2022-08-29,8,PRODUCE,288.74,0,Guayas,C,1,1016,48.16,21.73,0
1336,2022-08-30,1,BEVERAGES,317.289,0,Pichincha,D,2,935,48.5,19.72,0
2796,2022-08-30,1,CLEANING,113.358,0,Pichincha,D,2,935,48.5,19.72,0
606,2022-08-30,1,GROCERY I,509.052,14,Pichincha,D,2,935,48.5,19.72,0
2066,2022-08-30,1,PRODUCE,236.913,0,Pichincha,D,2,935,48.5,19.72,0
4256,2022-08-30,2,BEVERAGES,233.317,0,Pichincha,D,3,849,48.5,19.72,0
5716,2022-08-30,2,CLEANING,93.674,0,Pichincha,D,3,849,48.5,19.72,0
3526,2022-08-30,2,GROCERY I,345.806,0,Pichincha,D,3,849,48.5,19.72,0
4986,2022-08-30,2,PRODUCE,194.151,0,Pichincha,D,3,849,48.5,19.72,0
7176,2022-08-30,3,BEVERAGES,363.923,0,Guayas,A,4,1276,48.5,19.72,0
8636,2022-08-30,3,CLEANING,173.423,0,Guayas,A,4,1276,48.5,19.72,0
6446,2022-08-30,3,GROCERY I,675.579,0,Guayas,A,4,1276,48.5,19.72,0
7906,2022-08-30,3,PRODUCE,284.145,0,Guayas,A,4,1276,48.5,19.72,0
10096,2022-08-30,5,BEVERAGES,178.253,0,Azuay,B,2,619,48.5,19.72,0
11556,2022-08-30,5,CLEANING,77.801,0,Azuay,B,2,619,48.5,19.72,0
9366,2022-08-30,5,GROCERY I,341.509,0,Azuay,B,2,619,48.5,19.72,0
10826,2022-08-30,5,PRODUCE,131.595,0,Azuay,B,2,619,48.5,19.72,0
13016,2022-08-30,8,BEVERAGES,303.915,0,Guayas,C,1,1139,48.5,19.72,0
14476,2022-08-30,8,CLEANING,133.504,0,Guayas,C,1,1139,48.5,19.72,0
12286,2022-08-30,8,GROCERY I,599.225,0,Guayas,C,1,1139,48.5,19.72,0
13746,2022-08-30,8,PRODUCE,233.222,0,Guayas,C,1,1139,48.5,19.72,0
1337,2022-08-31,1,BEVERAGES,313.53,0,Pichincha,D,2,982,48.7,19.92,0
2797,2022-08-31,1,CLEANING,139.923,0,Pichincha,D,2,982,48.7,19.92,0
607,2022-08-31,1,GROCERY I,489.453,0,Pichincha,D,2,982,48.7,19.92,0
2067,2022-08-31,1,PRODUCE,214.062,0,Pichincha,D,2,982,48.7,19.92,0
4257,2022-08-31,2,BEVERAGES,275.485,0,Pichincha,D,3,801,48.7,19.92,0
5717,2022-08-31,2,CLEANING,124.299,0,Pichincha,D,3,801,48.7,19.92,0
3527,2022-08-31,2,GROCERY I,414.503,0,Pichincha,D,3,801,48.7,19.92,0
4987,2022-08-31,2,PRODUCE,197.762,0,Pichincha,D,3,801,48.7,19.92,0
7177,2022-08-31,3,BEVERAGES,555.53,6,Guayas,A,4,1308,48.7,19.92,0
8637,2022-08-31,3,CLEANING,133.802,0,Guayas,A,4,1308,48.7,19.92,0
6447,2022-08-31,3,GROCERY I,671.912,0,Guayas,A,4,1308,48.7,19.92,0
7907,2022-08-31,3,PRODUCE,356.764,18,Guayas,A,4,1308,48.7,19.92,0
10097,2022-08-31,5,BEVERAGES,192.005,0,Azuay,B,2,555,48.7,19.92,0
11557,2022-08-31,5,CLEANING,99.539,2,Azuay,B,2,555,48.7,19.92,0
9367,2022-08-31,5,GROCERY I,317.63,0,Azuay,B,2,555,48.7,19.92,0
10827,2022-08-31,5,PRODUCE,108.748,0,Azuay,B,2,555,48.7,19.92,0
13017,2022-08-31,8,BEVERAGES,348.668,0,Guayas,C,1,1096,48.7,19.92,0
14477,2022-08-31,8,CLEANING,135.044,0,Guayas,C,1,1096,48.7,19.92,0
12287,2022-08-31,8,GROCERY I,515.298,0,Guayas,C,1,1096,48.7,19.92,0
13747,2022-08-31,8,PRODUCE,252.208,0,Guayas,C,1,1096,48.7,19.92,0
1338,2022-09-01,1,BEVERAGES,315.57,0,Pichincha,D,2,1003,47.94,22.74,0
2798,2022-09-01,1,CLEANING,134.029,0,Pichincha,D,2,1003,47.94,22.74,0
608,2022-09-01,1,GROCERY I,564.737,0,Pichincha,D,2,1003,47.94,22.74,0
2068,2022-09-01,1,PRODUCE,207.641,0,Pichincha,D,2,1003,47.94,22.74,0
4258,2022-09-01,2,BEVERAGES,274.255,0,Pichincha,D,3,907,47.94,22.74,0
5718,2022-09-01,2,CLEANING,108.806,0,Pichincha,D,3,907,47.94,22.74,0
3528,2022-09-01,2,GROCERY I,425.883,0,Pichincha,D,3,907,47.94,22.74,0
4988,2022-09-01,2,PRODUCE,182.155,0,Pichincha,D,3,907,47.94,22.74,0
7178,2022-09-01,3,BEVERAGES,422.064,0,Guayas,A,4,1427,47.94,22.74,0
8638,2022-09-01,3,CLEANING,257.169,14,Guayas,A,4,1427,47.94,22.74,0
6448,2022-09-01,3,GROCERY I,638.071,0,Guayas,A,4,1427,47.94,22.74,0
7908,2022-09-01,3,PRODUCE,307.32,0,Guayas,A,4,1427,47.94,22.74,0
10098,2022-09-01,5,BEVERAGES,201.81,0,Azuay,B,2,639,47.94,22.74,0
11558,2022-09-01,5,CLEANING,70.845,0,Azuay,B,2,639,47.94,22.74,0
9368,2022-09-01,5,GROCERY I,285.208,0,Azuay,B,2,639,47.94,22.74,0
10828,2022-09-01,5,PRODUCE,163.403,22,Azuay,B,2,639,47.94,22.74,0
13018,2022-09-01,8,BEVERAGES,384.091,0,Guayas,C,1,1231,47.94,22.74,0
14478,2022-09-01,8,CLEANING,157.216,0,Guayas,C,1,1231,47.94,22.74,0
12288,2022-09-01,8,GROCERY I,542.831,0,Guayas,C,1,1231,47.94,22.74,0
13748,2022-09-01,8,PRODUCE,275.31,6,Guayas,C,1,1231,47.94,22.74,0
1339,2022-09-02,1,BEVERAGES,366.001,0,Pichincha,D,2,1178,48.18,18.59,0
2799,2022-09-02,1,CLEANING,134.999,0,Pichincha,D,2,1178,48.18,18.59,0
609,2022-09-02,1,GROCERY I,604.0,0,Pichincha,D,2,1178,48.18,18.59,0
2069,2022-09-02,1,PRODUCE,320.321,0,Pichincha,D,2,1178,48.18,18.59,0
4259,2022-09-02,2,BEVERAGES,321.745,0,Pichincha,D,3,1020,48.18,18.59,0
5719,2022-09-02,2,CLEANING,107.238,0,Pichincha,D,3,1020,48.18,18.59,0
3529,2022-09-02,2,GROCERY I,542.491,0,Pichincha,D,3,1020,48.18,18.59,0
4989,2022-09-02,2,PRODUCE,238.655,0,Pichincha,D,3,1020,48.18,18.59,0
7179,2022-09-02,3,BEVERAGES,502.73,0,Guayas,A,4,1663,48.18,18.59,0
8639,2022-09-02,3,CLEANING,198.201,0,Guayas,A,4,1663,48.18,18.59,0
6449,2022-09-02,3,GROCERY I,811.78,0,Guayas,A,4,1663,48.18,18.59,0
7909,2022-09-02,3,PRODUCE,361.839,0,Guayas,A,4,1663,48.18,18.59,0
10099,2022-09-02,5,BEVERAGES,205.269,0,Azuay,B,2,706,48.18,18.59,0
11559,2022-09-02,5,CLEANING,83.631,0,Azuay,B,2,706,48.18,18.59,0
9369,2022-09-02,5,GROCERY I,362.481,0,Azuay,B,2,706,48.18,18.59,0
10829,2022-09-02,5,PRODUCE,157.395,0,Azuay,B,2,706,48.18,18.59,0
13019,2022-09-02,8,BEVERAGES,415.481,0,Guayas,C,1,1268,48.18,18.59,0
14479,2022-09-02,8,CLEANING,151.509,0,Guayas,C,1,1268,48.18,18.59,0
12289,2022-09-02,8,GROCERY I,720.943,0,Guayas,C,1,1268,48.18,18.59,0
13749,2022-09-02,8,PRODUCE,340.539,7,Guayas,C,1,1268,48.18,18.59,0
1340,2022-09-03,1,BEVERAGES,513.465,17,Pichincha,D,2,1375,47.72,17.71,0
2800,2022-09-03,1,CLEANING,198.036,0,Pichincha,D,2,1375,47.72,17.71,0
610,2022-09-03,1,GROCERY I,744.652,0,Pichincha,D,2,1375,47.72,17.71,0
2070,2022-09-03,1,PRODUCE,280.209,0,Pichincha,D,2,1375,47.72,17.71,0
4260,2022-09-03,2,BEVERAGES,466.452,24,Pichincha,D,3,1246,47.72,17.71,0
5720,2022-09-03,2,CLEANING,135.028,0,Pichincha,D,3,1246,47.72,17.71,0
3530,2022-09-03,2,GROCERY I,672.153,0,Pichincha,D,3,1246,47.72,17.71,0
4990,2022-09-03,2,PRODUCE,308.653,0,Pichincha,D,3,1246,47.72,17.71,0
7180,2022-09-03,3,BEVERAGES,487.127,0,Guayas,A,4,1955,47.72,17.71,0
8640,2022-09-03,3,CLEANING,262.521,0,Guayas,A,4,1955,47.72,17.71,0
6450,2022-09-03,3,GROCERY I,1075.174,0,Guayas,A,4,1955,47.72,17.71,0
7910,2022-09-03,3,PRODUCE,492.744,0,Guayas,A,4,1955,47.72,17.71,0
10100,2022-09-03,5,BEVERAGES,242.003,0,Azuay,B,2,884,47.72,17.71,0
11560,2022-09-03,5,CLEANING,110.802,0,Azuay,B,2,884,47.72,17.71,0
9370,2022-09-03,5,GROCERY I,443.619,0,Azuay,B,2,884,47.72,17.71,0
10830,2022-09-03,5,PRODUCE,226.16,3,Azuay,B,2,884,47.72,17.71,0
13020,2022-09-03,8,BEVERAGES,606.038,0,Guayas,C,1,1600,47.72,17.71,0
14480,2022-09-03,8,CLEANING,200.495,0,Guayas,C,1,1600,47.72,17.71,0
12290,2022-09-03,8,GROCERY I,715.002,0,Guayas,C,1,1600,47.72,17.71,0
13750,2022-09-03,8,PRODUCE,451.552,17,Guayas,C,1,1600,47.72,17.71,0
1341,2022-09-04,1,BEVERAGES,422.525,0,Pichincha,D,2,1169,47.82,19.37,0
2801,2022-09-04,1,CLEANING,157.926,0,Pichincha,D,2,1169,47.82,19.37,0
611,2022-09-04,1,GROCERY I,614.987,0,Pichincha,D,2,1169,47.82,19.37,0
2071,2022-09-04,1,PRODUCE,245.294,0,Pichincha,D,2,1169,47.82,19.37,0
4261,2022-09-04,2,BEVERAGES,305.063,0,Pichincha,D,3,1087,47.82,19.37,0
5721,2022-09-04,2,CLEANING,177.548,9,Pichincha,D,3,1087,47.82,19.37,0
3531,2022-09-04,2,GROCERY I,517.469,0,Pichincha,D,3,1087,47.82,19.37,0
4991,2022-09-04,2,PRODUCE,204.126,0,Pichincha,D,3,1087,47.82,19.37,0
7181,2022-09-04,3,BEVERAGES,528.421,0,Guayas,A,4,1795,47.82,19.37,0
8641,2022-09-04,3,CLEANING,226.217,0,Guayas,A,4,1795,47.82,19.37,0
6451,2022-09-04,3,GROCERY I,863.25,0,Guayas,A,4,1795,47.82,19.37,0
7911,2022-09-04,3,PRODUCE,421.824,0,Guayas,A,4,1795,47.82,19.37,0
10101,2022-09-04,5,BEVERAGES,303.63,14,Azuay,B,2,827,47.82,19.37,0
11561,2022-09-04,5,CLEANING,98.889,0,Azuay,B,2,827,47.82,19.37,0
9371,2022-09-04,5,GROCERY I,349.593,0,Azuay,B,2,827,47.82,19.37,0
10831,2022-09-04,5,PRODUCE,157.7,0,Azuay,B,2,827,47.82,19.37,0
13021,2022-09-04,8,BEVERAGES,420.83,0,Guayas,C,1,1391,47.82,19.37,0
14481,2022-09-04,8,CLEANING,169.805,0,Guayas,C,1,1391,47.82,19.37,0
12291,2022-09-04,8,GROCERY I,640.861,0,Guayas,C,1,1391,47.82,19.37,0
13751,2022-09-04,8,PRODUCE,295.993,18,Guayas,C,1,1391,47.82,19.37,0
1342,2022-09-05,1,BEVERAGES,276.005,0,Pichincha,D,2,969,47.18,19.33,0
2802,2022-09-05,1,CLEANING,119.198,0,Pichincha,D,2,969,47.18,19.33,0
612,2022-09-05,1,GROCERY I,433.583,0,Pichincha,D,2,969,47.18,19.33,0
2072,2022-09-05,1,PRODUCE,230.088,0,Pichincha,D,2,969,47.18,19.33,0
4262,2022-09-05,2,BEVERAGES,193.732,0,Pichincha,D,3,890,47.18,19.33,0
5722,2022-09-05,2,CLEANING,107.122,0,Pichincha,D,3,890,47.18,19.33,0
3532,2022-09-05,2,GROCERY I,347.774,0,Pichincha,D,3,890,47.18,19.33,0
4992,2022-09-05,2,PRODUCE,188.493,0,Pichincha,D,3,890,47.18,19.33,0
7182,2022-09-05,3,BEVERAGES,400.866,0,Guayas,A,4,1296,47.18,19.33,0
8642,2022-09-05,3,CLEANING,178.182,0,Guayas,A,4,1296,47.18,19.33,0
6452,2022-09-05,3,GROCERY I,558.298,0,Guayas,A,4,1296,47.18,19.33,0
7912,2022-09-05,3,PRODUCE,429.527,22,Guayas,A,4,1296,47.18,19.33,0
10102,2022-09-05,5,BEVERAGES,184.089,0,Azuay,B,2,583,47.18,19.33,0
11562,2022-09-05,5,CLEANING,91.066,1,Azuay,B,2,583,47.18,19.33,0
9372,2022-09-05,5,GROCERY I,342.595,19,Azuay,B,2,583,47.18,19.33,0
10832,2022-09-05,5,PRODUCE,127.028,0,Azuay,B,2,583,47.18,19.33,0
13022,2022-09-05,8,BEVERAGES,358.516,0,Guayas,C,1,1119,47.18,19.33,0
14482,2022-09-05,8,CLEANING,151.177,0,Guayas,C,1,1119,47.18,19.33,0
12292,2022-09-05,8,GROCERY I,654.605,21,Guayas,C,1,1119,47.18,19.33,0
13752,2022-09-05,8,PRODUCE,256.435,0,Guayas,C,1,1119,47.18,19.33,0
1343,2022-09-06,1,BEVERAGES,309.735,0,Pichincha,D,2,941,47.38,17.92,0
2803,2022-09-06,1,CLEANING,111.374,0,Pichincha,D,2,941,47.38,17.92,0
613,2022-09-06,1,GROCERY I,438.244,0,Pichincha,D,2,941,47.38,17.92,0
2073,2022-09-06,1,PRODUCE,240.863,0,Pichincha,D,2,941,47.38,17.92,0
4263,2022-09-06,2,BEVERAGES,265.76,0,Pichincha,D,3,830,47.38,17.92,0
5723,2022-09-06,2,CLEANING,115.178,0,Pichincha,D,3,830,47.38,17.92,0
3533,2022-09-06,2,GROCERY I,435.075,0,Pichincha,D,3,830,47.38,17.92,0
4993,2022-09-06,2,PRODUCE,177.57,0,Pichincha,D,3,830,47.38,17.92,0
7183,2022-09-06,3,BEVERAGES,333.533,0,Guayas,A,4,1214,47.38,17.92,0
8643,2022-09-06,3,CLEANING,168.099,0,Guayas,A,4,1214,47.38,17.92,0
6453,2022-09-06,3,GROCERY I,583.028,0,Guayas,A,4,1214,47.38,17.92,0
7913,2022-09-06,3,PRODUCE,345.236,12,Guayas,A,4,1214,47.38,17.92,0
10103,2022-09-06,5,BEVERAGES,178.728,0,Azuay,B,2,608,47.38,17.92,0
11563,2022-09-06,5,CLEANING,73.401,0,Azuay,B,2,608,47.38,17.92,0
9373,2022-09-06,5,GROCERY I,256.613,0,Azuay,B,2,608,47.38,17.92,0
10833,2022-09-06,5,PRODUCE,114.275,0,Azuay,B,2,608,47.38,17.92,0
13023,2022-09-06,8,BEVERAGES,334.196,0,Guayas,C,1,1054,47.38,17.92,0
14483,2022-09-06,8,CLEANING,129.296,0,Guayas,C,1,1054,47.38,17.92,0
12293,2022-09-06,8,GROCERY I,531.151,19,Guayas,C,1,1054,47.38,17.92,0
13753,2022-09-06,8,PRODUCE,218.412,0,Guayas,C,1,1054,47.38,17.92,0
1344,2022-09-07,1,BEVERAGES,359.649,0,Pichincha,D,2,902,47.02,17.16,0
2804,2022-09-07,1,CLEANING,138.53,0,Pichincha,D,2,902,47.02,17.16,0
614,2022-09-07,1,GROCERY I,418.081,0,Pichincha,D,2,902,47.02,17.16,0
2074,2022-09-07,1,PRODUCE,218.749,0,Pichincha,D,2,902,47.02,17.16,0
4264,2022-09-07,2,BEVERAGES,237.122,0,Pichincha,D,3,796,47.02,17.16,0
5724,2022-09-07,2,CLEANING,92.799,0,Pichincha,D,3,796,47.02,17.16,0
3534,2022-09-07,2,GROCERY I,348.862,0,Pichincha,D,3,796,47.02,17.16,0
4994,2022-09-07,2,PRODUCE,216.744,7,Pichincha,D,3,796,47.02,17.16,0
7184,2022-09-07,3,BEVERAGES,444.909,0,Guayas,A,4,1296,47.02,17.16,0
8644,2022-09-07,3,CLEANING,210.242,1,Guayas,A,4,1296,47.02,17.16,0
6454,2022-09-07,3,GROCERY I,594.111,0,Guayas,A,4,1296,47.02,17.16,0
7914,2022-09-07,3,PRODUCE,279.204,0,Guayas,A,4,1296,47.02,17.16,0
10104,2022-09-07,5,BEVERAGES,199.34,10,Azuay,B,2,588,47.02,17.16,0
11564,2022-09-07,5,CLEANING,83.248,0,Azuay,B,2,588,47.02,17.16,0
9374,2022-09-07,5,GROCERY I,365.273,4,Azuay,B,2,588,47.02,17.16,0
10834,2022-09-07,5,PRODUCE,153.556,0,Azuay,B,2,588,47.02,17.16,0
13024,2022-09-07,8,BEVERAGES,392.395,2,Guayas,C,1,1072,47.02,17.16,0
14484,2022-09-07,8,CLEANING,152.275,0,Guayas,C,1,1072,47.02,17.16,0
12294,2022-09-07,8,GROCERY I,502.886,0,Guayas,C,1,1072,47.02,17.16,0
13754,2022-09-07,8,PRODUCE,212.675,0,Guayas,C,1,1072,47.02,17.16,0
1345,2022-09-08,1,BEVERAGES,355.295,0,Pichincha,D,2,1012,46.44,21.78,0
2805,2022-09-08,1,CLEANING,0.0,0,Pichincha,D,2,1012,46.44,21.78,0
615,2022-09-08,1,GROCERY I,429.412,0,Pichincha,D,2,1012,46.44,21.78,0
2075,2022-09-08,1,PRODUCE,295.743,11,Pichincha,D,2,1012,46.44,21.78,0
4265,2022-09-08,2,BEVERAGES,283.487,0,Pichincha,D,3,833,46.44,21.78,0
5725,2022-09-08,2,CLEANING,108.707,0,Pichincha,D,3,833,46.44,21.78,0
3535,2022-09-08,2,GROCERY I,409.223,0,Pichincha,D,3,833,46.44,21.78,0
4995,2022-09-08,2,PRODUCE,182.263,0,Pichincha,D,3,833,46.44,21.78,0
7185,2022-09-08,3,BEVERAGES,402.097,0,Guayas,A,4,1352,46.44,21.78,0
8645,2022-09-08,3,CLEANING,156.083,0,Guayas,A,4,1352,46.44,21.78,0
6455,2022-09-08,3,GROCERY I,743.84,16,Guayas,A,4,1352,46.44,21.78,0
7915,2022-09-08,3,PRODUCE,333.901,12,Guayas,A,4,1352,46.44,21.78,0
10105,2022-09-08,5,BEVERAGES,189.969,0,Azuay,B,2,573,46.44,21.78,0
11565,2022-09-08,5,CLEANING,90.106,7,Azuay,B,2,573,46.44,21.78,0
9375,2022-09-08,5,GROCERY I,309.952,0,Azuay,B,2,573,46.44,21.78,0
10835,2022-09-08,5,PRODUCE,143.089,0,Azuay,B,2,573,46.44,21.78,0
13025,2022-09-08,8,BEVERAGES,383.688,0,Guayas,C,1,1150,46.44,21.78,0
14485,2022-09-08,8,CLEANING,143.306,0,Guayas,C,1,1150,46.44,21.78,0
12295,2022-09-08,8,GROCERY I,629.463,0,Guayas,C,1,1150,46.44,21.78,0
13755,2022-09-08,8,PRODUCE,252.058,0,Guayas,C,1,1150,46.44,21.78,0
1346,2022-09-09,1,BEVERAGES,322.367,0,Pichincha,D,2,1198,46.77,18.95,0
2806,2022-09-09,1,CLEANING,176.389,14,Pichincha,D,2,1198,46.77,18.95,0
616,2022-09-09,1,GROCERY I,598.234,0,Pichincha,D,2,1198,46.77,18.95,0
2076,2022-09-09,1,PRODUCE,217.09,0,Pichincha,D,2,1198,46.77,18.95,0
4266,2022-09-09,2,BEVERAGES,314.828,0,Pichincha,D,3,1014,46.77,18.95,0
5726,2022-09-09,2,CLEANING,128.052,0,Pichincha,D,3,1014,46.77,18.95,0
3536,2022-09-09,2,GROCERY I,461.601,0,Pichincha,D,3,1014,46.77,18.95,0
4996,2022-09-09,2,PRODUCE,221.087,0,Pichincha,D,3,1014,46.77,18.95,0
7186,2022-09-09,3,BEVERAGES,588.375,0,Guayas,A,4,1503,46.77,18.95,0
8646,2022-09-09,3,CLEANING,259.854,0,Guayas,A,4,1503,46.77,18.95,0
6456,2022-09-09,3,GROCERY I,630.379,0,Guayas,A,4,1503,46.77,18.95,0
7916,2022-09-09,3,PRODUCE,340.027,0,Guayas,A,4,1503,46.77,18.95,0
10106,2022-09-09,5,BEVERAGES,235.088,18,Azuay,B,2,711,46.77,18.95,0
11566,2022-09-09,5,CLEANING,96.149,0,Azuay,B,2,711,46.77,18.95,0
9376,2022-09-09,5,GROCERY I,460.541,17,Azuay,B,2,711,46.77,18.95,0
10836,2022-09-09,5,PRODUCE,166.614,0,Azuay,B,2,711,46.77,18.95,0
13026,2022-09-09,8,BEVERAGES,375.601,0,Guayas,C,1,1310,46.77,18.95,0
14486,2022-09-09,8,CLEANING,178.778,0,Guayas,C,1,1310,46.77,18.95,0
12296,2022-09-09,8,GROCERY I,736.308,0,Guayas,C,1,1310,46.77,18.95,0
13756,2022-09-09,8,PRODUCE,327.393,0,Guayas,C,1,1310,46.77,18.95,0
1347,2022-09-10,1,BEVERAGES,429.447,0,Pichincha,D,2,1344,46.87,17.41,0
2807,2022-09-10,1,CLEANING,191.278,0,Pichincha,D,2,1344,46.87,17.41,0
617,2022-09-10,1,GROCERY I,628.073,0,Pichincha,D,2,1344,46.87,17.41,0
2077,2022-09-10,1,PRODUCE,305.841,0,Pichincha,D,2,1344,46.87,17.41,0
4267,2022-09-10,2,BEVERAGES,409.2,0,Pichincha,D,3,1191,46.87,17.41,0
5727,2022-09-10,2,CLEANING,152.877,0,Pichincha,D,3,1191,46.87,17.41,0
3537,2022-09-10,2,GROCERY I,549.667,0,Pichincha,D,3,1191,46.87,17.41,0
4997,2022-09-10,2,PRODUCE,269.532,0,Pichincha,D,3,1191,46.87,17.41,0
7187,2022-09-10,3,BEVERAGES,685.696,0,Guayas,A,4,1916,46.87,17.41,0
8647,2022-09-10,3,CLEANING,270.033,0,Guayas,A,4,1916,46.87,17.41,0
6457,2022-09-10,3,GROCERY I,1344.539,23,Guayas,A,4,1916,46.87,17.41,0
7917,2022-09-10,3,PRODUCE,459.432,0,Guayas,A,4,1916,46.87,17.41,0
10107,2022-09-10,5,BEVERAGES,264.43,0,Azuay,B,2,855,46.87,17.41,0
11567,2022-09-10,5,CLEANING,113.533,0,Azuay,B,2,855,46.87,17.41,0
9377,2022-09-10,5,GROCERY I,410.116,0,Azuay,B,2,855,46.87,17.41,0
10837,2022-09-10,5,PRODUCE,213.285,22,Azuay,B,2,855,46.87,17.41,0
13027,2022-09-10,8,BEVERAGES,401.819,0,Guayas,C,1,1562,46.87,17.41,0
14487,2022-09-10,8,CLEANING,227.839,0,Guayas,C,1,1562,46.87,17.41,0
12297,2022-09-10,8,GROCERY I,826.896,0,Guayas,C,1,1562,46.87,17.41,0
13757,2022-09-10,8,PRODUCE,340.798,0,Guayas,C,1,1562,46.87,17.41,0
1348,2022-09-11,1,BEVERAGES,404.912,0,Pichincha,D,2,1219,46.6,19.67,0
2808,2022-09-11,1,CLEANING,186.836,0,Pichincha,D,2,1219,46.6,19.67,0
618,2022-09-11,1,GROCERY I,621.421,0,Pichincha,D,2,1219,46.6,19.67,0
2078,2022-09-11,1,PRODUCE,230.162,0,Pichincha,D,2,1219,46.6,19.67,0
4268,2022-09-11,2,BEVERAGES,342.318,0,Pichincha,D,3,1024,46.6,19.67,0
5728,2022-09-11,2,CLEANING,157.721,8,Pichincha,D,3,1024,46.6,19.67,0
3538,2022-09-11,2,GROCERY I,528.369,0,Pichincha,D,3,1024,46.6,19.67,0
4998,2022-09-11,2,PRODUCE,249.394,0,Pichincha,D,3,1024,46.6,19.67,0
7188,2022-09-11,3,BEVERAGES,491.791,0,Guayas,A,4,1717,46.6,19.67,0
8648,2022-09-11,3,CLEANING,270.294,18,Guayas,A,4,1717,46.6,19.67,0
6458,2022-09-11,3,GROCERY I,915.027,11,Guayas,A,4,1717,46.6,19.67,0
7918,2022-09-11,3,PRODUCE,490.884,10,Guayas,A,4,1717,46.6,19.67,0
10108,2022-09-11,5,BEVERAGES,275.575,15,Azuay,B,2,693,46.6,19.67,0
11568,2022-09-11,5,CLEANING,94.585,0,Azuay,B,2,693,46.6,19.67,0
9378,2022-09-11,5,GROCERY I,413.825,0,Azuay,B,2,693,46.6,19.67,0
10838,2022-09-11,5,PRODUCE,145.034,0,Azuay,B,2,693,46.6,19.67,0
13028,2022-09-11,8,BEVERAGES,422.346,0,Guayas,C,1,1406,46.6,19.67,0
14488,2022-09-11,8,CLEANING,159.764,0,Guayas,C,1,1406,46.6,19.67,0
12298,2022-09-11,8,GROCERY I,731.875,0,Guayas,C,1,1406,46.6,19.67,0
13758,2022-09-11,8,PRODUCE,379.593,17,Guayas,C,1,1406,46.6,19.67,0
1349,2022-09-12,1,BEVERAGES,303.412,0,Pichincha,D,2,1001,47.25,18.18,0
2809,2022-09-12,1,CLEANING,134.43,0,Pichincha,D,2,1001,47.25,18.18,0
619,2022-09-12,1,GROCERY I,417.396,0,Pichincha,D,2,1001,47.25,18.18,0
2079,2022-09-12,1,PRODUCE,231.915,0,Pichincha,D,2,1001,47.25,18.18,0
4269,2022-09-12,2,BEVERAGES,194.465,0,Pichincha,D,3,740,47.25,18.18,0
5729,2022-09-12,2,CLEANING,123.678,20,Pichincha,D,3,740,47.25,18.18,0
3539,2022-09-12,2,GROCERY I,395.452,0,Pichincha,D,3,740,47.25,18.18,0
4999,2022-09-12,2,PRODUCE,184.953,0,Pichincha,D,3,740,47.25,18.18,0
7189,2022-09-12,3,BEVERAGES,462.317,0,Guayas,A,4,1324,47.25,18.18,0
8649,2022-09-12,3,CLEANING,201.216,0,Guayas,A,4,1324,47.25,18.18,0
6459,2022-09-12,3,GROCERY I,591.193,0,Guayas,A,4,1324,47.25,18.18,0
7919,2022-09-12,3,PRODUCE,309.857,0,Guayas,A,4,1324,47.25,18.18,0
10109,2022-09-12,5,BEVERAGES,176.906,0,Azuay,B,2,610,47.25,18.18,0
11569,2022-09-12,5,CLEANING,78.43,0,Azuay,B,2,610,47.25,18.18,0
9379,2022-09-12,5,GROCERY I,269.162,0,Azuay,B,2,610,47.25,18.18,0
10839,2022-09-12,5,PRODUCE,121.85,0,Azuay,B,2,610,47.25,18.18,0
13029,2022-09-12,8,BEVERAGES,326.636,0,Guayas,C,1,1058,47.25,18.18,0
14489,2022-09-12,8,CLEANING,137.099,0,Guayas,C,1,1058,47.25,18.18,0
12299,2022-09-12,8,GROCERY I,540.718,0,Guayas,C,1,1058,47.25,18.18,0
13759,2022-09-12,8,PRODUCE,301.317,13,Guayas,C,1,1058,47.25,18.18,0
1350,2022-09-13,1,BEVERAGES,255.036,0,Pichincha,D,2,958,47.05,17.93,0
2810,2022-09-13,1,CLEANING,113.045,0,Pichincha,D,2,958,47.05,17.93,0
620,2022-09-13,1,GROCERY I,463.849,0,Pichincha,D,2,958,47.05,17.93,0
2080,2022-09-13,1,PRODUCE,178.238,0,Pichincha,D,2,958,47.05,17.93,0
4270,2022-09-13,2,BEVERAGES,252.018,0,Pichincha,D,3,729,47.05,17.93,0
5730,2022-09-13,2,CLEANING,124.095,2,Pichincha,D,3,729,47.05,17.93,0
3540,2022-09-13,2,GROCERY I,386.838,0,Pichincha,D,3,729,47.05,17.93,0
5000,2022-09-13,2,PRODUCE,166.759,0,Pichincha,D,3,729,47.05,17.93,0
7190,2022-09-13,3,BEVERAGES,450.329,0,Guayas,A,4,1234,47.05,17.93,0
8650,2022-09-13,3,CLEANING,181.814,19,Guayas,A,4,1234,47.05,17.93,0
6460,2022-09-13,3,GROCERY I,502.582,0,Guayas,A,4,1234,47.05,17.93,0
7920,2022-09-13,3,PRODUCE,262.436,0,Guayas,A,4,1234,47.05,17.93,0
10110,2022-09-13,5,BEVERAGES,179.025,0,Azuay,B,2,594,47.05,17.93,0
11570,2022-09-13,5,CLEANING,65.295,0,Azuay,B,2,594,47.05,17.93,0
9380,2022-09-13,5,GROCERY I,306.703,0,Azuay,B,2,594,47.05,17.93,0
10840,2022-09-13,5,PRODUCE,119.924,0,Azuay,B,2,594,47.05,17.93,0
13030,2022-09-13,8,BEVERAGES,350.084,0,Guayas,C,1,1029,47.05,17.93,0
14490,2022-09-13,8,CLEANING,139.07,0,Guayas,C,1,1029,47.05,17.93,0
12300,2022-09-13,8,GROCERY I,475.527,0,Guayas,C,1,1029,47.05,17.93,0
13760,2022-09-13,8,PRODUCE,282.618,13,Guayas,C,1,1029,47.05,17.93,0
1351,2022-09-14,1,BEVERAGES,306.846,0,Pichincha,D,2,910,47.07,19.02,0
2811,2022-09-14,1,CLEANING,141.482,0,Pichincha,D,2,910,47.07,19.02,0
621,2022-09-14,1,GROCERY I,438.996,0,Pichincha,D,2,910,47.07,19.02,0
2081,2022-09-14,1,PRODUCE,186.259,0,Pichincha,D,2,910,47.07,19.02,0
4271,2022-09-14,2,BEVERAGES,235.204,0,Pichincha,D,3,907,47.07,19.02,0
5731,2022-09-14,2,CLEANING,104.554,0,Pichincha,D,3,907,47.07,19.02,0
3541,2022-09-14,2,GROCERY I,348.221,0,Pichincha,D,3,907,47.07,19.02,0
5001,2022-09-14,2,PRODUCE,159.226,0,Pichincha,D,3,907,47.07,19.02,0
7191,2022-09-14,3,BEVERAGES,463.164,19,Guayas,A,4,1300,47.07,19.02,0
8651,2022-09-14,3,CLEANING,180.741,0,Guayas,A,4,1300,47.07,19.02,0
6461,2022-09-14,3,GROCERY I,814.037,10,Guayas,A,4,1300,47.07,19.02,0
7921,2022-09-14,3,PRODUCE,266.869,0,Guayas,A,4,1300,47.07,19.02,0
10111,2022-09-14,5,BEVERAGES,154.393,0,Azuay,B,2,614,47.07,19.02,0
11571,2022-09-14,5,CLEANING,65.074,0,Azuay,B,2,614,47.07,19.02,0
9381,2022-09-14,5,GROCERY I,252.254,0,Azuay,B,2,614,47.07,19.02,0
10841,2022-09-14,5,PRODUCE,104.92,0,Azuay,B,2,614,47.07,19.02,0
13031,2022-09-14,8,BEVERAGES,288.223,0,Guayas,C,1,993,47.07,19.02,0
14491,2022-09-14,8,CLEANING,138.611,0,Guayas,C,1,993,47.07,19.02,0
12301,2022-09-14,8,GROCERY I,577.219,0,Guayas,C,1,993,47.07,19.02,0
13761,2022-09-14,8,PRODUCE,209.794,0,Guayas,C,1,993,47.07,19.02,0
1352,2022-09-15,1,BEVERAGES,384.845,11,Pichincha,D,2,1023,47.19,16.38,0
2812,2022-09-15,1,CLEANING,116.255,0,Pichincha,D,2,1023,47.19,16.38,0
622,2022-09-15,1,GROCERY I,671.931,1,Pichincha,D,2,1023,47.19,16.38,0
2082,2022-09-15,1,PRODUCE,234.433,0,Pichincha,D,2,1023,47.19,16.38,0
4272,2022-09-15,2,BEVERAGES,285.493,0,Pichincha,D,3,834,47.19,16.38,0
5732,2022-09-15,2,CLEANING,110.824,0,Pichincha,D,3,834,47.19,16.38,0
3542,2022-09-15,2,GROCERY I,480.478,10,Pichincha,D,3,834,47.19,16.38,0
5002,2022-09-15,2,PRODUCE,175.583,0,Pichincha,D,3,834,47.19,16.38,0
7192,2022-09-15,3,BEVERAGES,386.041,0,Guayas,A,4,1376,47.19,16.38,0
8652,2022-09-15,3,CLEANING,169.558,0,Guayas,A,4,1376,47.19,16.38,0
6462,2022-09-15,3,GROCERY I,653.598,0,Guayas,A,4,1376,47.19,16.38,0
7922,2022-09-15,3,PRODUCE,355.219,0,Guayas,A,4,1376,47.19,16.38,0
10112,2022-09-15,5,BEVERAGES,192.018,0,Azuay,B,2,674,47.19,16.38,0
11572,2022-09-15,5,CLEANING,78.857,0,Azuay,B,2,674,47.19,16.38,0
9382,2022-09-15,5,GROCERY I,247.521,0,Azuay,B,2,674,47.19,16.38,0
10842,2022-09-15,5,PRODUCE,163.473,8,Azuay,B,2,674,47.19,16.38,0
13032,2022-09-15,8,BEVERAGES,362.038,0,Guayas,C,1,1120,47.19,16.38,0
14492,2022-09-15,8,CLEANING,128.064,0,Guayas,C,1,1120,47.19,16.38,0
12302,2022-09-15,8,GROCERY I,489.627,0,Guayas,C,1,1120,47.19,16.38,0
13762,2022-09-15,8,PRODUCE,305.367,22,Guayas,C,1,1120,47.19,16.38,0
1353,2022-09-16,1,BEVERAGES,431.711,0,Pichincha,D,2,1244,46.91,18.63,0
2813,2022-09-16,1,CLEANING,158.121,0,Pichincha,D,2,1244,46.91,18.63,0
623,2022-09-16,1,GROCERY I,586.827,0,Pichincha,D,2,1244,46.91,18.63,0
2083,2022-09-16,1,PRODUCE,286.323,0,Pichincha,D,2,1244,46.91,18.63,0
4273,2022-09-16,2,BEVERAGES,317.429,0,Pichincha,D,3,1104,46.91,18.63,0
5733,2022-09-16,2,CLEANING,140.109,0,Pichincha,D,3,1104,46.91,18.63,0
3543,2022-09-16,2,GROCERY I,434.351,0,Pichincha,D,3,1104,46.91,18.63,0
5003,2022-09-16,2,PRODUCE,218.919,0,Pichincha,D,3,1104,46.91,18.63,0
7193,2022-09-16,3,BEVERAGES,400.113,0,Guayas,A,4,1649,46.91,18.63,0
8653,2022-09-16,3,CLEANING,215.708,0,Guayas,A,4,1649,46.91,18.63,0
6463,2022-09-16,3,GROCERY I,744.355,0,Guayas,A,4,1649,46.91,18.63,0
7923,2022-09-16,3,PRODUCE,325.91,0,Guayas,A,4,1649,46.91,18.63,0
10113,2022-09-16,5,BEVERAGES,211.497,0,Azuay,B,2,761,46.91,18.63,0
11573,2022-09-16,5,CLEANING,75.477,0,Azuay,B,2,761,46.91,18.63,0
9383,2022-09-16,5,GROCERY I,386.527,0,Azuay,B,2,761,46.91,18.63,0
10843,2022-09-16,5,PRODUCE,164.408,0,Azuay,B,2,761,46.91,18.63,0
13033,2022-09-16,8,BEVERAGES,417.88,0,Guayas,C,1,1275,46.91,18.63,0
14493,2022-09-16,8,CLEANING,179.713,0,Guayas,C,1,1275,46.91,18.63,0
12303,2022-09-16,8,GROCERY I,678.838,0,Guayas,C,1,1275,46.91,18.63,0
13763,2022-09-16,8,PRODUCE,290.933,0,Guayas,C,1,1275,46.91,18.63,0
1354,2022-09-17,1,BEVERAGES,429.335,0,Pichincha,D,2,1479,47.12,20.77,0
2814,2022-09-17,1,CLEANING,192.331,0,Pichincha,D,2,1479,47.12,20.77,0
624,2022-09-17,1,GROCERY I,922.25,3,Pichincha,D,2,1479,47.12,20.77,0
2084,2022-09-17,1,PRODUCE,307.335,0,Pichincha,D,2,1479,47.12,20.77,0
4274,2022-09-17,2,BEVERAGES,379.083,0,Pichincha,D,3,1245,47.12,20.77,0
5734,2022-09-17,2,CLEANING,134.485,0,Pichincha,D,3,1245,47.12,20.77,0
3544,2022-09-17,2,GROCERY I,546.778,0,Pichincha,D,3,1245,47.12,20.77,0
5004,2022-09-17,2,PRODUCE,238.963,0,Pichincha,D,3,1245,47.12,20.77,0
7194,2022-09-17,3,BEVERAGES,612.505,0,Guayas,A,4,1920,47.12,20.77,0
8654,2022-09-17,3,CLEANING,257.841,0,Guayas,A,4,1920,47.12,20.77,0
6464,2022-09-17,3,GROCERY I,892.404,0,Guayas,A,4,1920,47.12,20.77,0
7924,2022-09-17,3,PRODUCE,473.872,0,Guayas,A,4,1920,47.12,20.77,0
10114,2022-09-17,5,BEVERAGES,233.912,0,Azuay,B,2,839,47.12,20.77,0
11574,2022-09-17,5,CLEANING,110.479,0,Azuay,B,2,839,47.12,20.77,0
9384,2022-09-17,5,GROCERY I,413.145,0,Azuay,B,2,839,47.12,20.77,0
10844,2022-09-17,5,PRODUCE,142.772,0,Azuay,B,2,839,47.12,20.77,0
13034,2022-09-17,8,BEVERAGES,604.005,20,Guayas,C,1,1587,47.12,20.77,0
14494,2022-09-17,8,CLEANING,202.622,0,Guayas,C,1,1587,47.12,20.77,0
12304,2022-09-17,8,GROCERY I,710.804,0,Guayas,C,1,1587,47.12,20.77,0
13764,2022-09-17,8,PRODUCE,257.551,0,Guayas,C,1,1587,47.12,20.77,0
1355,2022-09-18,1,BEVERAGES,427.166,0,Pichincha,D,2,1258,46.88,18.7,0
2815,2022-09-18,1,CLEANING,182.073,3,Pichincha,D,2,1258,46.88,18.7,0
625,2022-09-18,1,GROCERY I,557.8,0,Pichincha,D,2,1258,46.88,18.7,0
2085,2022-09-18,1,PRODUCE,288.391,0,Pichincha,D,2,1258,46.88,18.7,0
4275,2022-09-18,2,BEVERAGES,308.594,0,Pichincha,D,3,1071,46.88,18.7,0
5735,2022-09-18,2,CLEANING,135.457,6,Pichincha,D,3,1071,46.88,18.7,0
3545,2022-09-18,2,GROCERY I,484.59,0,Pichincha,D,3,1071,46.88,18.7,0
5005,2022-09-18,2,PRODUCE,243.615,0,Pichincha,D,3,1071,46.88,18.7,0
7195,2022-09-18,3,BEVERAGES,475.393,0,Guayas,A,4,1743,46.88,18.7,0
8655,2022-09-18,3,CLEANING,172.552,0,Guayas,A,4,1743,46.88,18.7,0
6465,2022-09-18,3,GROCERY I,849.444,0,Guayas,A,4,1743,46.88,18.7,0
7925,2022-09-18,3,PRODUCE,383.231,0,Guayas,A,4,1743,46.88,18.7,0
10115,2022-09-18,5,BEVERAGES,195.219,0,Azuay,B,2,740,46.88,18.7,0
11575,2022-09-18,5,CLEANING,83.485,0,Azuay,B,2,740,46.88,18.7,0
9385,2022-09-18,5,GROCERY I,359.119,0,Azuay,B,2,740,46.88,18.7,0
10845,2022-09-18,5,PRODUCE,144.507,0,Azuay,B,2,740,46.88,18.7,0
13035,2022-09-18,8,BEVERAGES,463.048,0,Guayas,C,1,1340,46.88,18.7,0
14495,2022-09-18,8,CLEANING,179.55,0,Guayas,C,1,1340,46.88,18.7,0
12305,2022-09-18,8,GROCERY I,628.909,0,Guayas,C,1,1340,46.88,18.7,0
13765,2022-09-18,8,PRODUCE,323.572,0,Guayas,C,1,1340,46.88,18.7,0
1356,2022-09-19,1,BEVERAGES,267.844,0,Pichincha,D,2,963,46.7,17.47,0
2816,2022-09-19,1,CLEANING,134.739,0,Pichincha,D,2,963,46.7,17.47,0
626,2022-09-19,1,GROCERY I,470.473,0,Pichincha,D,2,963,46.7,17.47,0
2086,2022-09-19,1,PRODUCE,224.934,0,Pichincha,D,2,963,46.7,17.47,0
4276,2022-09-19,2,BEVERAGES,227.101,0,Pichincha,D,3,769,46.7,17.47,0
5736,2022-09-19,2,CLEANING,113.255,0,Pichincha,D,3,769,46.7,17.47,0
3546,2022-09-19,2,GROCERY I,446.698,0,Pichincha,D,3,769,46.7,17.47,0
5006,2022-09-19,2,PRODUCE,182.387,0,Pichincha,D,3,769,46.7,17.47,0
7196,2022-09-19,3,BEVERAGES,422.573,0,Guayas,A,4,1280,46.7,17.47,0
8656,2022-09-19,3,CLEANING,148.875,0,Guayas,A,4,1280,46.7,17.47,0
6466,2022-09-19,3,GROCERY I,603.735,0,Guayas,A,4,1280,46.7,17.47,0
7926,2022-09-19,3,PRODUCE,270.137,0,Guayas,A,4,1280,46.7,17.47,0
10116,2022-09-19,5,BEVERAGES,202.762,0,Azuay,B,2,628,46.7,17.47,0
11576,2022-09-19,5,CLEANING,82.604,0,Azuay,B,2,628,46.7,17.47,0
9386,2022-09-19,5,GROCERY I,316.754,5,Azuay,B,2,628,46.7,17.47,0
10846,2022-09-19,5,PRODUCE,136.58,0,Azuay,B,2,628,46.7,17.47,0
13036,2022-09-19,8,BEVERAGES,330.357,0,Guayas,C,1,1082,46.7,17.47,0
14496,2022-09-19,8,CLEANING,136.064,0,Guayas,C,1,1082,46.7,17.47,0
12306,2022-09-19,8,GROCERY I,537.453,0,Guayas,C,1,1082,46.7,17.47,0
13766,2022-09-19,8,PRODUCE,203.148,0,Guayas,C,1,1082,46.7,17.47,0
1357,2022-09-20,1,BEVERAGES,319.919,14,Pichincha,D,2,914,47.31,17.24,0
2817,2022-09-20,1,CLEANING,141.0,20,Pichincha,D,2,914,47.31,17.24,0
627,2022-09-20,1,GROCERY I,407.921,0,Pichincha,D,2,914,47.31,17.24,0
2087,2022-09-20,1,PRODUCE,201.095,0,Pichincha,D,2,914,47.31,17.24,0
4277,2022-09-20,2,BEVERAGES,227.279,0,Pichincha,D,3,801,47.31,17.24,0
5737,2022-09-20,2,CLEANING,90.753,0,Pichincha,D,3,801,47.31,17.24,0
3547,2022-09-20,2,GROCERY I,357.634,0,Pichincha,D,3,801,47.31,17.24,0
5007,2022-09-20,2,PRODUCE,185.107,0,Pichincha,D,3,801,47.31,17.24,0
7197,2022-09-20,3,BEVERAGES,369.608,0,Guayas,A,4,1249,47.31,17.24,0
8657,2022-09-20,3,CLEANING,186.667,0,Guayas,A,4,1249,47.31,17.24,0
6467,2022-09-20,3,GROCERY I,495.16,0,Guayas,A,4,1249,47.31,17.24,0
7927,2022-09-20,3,PRODUCE,301.293,5,Guayas,A,4,1249,47.31,17.24,0
10117,2022-09-20,5,BEVERAGES,164.612,0,Azuay,B,2,583,47.31,17.24,0
11577,2022-09-20,5,CLEANING,66.988,0,Azuay,B,2,583,47.31,17.24,0
9387,2022-09-20,5,GROCERY I,236.977,0,Azuay,B,2,583,47.31,17.24,0
10847,2022-09-20,5,PRODUCE,121.513,0,Azuay,B,2,583,47.31,17.24,0
13037,2022-09-20,8,BEVERAGES,317.916,0,Guayas,C,1,1077,47.31,17.24,0
14497,2022-09-20,8,CLEANING,94.697,0,Guayas,C,1,1077,47.31,17.24,0
12307,2022-09-20,8,GROCERY I,579.647,0,Guayas,C,1,1077,47.31,17.24,0
13767,2022-09-20,8,PRODUCE,227.155,0,Guayas,C,1,1077,47.31,17.24,0
1358,2022-09-21,1,BEVERAGES,314.116,0,Pichincha,D,2,985,46.84,17.33,0
2818,2022-09-21,1,CLEANING,131.431,0,Pichincha,D,2,985,46.84,17.33,0
628,2022-09-21,1,GROCERY I,536.445,21,Pichincha,D,2,985,46.84,17.33,0
2088,2022-09-21,1,PRODUCE,188.702,0,Pichincha,D,2,985,46.84,17.33,0
4278,2022-09-21,2,BEVERAGES,202.295,0,Pichincha,D,3,904,46.84,17.33,0
5738,2022-09-21,2,CLEANING,97.774,0,Pichincha,D,3,904,46.84,17.33,0
3548,2022-09-21,2,GROCERY I,302.274,0,Pichincha,D,3,904,46.84,17.33,0
5008,2022-09-21,2,PRODUCE,161.466,0,Pichincha,D,3,904,46.84,17.33,0
7198,2022-09-21,3,BEVERAGES,451.026,10,Guayas,A,4,1377,46.84,17.33,0
8658,2022-09-21,3,CLEANING,162.949,0,Guayas,A,4,1377,46.84,17.33,0
6468,2022-09-21,3,GROCERY I,544.071,0,Guayas,A,4,1377,46.84,17.33,0
7928,2022-09-21,3,PRODUCE,264.669,0,Guayas,A,4,1377,46.84,17.33,0
10118,2022-09-21,5,BEVERAGES,163.682,0,Azuay,B,2,577,46.84,17.33,0
11578,2022-09-21,5,CLEANING,80.18,0,Azuay,B,2,577,46.84,17.33,0
9388,2022-09-21,5,GROCERY I,244.129,0,Azuay,B,2,577,46.84,17.33,0
10848,2022-09-21,5,PRODUCE,110.639,0,Azuay,B,2,577,46.84,17.33,0
13038,2022-09-21,8,BEVERAGES,336.084,0,Guayas,C,1,1033,46.84,17.33,0
14498,2022-09-21,8,CLEANING,142.099,0,Guayas,C,1,1033,46.84,17.33,0
12308,2022-09-21,8,GROCERY I,564.426,0,Guayas,C,1,1033,46.84,17.33,0
13768,2022-09-21,8,PRODUCE,317.851,3,Guayas,C,1,1033,46.84,17.33,0
1359,2022-09-22,1,BEVERAGES,340.954,0,Pichincha,D,2,1026,45.76,17.51,0
2819,2022-09-22,1,CLEANING,108.706,0,Pichincha,D,2,1026,45.76,17.51,0
629,2022-09-22,1,GROCERY I,469.666,0,Pichincha,D,2,1026,45.76,17.51,0
2089,2022-09-22,1,PRODUCE,231.673,0,Pichincha,D,2,1026,45.76,17.51,0
4279,2022-09-22,2,BEVERAGES,240.736,0,Pichincha,D,3,935,45.76,17.51,0
5739,2022-09-22,2,CLEANING,100.745,0,Pichincha,D,3,935,45.76,17.51,0
3549,2022-09-22,2,GROCERY I,540.579,8,Pichincha,D,3,935,45.76,17.51,0
5009,2022-09-22,2,PRODUCE,166.936,0,Pichincha,D,3,935,45.76,17.51,0
7199,2022-09-22,3,BEVERAGES,397.591,0,Guayas,A,4,1327,45.76,17.51,0
8659,2022-09-22,3,CLEANING,252.832,1,Guayas,A,4,1327,45.76,17.51,0
6469,2022-09-22,3,GROCERY I,569.992,0,Guayas,A,4,1327,45.76,17.51,0
7929,2022-09-22,3,PRODUCE,308.349,0,Guayas,A,4,1327,45.76,17.51,0
10119,2022-09-22,5,BEVERAGES,159.751,0,Azuay,B,2,571,45.76,17.51,0
11579,2022-09-22,5,CLEANING,73.262,0,Azuay,B,2,571,45.76,17.51,0
9389,2022-09-22,5,GROCERY I,279.177,0,Azuay,B,2,571,45.76,17.51,0
10849,2022-09-22,5,PRODUCE,134.744,0,Azuay,B,2,571,45.76,17.51,0
13039,2022-09-22,8,BEVERAGES,337.06,0,Guayas,C,1,1077,45.76,17.51,0
14499,2022-09-22,8,CLEANING,150.207,0,Guayas,C,1,1077,45.76,17.51,0
12309,2022-09-22,8,GROCERY I,542.793,0,Guayas,C,1,1077,45.76,17.51,0
13769,2022-09-22,8,PRODUCE,236.122,0,Guayas,C,1,1077,45.76,17.51,0
1360,2022-09-23,1,BEVERAGES,334.478,0,Pichincha,D,2,1228,46.48,17.29,0
2820,2022-09-23,1,CLEANING,158.118,0,Pichincha,D,2,1228,46.48,17.29,0
630,2022-09-23,1,GROCERY I,529.711,0,Pichincha,D,2,1228,46.48,17.29,0
2090,2022-09-23,1,PRODUCE,274.086,0,Pichincha,D,2,1228,46.48,17.29,0
4280,2022-09-23,2,BEVERAGES,260.08,0,Pichincha,D,3,1032,46.48,17.29,0
5740,2022-09-23,2,CLEANING,118.457,0,Pichincha,D,3,1032,46.48,17.29,0
3550,2022-09-23,2,GROCERY I,482.578,0,Pichincha,D,3,1032,46.48,17.29,0
5010,2022-09-23,2,PRODUCE,234.322,0,Pichincha,D,3,1032,46.48,17.29,0
7200,2022-09-23,3,BEVERAGES,435.66,0,Guayas,A,4,1590,46.48,17.29,0
8660,2022-09-23,3,CLEANING,231.296,0,Guayas,A,4,1590,46.48,17.29,0
6470,2022-09-23,3,GROCERY I,782.869,0,Guayas,A,4,1590,46.48,17.29,0
7930,2022-09-23,3,PRODUCE,392.199,10,Guayas,A,4,1590,46.48,17.29,0
10120,2022-09-23,5,BEVERAGES,230.374,0,Azuay,B,2,696,46.48,17.29,0
11580,2022-09-23,5,CLEANING,85.98,0,Azuay,B,2,696,46.48,17.29,0
9390,2022-09-23,5,GROCERY I,320.486,0,Azuay,B,2,696,46.48,17.29,0
10850,2022-09-23,5,PRODUCE,140.939,0,Azuay,B,2,696,46.48,17.29,0
13040,2022-09-23,8,BEVERAGES,351.99,0,Guayas,C,1,1355,46.48,17.29,0
14500,2022-09-23,8,CLEANING,197.28,13,Guayas,C,1,1355,46.48,17.29,0
12310,2022-09-23,8,GROCERY I,761.419,5,Guayas,C,1,1355,46.48,17.29,0
13770,2022-09-23,8,PRODUCE,257.662,0,Guayas,C,1,1355,46.48,17.29,0
1361,2022-09-24,1,BEVERAGES,438.426,0,Pichincha,D,2,1452,47.63,19.06,0
2821,2022-09-24,1,CLEANING,176.654,0,Pichincha,D,2,1452,47.63,19.06,0
631,2022-09-24,1,GROCERY I,736.005,16,Pichincha,D,2,1452,47.63,19.06,0
2091,2022-09-24,1,PRODUCE,335.449,0,Pichincha,D,2,1452,47.63,19.06,0
4281,2022-09-24,2,BEVERAGES,311.71,0,Pichincha,D,3,1178,47.63,19.06,0
5741,2022-09-24,2,CLEANING,130.44,0,Pichincha,D,3,1178,47.63,19.06,0
3551,2022-09-24,2,GROCERY I,668.373,5,Pichincha,D,3,1178,47.63,19.06,0
5011,2022-09-24,2,PRODUCE,257.064,0,Pichincha,D,3,1178,47.63,19.06,0
7201,2022-09-24,3,BEVERAGES,559.882,0,Guayas,A,4,1896,47.63,19.06,0
8661,2022-09-24,3,CLEANING,242.394,0,Guayas,A,4,1896,47.63,19.06,0
6471,2022-09-24,3,GROCERY I,1207.217,6,Guayas,A,4,1896,47.63,19.06,0
7931,2022-09-24,3,PRODUCE,477.049,0,Guayas,A,4,1896,47.63,19.06,0
10121,2022-09-24,5,BEVERAGES,273.603,0,Azuay,B,2,894,47.63,19.06,0
11581,2022-09-24,5,CLEANING,113.363,0,Azuay,B,2,894,47.63,19.06,0
9391,2022-09-24,5,GROCERY I,320.489,0,Azuay,B,2,894,47.63,19.06,0
10851,2022-09-24,5,PRODUCE,212.515,1,Azuay,B,2,894,47.63,19.06,0
13041,2022-09-24,8,BEVERAGES,461.363,0,Guayas,C,1,1632,47.63,19.06,0
14501,2022-09-24,8,CLEANING,174.055,0,Guayas,C,1,1632,47.63,19.06,0
12311,2022-09-24,8,GROCERY I,793.942,0,Guayas,C,1,1632,47.63,19.06,0
13771,2022-09-24,8,PRODUCE,357.087,0,Guayas,C,1,1632,47.63,19.06,0
1362,2022-09-25,1,BEVERAGES,339.36,0,Pichincha,D,2,1301,47.45,15.31,0
2822,2022-09-25,1,CLEANING,179.337,0,Pichincha,D,2,1301,47.45,15.31,0
632,2022-09-25,1,GROCERY I,523.735,0,Pichincha,D,2,1301,47.45,15.31,0
2092,2022-09-25,1,PRODUCE,282.759,0,Pichincha,D,2,1301,47.45,15.31,0
4282,2022-09-25,2,BEVERAGES,320.501,0,Pichincha,D,3,1032,47.45,15.31,0
5742,2022-09-25,2,CLEANING,126.191,0,Pichincha,D,3,1032,47.45,15.31,0
3552,2022-09-25,2,GROCERY I,471.786,0,Pichincha,D,3,1032,47.45,15.31,0
5012,2022-09-25,2,PRODUCE,220.99,0,Pichincha,D,3,1032,47.45,15.31,0
7202,2022-09-25,3,BEVERAGES,487.77,0,Guayas,A,4,1670,47.45,15.31,0
8662,2022-09-25,3,CLEANING,212.989,0,Guayas,A,4,1670,47.45,15.31,0
6472,2022-09-25,3,GROCERY I,915.591,0,Guayas,A,4,1670,47.45,15.31,0
7932,2022-09-25,3,PRODUCE,363.802,0,Guayas,A,4,1670,47.45,15.31,0
10122,2022-09-25,5,BEVERAGES,238.526,0,Azuay,B,2,671,47.45,15.31,0
11582,2022-09-25,5,CLEANING,116.657,2,Azuay,B,2,671,47.45,15.31,0
9392,2022-09-25,5,GROCERY I,396.427,0,Azuay,B,2,671,47.45,15.31,0
10852,2022-09-25,5,PRODUCE,141.502,0,Azuay,B,2,671,47.45,15.31,0
13042,2022-09-25,8,BEVERAGES,414.494,0,Guayas,C,1,1410,47.45,15.31,0
14502,2022-09-25,8,CLEANING,169.392,0,Guayas,C,1,1410,47.45,15.31,0
12312,2022-09-25,8,GROCERY I,737.848,0,Guayas,C,1,1410,47.45,15.31,0
13772,2022-09-25,8,PRODUCE,339.176,0,Guayas,C,1,1410,47.45,15.31,0
1363,2022-09-26,1,BEVERAGES,292.666,0,Pichincha,D,2,990,46.57,18.91,0
2823,2022-09-26,1,CLEANING,124.272,0,Pichincha,D,2,990,46.57,18.91,0
633,2022-09-26,1,GROCERY I,443.672,11,Pichincha,D,2,990,46.57,18.91,0
2093,2022-09-26,1,PRODUCE,0.0,0,Pichincha,D,2,990,46.57,18.91,0
4283,2022-09-26,2,BEVERAGES,255.197,0,Pichincha,D,3,800,46.57,18.91,0
5743,2022-09-26,2,CLEANING,131.855,20,Pichincha,D,3,800,46.57,18.91,0
3553,2022-09-26,2,GROCERY I,344.892,0,Pichincha,D,3,800,46.57,18.91,0
5013,2022-09-26,2,PRODUCE,183.668,0,Pichincha,D,3,800,46.57,18.91,0
7203,2022-09-26,3,BEVERAGES,400.534,0,Guayas,A,4,1338,46.57,18.91,0
8663,2022-09-26,3,CLEANING,193.131,0,Guayas,A,4,1338,46.57,18.91,0
6473,2022-09-26,3,GROCERY I,529.603,0,Guayas,A,4,1338,46.57,18.91,0
7933,2022-09-26,3,PRODUCE,302.555,0,Guayas,A,4,1338,46.57,18.91,0
10123,2022-09-26,5,BEVERAGES,169.614,0,Azuay,B,2,486,46.57,18.91,0
11583,2022-09-26,5,CLEANING,71.092,0,Azuay,B,2,486,46.57,18.91,0
9393,2022-09-26,5,GROCERY I,254.103,0,Azuay,B,2,486,46.57,18.91,0
10853,2022-09-26,5,PRODUCE,121.22,0,Azuay,B,2,486,46.57,18.91,0
13043,2022-09-26,8,BEVERAGES,309.307,0,Guayas,C,1,1064,46.57,18.91,0
14503,2022-09-26,8,CLEANING,148.859,0,Guayas,C,1,1064,46.57,18.91,0
12313,2022-09-26,8,GROCERY I,424.529,0,Guayas,C,1,1064,46.57,18.91,0
13773,2022-09-26,8,PRODUCE,208.142,0,Guayas,C,1,1064,46.57,18.91,0
1364,2022-09-27,1,BEVERAGES,307.787,0,Pichincha,D,2,979,46.43,17.13,0
2824,2022-09-27,1,CLEANING,133.526,0,Pichincha,D,2,979,46.43,17.13,0
634,2022-09-27,1,GROCERY I,401.056,0,Pichincha,D,2,979,46.43,17.13,0
2094,2022-09-27,1,PRODUCE,215.75,0,Pichincha,D,2,979,46.43,17.13,0
4284,2022-09-27,2,BEVERAGES,233.583,0,Pichincha,D,3,860,46.43,17.13,0
5744,2022-09-27,2,CLEANING,98.201,0,Pichincha,D,3,860,46.43,17.13,0
3554,2022-09-27,2,GROCERY I,519.697,24,Pichincha,D,3,860,46.43,17.13,0
5014,2022-09-27,2,PRODUCE,176.141,0,Pichincha,D,3,860,46.43,17.13,0
7204,2022-09-27,3,BEVERAGES,475.124,12,Guayas,A,4,1306,46.43,17.13,0
8664,2022-09-27,3,CLEANING,192.422,0,Guayas,A,4,1306,46.43,17.13,0
6474,2022-09-27,3,GROCERY I,630.758,0,Guayas,A,4,1306,46.43,17.13,0
7934,2022-09-27,3,PRODUCE,352.682,8,Guayas,A,4,1306,46.43,17.13,0
10124,2022-09-27,5,BEVERAGES,175.173,0,Azuay,B,2,597,46.43,17.13,0
11584,2022-09-27,5,CLEANING,66.305,0,Azuay,B,2,597,46.43,17.13,0
9394,2022-09-27,5,GROCERY I,282.374,0,Azuay,B,2,597,46.43,17.13,0
10854,2022-09-27,5,PRODUCE,155.078,10,Azuay,B,2,597,46.43,17.13,0
13044,2022-09-27,8,BEVERAGES,304.506,0,Guayas,C,1,1010,46.43,17.13,0
14504,2022-09-27,8,CLEANING,126.615,0,Guayas,C,1,1010,46.43,17.13,0
12314,2022-09-27,8,GROCERY I,479.769,0,Guayas,C,1,1010,46.43,17.13,0
13774,2022-09-27,8,PRODUCE,175.199,0,Guayas,C,1,1010,46.43,17.13,0
1365,2022-09-28,1,BEVERAGES,279.805,0,Pichincha,D,2,1004,46.31,18.15,0
2825,2022-09-28,1,CLEANING,155.79,14,Pichincha,D,2,1004,46.31,18.15,0
635,2022-09-28,1,GROCERY I,476.361,0,Pichincha,D,2,1004,46.31,18.15,0
2095,2022-09-28,1,PRODUCE,252.095,11,Pichincha,D,2,1004,46.31,18.15,0
4285,2022-09-28,2,BEVERAGES,227.628,0,Pichincha,D,3,894,46.31,18.15,0
5745,2022-09-28,2,CLEANING,104.481,0,Pichincha,D,3,894,46.31,18.15,0
3555,2022-09-28,2,GROCERY I,370.743,0,Pichincha,D,3,894,46.31,18.15,0
5015,2022-09-28,2,PRODUCE,183.024,16,Pichincha,D,3,894,46.31,18.15,0
7205,2022-09-28,3,BEVERAGES,354.692,0,Guayas,A,4,1302,46.31,18.15,0
8665,2022-09-28,3,CLEANING,160.365,0,Guayas,A,4,1302,46.31,18.15,0
6475,2022-09-28,3,GROCERY I,574.149,0,Guayas,A,4,1302,46.31,18.15,0
7935,2022-09-28,3,PRODUCE,319.236,0,Guayas,A,4,1302,46.31,18.15,0
10125,2022-09-28,5,BEVERAGES,154.554,0,Azuay,B,2,555,46.31,18.15,0
11585,2022-09-28,5,CLEANING,82.372,18,Azuay,B,2,555,46.31,18.15,0
9395,2022-09-28,5,GROCERY I,242.059,0,Azuay,B,2,555,46.31,18.15,0
10855,2022-09-28,5,PRODUCE,113.376,0,Azuay,B,2,555,46.31,18.15,0
13045,2022-09-28,8,BEVERAGES,324.038,0,Guayas,C,1,1047,46.31,18.15,0
14505,2022-09-28,8,CLEANING,133.996,0,Guayas,C,1,1047,46.31,18.15,0
12315,2022-09-28,8,GROCERY I,446.987,0,Guayas,C,1,1047,46.31,18.15,0
13775,2022-09-28,8,PRODUCE,250.392,0,Guayas,C,1,1047,46.31,18.15,0
1366,2022-09-29,1,BEVERAGES,302.691,0,Pichincha,D,2,983,46.22,16.01,0
2826,2022-09-29,1,CLEANING,128.355,0,Pichincha,D,2,983,46.22,16.01,0
636,2022-09-29,1,GROCERY I,410.456,0,Pichincha,D,2,983,46.22,16.01,0
2096,2022-09-29,1,PRODUCE,210.191,0,Pichincha,D,2,983,46.22,16.01,0
4286,2022-09-29,2,BEVERAGES,231.8,0,Pichincha,D,3,875,46.22,16.01,0
5746,2022-09-29,2,CLEANING,123.858,15,Pichincha,D,3,875,46.22,16.01,0
3556,2022-09-29,2,GROCERY I,331.006,0,Pichincha,D,3,875,46.22,16.01,0
5016,2022-09-29,2,PRODUCE,202.248,0,Pichincha,D,3,875,46.22,16.01,0
7206,2022-09-29,3,BEVERAGES,458.723,0,Guayas,A,4,1361,46.22,16.01,0
8666,2022-09-29,3,CLEANING,199.257,0,Guayas,A,4,1361,46.22,16.01,0
6476,2022-09-29,3,GROCERY I,816.291,0,Guayas,A,4,1361,46.22,16.01,0
7936,2022-09-29,3,PRODUCE,284.525,0,Guayas,A,4,1361,46.22,16.01,0
10126,2022-09-29,5,BEVERAGES,180.971,0,Azuay,B,2,633,46.22,16.01,0
11586,2022-09-29,5,CLEANING,110.076,2,Azuay,B,2,633,46.22,16.01,0
9396,2022-09-29,5,GROCERY I,278.66,0,Azuay,B,2,633,46.22,16.01,0
10856,2022-09-29,5,PRODUCE,133.281,0,Azuay,B,2,633,46.22,16.01,0
13046,2022-09-29,8,BEVERAGES,330.702,0,Guayas,C,1,1118,46.22,16.01,0
14506,2022-09-29,8,CLEANING,137.919,0,Guayas,C,1,1118,46.22,16.01,0
12316,2022-09-29,8,GROCERY I,514.666,0,Guayas,C,1,1118,46.22,16.01,0
13776,2022-09-29,8,PRODUCE,259.123,0,Guayas,C,1,1118,46.22,16.01,0
1367,2022-09-30,1,BEVERAGES,394.296,1,Pichincha,D,2,1120,45.72,19.41,0
2827,2022-09-30,1,CLEANING,161.569,0,Pichincha,D,2,1120,45.72,19.41,0
637,2022-09-30,1,GROCERY I,488.48,0,Pichincha,D,2,1120,45.72,19.41,0
2097,2022-09-30,1,PRODUCE,248.555,0,Pichincha,D,2,1120,45.72,19.41,0
4287,2022-09-30,2,BEVERAGES,286.041,0,Pichincha,D,3,1008,45.72,19.41,0
5747,2022-09-30,2,CLEANING,133.511,0,Pichincha,D,3,1008,45.72,19.41,0
3557,2022-09-30,2,GROCERY I,469.366,0,Pichincha,D,3,1008,45.72,19.41,0
5017,2022-09-30,2,PRODUCE,201.244,0,Pichincha,D,3,1008,45.72,19.41,0
7207,2022-09-30,3,BEVERAGES,583.163,5,Guayas,A,4,1566,45.72,19.41,0
8667,2022-09-30,3,CLEANING,222.226,0,Guayas,A,4,1566,45.72,19.41,0
6477,2022-09-30,3,GROCERY I,844.421,0,Guayas,A,4,1566,45.72,19.41,0
7937,2022-09-30,3,PRODUCE,347.456,0,Guayas,A,4,1566,45.72,19.41,0
10127,2022-09-30,5,BEVERAGES,205.232,0,Azuay,B,2,792,45.72,19.41,0
11587,2022-09-30,5,CLEANING,73.447,0,Azuay,B,2,792,45.72,19.41,0
9397,2022-09-30,5,GROCERY I,347.284,0,Azuay,B,2,792,45.72,19.41,0
10857,2022-09-30,5,PRODUCE,145.707,0,Azuay,B,2,792,45.72,19.41,0
13047,2022-09-30,8,BEVERAGES,424.253,0,Guayas,C,1,1244,45.72,19.41,0
14507,2022-09-30,8,CLEANING,169.904,0,Guayas,C,1,1244,45.72,19.41,0
12317,2022-09-30,8,GROCERY I,540.962,0,Guayas,C,1,1244,45.72,19.41,0
13777,2022-09-30,8,PRODUCE,289.279,0,Guayas,C,1,1244,45.72,19.41,0
1368,2022-10-01,1,BEVERAGES,408.178,0,Pichincha,D,2,1518,45.98,19.26,0
2828,2022-10-01,1,CLEANING,194.769,0,Pichincha,D,2,1518,45.98,19.26,0
638,2022-10-01,1,GROCERY I,950.824,12,Pichincha,D,2,1518,45.98,19.26,0
2098,2022-10-01,1,PRODUCE,288.515,0,Pichincha,D,2,1518,45.98,19.26,0
4288,2022-10-01,2,BEVERAGES,400.78,3,Pichincha,D,3,1301,45.98,19.26,0
5748,2022-10-01,2,CLEANING,141.964,0,Pichincha,D,3,1301,45.98,19.26,0
3558,2022-10-01,2,GROCERY I,608.937,0,Pichincha,D,3,1301,45.98,19.26,0
5018,2022-10-01,2,PRODUCE,354.149,11,Pichincha,D,3,1301,45.98,19.26,0
7208,2022-10-01,3,BEVERAGES,663.316,0,Guayas,A,4,1923,45.98,19.26,0
8668,2022-10-01,3,CLEANING,271.551,0,Guayas,A,4,1923,45.98,19.26,0
6478,2022-10-01,3,GROCERY I,0.0,5,Guayas,A,4,1923,45.98,19.26,0
7938,2022-10-01,3,PRODUCE,362.369,0,Guayas,A,4,1923,45.98,19.26,0
10128,2022-10-01,5,BEVERAGES,254.458,0,Azuay,B,2,824,45.98,19.26,0
11588,2022-10-01,5,CLEANING,92.926,0,Azuay,B,2,824,45.98,19.26,0
9398,2022-10-01,5,GROCERY I,413.644,0,Azuay,B,2,824,45.98,19.26,0
10858,2022-10-01,5,PRODUCE,193.47,0,Azuay,B,2,824,45.98,19.26,0
13048,2022-10-01,8,BEVERAGES,511.823,0,Guayas,C,1,1550,45.98,19.26,0
14508,2022-10-01,8,CLEANING,175.465,0,Guayas,C,1,1550,45.98,19.26,0
12318,2022-10-01,8,GROCERY I,615.511,0,Guayas,C,1,1550,45.98,19.26,0
13778,2022-10-01,8,PRODUCE,282.298,0,Guayas,C,1,1550,45.98,19.26,0
1369,2022-10-02,1,BEVERAGES,439.167,0,Pichincha,D,2,1278,46.22,18.83,0
2829,2022-10-02,1,CLEANING,165.761,0,Pichincha,D,2,1278,46.22,18.83,0
639,2022-10-02,1,GROCERY I,553.471,0,Pichincha,D,2,1278,46.22,18.83,0
2099,2022-10-02,1,PRODUCE,354.55,3,Pichincha,D,2,1278,46.22,18.83,0
4289,2022-10-02,2,BEVERAGES,308.565,0,Pichincha,D,3,1033,46.22,18.83,0
5749,2022-10-02,2,CLEANING,105.439,0,Pichincha,D,3,1033,46.22,18.83,0
3559,2022-10-02,2,GROCERY I,487.26,0,Pichincha,D,3,1033,46.22,18.83,0
5019,2022-10-02,2,PRODUCE,193.795,0,Pichincha,D,3,1033,46.22,18.83,0
7209,2022-10-02,3,BEVERAGES,637.084,6,Guayas,A,4,1641,46.22,18.83,0
8669,2022-10-02,3,CLEANING,216.288,0,Guayas,A,4,1641,46.22,18.83,0
6479,2022-10-02,3,GROCERY I,848.551,0,Guayas,A,4,1641,46.22,18.83,0
7939,2022-10-02,3,PRODUCE,366.091,0,Guayas,A,4,1641,46.22,18.83,0
10129,2022-10-02,5,BEVERAGES,181.889,0,Azuay,B,2,685,46.22,18.83,0
11589,2022-10-02,5,CLEANING,100.805,0,Azuay,B,2,685,46.22,18.83,0
9399,2022-10-02,5,GROCERY I,400.694,2,Azuay,B,2,685,46.22,18.83,0
10859,2022-10-02,5,PRODUCE,147.826,0,Azuay,B,2,685,46.22,18.83,0
13049,2022-10-02,8,BEVERAGES,326.319,0,Guayas,C,1,1450,46.22,18.83,0
14509,2022-10-02,8,CLEANING,170.951,0,Guayas,C,1,1450,46.22,18.83,0
12319,2022-10-02,8,GROCERY I,566.574,0,Guayas,C,1,1450,46.22,18.83,0
13779,2022-10-02,8,PRODUCE,310.517,0,Guayas,C,1,1450,46.22,18.83,0
1370,2022-10-03,1,BEVERAGES,301.416,0,Pichincha,D,2,911,45.54,15.33,0
2830,2022-10-03,1,CLEANING,99.669,0,Pichincha,D,2,911,45.54,15.33,0
640,2022-10-03,1,GROCERY I,582.016,15,Pichincha,D,2,911,45.54,15.33,0
2100,2022-10-03,1,PRODUCE,185.39,0,Pichincha,D,2,911,45.54,15.33,0
4290,2022-10-03,2,BEVERAGES,211.515,0,Pichincha,D,3,842,45.54,15.33,0
5750,2022-10-03,2,CLEANING,105.702,0,Pichincha,D,3,842,45.54,15.33,0
3560,2022-10-03,2,GROCERY I,348.679,0,Pichincha,D,3,842,45.54,15.33,0
5020,2022-10-03,2,PRODUCE,178.892,0,Pichincha,D,3,842,45.54,15.33,0
7210,2022-10-03,3,BEVERAGES,406.16,0,Guayas,A,4,1367,45.54,15.33,0
8670,2022-10-03,3,CLEANING,159.028,0,Guayas,A,4,1367,45.54,15.33,0
6480,2022-10-03,3,GROCERY I,646.487,0,Guayas,A,4,1367,45.54,15.33,0
7940,2022-10-03,3,PRODUCE,385.339,5,Guayas,A,4,1367,45.54,15.33,0
10130,2022-10-03,5,BEVERAGES,200.544,0,Azuay,B,2,580,45.54,15.33,0
11590,2022-10-03,5,CLEANING,79.124,0,Azuay,B,2,580,45.54,15.33,0
9400,2022-10-03,5,GROCERY I,277.977,0,Azuay,B,2,580,45.54,15.33,0
10860,2022-10-03,5,PRODUCE,138.871,0,Azuay,B,2,580,45.54,15.33,0
13050,2022-10-03,8,BEVERAGES,285.618,0,Guayas,C,1,1096,45.54,15.33,0
14510,2022-10-03,8,CLEANING,151.08,0,Guayas,C,1,1096,45.54,15.33,0
12320,2022-10-03,8,GROCERY I,482.443,0,Guayas,C,1,1096,45.54,15.33,0
13780,2022-10-03,8,PRODUCE,254.359,0,Guayas,C,1,1096,45.54,15.33,0
1371,2022-10-04,1,BEVERAGES,257.061,0,Pichincha,D,2,913,45.86,18.58,0
2831,2022-10-04,1,CLEANING,108.01,0,Pichincha,D,2,913,45.86,18.58,0
641,2022-10-04,1,GROCERY I,462.786,0,Pichincha,D,2,913,45.86,18.58,0
2101,2022-10-04,1,PRODUCE,182.589,0,Pichincha,D,2,913,45.86,18.58,0
4291,2022-10-04,2,BEVERAGES,299.923,21,Pichincha,D,3,824,45.86,18.58,0
5751,2022-10-04,2,CLEANING,103.67,0,Pichincha,D,3,824,45.86,18.58,0
3561,2022-10-04,2,GROCERY I,326.116,0,Pichincha,D,3,824,45.86,18.58,0
5021,2022-10-04,2,PRODUCE,161.366,0,Pichincha,D,3,824,45.86,18.58,0
7211,2022-10-04,3,BEVERAGES,364.037,0,Guayas,A,4,1312,45.86,18.58,0
8671,2022-10-04,3,CLEANING,144.562,0,Guayas,A,4,1312,45.86,18.58,0
6481,2022-10-04,3,GROCERY I,568.362,0,Guayas,A,4,1312,45.86,18.58,0
7941,2022-10-04,3,PRODUCE,275.632,0,Guayas,A,4,1312,45.86,18.58,0
10131,2022-10-04,5,BEVERAGES,185.564,0,Azuay,B,2,536,45.86,18.58,0
11591,2022-10-04,5,CLEANING,62.284,0,Azuay,B,2,536,45.86,18.58,0
9401,2022-10-04,5,GROCERY I,266.049,0,Azuay,B,2,536,45.86,18.58,0
10861,2022-10-04,5,PRODUCE,121.997,0,Azuay,B,2,536,45.86,18.58,0
13051,2022-10-04,8,BEVERAGES,242.442,0,Guayas,C,1,1095,45.86,18.58,0
14511,2022-10-04,8,CLEANING,119.041,0,Guayas,C,1,1095,45.86,18.58,0
12321,2022-10-04,8,GROCERY I,504.369,0,Guayas,C,1,1095,45.86,18.58,0
13781,2022-10-04,8,PRODUCE,262.193,0,Guayas,C,1,1095,45.86,18.58,0
1372,2022-10-05,1,BEVERAGES,281.256,0,Pichincha,D,2,1002,46.78,17.96,0
2832,2022-10-05,1,CLEANING,166.537,18,Pichincha,D,2,1002,46.78,17.96,0
642,2022-10-05,1,GROCERY I,474.914,0,Pichincha,D,2,1002,46.78,17.96,0
2102,2022-10-05,1,PRODUCE,199.342,0,Pichincha,D,2,1002,46.78,17.96,0
4292,2022-10-05,2,BEVERAGES,224.806,0,Pichincha,D,3,783,46.78,17.96,0
5752,2022-10-05,2,CLEANING,94.343,0,Pichincha,D,3,783,46.78,17.96,0
3562,2022-10-05,2,GROCERY I,336.523,0,Pichincha,D,3,783,46.78,17.96,0
5022,2022-10-05,2,PRODUCE,138.233,0,Pichincha,D,3,783,46.78,17.96,0
7212,2022-10-05,3,BEVERAGES,411.768,0,Guayas,A,4,1304,46.78,17.96,0
8672,2022-10-05,3,CLEANING,176.188,9,Guayas,A,4,1304,46.78,17.96,0
6482,2022-10-05,3,GROCERY I,571.558,0,Guayas,A,4,1304,46.78,17.96,0
7942,2022-10-05,3,PRODUCE,334.534,0,Guayas,A,4,1304,46.78,17.96,0
10132,2022-10-05,5,BEVERAGES,148.755,0,Azuay,B,2,579,46.78,17.96,0
11592,2022-10-05,5,CLEANING,58.609,0,Azuay,B,2,579,46.78,17.96,0
9402,2022-10-05,5,GROCERY I,309.272,6,Azuay,B,2,579,46.78,17.96,0
10862,2022-10-05,5,PRODUCE,120.342,0,Azuay,B,2,579,46.78,17.96,0
13052,2022-10-05,8,BEVERAGES,377.172,16,Guayas,C,1,1109,46.78,17.96,0
14512,2022-10-05,8,CLEANING,129.635,0,Guayas,C,1,1109,46.78,17.96,0
12322,2022-10-05,8,GROCERY I,454.839,0,Guayas,C,1,1109,46.78,17.96,0
13782,2022-10-05,8,PRODUCE,219.248,0,Guayas,C,1,1109,46.78,17.96,0
1373,2022-10-06,1,BEVERAGES,264.356,0,Pichincha,D,2,1008,46.86,15.12,0
2833,2022-10-06,1,CLEANING,114.838,0,Pichincha,D,2,1008,46.86,15.12,0
643,2022-10-06,1,GROCERY I,412.557,0,Pichincha,D,2,1008,46.86,15.12,0
2103,2022-10-06,1,PRODUCE,250.931,0,Pichincha,D,2,1008,46.86,15.12,0
4293,2022-10-06,2,BEVERAGES,261.238,0,Pichincha,D,3,839,46.86,15.12,0
5753,2022-10-06,2,CLEANING,117.399,0,Pichincha,D,3,839,46.86,15.12,0
3563,2022-10-06,2,GROCERY I,444.829,0,Pichincha,D,3,839,46.86,15.12,0
5023,2022-10-06,2,PRODUCE,189.945,0,Pichincha,D,3,839,46.86,15.12,0
7213,2022-10-06,3,BEVERAGES,417.434,0,Guayas,A,4,1398,46.86,15.12,0
8673,2022-10-06,3,CLEANING,204.541,0,Guayas,A,4,1398,46.86,15.12,0
6483,2022-10-06,3,GROCERY I,598.0,0,Guayas,A,4,1398,46.86,15.12,0
7943,2022-10-06,3,PRODUCE,309.166,0,Guayas,A,4,1398,46.86,15.12,0
10133,2022-10-06,5,BEVERAGES,186.183,0,Azuay,B,2,637,46.86,15.12,0
11593,2022-10-06,5,CLEANING,100.917,5,Azuay,B,2,637,46.86,15.12,0
9403,2022-10-06,5,GROCERY I,246.574,0,Azuay,B,2,637,46.86,15.12,0
10863,2022-10-06,5,PRODUCE,128.774,0,Azuay,B,2,637,46.86,15.12,0
13053,2022-10-06,8,BEVERAGES,327.866,0,Guayas,C,1,1109,46.86,15.12,0
14513,2022-10-06,8,CLEANING,155.215,0,Guayas,C,1,1109,46.86,15.12,0
12323,2022-10-06,8,GROCERY I,482.707,0,Guayas,C,1,1109,46.86,15.12,0
13783,2022-10-06,8,PRODUCE,243.369,0,Guayas,C,1,1109,46.86,15.12,0
1374,2022-10-07,1,BEVERAGES,327.726,0,Pichincha,D,2,1181,46.71,17.3,0
2834,2022-10-07,1,CLEANING,163.249,0,Pichincha,D,2,1181,46.71,17.3,0
644,2022-10-07,1,GROCERY I,546.803,0,Pichincha,D,2,1181,46.71,17.3,0
2104,2022-10-07,1,PRODUCE,280.225,0,Pichincha,D,2,1181,46.71,17.3,0
4294,2022-10-07,2,BEVERAGES,318.724,0,Pichincha,D,3,991,46.71,17.3,0
5754,2022-10-07,2,CLEANING,114.299,0,Pichincha,D,3,991,46.71,17.3,0
3564,2022-10-07,2,GROCERY I,454.068,0,Pichincha,D,3,991,46.71,17.3,0
5024,2022-10-07,2,PRODUCE,173.196,0,Pichincha,D,3,991,46.71,17.3,0
7214,2022-10-07,3,BEVERAGES,523.695,0,Guayas,A,4,1665,46.71,17.3,0
8674,2022-10-07,3,CLEANING,204.064,0,Guayas,A,4,1665,46.71,17.3,0
6484,2022-10-07,3,GROCERY I,794.564,0,Guayas,A,4,1665,46.71,17.3,0
7944,2022-10-07,3,PRODUCE,328.22,0,Guayas,A,4,1665,46.71,17.3,0
10134,2022-10-07,5,BEVERAGES,179.07,0,Azuay,B,2,737,46.71,17.3,0
11594,2022-10-07,5,CLEANING,78.528,0,Azuay,B,2,737,46.71,17.3,0
9404,2022-10-07,5,GROCERY I,302.115,0,Azuay,B,2,737,46.71,17.3,0
10864,2022-10-07,5,PRODUCE,140.577,0,Azuay,B,2,737,46.71,17.3,0
13054,2022-10-07,8,BEVERAGES,400.289,0,Guayas,C,1,1311,46.71,17.3,0
14514,2022-10-07,8,CLEANING,215.626,10,Guayas,C,1,1311,46.71,17.3,0
12324,2022-10-07,8,GROCERY I,633.271,0,Guayas,C,1,1311,46.71,17.3,0
13784,2022-10-07,8,PRODUCE,225.968,0,Guayas,C,1,1311,46.71,17.3,0
1375,2022-10-08,1,BEVERAGES,486.634,0,Pichincha,D,2,1515,46.64,17.82,0
2835,2022-10-08,1,CLEANING,193.373,0,Pichincha,D,2,1515,46.64,17.82,0
645,2022-10-08,1,GROCERY I,699.718,12,Pichincha,D,2,1515,46.64,17.82,0
2105,2022-10-08,1,PRODUCE,262.246,0,Pichincha,D,2,1515,46.64,17.82,0
4295,2022-10-08,2,BEVERAGES,365.298,0,Pichincha,D,3,1298,46.64,17.82,0
5755,2022-10-08,2,CLEANING,192.493,5,Pichincha,D,3,1298,46.64,17.82,0
3565,2022-10-08,2,GROCERY I,466.403,0,Pichincha,D,3,1298,46.64,17.82,0
5025,2022-10-08,2,PRODUCE,245.203,0,Pichincha,D,3,1298,46.64,17.82,0
7215,2022-10-08,3,BEVERAGES,815.958,17,Guayas,A,4,1964,46.64,17.82,0
8675,2022-10-08,3,CLEANING,219.828,0,Guayas,A,4,1964,46.64,17.82,0
6485,2022-10-08,3,GROCERY I,1031.985,0,Guayas,A,4,1964,46.64,17.82,0
7945,2022-10-08,3,PRODUCE,431.76,0,Guayas,A,4,1964,46.64,17.82,0
10135,2022-10-08,5,BEVERAGES,250.409,0,Azuay,B,2,873,46.64,17.82,0
11595,2022-10-08,5,CLEANING,99.617,0,Azuay,B,2,873,46.64,17.82,0
9405,2022-10-08,5,GROCERY I,371.69,0,Azuay,B,2,873,46.64,17.82,0
10865,2022-10-08,5,PRODUCE,167.975,0,Azuay,B,2,873,46.64,17.82,0
13055,2022-10-08,8,BEVERAGES,510.763,0,Guayas,C,1,1640,46.64,17.82,0
14515,2022-10-08,8,CLEANING,207.2,0,Guayas,C,1,1640,46.64,17.82,0
12325,2022-10-08,8,GROCERY I,919.992,24,Guayas,C,1,1640,46.64,17.82,0
13785,2022-10-08,8,PRODUCE,366.293,0,Guayas,C,1,1640,46.64,17.82,0
1376,2022-10-09,1,BEVERAGES,455.715,9,Pichincha,D,2,1222,46.92,18.06,0
2836,2022-10-09,1,CLEANING,148.315,0,Pichincha,D,2,1222,46.92,18.06,0
646,2022-10-09,1,GROCERY I,714.888,0,Pichincha,D,2,1222,46.92,18.06,0
2106,2022-10-09,1,PRODUCE,301.194,0,Pichincha,D,2,1222,46.92,18.06,0
4296,2022-10-09,2,BEVERAGES,331.953,0,Pichincha,D,3,1165,46.92,18.06,0
5756,2022-10-09,2,CLEANING,150.259,0,Pichincha,D,3,1165,46.92,18.06,0
3566,2022-10-09,2,GROCERY I,496.082,0,Pichincha,D,3,1165,46.92,18.06,0
5026,2022-10-09,2,PRODUCE,241.615,0,Pichincha,D,3,1165,46.92,18.06,0
7216,2022-10-09,3,BEVERAGES,476.69,0,Guayas,A,4,1776,46.92,18.06,0
8676,2022-10-09,3,CLEANING,284.494,11,Guayas,A,4,1776,46.92,18.06,0
6486,2022-10-09,3,GROCERY I,764.404,0,Guayas,A,4,1776,46.92,18.06,0
7946,2022-10-09,3,PRODUCE,314.302,0,Guayas,A,4,1776,46.92,18.06,0
10136,2022-10-09,5,BEVERAGES,174.045,0,Azuay,B,2,809,46.92,18.06,0
11596,2022-10-09,5,CLEANING,91.749,0,Azuay,B,2,809,46.92,18.06,0
9406,2022-10-09,5,GROCERY I,410.711,24,Azuay,B,2,809,46.92,18.06,0
10866,2022-10-09,5,PRODUCE,192.234,11,Azuay,B,2,809,46.92,18.06,0
13056,2022-10-09,8,BEVERAGES,412.761,0,Guayas,C,1,1430,46.92,18.06,0
14516,2022-10-09,8,CLEANING,179.843,0,Guayas,C,1,1430,46.92,18.06,0
12326,2022-10-09,8,GROCERY I,739.871,0,Guayas,C,1,1430,46.92,18.06,0
13786,2022-10-09,8,PRODUCE,319.047,0,Guayas,C,1,1430,46.92,18.06,0
1377,2022-10-10,1,BEVERAGES,345.807,0,Pichincha,D,2,954,46.14,17.5,0
2837,2022-10-10,1,CLEANING,101.674,0,Pichincha,D,2,954,46.14,17.5,0
647,2022-10-10,1,GROCERY I,478.117,12,Pichincha,D,2,954,46.14,17.5,0
2107,2022-10-10,1,PRODUCE,235.194,0,Pichincha,D,2,954,46.14,17.5,0
4297,2022-10-10,2,BEVERAGES,196.873,0,Pichincha,D,3,846,46.14,17.5,0
5757,2022-10-10,2,CLEANING,101.76,0,Pichincha,D,3,846,46.14,17.5,0
3567,2022-10-10,2,GROCERY I,379.244,0,Pichincha,D,3,846,46.14,17.5,0
5027,2022-10-10,2,PRODUCE,163.454,0,Pichincha,D,3,846,46.14,17.5,0
7217,2022-10-10,3,BEVERAGES,420.345,0,Guayas,A,4,1290,46.14,17.5,0
8677,2022-10-10,3,CLEANING,159.851,0,Guayas,A,4,1290,46.14,17.5,0
6487,2022-10-10,3,GROCERY I,576.704,0,Guayas,A,4,1290,46.14,17.5,0
7947,2022-10-10,3,PRODUCE,262.373,0,Guayas,A,4,1290,46.14,17.5,0
10137,2022-10-10,5,BEVERAGES,164.951,0,Azuay,B,2,624,46.14,17.5,0
11597,2022-10-10,5,CLEANING,64.183,0,Azuay,B,2,624,46.14,17.5,0
9407,2022-10-10,5,GROCERY I,299.897,0,Azuay,B,2,624,46.14,17.5,0
10867,2022-10-10,5,PRODUCE,107.253,0,Azuay,B,2,624,46.14,17.5,0
13057,2022-10-10,8,BEVERAGES,306.05,0,Guayas,C,1,1133,46.14,17.5,0
14517,2022-10-10,8,CLEANING,171.121,15,Guayas,C,1,1133,46.14,17.5,0
12327,2022-10-10,8,GROCERY I,662.733,8,Guayas,C,1,1133,46.14,17.5,0
13787,2022-10-10,8,PRODUCE,238.006,0,Guayas,C,1,1133,46.14,17.5,0
1378,2022-10-11,1,BEVERAGES,341.573,12,Pichincha,D,2,956,46.22,17.64,0
2838,2022-10-11,1,CLEANING,112.363,0,Pichincha,D,2,956,46.22,17.64,0
648,2022-10-11,1,GROCERY I,483.157,1,Pichincha,D,2,956,46.22,17.64,0
2108,2022-10-11,1,PRODUCE,179.238,0,Pichincha,D,2,956,46.22,17.64,0
4298,2022-10-11,2,BEVERAGES,220.87,0,Pichincha,D,3,793,46.22,17.64,0
5758,2022-10-11,2,CLEANING,94.947,0,Pichincha,D,3,793,46.22,17.64,0
3568,2022-10-11,2,GROCERY I,0.0,0,Pichincha,D,3,793,46.22,17.64,0
5028,2022-10-11,2,PRODUCE,150.681,0,Pichincha,D,3,793,46.22,17.64,0
7218,2022-10-11,3,BEVERAGES,400.714,0,Guayas,A,4,1263,46.22,17.64,0
8678,2022-10-11,3,CLEANING,150.282,0,Guayas,A,4,1263,46.22,17.64,0
6488,2022-10-11,3,GROCERY I,510.725,0,Guayas,A,4,1263,46.22,17.64,0
7948,2022-10-11,3,PRODUCE,240.562,0,Guayas,A,4,1263,46.22,17.64,0
10138,2022-10-11,5,BEVERAGES,154.779,0,Azuay,B,2,560,46.22,17.64,0
11598,2022-10-11,5,CLEANING,73.536,0,Azuay,B,2,560,46.22,17.64,0
9408,2022-10-11,5,GROCERY I,271.133,0,Azuay,B,2,560,46.22,17.64,0
10868,2022-10-11,5,PRODUCE,108.665,0,Azuay,B,2,560,46.22,17.64,0
13058,2022-10-11,8,BEVERAGES,309.124,0,Guayas,C,1,1041,46.22,17.64,0
14518,2022-10-11,8,CLEANING,154.931,2,Guayas,C,1,1041,46.22,17.64,0
12328,2022-10-11,8,GROCERY I,434.618,0,Guayas,C,1,1041,46.22,17.64,0
13788,2022-10-11,8,PRODUCE,242.921,0,Guayas,C,1,1041,46.22,17.64,0
1379,2022-10-12,1,BEVERAGES,348.832,18,Pichincha,D,2,986,46.04,19.27,0
2839,2022-10-12,1,CLEANING,142.792,0,Pichincha,D,2,986,46.04,19.27,0
649,2022-10-12,1,GROCERY I,402.567,0,Pichincha,D,2,986,46.04,19.27,0
2109,2022-10-12,1,PRODUCE,157.378,0,Pichincha,D,2,986,46.04,19.27,0
4299,2022-10-12,2,BEVERAGES,314.852,22,Pichincha,D,3,796,46.04,19.27,0
5759,2022-10-12,2,CLEANING,97.515,0,Pichincha,D,3,796,46.04,19.27,0
3569,2022-10-12,2,GROCERY I,330.128,0,Pichincha,D,3,796,46.04,19.27,0
5029,2022-10-12,2,PRODUCE,178.611,0,Pichincha,D,3,796,46.04,19.27,0
7219,2022-10-12,3,BEVERAGES,402.616,0,Guayas,A,4,1287,46.04,19.27,0
8679,2022-10-12,3,CLEANING,192.333,0,Guayas,A,4,1287,46.04,19.27,0
6489,2022-10-12,3,GROCERY I,746.524,2,Guayas,A,4,1287,46.04,19.27,0
7949,2022-10-12,3,PRODUCE,274.811,0,Guayas,A,4,1287,46.04,19.27,0
10139,2022-10-12,5,BEVERAGES,181.558,0,Azuay,B,2,610,46.04,19.27,0
11599,2022-10-12,5,CLEANING,69.088,0,Azuay,B,2,610,46.04,19.27,0
9409,2022-10-12,5,GROCERY I,287.816,2,Azuay,B,2,610,46.04,19.27,0
10869,2022-10-12,5,PRODUCE,106.855,0,Azuay,B,2,610,46.04,19.27,0
13059,2022-10-12,8,BEVERAGES,300.159,0,Guayas,C,1,1072,46.04,19.27,0
14519,2022-10-12,8,CLEANING,144.795,0,Guayas,C,1,1072,46.04,19.27,0
12329,2022-10-12,8,GROCERY I,457.029,0,Guayas,C,1,1072,46.04,19.27,0
13789,2022-10-12,8,PRODUCE,207.24,0,Guayas,C,1,1072,46.04,19.27,0
1380,2022-10-13,1,BEVERAGES,320.632,0,Pichincha,D,2,1045,46.87,18.91,0
2840,2022-10-13,1,CLEANING,117.249,0,Pichincha,D,2,1045,46.87,18.91,0
650,2022-10-13,1,GROCERY I,406.162,0,Pichincha,D,2,1045,46.87,18.91,0
2110,2022-10-13,1,PRODUCE,213.738,0,Pichincha,D,2,1045,46.87,18.91,0
4300,2022-10-13,2,BEVERAGES,259.471,0,Pichincha,D,3,869,46.87,18.91,0
5760,2022-10-13,2,CLEANING,119.289,0,Pichincha,D,3,869,46.87,18.91,0
3570,2022-10-13,2,GROCERY I,347.372,0,Pichincha,D,3,869,46.87,18.91,0
5030,2022-10-13,2,PRODUCE,172.117,0,Pichincha,D,3,869,46.87,18.91,0
7220,2022-10-13,3,BEVERAGES,479.095,20,Guayas,A,4,1410,46.87,18.91,0
8680,2022-10-13,3,CLEANING,150.839,0,Guayas,A,4,1410,46.87,18.91,0
6490,2022-10-13,3,GROCERY I,702.721,0,Guayas,A,4,1410,46.87,18.91,0
7950,2022-10-13,3,PRODUCE,288.417,0,Guayas,A,4,1410,46.87,18.91,0
10140,2022-10-13,5,BEVERAGES,199.872,0,Azuay,B,2,544,46.87,18.91,0
11600,2022-10-13,5,CLEANING,81.849,4,Azuay,B,2,544,46.87,18.91,0
9410,2022-10-13,5,GROCERY I,313.549,0,Azuay,B,2,544,46.87,18.91,0
10870,2022-10-13,5,PRODUCE,129.673,0,Azuay,B,2,544,46.87,18.91,0
13060,2022-10-13,8,BEVERAGES,287.823,0,Guayas,C,1,1113,46.87,18.91,0
14520,2022-10-13,8,CLEANING,133.339,0,Guayas,C,1,1113,46.87,18.91,0
12330,2022-10-13,8,GROCERY I,669.215,4,Guayas,C,1,1113,46.87,18.91,0
13790,2022-10-13,8,PRODUCE,281.771,16,Guayas,C,1,1113,46.87,18.91,0
1381,2022-10-14,1,BEVERAGES,338.619,4,Pichincha,D,2,1247,46.79,13.15,0
2841,2022-10-14,1,CLEANING,142.303,0,Pichincha,D,2,1247,46.79,13.15,0
651,2022-10-14,1,GROCERY I,634.764,0,Pichincha,D,2,1247,46.79,13.15,0
2111,2022-10-14,1,PRODUCE,285.561,0,Pichincha,D,2,1247,46.79,13.15,0
4301,2022-10-14,2,BEVERAGES,348.859,0,Pichincha,D,3,1000,46.79,13.15,0
5761,2022-10-14,2,CLEANING,129.976,0,Pichincha,D,3,1000,46.79,13.15,0
3571,2022-10-14,2,GROCERY I,508.415,0,Pichincha,D,3,1000,46.79,13.15,0
5031,2022-10-14,2,PRODUCE,204.527,0,Pichincha,D,3,1000,46.79,13.15,0
7221,2022-10-14,3,BEVERAGES,474.322,0,Guayas,A,4,1564,46.79,13.15,0
8681,2022-10-14,3,CLEANING,257.368,4,Guayas,A,4,1564,46.79,13.15,0
6491,2022-10-14,3,GROCERY I,850.611,0,Guayas,A,4,1564,46.79,13.15,0
7951,2022-10-14,3,PRODUCE,387.528,0,Guayas,A,4,1564,46.79,13.15,0
10141,2022-10-14,5,BEVERAGES,241.383,0,Azuay,B,2,771,46.79,13.15,0
11601,2022-10-14,5,CLEANING,81.577,0,Azuay,B,2,771,46.79,13.15,0
9411,2022-10-14,5,GROCERY I,322.085,0,Azuay,B,2,771,46.79,13.15,0
10871,2022-10-14,5,PRODUCE,156.532,0,Azuay,B,2,771,46.79,13.15,0
13061,2022-10-14,8,BEVERAGES,434.698,0,Guayas,C,1,1324,46.79,13.15,0
14521,2022-10-14,8,CLEANING,186.425,15,Guayas,C,1,1324,46.79,13.15,0
12331,2022-10-14,8,GROCERY I,570.222,0,Guayas,C,1,1324,46.79,13.15,0
13791,2022-10-14,8,PRODUCE,279.435,0,Guayas,C,1,1324,46.79,13.15,0
1382,2022-10-15,1,BEVERAGES,442.388,0,Pichincha,D,2,1463,47.54,16.7,0
2842,2022-10-15,1,CLEANING,165.803,0,Pichincha,D,2,1463,47.54,16.7,0
652,2022-10-15,1,GROCERY I,819.22,0,Pichincha,D,2,1463,47.54,16.7,0
2112,2022-10-15,1,PRODUCE,352.415,0,Pichincha,D,2,1463,47.54,16.7,0
4302,2022-10-15,2,BEVERAGES,410.033,0,Pichincha,D,3,1232,47.54,16.7,0
5762,2022-10-15,2,CLEANING,177.85,0,Pichincha,D,3,1232,47.54,16.7,0
3572,2022-10-15,2,GROCERY I,562.715,0,Pichincha,D,3,1232,47.54,16.7,0
5032,2022-10-15,2,PRODUCE,343.114,8,Pichincha,D,3,1232,47.54,16.7,0
7222,2022-10-15,3,BEVERAGES,554.757,0,Guayas,A,4,2028,47.54,16.7,0
8682,2022-10-15,3,CLEANING,283.631,11,Guayas,A,4,2028,47.54,16.7,0
6492,2022-10-15,3,GROCERY I,1019.095,0,Guayas,A,4,2028,47.54,16.7,0
7952,2022-10-15,3,PRODUCE,411.829,0,Guayas,A,4,2028,47.54,16.7,0
10142,2022-10-15,5,BEVERAGES,274.961,0,Azuay,B,2,873,47.54,16.7,0
11602,2022-10-15,5,CLEANING,116.61,0,Azuay,B,2,873,47.54,16.7,0
9412,2022-10-15,5,GROCERY I,408.883,0,Azuay,B,2,873,47.54,16.7,0
10872,2022-10-15,5,PRODUCE,196.876,0,Azuay,B,2,873,47.54,16.7,0
13062,2022-10-15,8,BEVERAGES,493.84,0,Guayas,C,1,1569,47.54,16.7,0
14522,2022-10-15,8,CLEANING,174.627,0,Guayas,C,1,1569,47.54,16.7,0
12332,2022-10-15,8,GROCERY I,715.013,0,Guayas,C,1,1569,47.54,16.7,0
13792,2022-10-15,8,PRODUCE,370.963,0,Guayas,C,1,1569,47.54,16.7,0
1383,2022-10-16,1,BEVERAGES,377.674,0,Pichincha,D,2,1293,47.05,16.9,0
2843,2022-10-16,1,CLEANING,176.473,0,Pichincha,D,2,1293,47.05,16.9,0
653,2022-10-16,1,GROCERY I,562.226,0,Pichincha,D,2,1293,47.05,16.9,0
2113,2022-10-16,1,PRODUCE,248.114,0,Pichincha,D,2,1293,47.05,16.9,0
4303,2022-10-16,2,BEVERAGES,318.835,0,Pichincha,D,3,1099,47.05,16.9,0
5763,2022-10-16,2,CLEANING,133.467,0,Pichincha,D,3,1099,47.05,16.9,0
3573,2022-10-16,2,GROCERY I,501.426,0,Pichincha,D,3,1099,47.05,16.9,0
5033,2022-10-16,2,PRODUCE,197.182,0,Pichincha,D,3,1099,47.05,16.9,0
7223,2022-10-16,3,BEVERAGES,483.564,0,Guayas,A,4,1742,47.05,16.9,0
8683,2022-10-16,3,CLEANING,199.952,0,Guayas,A,4,1742,47.05,16.9,0
6493,2022-10-16,3,GROCERY I,821.365,0,Guayas,A,4,1742,47.05,16.9,0
7953,2022-10-16,3,PRODUCE,330.149,0,Guayas,A,4,1742,47.05,16.9,0
10143,2022-10-16,5,BEVERAGES,219.072,0,Azuay,B,2,709,47.05,16.9,0
11603,2022-10-16,5,CLEANING,88.905,0,Azuay,B,2,709,47.05,16.9,0
9413,2022-10-16,5,GROCERY I,308.255,0,Azuay,B,2,709,47.05,16.9,0
10873,2022-10-16,5,PRODUCE,149.677,0,Azuay,B,2,709,47.05,16.9,0
13063,2022-10-16,8,BEVERAGES,572.88,15,Guayas,C,1,1395,47.05,16.9,0
14523,2022-10-16,8,CLEANING,164.534,0,Guayas,C,1,1395,47.05,16.9,0
12333,2022-10-16,8,GROCERY I,663.913,1,Guayas,C,1,1395,47.05,16.9,0
13793,2022-10-16,8,PRODUCE,324.563,0,Guayas,C,1,1395,47.05,16.9,0
1384,2022-10-17,1,BEVERAGES,338.261,0,Pichincha,D,2,980,47.31,14.66,0
2844,2022-10-17,1,CLEANING,122.382,0,Pichincha,D,2,980,47.31,14.66,0
654,2022-10-17,1,GROCERY I,496.629,21,Pichincha,D,2,980,47.31,14.66,0
2114,2022-10-17,1,PRODUCE,245.124,0,Pichincha,D,2,980,47.31,14.66,0
4304,2022-10-17,2,BEVERAGES,238.643,0,Pichincha,D,3,824,47.31,14.66,0
5764,2022-10-17,2,CLEANING,96.373,0,Pichincha,D,3,824,47.31,14.66,0
3574,2022-10-17,2,GROCERY I,386.415,0,Pichincha,D,3,824,47.31,14.66,0
5034,2022-10-17,2,PRODUCE,166.121,0,Pichincha,D,3,824,47.31,14.66,0
7224,2022-10-17,3,BEVERAGES,371.767,0,Guayas,A,4,1417,47.31,14.66,0
8684,2022-10-17,3,CLEANING,146.435,0,Guayas,A,4,1417,47.31,14.66,0
6494,2022-10-17,3,GROCERY I,627.78,0,Guayas,A,4,1417,47.31,14.66,0
7954,2022-10-17,3,PRODUCE,397.074,21,Guayas,A,4,1417,47.31,14.66,0
10144,2022-10-17,5,BEVERAGES,177.009,0,Azuay,B,2,576,47.31,14.66,0
11604,2022-10-17,5,CLEANING,75.69,0,Azuay,B,2,576,47.31,14.66,0
9414,2022-10-17,5,GROCERY I,254.045,0,Azuay,B,2,576,47.31,14.66,0
10874,2022-10-17,5,PRODUCE,137.315,18,Azuay,B,2,576,47.31,14.66,0
13064,2022-10-17,8,BEVERAGES,290.342,0,Guayas,C,1,1083,47.31,14.66,0
14524,2022-10-17,8,CLEANING,129.249,0,Guayas,C,1,1083,47.31,14.66,0
12334,2022-10-17,8,GROCERY I,446.394,0,Guayas,C,1,1083,47.31,14.66,0
13794,2022-10-17,8,PRODUCE,290.962,4,Guayas,C,1,1083,47.31,14.66,0
1385,2022-10-18,1,BEVERAGES,307.064,0,Pichincha,D,2,951,47.45,17.23,0
2845,2022-10-18,1,CLEANING,111.808,0,Pichincha,D,2,951,47.45,17.23,0
655,2022-10-18,1,GROCERY I,349.398,0,Pichincha,D,2,951,47.45,17.23,0
2115,2022-10-18,1,PRODUCE,160.303,0,Pichincha,D,2,951,47.45,17.23,0
4305,2022-10-18,2,BEVERAGES,211.284,0,Pichincha,D,3,798,47.45,17.23,0
5765,2022-10-18,2,CLEANING,91.875,0,Pichincha,D,3,798,47.45,17.23,0
3575,2022-10-18,2,GROCERY I,368.593,0,Pichincha,D,3,798,47.45,17.23,0
5035,2022-10-18,2,PRODUCE,176.895,0,Pichincha,D,3,798,47.45,17.23,0
7225,2022-10-18,3,BEVERAGES,377.265,0,Guayas,A,4,1279,47.45,17.23,0
8685,2022-10-18,3,CLEANING,160.566,0,Guayas,A,4,1279,47.45,17.23,0
6495,2022-10-18,3,GROCERY I,657.751,0,Guayas,A,4,1279,47.45,17.23,0
7955,2022-10-18,3,PRODUCE,198.65,0,Guayas,A,4,1279,47.45,17.23,0
10145,2022-10-18,5,BEVERAGES,167.55,0,Azuay,B,2,616,47.45,17.23,0
11605,2022-10-18,5,CLEANING,82.787,5,Azuay,B,2,616,47.45,17.23,0
9415,2022-10-18,5,GROCERY I,334.53,1,Azuay,B,2,616,47.45,17.23,0
10875,2022-10-18,5,PRODUCE,99.741,0,Azuay,B,2,616,47.45,17.23,0
13065,2022-10-18,8,BEVERAGES,264.426,0,Guayas,C,1,1023,47.45,17.23,0
14525,2022-10-18,8,CLEANING,148.153,3,Guayas,C,1,1023,47.45,17.23,0
12335,2022-10-18,8,GROCERY I,533.352,0,Guayas,C,1,1023,47.45,17.23,0
13795,2022-10-18,8,PRODUCE,274.267,23,Guayas,C,1,1023,47.45,17.23,0
1386,2022-10-19,1,BEVERAGES,314.588,14,Pichincha,D,2,975,47.06,18.83,0
2846,2022-10-19,1,CLEANING,135.74,0,Pichincha,D,2,975,47.06,18.83,0
656,2022-10-19,1,GROCERY I,434.864,0,Pichincha,D,2,975,47.06,18.83,0
2116,2022-10-19,1,PRODUCE,197.039,0,Pichincha,D,2,975,47.06,18.83,0
4306,2022-10-19,2,BEVERAGES,274.44,14,Pichincha,D,3,816,47.06,18.83,0
5766,2022-10-19,2,CLEANING,99.101,0,Pichincha,D,3,816,47.06,18.83,0
3576,2022-10-19,2,GROCERY I,348.554,0,Pichincha,D,3,816,47.06,18.83,0
5036,2022-10-19,2,PRODUCE,148.293,0,Pichincha,D,3,816,47.06,18.83,0
7226,2022-10-19,3,BEVERAGES,440.029,24,Guayas,A,4,1285,47.06,18.83,0
8686,2022-10-19,3,CLEANING,149.557,0,Guayas,A,4,1285,47.06,18.83,0
6496,2022-10-19,3,GROCERY I,539.472,0,Guayas,A,4,1285,47.06,18.83,0
7956,2022-10-19,3,PRODUCE,275.653,0,Guayas,A,4,1285,47.06,18.83,0
10146,2022-10-19,5,BEVERAGES,147.126,0,Azuay,B,2,548,47.06,18.83,0
11606,2022-10-19,5,CLEANING,58.13,0,Azuay,B,2,548,47.06,18.83,0
9416,2022-10-19,5,GROCERY I,234.722,0,Azuay,B,2,548,47.06,18.83,0
10876,2022-10-19,5,PRODUCE,119.67,0,Azuay,B,2,548,47.06,18.83,0
13066,2022-10-19,8,BEVERAGES,287.964,0,Guayas,C,1,1103,47.06,18.83,0
14526,2022-10-19,8,CLEANING,117.915,0,Guayas,C,1,1103,47.06,18.83,0
12336,2022-10-19,8,GROCERY I,494.221,0,Guayas,C,1,1103,47.06,18.83,0
13796,2022-10-19,8,PRODUCE,234.225,0,Guayas,C,1,1103,47.06,18.83,0
1387,2022-10-20,1,BEVERAGES,341.438,0,Pichincha,D,2,1034,47.14,15.55,0
2847,2022-10-20,1,CLEANING,135.503,0,Pichincha,D,2,1034,47.14,15.55,0
657,2022-10-20,1,GROCERY I,461.979,0,Pichincha,D,2,1034,47.14,15.55,0
2117,2022-10-20,1,PRODUCE,209.762,0,Pichincha,D,2,1034,47.14,15.55,0
4307,2022-10-20,2,BEVERAGES,242.106,0,Pichincha,D,3,857,47.14,15.55,0
5767,2022-10-20,2,CLEANING,86.037,0,Pichincha,D,3,857,47.14,15.55,0
3577,2022-10-20,2,GROCERY I,381.963,0,Pichincha,D,3,857,47.14,15.55,0
5037,2022-10-20,2,PRODUCE,206.871,0,Pichincha,D,3,857,47.14,15.55,0
7227,2022-10-20,3,BEVERAGES,430.2,0,Guayas,A,4,1413,47.14,15.55,0
8687,2022-10-20,3,CLEANING,182.84,0,Guayas,A,4,1413,47.14,15.55,0
6497,2022-10-20,3,GROCERY I,615.552,0,Guayas,A,4,1413,47.14,15.55,0
7957,2022-10-20,3,PRODUCE,365.436,20,Guayas,A,4,1413,47.14,15.55,0
10147,2022-10-20,5,BEVERAGES,194.203,0,Azuay,B,2,633,47.14,15.55,0
11607,2022-10-20,5,CLEANING,78.788,0,Azuay,B,2,633,47.14,15.55,0
9417,2022-10-20,5,GROCERY I,273.942,0,Azuay,B,2,633,47.14,15.55,0
10877,2022-10-20,5,PRODUCE,140.643,0,Azuay,B,2,633,47.14,15.55,0
13067,2022-10-20,8,BEVERAGES,348.369,0,Guayas,C,1,1064,47.14,15.55,0
14527,2022-10-20,8,CLEANING,145.775,0,Guayas,C,1,1064,47.14,15.55,0
12337,2022-10-20,8,GROCERY I,491.239,0,Guayas,C,1,1064,47.14,15.55,0
13797,2022-10-20,8,PRODUCE,231.434,0,Guayas,C,1,1064,47.14,15.55,0
1388,2022-10-21,1,BEVERAGES,428.04,14,Pichincha,D,2,1243,47.69,17.53,0
2848,2022-10-21,1,CLEANING,138.222,0,Pichincha,D,2,1243,47.69,17.53,0
658,2022-10-21,1,GROCERY I,523.777,0,Pichincha,D,2,1243,47.69,17.53,0
2118,2022-10-21,1,PRODUCE,281.46,0,Pichincha,D,2,1243,47.69,17.53,0
4308,2022-10-21,2,BEVERAGES,278.385,0,Pichincha,D,3,1007,47.69,17.53,0
5768,2022-10-21,2,CLEANING,118.055,0,Pichincha,D,3,1007,47.69,17.53,0
3578,2022-10-21,2,GROCERY I,503.101,0,Pichincha,D,3,1007,47.69,17.53,0
5038,2022-10-21,2,PRODUCE,249.653,14,Pichincha,D,3,1007,47.69,17.53,0
7228,2022-10-21,3,BEVERAGES,486.856,0,Guayas,A,4,1677,47.69,17.53,0
8688,2022-10-21,3,CLEANING,202.265,0,Guayas,A,4,1677,47.69,17.53,0
6498,2022-10-21,3,GROCERY I,865.48,0,Guayas,A,4,1677,47.69,17.53,0
7958,2022-10-21,3,PRODUCE,343.431,0,Guayas,A,4,1677,47.69,17.53,0
10148,2022-10-21,5,BEVERAGES,218.781,0,Azuay,B,2,764,47.69,17.53,0
11608,2022-10-21,5,CLEANING,94.73,0,Azuay,B,2,764,47.69,17.53,0
9418,2022-10-21,5,GROCERY I,332.466,0,Azuay,B,2,764,47.69,17.53,0
10878,2022-10-21,5,PRODUCE,145.203,0,Azuay,B,2,764,47.69,17.53,0
13068,2022-10-21,8,BEVERAGES,423.91,0,Guayas,C,1,1344,47.69,17.53,0
14528,2022-10-21,8,CLEANING,150.956,0,Guayas,C,1,1344,47.69,17.53,0
12338,2022-10-21,8,GROCERY I,582.49,0,Guayas,C,1,1344,47.69,17.53,0
13798,2022-10-21,8,PRODUCE,313.475,0,Guayas,C,1,1344,47.69,17.53,0
1389,2022-10-22,1,BEVERAGES,400.756,0,Pichincha,D,2,1482,47.54,15.77,0
2849,2022-10-22,1,CLEANING,162.804,0,Pichincha,D,2,1482,47.54,15.77,0
659,2022-10-22,1,GROCERY I,688.971,0,Pichincha,D,2,1482,47.54,15.77,0
2119,2022-10-22,1,PRODUCE,345.787,0,Pichincha,D,2,1482,47.54,15.77,0
4309,2022-10-22,2,BEVERAGES,327.539,0,Pichincha,D,3,1272,47.54,15.77,0
5769,2022-10-22,2,CLEANING,0.0,0,Pichincha,D,3,1272,47.54,15.77,0
3579,2022-10-22,2,GROCERY I,623.236,0,Pichincha,D,3,1272,47.54,15.77,0
5039,2022-10-22,2,PRODUCE,273.333,0,Pichincha,D,3,1272,47.54,15.77,0
7229,2022-10-22,3,BEVERAGES,597.027,0,Guayas,A,4,1934,47.54,15.77,0
8689,2022-10-22,3,CLEANING,239.674,0,Guayas,A,4,1934,47.54,15.77,0
6499,2022-10-22,3,GROCERY I,822.504,0,Guayas,A,4,1934,47.54,15.77,0
7959,2022-10-22,3,PRODUCE,436.128,0,Guayas,A,4,1934,47.54,15.77,0
10149,2022-10-22,5,BEVERAGES,266.666,0,Azuay,B,2,875,47.54,15.77,0
11609,2022-10-22,5,CLEANING,122.266,0,Azuay,B,2,875,47.54,15.77,0
9419,2022-10-22,5,GROCERY I,351.584,0,Azuay,B,2,875,47.54,15.77,0
10879,2022-10-22,5,PRODUCE,177.908,0,Azuay,B,2,875,47.54,15.77,0
13069,2022-10-22,8,BEVERAGES,490.045,0,Guayas,C,1,1561,47.54,15.77,0
14529,2022-10-22,8,CLEANING,210.23,0,Guayas,C,1,1561,47.54,15.77,0
12339,2022-10-22,8,GROCERY I,853.916,0,Guayas,C,1,1561,47.54,15.77,0
13799,2022-10-22,8,PRODUCE,396.803,9,Guayas,C,1,1561,47.54,15.77,0
1390,2022-10-23,1,BEVERAGES,387.728,0,Pichincha,D,2,1276,46.78,16.1,0
2850,2022-10-23,1,CLEANING,176.414,0,Pichincha,D,2,1276,46.78,16.1,0
660,2022-10-23,1,GROCERY I,610.869,0,Pichincha,D,2,1276,46.78,16.1,0
2120,2022-10-23,1,PRODUCE,293.585,0,Pichincha,D,2,1276,46.78,16.1,0
4310,2022-10-23,2,BEVERAGES,323.061,0,Pichincha,D,3,1003,46.78,16.1,0
5770,2022-10-23,2,CLEANING,133.573,0,Pichincha,D,3,1003,46.78,16.1,0
3580,2022-10-23,2,GROCERY I,429.676,0,Pichincha,D,3,1003,46.78,16.1,0
5040,2022-10-23,2,PRODUCE,291.148,16,Pichincha,D,3,1003,46.78,16.1,0
7230,2022-10-23,3,BEVERAGES,500.896,0,Guayas,A,4,1629,46.78,16.1,0
8690,2022-10-23,3,CLEANING,242.194,13,Guayas,A,4,1629,46.78,16.1,0
6500,2022-10-23,3,GROCERY I,967.077,5,Guayas,A,4,1629,46.78,16.1,0
7960,2022-10-23,3,PRODUCE,449.052,20,Guayas,A,4,1629,46.78,16.1,0
10150,2022-10-23,5,BEVERAGES,173.547,0,Azuay,B,2,725,46.78,16.1,0
11610,2022-10-23,5,CLEANING,75.917,0,Azuay,B,2,725,46.78,16.1,0
9420,2022-10-23,5,GROCERY I,284.055,0,Azuay,B,2,725,46.78,16.1,0
10880,2022-10-23,5,PRODUCE,154.899,0,Azuay,B,2,725,46.78,16.1,0
13070,2022-10-23,8,BEVERAGES,422.574,0,Guayas,C,1,1363,46.78,16.1,0
14530,2022-10-23,8,CLEANING,186.3,0,Guayas,C,1,1363,46.78,16.1,0
12340,2022-10-23,8,GROCERY I,607.774,0,Guayas,C,1,1363,46.78,16.1,0
13800,2022-10-23,8,PRODUCE,307.51,0,Guayas,C,1,1363,46.78,16.1,0
1391,2022-10-24,1,BEVERAGES,288.296,0,Pichincha,D,2,957,46.77,19.1,0
2851,2022-10-24,1,CLEANING,123.332,0,Pichincha,D,2,957,46.77,19.1,0
661,2022-10-24,1,GROCERY I,467.912,0,Pichincha,D,2,957,46.77,19.1,0
2121,2022-10-24,1,PRODUCE,183.069,0,Pichincha,D,2,957,46.77,19.1,0
4311,2022-10-24,2,BEVERAGES,337.976,19,Pichincha,D,3,915,46.77,19.1,0
5771,2022-10-24,2,CLEANING,118.398,0,Pichincha,D,3,915,46.77,19.1,0
3581,2022-10-24,2,GROCERY I,365.152,0,Pichincha,D,3,915,46.77,19.1,0
5041,2022-10-24,2,PRODUCE,168.22,0,Pichincha,D,3,915,46.77,19.1,0
7231,2022-10-24,3,BEVERAGES,398.292,0,Guayas,A,4,1259,46.77,19.1,0
8691,2022-10-24,3,CLEANING,187.37,0,Guayas,A,4,1259,46.77,19.1,0
6501,2022-10-24,3,GROCERY I,790.236,17,Guayas,A,4,1259,46.77,19.1,0
7961,2022-10-24,3,PRODUCE,293.549,0,Guayas,A,4,1259,46.77,19.1,0
10151,2022-10-24,5,BEVERAGES,213.738,20,Azuay,B,2,593,46.77,19.1,0
11611,2022-10-24,5,CLEANING,50.526,0,Azuay,B,2,593,46.77,19.1,0
9421,2022-10-24,5,GROCERY I,281.935,0,Azuay,B,2,593,46.77,19.1,0
10881,2022-10-24,5,PRODUCE,122.195,0,Azuay,B,2,593,46.77,19.1,0
13071,2022-10-24,8,BEVERAGES,346.298,0,Guayas,C,1,1058,46.77,19.1,0
14531,2022-10-24,8,CLEANING,202.615,10,Guayas,C,1,1058,46.77,19.1,0
12341,2022-10-24,8,GROCERY I,519.122,0,Guayas,C,1,1058,46.77,19.1,0
13801,2022-10-24,8,PRODUCE,215.962,0,Guayas,C,1,1058,46.77,19.1,0
1392,2022-10-25,1,BEVERAGES,394.712,2,Pichincha,D,2,953,46.37,16.26,0
2852,2022-10-25,1,CLEANING,102.56,0,Pichincha,D,2,953,46.37,16.26,0
662,2022-10-25,1,GROCERY I,427.51,0,Pichincha,D,2,953,46.37,16.26,0
2122,2022-10-25,1,PRODUCE,217.338,0,Pichincha,D,2,953,46.37,16.26,0
4312,2022-10-25,2,BEVERAGES,252.118,0,Pichincha,D,3,814,46.37,16.26,0
5772,2022-10-25,2,CLEANING,98.016,0,Pichincha,D,3,814,46.37,16.26,0
3582,2022-10-25,2,GROCERY I,472.542,4,Pichincha,D,3,814,46.37,16.26,0
5042,2022-10-25,2,PRODUCE,157.942,0,Pichincha,D,3,814,46.37,16.26,0
7232,2022-10-25,3,BEVERAGES,374.546,0,Guayas,A,4,1295,46.37,16.26,0
8692,2022-10-25,3,CLEANING,171.28,0,Guayas,A,4,1295,46.37,16.26,0
6502,2022-10-25,3,GROCERY I,597.56,0,Guayas,A,4,1295,46.37,16.26,0
7962,2022-10-25,3,PRODUCE,257.124,0,Guayas,A,4,1295,46.37,16.26,0
10152,2022-10-25,5,BEVERAGES,216.736,3,Azuay,B,2,507,46.37,16.26,0
11612,2022-10-25,5,CLEANING,72.246,0,Azuay,B,2,507,46.37,16.26,0
9422,2022-10-25,5,GROCERY I,317.249,0,Azuay,B,2,507,46.37,16.26,0
10882,2022-10-25,5,PRODUCE,153.704,9,Azuay,B,2,507,46.37,16.26,0
13072,2022-10-25,8,BEVERAGES,298.33,0,Guayas,C,1,1066,46.37,16.26,0
14532,2022-10-25,8,CLEANING,125.163,0,Guayas,C,1,1066,46.37,16.26,0
12342,2022-10-25,8,GROCERY I,519.647,0,Guayas,C,1,1066,46.37,16.26,0
13802,2022-10-25,8,PRODUCE,239.67,0,Guayas,C,1,1066,46.37,16.26,0
1393,2022-10-26,1,BEVERAGES,298.071,0,Pichincha,D,2,971,46.21,17.66,0
2853,2022-10-26,1,CLEANING,101.817,0,Pichincha,D,2,971,46.21,17.66,0
663,2022-10-26,1,GROCERY I,403.404,0,Pichincha,D,2,971,46.21,17.66,0
2123,2022-10-26,1,PRODUCE,214.645,0,Pichincha,D,2,971,46.21,17.66,0
4313,2022-10-26,2,BEVERAGES,229.822,0,Pichincha,D,3,854,46.21,17.66,0
5773,2022-10-26,2,CLEANING,82.082,0,Pichincha,D,3,854,46.21,17.66,0
3583,2022-10-26,2,GROCERY I,428.567,0,Pichincha,D,3,854,46.21,17.66,0
5043,2022-10-26,2,PRODUCE,167.324,0,Pichincha,D,3,854,46.21,17.66,0
7233,2022-10-26,3,BEVERAGES,417.19,0,Guayas,A,4,1382,46.21,17.66,0
8693,2022-10-26,3,CLEANING,153.456,0,Guayas,A,4,1382,46.21,17.66,0
6503,2022-10-26,3,GROCERY I,666.066,0,Guayas,A,4,1382,46.21,17.66,0
7963,2022-10-26,3,PRODUCE,240.331,0,Guayas,A,4,1382,46.21,17.66,0
10153,2022-10-26,5,BEVERAGES,165.558,0,Azuay,B,2,561,46.21,17.66,0
11613,2022-10-26,5,CLEANING,65.773,0,Azuay,B,2,561,46.21,17.66,0
9423,2022-10-26,5,GROCERY I,267.301,0,Azuay,B,2,561,46.21,17.66,0
10883,2022-10-26,5,PRODUCE,137.976,0,Azuay,B,2,561,46.21,17.66,0
13073,2022-10-26,8,BEVERAGES,346.806,0,Guayas,C,1,968,46.21,17.66,0
14533,2022-10-26,8,CLEANING,130.899,0,Guayas,C,1,968,46.21,17.66,0
12343,2022-10-26,8,GROCERY I,554.136,0,Guayas,C,1,968,46.21,17.66,0
13803,2022-10-26,8,PRODUCE,222.736,0,Guayas,C,1,968,46.21,17.66,0
1394,2022-10-27,1,BEVERAGES,315.131,0,Pichincha,D,2,1035,46.18,14.39,0
2854,2022-10-27,1,CLEANING,142.395,16,Pichincha,D,2,1035,46.18,14.39,0
664,2022-10-27,1,GROCERY I,507.786,0,Pichincha,D,2,1035,46.18,14.39,0
2124,2022-10-27,1,PRODUCE,186.55,0,Pichincha,D,2,1035,46.18,14.39,0
4314,2022-10-27,2,BEVERAGES,276.331,0,Pichincha,D,3,905,46.18,14.39,0
5774,2022-10-27,2,CLEANING,97.455,0,Pichincha,D,3,905,46.18,14.39,0
3584,2022-10-27,2,GROCERY I,454.966,0,Pichincha,D,3,905,46.18,14.39,0
5044,2022-10-27,2,PRODUCE,233.303,16,Pichincha,D,3,905,46.18,14.39,0
7234,2022-10-27,3,BEVERAGES,400.461,0,Guayas,A,4,1327,46.18,14.39,0
8694,2022-10-27,3,CLEANING,187.275,20,Guayas,A,4,1327,46.18,14.39,0
6504,2022-10-27,3,GROCERY I,734.453,0,Guayas,A,4,1327,46.18,14.39,0
7964,2022-10-27,3,PRODUCE,294.748,0,Guayas,A,4,1327,46.18,14.39,0
10154,2022-10-27,5,BEVERAGES,169.371,0,Azuay,B,2,566,46.18,14.39,0
11614,2022-10-27,5,CLEANING,64.806,0,Azuay,B,2,566,46.18,14.39,0
9424,2022-10-27,5,GROCERY I,290.713,0,Azuay,B,2,566,46.18,14.39,0
10884,2022-10-27,5,PRODUCE,131.516,0,Azuay,B,2,566,46.18,14.39,0
13074,2022-10-27,8,BEVERAGES,399.342,0,Guayas,C,1,1137,46.18,14.39,0
14534,2022-10-27,8,CLEANING,132.539,0,Guayas,C,1,1137,46.18,14.39,0
12344,2022-10-27,8,GROCERY I,591.005,2,Guayas,C,1,1137,46.18,14.39,0
13804,2022-10-27,8,PRODUCE,347.906,11,Guayas,C,1,1137,46.18,14.39,0
1395,2022-10-28,1,BEVERAGES,386.574,0,Pichincha,D,2,1310,45.41,19.61,0
2855,2022-10-28,1,CLEANING,133.228,0,Pichincha,D,2,1310,45.41,19.61,0
665,2022-10-28,1,GROCERY I,554.31,0,Pichincha,D,2,1310,45.41,19.61,0
2125,2022-10-28,1,PRODUCE,206.563,0,Pichincha,D,2,1310,45.41,19.61,0
4315,2022-10-28,2,BEVERAGES,301.787,0,Pichincha,D,3,997,45.41,19.61,0
5775,2022-10-28,2,CLEANING,125.624,0,Pichincha,D,3,997,45.41,19.61,0
3585,2022-10-28,2,GROCERY I,513.245,9,Pichincha,D,3,997,45.41,19.61,0
5045,2022-10-28,2,PRODUCE,230.889,14,Pichincha,D,3,997,45.41,19.61,0
7235,2022-10-28,3,BEVERAGES,498.309,0,Guayas,A,4,1622,45.41,19.61,0
8695,2022-10-28,3,CLEANING,167.79,0,Guayas,A,4,1622,45.41,19.61,0
6505,2022-10-28,3,GROCERY I,949.857,18,Guayas,A,4,1622,45.41,19.61,0
7965,2022-10-28,3,PRODUCE,310.474,0,Guayas,A,4,1622,45.41,19.61,0
10155,2022-10-28,5,BEVERAGES,179.851,0,Azuay,B,2,724,45.41,19.61,0
11615,2022-10-28,5,CLEANING,86.794,0,Azuay,B,2,724,45.41,19.61,0
9425,2022-10-28,5,GROCERY I,292.144,0,Azuay,B,2,724,45.41,19.61,0
10885,2022-10-28,5,PRODUCE,186.491,19,Azuay,B,2,724,45.41,19.61,0
13075,2022-10-28,8,BEVERAGES,354.124,0,Guayas,C,1,1333,45.41,19.61,0
14535,2022-10-28,8,CLEANING,146.896,0,Guayas,C,1,1333,45.41,19.61,0
12345,2022-10-28,8,GROCERY I,529.949,0,Guayas,C,1,1333,45.41,19.61,0
13805,2022-10-28,8,PRODUCE,274.731,0,Guayas,C,1,1333,45.41,19.61,0
1396,2022-10-29,1,BEVERAGES,477.096,0,Pichincha,D,2,1436,44.68,17.85,0
2856,2022-10-29,1,CLEANING,148.613,0,Pichincha,D,2,1436,44.68,17.85,0
666,2022-10-29,1,GROCERY I,886.147,3,Pichincha,D,2,1436,44.68,17.85,0
2126,2022-10-29,1,PRODUCE,337.062,0,Pichincha,D,2,1436,44.68,17.85,0
4316,2022-10-29,2,BEVERAGES,354.195,0,Pichincha,D,3,1199,44.68,17.85,0
5776,2022-10-29,2,CLEANING,183.399,24,Pichincha,D,3,1199,44.68,17.85,0
3586,2022-10-29,2,GROCERY I,613.614,0,Pichincha,D,3,1199,44.68,17.85,0
5046,2022-10-29,2,PRODUCE,224.967,0,Pichincha,D,3,1199,44.68,17.85,0
7236,2022-10-29,3,BEVERAGES,516.678,0,Guayas,A,4,1954,44.68,17.85,0
8696,2022-10-29,3,CLEANING,270.675,0,Guayas,A,4,1954,44.68,17.85,0
6506,2022-10-29,3,GROCERY I,1020.034,0,Guayas,A,4,1954,44.68,17.85,0
7966,2022-10-29,3,PRODUCE,388.285,0,Guayas,A,4,1954,44.68,17.85,0
10156,2022-10-29,5,BEVERAGES,264.572,12,Azuay,B,2,818,44.68,17.85,0
11616,2022-10-29,5,CLEANING,100.198,0,Azuay,B,2,818,44.68,17.85,0
9426,2022-10-29,5,GROCERY I,436.548,0,Azuay,B,2,818,44.68,17.85,0
10886,2022-10-29,5,PRODUCE,172.906,0,Azuay,B,2,818,44.68,17.85,0
13076,2022-10-29,8,BEVERAGES,464.783,0,Guayas,C,1,1561,44.68,17.85,0
14536,2022-10-29,8,CLEANING,191.926,0,Guayas,C,1,1561,44.68,17.85,0
12346,2022-10-29,8,GROCERY I,663.347,0,Guayas,C,1,1561,44.68,17.85,0
13806,2022-10-29,8,PRODUCE,366.043,0,Guayas,C,1,1561,44.68,17.85,0
1397,2022-10-30,1,BEVERAGES,498.425,15,Pichincha,D,2,1295,44.9,16.75,0
2857,2022-10-30,1,CLEANING,144.202,0,Pichincha,D,2,1295,44.9,16.75,0
667,2022-10-30,1,GROCERY I,632.931,0,Pichincha,D,2,1295,44.9,16.75,0
2127,2022-10-30,1,PRODUCE,325.063,16,Pichincha,D,2,1295,44.9,16.75,0
4317,2022-10-30,2,BEVERAGES,309.434,0,Pichincha,D,3,1038,44.9,16.75,0
5777,2022-10-30,2,CLEANING,183.156,18,Pichincha,D,3,1038,44.9,16.75,0
3587,2022-10-30,2,GROCERY I,486.165,0,Pichincha,D,3,1038,44.9,16.75,0
5047,2022-10-30,2,PRODUCE,251.264,0,Pichincha,D,3,1038,44.9,16.75,0
7237,2022-10-30,3,BEVERAGES,547.395,0,Guayas,A,4,1809,44.9,16.75,0
8697,2022-10-30,3,CLEANING,233.379,0,Guayas,A,4,1809,44.9,16.75,0
6507,2022-10-30,3,GROCERY I,890.547,17,Guayas,A,4,1809,44.9,16.75,0
7967,2022-10-30,3,PRODUCE,403.24,0,Guayas,A,4,1809,44.9,16.75,0
10157,2022-10-30,5,BEVERAGES,221.807,0,Azuay,B,2,769,44.9,16.75,0
11617,2022-10-30,5,CLEANING,99.069,9,Azuay,B,2,769,44.9,16.75,0
9427,2022-10-30,5,GROCERY I,327.252,0,Azuay,B,2,769,44.9,16.75,0
10887,2022-10-30,5,PRODUCE,153.748,0,Azuay,B,2,769,44.9,16.75,0
13077,2022-10-30,8,BEVERAGES,365.632,0,Guayas,C,1,1412,44.9,16.75,0
14537,2022-10-30,8,CLEANING,163.011,0,Guayas,C,1,1412,44.9,16.75,0
12347,2022-10-30,8,GROCERY I,689.652,0,Guayas,C,1,1412,44.9,16.75,0
13807,2022-10-30,8,PRODUCE,279.749,0,Guayas,C,1,1412,44.9,16.75,0
1398,2022-10-31,1,BEVERAGES,408.023,11,Pichincha,D,2,1043,44.66,17.81,0
2858,2022-10-31,1,CLEANING,114.076,0,Pichincha,D,2,1043,44.66,17.81,0
668,2022-10-31,1,GROCERY I,400.431,0,Pichincha,D,2,1043,44.66,17.81,0
2128,2022-10-31,1,PRODUCE,186.118,0,Pichincha,D,2,1043,44.66,17.81,0
4318,2022-10-31,2,BEVERAGES,238.341,0,Pichincha,D,3,835,44.66,17.81,0
5778,2022-10-31,2,CLEANING,110.576,0,Pichincha,D,3,835,44.66,17.81,0
3588,2022-10-31,2,GROCERY I,411.132,0,Pichincha,D,3,835,44.66,17.81,0
5048,2022-10-31,2,PRODUCE,160.853,0,Pichincha,D,3,835,44.66,17.81,0
7238,2022-10-31,3,BEVERAGES,379.631,0,Guayas,A,4,1445,44.66,17.81,0
8698,2022-10-31,3,CLEANING,183.428,0,Guayas,A,4,1445,44.66,17.81,0
6508,2022-10-31,3,GROCERY I,610.195,0,Guayas,A,4,1445,44.66,17.81,0
7968,2022-10-31,3,PRODUCE,323.475,0,Guayas,A,4,1445,44.66,17.81,0
10158,2022-10-31,5,BEVERAGES,166.409,0,Azuay,B,2,648,44.66,17.81,0
11618,2022-10-31,5,CLEANING,70.76,0,Azuay,B,2,648,44.66,17.81,0
9428,2022-10-31,5,GROCERY I,354.772,17,Azuay,B,2,648,44.66,17.81,0
10888,2022-10-31,5,PRODUCE,119.329,0,Azuay,B,2,648,44.66,17.81,0
13078,2022-10-31,8,BEVERAGES,296.537,0,Guayas,C,1,1040,44.66,17.81,0
14538,2022-10-31,8,CLEANING,121.672,0,Guayas,C,1,1040,44.66,17.81,0
12348,2022-10-31,8,GROCERY I,592.978,0,Guayas,C,1,1040,44.66,17.81,0
13808,2022-10-31,8,PRODUCE,224.093,0,Guayas,C,1,1040,44.66,17.81,0
1399,2022-11-01,1,BEVERAGES,302.77,0,Pichincha,D,2,956,43.51,15.03,0
2859,2022-11-01,1,CLEANING,115.361,0,Pichincha,D,2,956,43.51,15.03,0
669,2022-11-01,1,GROCERY I,387.086,0,Pichincha,D,2,956,43.51,15.03,0
2129,2022-11-01,1,PRODUCE,243.869,21,Pichincha,D,2,956,43.51,15.03,0
4319,2022-11-01,2,BEVERAGES,248.688,0,Pichincha,D,3,841,43.51,15.03,0
5779,2022-11-01,2,CLEANING,106.763,0,Pichincha,D,3,841,43.51,15.03,0
3589,2022-11-01,2,GROCERY I,389.557,0,Pichincha,D,3,841,43.51,15.03,0
5049,2022-11-01,2,PRODUCE,172.032,0,Pichincha,D,3,841,43.51,15.03,0
7239,2022-11-01,3,BEVERAGES,355.159,0,Guayas,A,4,1304,43.51,15.03,0
8699,2022-11-01,3,CLEANING,160.503,0,Guayas,A,4,1304,43.51,15.03,0
6509,2022-11-01,3,GROCERY I,728.802,0,Guayas,A,4,1304,43.51,15.03,0
7969,2022-11-01,3,PRODUCE,302.834,0,Guayas,A,4,1304,43.51,15.03,0
10159,2022-11-01,5,BEVERAGES,160.863,0,Azuay,B,2,625,43.51,15.03,0
11619,2022-11-01,5,CLEANING,72.522,0,Azuay,B,2,625,43.51,15.03,0
9429,2022-11-01,5,GROCERY I,268.708,0,Azuay,B,2,625,43.51,15.03,0
10889,2022-11-01,5,PRODUCE,137.771,11,Azuay,B,2,625,43.51,15.03,0
13079,2022-11-01,8,BEVERAGES,325.434,0,Guayas,C,1,1045,43.51,15.03,0
14539,2022-11-01,8,CLEANING,134.623,0,Guayas,C,1,1045,43.51,15.03,0
12349,2022-11-01,8,GROCERY I,634.701,7,Guayas,C,1,1045,43.51,15.03,0
13809,2022-11-01,8,PRODUCE,222.228,0,Guayas,C,1,1045,43.51,15.03,0
1400,2022-11-02,1,BEVERAGES,382.283,0,Pichincha,D,2,1079,43.86,18.66,1
2860,2022-11-02,1,CLEANING,181.992,0,Pichincha,D,2,1079,43.86,18.66,1
670,2022-11-02,1,GROCERY I,543.472,0,Pichincha,D,2,1079,43.86,18.66,1
2130,2022-11-02,1,PRODUCE,276.021,0,Pichincha,D,2,1079,43.86,18.66,1
4320,2022-11-02,2,BEVERAGES,380.75,14,Pichincha,D,3,801,43.86,18.66,1
5780,2022-11-02,2,CLEANING,126.726,0,Pichincha,D,3,801,43.86,18.66,1
3590,2022-11-02,2,GROCERY I,422.949,0,Pichincha,D,3,801,43.86,18.66,1
5050,2022-11-02,2,PRODUCE,261.999,2,Pichincha,D,3,801,43.86,18.66,1
7240,2022-11-02,3,BEVERAGES,455.616,0,Guayas,A,4,1355,43.86,18.66,1
8700,2022-11-02,3,CLEANING,228.326,0,Guayas,A,4,1355,43.86,18.66,1
6510,2022-11-02,3,GROCERY I,923.48,0,Guayas,A,4,1355,43.86,18.66,1
7970,2022-11-02,3,PRODUCE,391.306,0,Guayas,A,4,1355,43.86,18.66,1
10160,2022-11-02,5,BEVERAGES,245.591,0,Azuay,B,2,528,43.86,18.66,1
11620,2022-11-02,5,CLEANING,91.957,0,Azuay,B,2,528,43.86,18.66,1
9430,2022-11-02,5,GROCERY I,353.277,0,Azuay,B,2,528,43.86,18.66,1
10890,2022-11-02,5,PRODUCE,189.059,19,Azuay,B,2,528,43.86,18.66,1
13080,2022-11-02,8,BEVERAGES,426.797,3,Guayas,C,1,1015,43.86,18.66,1
14540,2022-11-02,8,CLEANING,156.255,0,Guayas,C,1,1015,43.86,18.66,1
12350,2022-11-02,8,GROCERY I,732.791,5,Guayas,C,1,1015,43.86,18.66,1
13810,2022-11-02,8,PRODUCE,301.924,0,Guayas,C,1,1015,43.86,18.66,1
1401,2022-11-03,1,BEVERAGES,446.015,0,Pichincha,D,2,1011,43.99,16.55,1
2861,2022-11-03,1,CLEANING,164.231,0,Pichincha,D,2,1011,43.99,16.55,1
671,2022-11-03,1,GROCERY I,562.247,0,Pichincha,D,2,1011,43.99,16.55,1
2131,2022-11-03,1,PRODUCE,282.644,0,Pichincha,D,2,1011,43.99,16.55,1
4321,2022-11-03,2,BEVERAGES,306.872,0,Pichincha,D,3,901,43.99,16.55,1
5781,2022-11-03,2,CLEANING,151.34,0,Pichincha,D,3,901,43.99,16.55,1
3591,2022-11-03,2,GROCERY I,533.661,0,Pichincha,D,3,901,43.99,16.55,1
5051,2022-11-03,2,PRODUCE,229.747,0,Pichincha,D,3,901,43.99,16.55,1
7241,2022-11-03,3,BEVERAGES,481.602,0,Guayas,A,4,1427,43.99,16.55,1
8701,2022-11-03,3,CLEANING,247.795,0,Guayas,A,4,1427,43.99,16.55,1
6511,2022-11-03,3,GROCERY I,741.258,0,Guayas,A,4,1427,43.99,16.55,1
7971,2022-11-03,3,PRODUCE,385.929,0,Guayas,A,4,1427,43.99,16.55,1
10161,2022-11-03,5,BEVERAGES,204.023,0,Azuay,B,2,587,43.99,16.55,1
11621,2022-11-03,5,CLEANING,98.046,0,Azuay,B,2,587,43.99,16.55,1
9431,2022-11-03,5,GROCERY I,375.182,0,Azuay,B,2,587,43.99,16.55,1
10891,2022-11-03,5,PRODUCE,172.422,0,Azuay,B,2,587,43.99,16.55,1
13081,2022-11-03,8,BEVERAGES,408.574,0,Guayas,C,1,1223,43.99,16.55,1
14541,2022-11-03,8,CLEANING,193.651,0,Guayas,C,1,1223,43.99,16.55,1
12351,2022-11-03,8,GROCERY I,753.102,0,Guayas,C,1,1223,43.99,16.55,1
13811,2022-11-03,8,PRODUCE,290.884,0,Guayas,C,1,1223,43.99,16.55,1
1402,2022-11-04,1,BEVERAGES,361.082,0,Pichincha,D,2,1227,43.66,16.72,0
2862,2022-11-04,1,CLEANING,183.449,3,Pichincha,D,2,1227,43.66,16.72,0
672,2022-11-04,1,GROCERY I,602.023,0,Pichincha,D,2,1227,43.66,16.72,0
2132,2022-11-04,1,PRODUCE,222.277,0,Pichincha,D,2,1227,43.66,16.72,0
4322,2022-11-04,2,BEVERAGES,277.121,0,Pichincha,D,3,924,43.66,16.72,0
5782,2022-11-04,2,CLEANING,114.873,0,Pichincha,D,3,924,43.66,16.72,0
3592,2022-11-04,2,GROCERY I,503.104,0,Pichincha,D,3,924,43.66,16.72,0
5052,2022-11-04,2,PRODUCE,238.672,0,Pichincha,D,3,924,43.66,16.72,0
7242,2022-11-04,3,BEVERAGES,469.477,0,Guayas,A,4,1579,43.66,16.72,0
8702,2022-11-04,3,CLEANING,204.502,0,Guayas,A,4,1579,43.66,16.72,0
6512,2022-11-04,3,GROCERY I,758.985,0,Guayas,A,4,1579,43.66,16.72,0
7972,2022-11-04,3,PRODUCE,380.096,0,Guayas,A,4,1579,43.66,16.72,0
10162,2022-11-04,5,BEVERAGES,202.203,0,Azuay,B,2,766,43.66,16.72,0
11622,2022-11-04,5,CLEANING,91.01,0,Azuay,B,2,766,43.66,16.72,0
9432,2022-11-04,5,GROCERY I,339.47,0,Azuay,B,2,766,43.66,16.72,0
10892,2022-11-04,5,PRODUCE,148.954,0,Azuay,B,2,766,43.66,16.72,0
13082,2022-11-04,8,BEVERAGES,436.468,0,Guayas,C,1,1372,43.66,16.72,0
14542,2022-11-04,8,CLEANING,180.059,0,Guayas,C,1,1372,43.66,16.72,0
12352,2022-11-04,8,GROCERY I,591.226,0,Guayas,C,1,1372,43.66,16.72,0
13812,2022-11-04,8,PRODUCE,268.389,0,Guayas,C,1,1372,43.66,16.72,0
1403,2022-11-05,1,BEVERAGES,441.344,0,Pichincha,D,2,1426,43.07,16.33,0
2863,2022-11-05,1,CLEANING,192.985,0,Pichincha,D,2,1426,43.07,16.33,0
673,2022-11-05,1,GROCERY I,702.875,0,Pichincha,D,2,1426,43.07,16.33,0
2133,2022-11-05,1,PRODUCE,365.271,0,Pichincha,D,2,1426,43.07,16.33,0
4323,2022-11-05,2,BEVERAGES,370.04,0,Pichincha,D,3,1225,43.07,16.33,0
5783,2022-11-05,2,CLEANING,200.301,15,Pichincha,D,3,1225,43.07,16.33,0
3593,2022-11-05,2,GROCERY I,556.602,0,Pichincha,D,3,1225,43.07,16.33,0
5053,2022-11-05,2,PRODUCE,253.614,0,Pichincha,D,3,1225,43.07,16.33,0
7243,2022-11-05,3,BEVERAGES,821.235,6,Guayas,A,4,2005,43.07,16.33,0
8703,2022-11-05,3,CLEANING,240.72,0,Guayas,A,4,2005,43.07,16.33,0
6513,2022-11-05,3,GROCERY I,929.662,0,Guayas,A,4,2005,43.07,16.33,0
7973,2022-11-05,3,PRODUCE,434.412,0,Guayas,A,4,2005,43.07,16.33,0
10163,2022-11-05,5,BEVERAGES,290.703,0,Azuay,B,2,909,43.07,16.33,0
11623,2022-11-05,5,CLEANING,89.677,0,Azuay,B,2,909,43.07,16.33,0
9433,2022-11-05,5,GROCERY I,400.532,0,Azuay,B,2,909,43.07,16.33,0
10893,2022-11-05,5,PRODUCE,174.492,0,Azuay,B,2,909,43.07,16.33,0
13083,2022-11-05,8,BEVERAGES,491.542,0,Guayas,C,1,1619,43.07,16.33,0
14543,2022-11-05,8,CLEANING,186.341,0,Guayas,C,1,1619,43.07,16.33,0
12353,2022-11-05,8,GROCERY I,690.246,0,Guayas,C,1,1619,43.07,16.33,0
13813,2022-11-05,8,PRODUCE,344.707,0,Guayas,C,1,1619,43.07,16.33,0
1404,2022-11-06,1,BEVERAGES,444.968,0,Pichincha,D,2,1262,43.45,16.21,0
2864,2022-11-06,1,CLEANING,158.115,0,Pichincha,D,2,1262,43.45,16.21,0
674,2022-11-06,1,GROCERY I,655.566,0,Pichincha,D,2,1262,43.45,16.21,0
2134,2022-11-06,1,PRODUCE,298.131,0,Pichincha,D,2,1262,43.45,16.21,0
4324,2022-11-06,2,BEVERAGES,399.523,3,Pichincha,D,3,1139,43.45,16.21,0
5784,2022-11-06,2,CLEANING,128.867,0,Pichincha,D,3,1139,43.45,16.21,0
3594,2022-11-06,2,GROCERY I,477.404,0,Pichincha,D,3,1139,43.45,16.21,0
5054,2022-11-06,2,PRODUCE,264.233,6,Pichincha,D,3,1139,43.45,16.21,0
7244,2022-11-06,3,BEVERAGES,489.266,0,Guayas,A,4,1679,43.45,16.21,0
8704,2022-11-06,3,CLEANING,198.65,0,Guayas,A,4,1679,43.45,16.21,0
6514,2022-11-06,3,GROCERY I,834.277,0,Guayas,A,4,1679,43.45,16.21,0
7974,2022-11-06,3,PRODUCE,433.16,0,Guayas,A,4,1679,43.45,16.21,0
10164,2022-11-06,5,BEVERAGES,214.652,0,Azuay,B,2,739,43.45,16.21,0
11624,2022-11-06,5,CLEANING,112.471,24,Azuay,B,2,739,43.45,16.21,0
9434,2022-11-06,5,GROCERY I,371.802,0,Azuay,B,2,739,43.45,16.21,0
10894,2022-11-06,5,PRODUCE,193.387,17,Azuay,B,2,739,43.45,16.21,0
13084,2022-11-06,8,BEVERAGES,550.286,11,Guayas,C,1,1363,43.45,16.21,0
14544,2022-11-06,8,CLEANING,199.192,0,Guayas,C,1,1363,43.45,16.21,0
12354,2022-11-06,8,GROCERY I,633.768,0,Guayas,C,1,1363,43.45,16.21,0
13814,2022-11-06,8,PRODUCE,310.152,0,Guayas,C,1,1363,43.45,16.21,0
1405,2022-11-07,1,BEVERAGES,342.253,0,Pichincha,D,2,1008,43.61,18.0,0
2865,2022-11-07,1,CLEANING,129.754,0,Pichincha,D,2,1008,43.61,18.0,0
675,2022-11-07,1,GROCERY I,478.938,0,Pichincha,D,2,1008,43.61,18.0,0
2135,2022-11-07,1,PRODUCE,205.553,0,Pichincha,D,2,1008,43.61,18.0,0
4325,2022-11-07,2,BEVERAGES,289.796,4,Pichincha,D,3,839,43.61,18.0,0
5785,2022-11-07,2,CLEANING,89.143,0,Pichincha,D,3,839,43.61,18.0,0
3595,2022-11-07,2,GROCERY I,324.932,0,Pichincha,D,3,839,43.61,18.0,0
5055,2022-11-07,2,PRODUCE,206.488,15,Pichincha,D,3,839,43.61,18.0,0
7245,2022-11-07,3,BEVERAGES,322.537,0,Guayas,A,4,1338,43.61,18.0,0
8705,2022-11-07,3,CLEANING,175.299,0,Guayas,A,4,1338,43.61,18.0,0
6515,2022-11-07,3,GROCERY I,694.826,0,Guayas,A,4,1338,43.61,18.0,0
7975,2022-11-07,3,PRODUCE,262.095,0,Guayas,A,4,1338,43.61,18.0,0
10165,2022-11-07,5,BEVERAGES,172.225,0,Azuay,B,2,576,43.61,18.0,0
11625,2022-11-07,5,CLEANING,73.346,0,Azuay,B,2,576,43.61,18.0,0
9435,2022-11-07,5,GROCERY I,302.276,15,Azuay,B,2,576,43.61,18.0,0
10895,2022-11-07,5,PRODUCE,111.003,0,Azuay,B,2,576,43.61,18.0,0
13085,2022-11-07,8,BEVERAGES,288.97,0,Guayas,C,1,1084,43.61,18.0,0
14545,2022-11-07,8,CLEANING,173.362,12,Guayas,C,1,1084,43.61,18.0,0
12355,2022-11-07,8,GROCERY I,479.907,0,Guayas,C,1,1084,43.61,18.0,0
13815,2022-11-07,8,PRODUCE,231.338,0,Guayas,C,1,1084,43.61,18.0,0
1406,2022-11-08,1,BEVERAGES,286.535,0,Pichincha,D,2,992,44.68,17.4,0
2866,2022-11-08,1,CLEANING,123.285,0,Pichincha,D,2,992,44.68,17.4,0
676,2022-11-08,1,GROCERY I,452.331,0,Pichincha,D,2,992,44.68,17.4,0
2136,2022-11-08,1,PRODUCE,198.093,0,Pichincha,D,2,992,44.68,17.4,0
4326,2022-11-08,2,BEVERAGES,257.138,13,Pichincha,D,3,773,44.68,17.4,0
5786,2022-11-08,2,CLEANING,103.668,0,Pichincha,D,3,773,44.68,17.4,0
3596,2022-11-08,2,GROCERY I,385.729,0,Pichincha,D,3,773,44.68,17.4,0
5056,2022-11-08,2,PRODUCE,158.999,0,Pichincha,D,3,773,44.68,17.4,0
7246,2022-11-08,3,BEVERAGES,399.238,0,Guayas,A,4,1339,44.68,17.4,0
8706,2022-11-08,3,CLEANING,170.249,0,Guayas,A,4,1339,44.68,17.4,0
6516,2022-11-08,3,GROCERY I,697.554,0,Guayas,A,4,1339,44.68,17.4,0
7976,2022-11-08,3,PRODUCE,290.913,0,Guayas,A,4,1339,44.68,17.4,0
10166,2022-11-08,5,BEVERAGES,161.786,0,Azuay,B,2,576,44.68,17.4,0
11626,2022-11-08,5,CLEANING,66.587,0,Azuay,B,2,576,44.68,17.4,0
9436,2022-11-08,5,GROCERY I,249.047,0,Azuay,B,2,576,44.68,17.4,0
10896,2022-11-08,5,PRODUCE,125.088,0,Azuay,B,2,576,44.68,17.4,0
13086,2022-11-08,8,BEVERAGES,315.915,0,Guayas,C,1,1038,44.68,17.4,0
14546,2022-11-08,8,CLEANING,130.814,0,Guayas,C,1,1038,44.68,17.4,0
12356,2022-11-08,8,GROCERY I,455.483,0,Guayas,C,1,1038,44.68,17.4,0
13816,2022-11-08,8,PRODUCE,219.241,0,Guayas,C,1,1038,44.68,17.4,0
1407,2022-11-09,1,BEVERAGES,281.066,0,Pichincha,D,2,990,44.87,17.96,0
2867,2022-11-09,1,CLEANING,124.238,0,Pichincha,D,2,990,44.87,17.96,0
677,2022-11-09,1,GROCERY I,613.307,2,Pichincha,D,2,990,44.87,17.96,0
2137,2022-11-09,1,PRODUCE,261.913,13,Pichincha,D,2,990,44.87,17.96,0
4327,2022-11-09,2,BEVERAGES,266.819,0,Pichincha,D,3,800,44.87,17.96,0
5787,2022-11-09,2,CLEANING,113.218,0,Pichincha,D,3,800,44.87,17.96,0
3597,2022-11-09,2,GROCERY I,378.308,0,Pichincha,D,3,800,44.87,17.96,0
5057,2022-11-09,2,PRODUCE,159.93,0,Pichincha,D,3,800,44.87,17.96,0
7247,2022-11-09,3,BEVERAGES,355.381,0,Guayas,A,4,1321,44.87,17.96,0
8707,2022-11-09,3,CLEANING,159.581,0,Guayas,A,4,1321,44.87,17.96,0
6517,2022-11-09,3,GROCERY I,613.659,0,Guayas,A,4,1321,44.87,17.96,0
7977,2022-11-09,3,PRODUCE,248.42,0,Guayas,A,4,1321,44.87,17.96,0
10167,2022-11-09,5,BEVERAGES,178.646,0,Azuay,B,2,503,44.87,17.96,0
11627,2022-11-09,5,CLEANING,79.524,7,Azuay,B,2,503,44.87,17.96,0
9437,2022-11-09,5,GROCERY I,359.239,18,Azuay,B,2,503,44.87,17.96,0
10897,2022-11-09,5,PRODUCE,114.776,0,Azuay,B,2,503,44.87,17.96,0
13087,2022-11-09,8,BEVERAGES,375.367,0,Guayas,C,1,1084,44.87,17.96,0
14547,2022-11-09,8,CLEANING,113.022,0,Guayas,C,1,1084,44.87,17.96,0
12357,2022-11-09,8,GROCERY I,551.478,0,Guayas,C,1,1084,44.87,17.96,0
13817,2022-11-09,8,PRODUCE,200.517,0,Guayas,C,1,1084,44.87,17.96,0
1408,2022-11-10,1,BEVERAGES,351.822,0,Pichincha,D,2,1087,45.04,17.05,0
2868,2022-11-10,1,CLEANING,162.83,0,Pichincha,D,2,1087,45.04,17.05,0
678,2022-11-10,1,GROCERY I,501.718,0,Pichincha,D,2,1087,45.04,17.05,0
2138,2022-11-10,1,PRODUCE,198.197,0,Pichincha,D,2,1087,45.04,17.05,0
4328,2022-11-10,2,BEVERAGES,278.215,0,Pichincha,D,3,739,45.04,17.05,0
5788,2022-11-10,2,CLEANING,102.793,0,Pichincha,D,3,739,45.04,17.05,0
3598,2022-11-10,2,GROCERY I,361.262,0,Pichincha,D,3,739,45.04,17.05,0
5058,2022-11-10,2,PRODUCE,172.448,0,Pichincha,D,3,739,45.04,17.05,0
7248,2022-11-10,3,BEVERAGES,449.792,0,Guayas,A,4,1440,45.04,17.05,0
8708,2022-11-10,3,CLEANING,171.169,0,Guayas,A,4,1440,45.04,17.05,0
6518,2022-11-10,3,GROCERY I,714.391,0,Guayas,A,4,1440,45.04,17.05,0
7978,2022-11-10,3,PRODUCE,315.555,0,Guayas,A,4,1440,45.04,17.05,0
10168,2022-11-10,5,BEVERAGES,145.251,0,Azuay,B,2,642,45.04,17.05,0
11628,2022-11-10,5,CLEANING,69.715,0,Azuay,B,2,642,45.04,17.05,0
9438,2022-11-10,5,GROCERY I,280.236,0,Azuay,B,2,642,45.04,17.05,0
10898,2022-11-10,5,PRODUCE,113.327,0,Azuay,B,2,642,45.04,17.05,0
13088,2022-11-10,8,BEVERAGES,320.153,0,Guayas,C,1,1151,45.04,17.05,0
14548,2022-11-10,8,CLEANING,147.315,5,Guayas,C,1,1151,45.04,17.05,0
12358,2022-11-10,8,GROCERY I,502.654,0,Guayas,C,1,1151,45.04,17.05,0
13818,2022-11-10,8,PRODUCE,252.478,0,Guayas,C,1,1151,45.04,17.05,0
1409,2022-11-11,1,BEVERAGES,392.373,0,Pichincha,D,2,1210,44.97,17.79,0
2869,2022-11-11,1,CLEANING,166.073,0,Pichincha,D,2,1210,44.97,17.79,0
679,2022-11-11,1,GROCERY I,570.193,0,Pichincha,D,2,1210,44.97,17.79,0
2139,2022-11-11,1,PRODUCE,267.29,0,Pichincha,D,2,1210,44.97,17.79,0
4329,2022-11-11,2,BEVERAGES,245.968,0,Pichincha,D,3,987,44.97,17.79,0
5789,2022-11-11,2,CLEANING,143.284,0,Pichincha,D,3,987,44.97,17.79,0
3599,2022-11-11,2,GROCERY I,450.211,0,Pichincha,D,3,987,44.97,17.79,0
5059,2022-11-11,2,PRODUCE,244.402,0,Pichincha,D,3,987,44.97,17.79,0
7249,2022-11-11,3,BEVERAGES,474.668,0,Guayas,A,4,1698,44.97,17.79,0
8709,2022-11-11,3,CLEANING,202.849,0,Guayas,A,4,1698,44.97,17.79,0
6519,2022-11-11,3,GROCERY I,808.485,0,Guayas,A,4,1698,44.97,17.79,0
7979,2022-11-11,3,PRODUCE,295.958,0,Guayas,A,4,1698,44.97,17.79,0
10169,2022-11-11,5,BEVERAGES,205.971,0,Azuay,B,2,777,44.97,17.79,0
11629,2022-11-11,5,CLEANING,85.662,0,Azuay,B,2,777,44.97,17.79,0
9439,2022-11-11,5,GROCERY I,315.339,0,Azuay,B,2,777,44.97,17.79,0
10899,2022-11-11,5,PRODUCE,155.086,0,Azuay,B,2,777,44.97,17.79,0
13089,2022-11-11,8,BEVERAGES,383.192,0,Guayas,C,1,1346,44.97,17.79,0
14549,2022-11-11,8,CLEANING,191.865,0,Guayas,C,1,1346,44.97,17.79,0
12359,2022-11-11,8,GROCERY I,531.932,0,Guayas,C,1,1346,44.97,17.79,0
13819,2022-11-11,8,PRODUCE,306.012,0,Guayas,C,1,1346,44.97,17.79,0
1410,2022-11-12,1,BEVERAGES,456.742,0,Pichincha,D,2,1449,45.33,16.5,0
2870,2022-11-12,1,CLEANING,168.115,0,Pichincha,D,2,1449,45.33,16.5,0
680,2022-11-12,1,GROCERY I,950.756,20,Pichincha,D,2,1449,45.33,16.5,0
2140,2022-11-12,1,PRODUCE,277.439,0,Pichincha,D,2,1449,45.33,16.5,0
4330,2022-11-12,2,BEVERAGES,407.304,0,Pichincha,D,3,1292,45.33,16.5,0
5790,2022-11-12,2,CLEANING,129.711,0,Pichincha,D,3,1292,45.33,16.5,0
3600,2022-11-12,2,GROCERY I,570.636,0,Pichincha,D,3,1292,45.33,16.5,0
5060,2022-11-12,2,PRODUCE,274.472,0,Pichincha,D,3,1292,45.33,16.5,0
7250,2022-11-12,3,BEVERAGES,583.906,0,Guayas,A,4,1898,45.33,16.5,0
8710,2022-11-12,3,CLEANING,268.933,0,Guayas,A,4,1898,45.33,16.5,0
6520,2022-11-12,3,GROCERY I,925.21,0,Guayas,A,4,1898,45.33,16.5,0
7980,2022-11-12,3,PRODUCE,378.46,0,Guayas,A,4,1898,45.33,16.5,0
10170,2022-11-12,5,BEVERAGES,312.127,21,Azuay,B,2,861,45.33,16.5,0
11630,2022-11-12,5,CLEANING,115.551,0,Azuay,B,2,861,45.33,16.5,0
9440,2022-11-12,5,GROCERY I,430.926,0,Azuay,B,2,861,45.33,16.5,0
10900,2022-11-12,5,PRODUCE,188.995,0,Azuay,B,2,861,45.33,16.5,0
13090,2022-11-12,8,BEVERAGES,511.804,0,Guayas,C,1,1626,45.33,16.5,0
14550,2022-11-12,8,CLEANING,228.173,0,Guayas,C,1,1626,45.33,16.5,0
12360,2022-11-12,8,GROCERY I,792.753,0,Guayas,C,1,1626,45.33,16.5,0
13820,2022-11-12,8,PRODUCE,375.004,0,Guayas,C,1,1626,45.33,16.5,0
1411,2022-11-13,1,BEVERAGES,372.057,0,Pichincha,D,2,1402,45.61,20.22,0
2871,2022-11-13,1,CLEANING,166.032,0,Pichincha,D,2,1402,45.61,20.22,0
681,2022-11-13,1,GROCERY I,599.425,0,Pichincha,D,2,1402,45.61,20.22,0
2141,2022-11-13,1,PRODUCE,270.191,0,Pichincha,D,2,1402,45.61,20.22,0
4331,2022-11-13,2,BEVERAGES,307.684,0,Pichincha,D,3,1062,45.61,20.22,0
5791,2022-11-13,2,CLEANING,0.0,0,Pichincha,D,3,1062,45.61,20.22,0
3601,2022-11-13,2,GROCERY I,461.134,0,Pichincha,D,3,1062,45.61,20.22,0
5061,2022-11-13,2,PRODUCE,215.628,0,Pichincha,D,3,1062,45.61,20.22,0
7251,2022-11-13,3,BEVERAGES,572.138,0,Guayas,A,4,1630,45.61,20.22,0
8711,2022-11-13,3,CLEANING,189.8,0,Guayas,A,4,1630,45.61,20.22,0
6521,2022-11-13,3,GROCERY I,677.492,0,Guayas,A,4,1630,45.61,20.22,0
7981,2022-11-13,3,PRODUCE,324.225,0,Guayas,A,4,1630,45.61,20.22,0
10171,2022-11-13,5,BEVERAGES,199.91,0,Azuay,B,2,704,45.61,20.22,0
11631,2022-11-13,5,CLEANING,104.769,0,Azuay,B,2,704,45.61,20.22,0
9441,2022-11-13,5,GROCERY I,365.724,0,Azuay,B,2,704,45.61,20.22,0
10901,2022-11-13,5,PRODUCE,143.812,0,Azuay,B,2,704,45.61,20.22,0
13091,2022-11-13,8,BEVERAGES,385.597,0,Guayas,C,1,1401,45.61,20.22,0
14551,2022-11-13,8,CLEANING,201.282,0,Guayas,C,1,1401,45.61,20.22,0
12361,2022-11-13,8,GROCERY I,593.849,0,Guayas,C,1,1401,45.61,20.22,0
13821,2022-11-13,8,PRODUCE,301.787,0,Guayas,C,1,1401,45.61,20.22,0
1412,2022-11-14,1,BEVERAGES,314.691,0,Pichincha,D,2,1016,46.18,14.92,0
2872,2022-11-14,1,CLEANING,119.011,0,Pichincha,D,2,1016,46.18,14.92,0
682,2022-11-14,1,GROCERY I,460.18,0,Pichincha,D,2,1016,46.18,14.92,0
2142,2022-11-14,1,PRODUCE,194.049,0,Pichincha,D,2,1016,46.18,14.92,0
4332,2022-11-14,2,BEVERAGES,254.359,0,Pichincha,D,3,828,46.18,14.92,0
5792,2022-11-14,2,CLEANING,103.489,0,Pichincha,D,3,828,46.18,14.92,0
3602,2022-11-14,2,GROCERY I,387.318,0,Pichincha,D,3,828,46.18,14.92,0
5062,2022-11-14,2,PRODUCE,193.158,0,Pichincha,D,3,828,46.18,14.92,0
7252,2022-11-14,3,BEVERAGES,434.797,0,Guayas,A,4,1400,46.18,14.92,0
8712,2022-11-14,3,CLEANING,155.549,0,Guayas,A,4,1400,46.18,14.92,0
6522,2022-11-14,3,GROCERY I,696.237,0,Guayas,A,4,1400,46.18,14.92,0
7982,2022-11-14,3,PRODUCE,298.948,0,Guayas,A,4,1400,46.18,14.92,0
10172,2022-11-14,5,BEVERAGES,180.583,0,Azuay,B,2,663,46.18,14.92,0
11632,2022-11-14,5,CLEANING,82.206,0,Azuay,B,2,663,46.18,14.92,0
9442,2022-11-14,5,GROCERY I,239.496,0,Azuay,B,2,663,46.18,14.92,0
10902,2022-11-14,5,PRODUCE,131.288,0,Azuay,B,2,663,46.18,14.92,0
13092,2022-11-14,8,BEVERAGES,356.214,0,Guayas,C,1,1114,46.18,14.92,0
14552,2022-11-14,8,CLEANING,199.809,21,Guayas,C,1,1114,46.18,14.92,0
12362,2022-11-14,8,GROCERY I,475.1,0,Guayas,C,1,1114,46.18,14.92,0
13822,2022-11-14,8,PRODUCE,224.573,0,Guayas,C,1,1114,46.18,14.92,0
1413,2022-11-15,1,BEVERAGES,287.691,0,Pichincha,D,2,923,45.94,18.9,0
2873,2022-11-15,1,CLEANING,125.735,0,Pichincha,D,2,923,45.94,18.9,0
683,2022-11-15,1,GROCERY I,503.462,14,Pichincha,D,2,923,45.94,18.9,0
2143,2022-11-15,1,PRODUCE,224.458,11,Pichincha,D,2,923,45.94,18.9,0
4333,2022-11-15,2,BEVERAGES,260.078,0,Pichincha,D,3,707,45.94,18.9,0
5793,2022-11-15,2,CLEANING,95.63,0,Pichincha,D,3,707,45.94,18.9,0
3603,2022-11-15,2,GROCERY I,307.753,0,Pichincha,D,3,707,45.94,18.9,0
5063,2022-11-15,2,PRODUCE,175.077,9,Pichincha,D,3,707,45.94,18.9,0
7253,2022-11-15,3,BEVERAGES,344.971,0,Guayas,A,4,1344,45.94,18.9,0
8713,2022-11-15,3,CLEANING,147.021,0,Guayas,A,4,1344,45.94,18.9,0
6523,2022-11-15,3,GROCERY I,634.406,0,Guayas,A,4,1344,45.94,18.9,0
7983,2022-11-15,3,PRODUCE,284.549,0,Guayas,A,4,1344,45.94,18.9,0
10173,2022-11-15,5,BEVERAGES,176.935,0,Azuay,B,2,583,45.94,18.9,0
11633,2022-11-15,5,CLEANING,72.664,18,Azuay,B,2,583,45.94,18.9,0
9443,2022-11-15,5,GROCERY I,272.664,0,Azuay,B,2,583,45.94,18.9,0
10903,2022-11-15,5,PRODUCE,151.228,6,Azuay,B,2,583,45.94,18.9,0
13093,2022-11-15,8,BEVERAGES,264.612,0,Guayas,C,1,1022,45.94,18.9,0
14553,2022-11-15,8,CLEANING,148.748,0,Guayas,C,1,1022,45.94,18.9,0
12363,2022-11-15,8,GROCERY I,519.598,0,Guayas,C,1,1022,45.94,18.9,0
13823,2022-11-15,8,PRODUCE,217.524,0,Guayas,C,1,1022,45.94,18.9,0
1414,2022-11-16,1,BEVERAGES,277.5,0,Pichincha,D,2,946,45.75,19.07,0
2874,2022-11-16,1,CLEANING,108.452,0,Pichincha,D,2,946,45.75,19.07,0
684,2022-11-16,1,GROCERY I,485.917,0,Pichincha,D,2,946,45.75,19.07,0
2144,2022-11-16,1,PRODUCE,240.483,0,Pichincha,D,2,946,45.75,19.07,0
4334,2022-11-16,2,BEVERAGES,277.479,0,Pichincha,D,3,757,45.75,19.07,0
5794,2022-11-16,2,CLEANING,95.214,0,Pichincha,D,3,757,45.75,19.07,0
3604,2022-11-16,2,GROCERY I,419.441,0,Pichincha,D,3,757,45.75,19.07,0
5064,2022-11-16,2,PRODUCE,235.032,23,Pichincha,D,3,757,45.75,19.07,0
7254,2022-11-16,3,BEVERAGES,358.488,0,Guayas,A,4,1331,45.75,19.07,0
8714,2022-11-16,3,CLEANING,164.609,0,Guayas,A,4,1331,45.75,19.07,0
6524,2022-11-16,3,GROCERY I,637.623,0,Guayas,A,4,1331,45.75,19.07,0
7984,2022-11-16,3,PRODUCE,344.613,0,Guayas,A,4,1331,45.75,19.07,0
10174,2022-11-16,5,BEVERAGES,176.073,0,Azuay,B,2,618,45.75,19.07,0
11634,2022-11-16,5,CLEANING,64.953,0,Azuay,B,2,618,45.75,19.07,0
9444,2022-11-16,5,GROCERY I,323.559,21,Azuay,B,2,618,45.75,19.07,0
10904,2022-11-16,5,PRODUCE,172.524,19,Azuay,B,2,618,45.75,19.07,0
13094,2022-11-16,8,BEVERAGES,252.643,0,Guayas,C,1,1027,45.75,19.07,0
14554,2022-11-16,8,CLEANING,168.901,1,Guayas,C,1,1027,45.75,19.07,0
12364,2022-11-16,8,GROCERY I,467.767,0,Guayas,C,1,1027,45.75,19.07,0
13824,2022-11-16,8,PRODUCE,232.553,0,Guayas,C,1,1027,45.75,19.07,0
1415,2022-11-17,1,BEVERAGES,389.943,2,Pichincha,D,2,989,45.53,15.98,0
2875,2022-11-17,1,CLEANING,119.288,0,Pichincha,D,2,989,45.53,15.98,0
685,2022-11-17,1,GROCERY I,543.69,0,Pichincha,D,2,989,45.53,15.98,0
2145,2022-11-17,1,PRODUCE,275.015,20,Pichincha,D,2,989,45.53,15.98,0
4335,2022-11-17,2,BEVERAGES,281.923,0,Pichincha,D,3,931,45.53,15.98,0
5795,2022-11-17,2,CLEANING,109.743,0,Pichincha,D,3,931,45.53,15.98,0
3605,2022-11-17,2,GROCERY I,400.961,0,Pichincha,D,3,931,45.53,15.98,0
5065,2022-11-17,2,PRODUCE,204.902,0,Pichincha,D,3,931,45.53,15.98,0
7255,2022-11-17,3,BEVERAGES,357.535,0,Guayas,A,4,1411,45.53,15.98,0
8715,2022-11-17,3,CLEANING,183.671,0,Guayas,A,4,1411,45.53,15.98,0
6525,2022-11-17,3,GROCERY I,601.217,0,Guayas,A,4,1411,45.53,15.98,0
7985,2022-11-17,3,PRODUCE,299.768,0,Guayas,A,4,1411,45.53,15.98,0
10175,2022-11-17,5,BEVERAGES,0.0,0,Azuay,B,2,560,45.53,15.98,0
11635,2022-11-17,5,CLEANING,80.448,0,Azuay,B,2,560,45.53,15.98,0
9445,2022-11-17,5,GROCERY I,298.413,0,Azuay,B,2,560,45.53,15.98,0
10905,2022-11-17,5,PRODUCE,125.818,0,Azuay,B,2,560,45.53,15.98,0
13095,2022-11-17,8,BEVERAGES,355.779,0,Guayas,C,1,1218,45.53,15.98,0
14555,2022-11-17,8,CLEANING,152.402,0,Guayas,C,1,1218,45.53,15.98,0
12365,2022-11-17,8,GROCERY I,0.0,10,Guayas,C,1,1218,45.53,15.98,0
13825,2022-11-17,8,PRODUCE,245.125,0,Guayas,C,1,1218,45.53,15.98,0
1416,2022-11-18,1,BEVERAGES,375.638,0,Pichincha,D,2,1259,45.89,20.31,0
2876,2022-11-18,1,CLEANING,158.612,0,Pichincha,D,2,1259,45.89,20.31,0
686,2022-11-18,1,GROCERY I,565.476,0,Pichincha,D,2,1259,45.89,20.31,0
2146,2022-11-18,1,PRODUCE,265.222,0,Pichincha,D,2,1259,45.89,20.31,0
4336,2022-11-18,2,BEVERAGES,374.258,15,Pichincha,D,3,1062,45.89,20.31,0
5796,2022-11-18,2,CLEANING,119.924,0,Pichincha,D,3,1062,45.89,20.31,0
3606,2022-11-18,2,GROCERY I,418.913,0,Pichincha,D,3,1062,45.89,20.31,0
5066,2022-11-18,2,PRODUCE,312.286,9,Pichincha,D,3,1062,45.89,20.31,0
7256,2022-11-18,3,BEVERAGES,610.399,0,Guayas,A,4,1683,45.89,20.31,0
8716,2022-11-18,3,CLEANING,187.435,0,Guayas,A,4,1683,45.89,20.31,0
6526,2022-11-18,3,GROCERY I,1098.91,3,Guayas,A,4,1683,45.89,20.31,0
7986,2022-11-18,3,PRODUCE,375.362,0,Guayas,A,4,1683,45.89,20.31,0
10176,2022-11-18,5,BEVERAGES,246.57,9,Azuay,B,2,671,45.89,20.31,0
11636,2022-11-18,5,CLEANING,98.518,0,Azuay,B,2,671,45.89,20.31,0
9446,2022-11-18,5,GROCERY I,325.953,0,Azuay,B,2,671,45.89,20.31,0
10906,2022-11-18,5,PRODUCE,148.521,0,Azuay,B,2,671,45.89,20.31,0
13096,2022-11-18,8,BEVERAGES,366.318,0,Guayas,C,1,1357,45.89,20.31,0
14556,2022-11-18,8,CLEANING,158.098,0,Guayas,C,1,1357,45.89,20.31,0
12366,2022-11-18,8,GROCERY I,624.419,0,Guayas,C,1,1357,45.89,20.31,0
13826,2022-11-18,8,PRODUCE,263.422,0,Guayas,C,1,1357,45.89,20.31,0
1417,2022-11-19,1,BEVERAGES,431.036,0,Pichincha,D,2,1451,46.56,18.61,0
2877,2022-11-19,1,CLEANING,203.875,0,Pichincha,D,2,1451,46.56,18.61,0
687,2022-11-19,1,GROCERY I,772.057,0,Pichincha,D,2,1451,46.56,18.61,0
2147,2022-11-19,1,PRODUCE,259.282,0,Pichincha,D,2,1451,46.56,18.61,0
4337,2022-11-19,2,BEVERAGES,319.9,0,Pichincha,D,3,1188,46.56,18.61,0
5797,2022-11-19,2,CLEANING,148.161,0,Pichincha,D,3,1188,46.56,18.61,0
3607,2022-11-19,2,GROCERY I,440.172,0,Pichincha,D,3,1188,46.56,18.61,0
5067,2022-11-19,2,PRODUCE,282.693,0,Pichincha,D,3,1188,46.56,18.61,0
7257,2022-11-19,3,BEVERAGES,554.649,0,Guayas,A,4,2020,46.56,18.61,0
8717,2022-11-19,3,CLEANING,272.805,0,Guayas,A,4,2020,46.56,18.61,0
6527,2022-11-19,3,GROCERY I,943.883,0,Guayas,A,4,2020,46.56,18.61,0
7987,2022-11-19,3,PRODUCE,432.936,0,Guayas,A,4,2020,46.56,18.61,0
10177,2022-11-19,5,BEVERAGES,267.204,0,Azuay,B,2,899,46.56,18.61,0
11637,2022-11-19,5,CLEANING,119.45,20,Azuay,B,2,899,46.56,18.61,0
9447,2022-11-19,5,GROCERY I,412.514,0,Azuay,B,2,899,46.56,18.61,0
10907,2022-11-19,5,PRODUCE,209.32,8,Azuay,B,2,899,46.56,18.61,0
13097,2022-11-19,8,BEVERAGES,463.637,0,Guayas,C,1,1695,46.56,18.61,0
14557,2022-11-19,8,CLEANING,209.258,0,Guayas,C,1,1695,46.56,18.61,0
12367,2022-11-19,8,GROCERY I,736.911,0,Guayas,C,1,1695,46.56,18.61,0
13827,2022-11-19,8,PRODUCE,294.193,0,Guayas,C,1,1695,46.56,18.61,0
1418,2022-11-20,1,BEVERAGES,422.53,0,Pichincha,D,2,1288,46.36,18.6,0
2878,2022-11-20,1,CLEANING,0.0,0,Pichincha,D,2,1288,46.36,18.6,0
688,2022-11-20,1,GROCERY I,497.753,0,Pichincha,D,2,1288,46.36,18.6,0
2148,2022-11-20,1,PRODUCE,262.403,0,Pichincha,D,2,1288,46.36,18.6,0
4338,2022-11-20,2,BEVERAGES,261.474,0,Pichincha,D,3,1062,46.36,18.6,0
5798,2022-11-20,2,CLEANING,137.467,0,Pichincha,D,3,1062,46.36,18.6,0
3608,2022-11-20,2,GROCERY I,541.025,0,Pichincha,D,3,1062,46.36,18.6,0
5068,2022-11-20,2,PRODUCE,235.88,0,Pichincha,D,3,1062,46.36,18.6,0
7258,2022-11-20,3,BEVERAGES,582.165,0,Guayas,A,4,1718,46.36,18.6,0
8718,2022-11-20,3,CLEANING,249.955,0,Guayas,A,4,1718,46.36,18.6,0
6528,2022-11-20,3,GROCERY I,731.777,0,Guayas,A,4,1718,46.36,18.6,0
7988,2022-11-20,3,PRODUCE,396.971,0,Guayas,A,4,1718,46.36,18.6,0
10178,2022-11-20,5,BEVERAGES,233.589,0,Azuay,B,2,816,46.36,18.6,0
11638,2022-11-20,5,CLEANING,116.488,20,Azuay,B,2,816,46.36,18.6,0
9448,2022-11-20,5,GROCERY I,289.674,0,Azuay,B,2,816,46.36,18.6,0
10908,2022-11-20,5,PRODUCE,202.551,2,Azuay,B,2,816,46.36,18.6,0
13098,2022-11-20,8,BEVERAGES,461.644,0,Guayas,C,1,1398,46.36,18.6,0
14558,2022-11-20,8,CLEANING,233.602,8,Guayas,C,1,1398,46.36,18.6,0
12368,2022-11-20,8,GROCERY I,636.939,0,Guayas,C,1,1398,46.36,18.6,0
13828,2022-11-20,8,PRODUCE,288.476,0,Guayas,C,1,1398,46.36,18.6,0
1419,2022-11-21,1,BEVERAGES,417.786,4,Pichincha,D,2,997,46.16,17.3,0
2879,2022-11-21,1,CLEANING,138.572,0,Pichincha,D,2,997,46.16,17.3,0
689,2022-11-21,1,GROCERY I,472.757,0,Pichincha,D,2,997,46.16,17.3,0
2149,2022-11-21,1,PRODUCE,226.807,0,Pichincha,D,2,997,46.16,17.3,0
4339,2022-11-21,2,BEVERAGES,270.983,0,Pichincha,D,3,849,46.16,17.3,0
5799,2022-11-21,2,CLEANING,98.987,0,Pichincha,D,3,849,46.16,17.3,0
3609,2022-11-21,2,GROCERY I,408.385,0,Pichincha,D,3,849,46.16,17.3,0
5069,2022-11-21,2,PRODUCE,198.935,0,Pichincha,D,3,849,46.16,17.3,0
7259,2022-11-21,3,BEVERAGES,480.454,9,Guayas,A,4,1393,46.16,17.3,0
8719,2022-11-21,3,CLEANING,179.917,0,Guayas,A,4,1393,46.16,17.3,0
6529,2022-11-21,3,GROCERY I,689.777,9,Guayas,A,4,1393,46.16,17.3,0
7989,2022-11-21,3,PRODUCE,297.339,0,Guayas,A,4,1393,46.16,17.3,0
10179,2022-11-21,5,BEVERAGES,172.172,0,Azuay,B,2,549,46.16,17.3,0
11639,2022-11-21,5,CLEANING,80.827,1,Azuay,B,2,549,46.16,17.3,0
9449,2022-11-21,5,GROCERY I,250.428,0,Azuay,B,2,549,46.16,17.3,0
10909,2022-11-21,5,PRODUCE,152.234,15,Azuay,B,2,549,46.16,17.3,0
13099,2022-11-21,8,BEVERAGES,354.898,0,Guayas,C,1,1209,46.16,17.3,0
14559,2022-11-21,8,CLEANING,183.746,15,Guayas,C,1,1209,46.16,17.3,0
12369,2022-11-21,8,GROCERY I,500.907,1,Guayas,C,1,1209,46.16,17.3,0
13829,2022-11-21,8,PRODUCE,232.524,0,Guayas,C,1,1209,46.16,17.3,0
1420,2022-11-22,1,BEVERAGES,320.219,0,Pichincha,D,2,990,46.31,16.98,0
2880,2022-11-22,1,CLEANING,127.66,0,Pichincha,D,2,990,46.31,16.98,0
690,2022-11-22,1,GROCERY I,454.371,0,Pichincha,D,2,990,46.31,16.98,0
2150,2022-11-22,1,PRODUCE,259.445,4,Pichincha,D,2,990,46.31,16.98,0
4340,2022-11-22,2,BEVERAGES,270.145,0,Pichincha,D,3,760,46.31,16.98,0
5800,2022-11-22,2,CLEANING,100.114,0,Pichincha,D,3,760,46.31,16.98,0
3610,2022-11-22,2,GROCERY I,463.952,13,Pichincha,D,3,760,46.31,16.98,0
5070,2022-11-22,2,PRODUCE,161.421,0,Pichincha,D,3,760,46.31,16.98,0
7260,2022-11-22,3,BEVERAGES,358.409,0,Guayas,A,4,1276,46.31,16.98,0
8720,2022-11-22,3,CLEANING,183.303,0,Guayas,A,4,1276,46.31,16.98,0
6530,2022-11-22,3,GROCERY I,652.175,0,Guayas,A,4,1276,46.31,16.98,0
7990,2022-11-22,3,PRODUCE,309.618,0,Guayas,A,4,1276,46.31,16.98,0
10180,2022-11-22,5,BEVERAGES,186.048,0,Azuay,B,2,570,46.31,16.98,0
11640,2022-11-22,5,CLEANING,72.56,0,Azuay,B,2,570,46.31,16.98,0
9450,2022-11-22,5,GROCERY I,278.822,0,Azuay,B,2,570,46.31,16.98,0
10910,2022-11-22,5,PRODUCE,159.168,22,Azuay,B,2,570,46.31,16.98,0
13100,2022-11-22,8,BEVERAGES,286.881,0,Guayas,C,1,1056,46.31,16.98,0
14560,2022-11-22,8,CLEANING,133.717,0,Guayas,C,1,1056,46.31,16.98,0
12370,2022-11-22,8,GROCERY I,491.592,0,Guayas,C,1,1056,46.31,16.98,0
13830,2022-11-22,8,PRODUCE,235.242,0,Guayas,C,1,1056,46.31,16.98,0
1421,2022-11-23,1,BEVERAGES,294.317,0,Pichincha,D,2,941,46.19,17.02,0
2881,2022-11-23,1,CLEANING,128.535,0,Pichincha,D,2,941,46.19,17.02,0
691,2022-11-23,1,GROCERY I,436.758,0,Pichincha,D,2,941,46.19,17.02,0
2151,2022-11-23,1,PRODUCE,172.671,0,Pichincha,D,2,941,46.19,17.02,0
4341,2022-11-23,2,BEVERAGES,228.904,0,Pichincha,D,3,742,46.19,17.02,0
5801,2022-11-23,2,CLEANING,97.569,0,Pichincha,D,3,742,46.19,17.02,0
3611,2022-11-23,2,GROCERY I,412.204,0,Pichincha,D,3,742,46.19,17.02,0
5071,2022-11-23,2,PRODUCE,169.063,0,Pichincha,D,3,742,46.19,17.02,0
7261,2022-11-23,3,BEVERAGES,407.634,0,Guayas,A,4,1332,46.19,17.02,0
8721,2022-11-23,3,CLEANING,156.56,0,Guayas,A,4,1332,46.19,17.02,0
6531,2022-11-23,3,GROCERY I,670.052,0,Guayas,A,4,1332,46.19,17.02,0
7991,2022-11-23,3,PRODUCE,261.374,0,Guayas,A,4,1332,46.19,17.02,0
10181,2022-11-23,5,BEVERAGES,177.506,0,Azuay,B,2,516,46.19,17.02,0
11641,2022-11-23,5,CLEANING,68.354,0,Azuay,B,2,516,46.19,17.02,0
9451,2022-11-23,5,GROCERY I,331.103,0,Azuay,B,2,516,46.19,17.02,0
10911,2022-11-23,5,PRODUCE,143.949,23,Azuay,B,2,516,46.19,17.02,0
13101,2022-11-23,8,BEVERAGES,345.969,0,Guayas,C,1,1128,46.19,17.02,0
14561,2022-11-23,8,CLEANING,113.283,0,Guayas,C,1,1128,46.19,17.02,0
12371,2022-11-23,8,GROCERY I,586.069,0,Guayas,C,1,1128,46.19,17.02,0
13831,2022-11-23,8,PRODUCE,225.906,0,Guayas,C,1,1128,46.19,17.02,0
1422,2022-11-24,1,BEVERAGES,339.859,0,Pichincha,D,2,985,46.62,17.88,0
2882,2022-11-24,1,CLEANING,127.395,0,Pichincha,D,2,985,46.62,17.88,0
692,2022-11-24,1,GROCERY I,598.428,0,Pichincha,D,2,985,46.62,17.88,0
2152,2022-11-24,1,PRODUCE,280.647,10,Pichincha,D,2,985,46.62,17.88,0
4342,2022-11-24,2,BEVERAGES,254.108,0,Pichincha,D,3,871,46.62,17.88,0
5802,2022-11-24,2,CLEANING,97.363,0,Pichincha,D,3,871,46.62,17.88,0
3612,2022-11-24,2,GROCERY I,434.492,0,Pichincha,D,3,871,46.62,17.88,0
5072,2022-11-24,2,PRODUCE,183.753,0,Pichincha,D,3,871,46.62,17.88,0
7262,2022-11-24,3,BEVERAGES,416.33,0,Guayas,A,4,1404,46.62,17.88,0
8722,2022-11-24,3,CLEANING,165.448,0,Guayas,A,4,1404,46.62,17.88,0
6532,2022-11-24,3,GROCERY I,636.491,0,Guayas,A,4,1404,46.62,17.88,0
7992,2022-11-24,3,PRODUCE,237.357,0,Guayas,A,4,1404,46.62,17.88,0
10182,2022-11-24,5,BEVERAGES,198.489,14,Azuay,B,2,589,46.62,17.88,0
11642,2022-11-24,5,CLEANING,77.756,0,Azuay,B,2,589,46.62,17.88,0
9452,2022-11-24,5,GROCERY I,291.784,0,Azuay,B,2,589,46.62,17.88,0
10912,2022-11-24,5,PRODUCE,134.953,0,Azuay,B,2,589,46.62,17.88,0
13102,2022-11-24,8,BEVERAGES,339.044,0,Guayas,C,1,1138,46.62,17.88,0
14562,2022-11-24,8,CLEANING,126.227,0,Guayas,C,1,1138,46.62,17.88,0
12372,2022-11-24,8,GROCERY I,570.125,0,Guayas,C,1,1138,46.62,17.88,0
13832,2022-11-24,8,PRODUCE,241.696,0,Guayas,C,1,1138,46.62,17.88,0
1423,2022-11-25,1,BEVERAGES,376.495,0,Pichincha,D,2,1229,45.61,19.33,0
2883,2022-11-25,1,CLEANING,168.257,0,Pichincha,D,2,1229,45.61,19.33,0
693,2022-11-25,1,GROCERY I,575.45,0,Pichincha,D,2,1229,45.61,19.33,0
2153,2022-11-25,1,PRODUCE,274.082,0,Pichincha,D,2,1229,45.61,19.33,0
4343,2022-11-25,2,BEVERAGES,290.637,0,Pichincha,D,3,1062,45.61,19.33,0
5803,2022-11-25,2,CLEANING,137.135,0,Pichincha,D,3,1062,45.61,19.33,0
3613,2022-11-25,2,GROCERY I,482.071,0,Pichincha,D,3,1062,45.61,19.33,0
5073,2022-11-25,2,PRODUCE,243.902,0,Pichincha,D,3,1062,45.61,19.33,0
7263,2022-11-25,3,BEVERAGES,540.339,0,Guayas,A,4,1607,45.61,19.33,0
8723,2022-11-25,3,CLEANING,221.13,0,Guayas,A,4,1607,45.61,19.33,0
6533,2022-11-25,3,GROCERY I,812.828,0,Guayas,A,4,1607,45.61,19.33,0
7993,2022-11-25,3,PRODUCE,371.09,0,Guayas,A,4,1607,45.61,19.33,0
10183,2022-11-25,5,BEVERAGES,228.799,0,Azuay,B,2,720,45.61,19.33,0
11643,2022-11-25,5,CLEANING,80.074,0,Azuay,B,2,720,45.61,19.33,0
9453,2022-11-25,5,GROCERY I,311.159,0,Azuay,B,2,720,45.61,19.33,0
10913,2022-11-25,5,PRODUCE,148.843,0,Azuay,B,2,720,45.61,19.33,0
13103,2022-11-25,8,BEVERAGES,424.777,0,Guayas,C,1,1348,45.61,19.33,0
14563,2022-11-25,8,CLEANING,179.043,0,Guayas,C,1,1348,45.61,19.33,0
12373,2022-11-25,8,GROCERY I,612.5,0,Guayas,C,1,1348,45.61,19.33,0
13833,2022-11-25,8,PRODUCE,293.467,0,Guayas,C,1,1348,45.61,19.33,0
1424,2022-11-26,1,BEVERAGES,404.143,0,Pichincha,D,2,1497,45.24,17.65,0
2884,2022-11-26,1,CLEANING,208.276,0,Pichincha,D,2,1497,45.24,17.65,0
694,2022-11-26,1,GROCERY I,678.239,0,Pichincha,D,2,1497,45.24,17.65,0
2154,2022-11-26,1,PRODUCE,359.986,0,Pichincha,D,2,1497,45.24,17.65,0
4344,2022-11-26,2,BEVERAGES,352.59,0,Pichincha,D,3,1276,45.24,17.65,0
5804,2022-11-26,2,CLEANING,180.048,0,Pichincha,D,3,1276,45.24,17.65,0
3614,2022-11-26,2,GROCERY I,563.043,0,Pichincha,D,3,1276,45.24,17.65,0
5074,2022-11-26,2,PRODUCE,243.76,0,Pichincha,D,3,1276,45.24,17.65,0
7264,2022-11-26,3,BEVERAGES,657.867,0,Guayas,A,4,1950,45.24,17.65,0
8724,2022-11-26,3,CLEANING,256.152,0,Guayas,A,4,1950,45.24,17.65,0
6534,2022-11-26,3,GROCERY I,1006.096,0,Guayas,A,4,1950,45.24,17.65,0
7994,2022-11-26,3,PRODUCE,444.475,12,Guayas,A,4,1950,45.24,17.65,0
10184,2022-11-26,5,BEVERAGES,248.948,0,Azuay,B,2,904,45.24,17.65,0
11644,2022-11-26,5,CLEANING,93.237,0,Azuay,B,2,904,45.24,17.65,0
9454,2022-11-26,5,GROCERY I,408.527,0,Azuay,B,2,904,45.24,17.65,0
10914,2022-11-26,5,PRODUCE,154.312,0,Azuay,B,2,904,45.24,17.65,0
13104,2022-11-26,8,BEVERAGES,497.033,0,Guayas,C,1,1611,45.24,17.65,0
14564,2022-11-26,8,CLEANING,199.315,0,Guayas,C,1,1611,45.24,17.65,0
12374,2022-11-26,8,GROCERY I,980.421,7,Guayas,C,1,1611,45.24,17.65,0
13834,2022-11-26,8,PRODUCE,491.904,8,Guayas,C,1,1611,45.24,17.65,0
1425,2022-11-27,1,BEVERAGES,425.025,0,Pichincha,D,2,1300,44.89,16.15,0
2885,2022-11-27,1,CLEANING,167.106,0,Pichincha,D,2,1300,44.89,16.15,0
695,2022-11-27,1,GROCERY I,621.982,0,Pichincha,D,2,1300,44.89,16.15,0
2155,2022-11-27,1,PRODUCE,326.519,20,Pichincha,D,2,1300,44.89,16.15,0
4345,2022-11-27,2,BEVERAGES,359.721,0,Pichincha,D,3,1131,44.89,16.15,0
5805,2022-11-27,2,CLEANING,150.722,0,Pichincha,D,3,1131,44.89,16.15,0
3615,2022-11-27,2,GROCERY I,488.788,0,Pichincha,D,3,1131,44.89,16.15,0
5075,2022-11-27,2,PRODUCE,212.612,0,Pichincha,D,3,1131,44.89,16.15,0
7265,2022-11-27,3,BEVERAGES,511.52,0,Guayas,A,4,1835,44.89,16.15,0
8725,2022-11-27,3,CLEANING,208.329,0,Guayas,A,4,1835,44.89,16.15,0
6535,2022-11-27,3,GROCERY I,846.992,0,Guayas,A,4,1835,44.89,16.15,0
7995,2022-11-27,3,PRODUCE,428.637,0,Guayas,A,4,1835,44.89,16.15,0
10185,2022-11-27,5,BEVERAGES,223.061,0,Azuay,B,2,676,44.89,16.15,0
11645,2022-11-27,5,CLEANING,123.204,0,Azuay,B,2,676,44.89,16.15,0
9455,2022-11-27,5,GROCERY I,327.115,0,Azuay,B,2,676,44.89,16.15,0
10915,2022-11-27,5,PRODUCE,172.252,0,Azuay,B,2,676,44.89,16.15,0
13105,2022-11-27,8,BEVERAGES,379.471,0,Guayas,C,1,1391,44.89,16.15,0
14565,2022-11-27,8,CLEANING,195.053,0,Guayas,C,1,1391,44.89,16.15,0
12375,2022-11-27,8,GROCERY I,717.881,0,Guayas,C,1,1391,44.89,16.15,0
13835,2022-11-27,8,PRODUCE,306.781,0,Guayas,C,1,1391,44.89,16.15,0
1426,2022-11-28,1,BEVERAGES,314.271,0,Pichincha,D,2,965,43.84,18.61,0
2886,2022-11-28,1,CLEANING,128.711,0,Pichincha,D,2,965,43.84,18.61,0
696,2022-11-28,1,GROCERY I,480.34,19,Pichincha,D,2,965,43.84,18.61,0
2156,2022-11-28,1,PRODUCE,175.715,0,Pichincha,D,2,965,43.84,18.61,0
4346,2022-11-28,2,BEVERAGES,258.855,0,Pichincha,D,3,782,43.84,18.61,0
5806,2022-11-28,2,CLEANING,109.638,0,Pichincha,D,3,782,43.84,18.61,0
3616,2022-11-28,2,GROCERY I,407.974,0,Pichincha,D,3,782,43.84,18.61,0
5076,2022-11-28,2,PRODUCE,183.998,0,Pichincha,D,3,782,43.84,18.61,0
7266,2022-11-28,3,BEVERAGES,363.94,0,Guayas,A,4,1312,43.84,18.61,0
8726,2022-11-28,3,CLEANING,197.833,0,Guayas,A,4,1312,43.84,18.61,0
6536,2022-11-28,3,GROCERY I,606.558,0,Guayas,A,4,1312,43.84,18.61,0
7996,2022-11-28,3,PRODUCE,344.159,5,Guayas,A,4,1312,43.84,18.61,0
10186,2022-11-28,5,BEVERAGES,173.836,0,Azuay,B,2,661,43.84,18.61,0
11646,2022-11-28,5,CLEANING,75.033,0,Azuay,B,2,661,43.84,18.61,0
9456,2022-11-28,5,GROCERY I,306.298,0,Azuay,B,2,661,43.84,18.61,0
10916,2022-11-28,5,PRODUCE,106.339,0,Azuay,B,2,661,43.84,18.61,0
13106,2022-11-28,8,BEVERAGES,317.874,0,Guayas,C,1,1146,43.84,18.61,0
14566,2022-11-28,8,CLEANING,126.84,0,Guayas,C,1,1146,43.84,18.61,0
12376,2022-11-28,8,GROCERY I,486.089,0,Guayas,C,1,1146,43.84,18.61,0
13836,2022-11-28,8,PRODUCE,207.461,0,Guayas,C,1,1146,43.84,18.61,0
1427,2022-11-29,1,BEVERAGES,447.28,15,Pichincha,D,2,989,43.41,18.78,0
2887,2022-11-29,1,CLEANING,173.853,8,Pichincha,D,2,989,43.41,18.78,0
697,2022-11-29,1,GROCERY I,428.769,0,Pichincha,D,2,989,43.41,18.78,0
2157,2022-11-29,1,PRODUCE,234.266,11,Pichincha,D,2,989,43.41,18.78,0
4347,2022-11-29,2,BEVERAGES,238.249,0,Pichincha,D,3,817,43.41,18.78,0
5807,2022-11-29,2,CLEANING,96.125,0,Pichincha,D,3,817,43.41,18.78,0
3617,2022-11-29,2,GROCERY I,424.031,0,Pichincha,D,3,817,43.41,18.78,0
5077,2022-11-29,2,PRODUCE,183.79,0,Pichincha,D,3,817,43.41,18.78,0
7267,2022-11-29,3,BEVERAGES,357.501,0,Guayas,A,4,1311,43.41,18.78,0
8727,2022-11-29,3,CLEANING,172.542,0,Guayas,A,4,1311,43.41,18.78,0
6537,2022-11-29,3,GROCERY I,674.072,0,Guayas,A,4,1311,43.41,18.78,0
7997,2022-11-29,3,PRODUCE,257.778,0,Guayas,A,4,1311,43.41,18.78,0
10187,2022-11-29,5,BEVERAGES,181.668,0,Azuay,B,2,567,43.41,18.78,0
11647,2022-11-29,5,CLEANING,85.183,0,Azuay,B,2,567,43.41,18.78,0
9457,2022-11-29,5,GROCERY I,264.974,0,Azuay,B,2,567,43.41,18.78,0
10917,2022-11-29,5,PRODUCE,119.188,0,Azuay,B,2,567,43.41,18.78,0
13107,2022-11-29,8,BEVERAGES,254.833,0,Guayas,C,1,1054,43.41,18.78,0
14567,2022-11-29,8,CLEANING,153.224,0,Guayas,C,1,1054,43.41,18.78,0
12377,2022-11-29,8,GROCERY I,561.015,0,Guayas,C,1,1054,43.41,18.78,0
13837,2022-11-29,8,PRODUCE,216.765,0,Guayas,C,1,1054,43.41,18.78,0
1428,2022-11-30,1,BEVERAGES,345.197,0,Pichincha,D,2,947,43.0,18.44,0
2888,2022-11-30,1,CLEANING,127.74,0,Pichincha,D,2,947,43.0,18.44,0
698,2022-11-30,1,GROCERY I,627.494,8,Pichincha,D,2,947,43.0,18.44,0
2158,2022-11-30,1,PRODUCE,195.19,0,Pichincha,D,2,947,43.0,18.44,0
4348,2022-11-30,2,BEVERAGES,309.494,0,Pichincha,D,3,821,43.0,18.44,0
5808,2022-11-30,2,CLEANING,102.033,0,Pichincha,D,3,821,43.0,18.44,0
3618,2022-11-30,2,GROCERY I,383.14,0,Pichincha,D,3,821,43.0,18.44,0
5078,2022-11-30,2,PRODUCE,202.559,17,Pichincha,D,3,821,43.0,18.44,0
7268,2022-11-30,3,BEVERAGES,326.86,0,Guayas,A,4,1350,43.0,18.44,0
8728,2022-11-30,3,CLEANING,183.409,0,Guayas,A,4,1350,43.0,18.44,0
6538,2022-11-30,3,GROCERY I,684.966,0,Guayas,A,4,1350,43.0,18.44,0
7998,2022-11-30,3,PRODUCE,442.724,21,Guayas,A,4,1350,43.0,18.44,0
10188,2022-11-30,5,BEVERAGES,191.927,0,Azuay,B,2,647,43.0,18.44,0
11648,2022-11-30,5,CLEANING,83.325,0,Azuay,B,2,647,43.0,18.44,0
9458,2022-11-30,5,GROCERY I,296.548,0,Azuay,B,2,647,43.0,18.44,0
10918,2022-11-30,5,PRODUCE,122.542,0,Azuay,B,2,647,43.0,18.44,0
13108,2022-11-30,8,BEVERAGES,414.493,20,Guayas,C,1,1116,43.0,18.44,0
14568,2022-11-30,8,CLEANING,128.314,0,Guayas,C,1,1116,43.0,18.44,0
12378,2022-11-30,8,GROCERY I,525.033,0,Guayas,C,1,1116,43.0,18.44,0
13838,2022-11-30,8,PRODUCE,275.75,0,Guayas,C,1,1116,43.0,18.44,0
1429,2022-12-01,1,BEVERAGES,343.401,0,Pichincha,D,2,1012,42.91,18.6,0
2889,2022-12-01,1,CLEANING,136.266,0,Pichincha,D,2,1012,42.91,18.6,0
699,2022-12-01,1,GROCERY I,471.445,0,Pichincha,D,2,1012,42.91,18.6,0
2159,2022-12-01,1,PRODUCE,244.231,0,Pichincha,D,2,1012,42.91,18.6,0
4349,2022-12-01,2,BEVERAGES,230.039,0,Pichincha,D,3,876,42.91,18.6,0
5809,2022-12-01,2,CLEANING,121.306,0,Pichincha,D,3,876,42.91,18.6,0
3619,2022-12-01,2,GROCERY I,463.337,0,Pichincha,D,3,876,42.91,18.6,0
5079,2022-12-01,2,PRODUCE,198.764,0,Pichincha,D,3,876,42.91,18.6,0
7269,2022-12-01,3,BEVERAGES,424.303,0,Guayas,A,4,1395,42.91,18.6,0
8729,2022-12-01,3,CLEANING,171.369,0,Guayas,A,4,1395,42.91,18.6,0
6539,2022-12-01,3,GROCERY I,708.04,0,Guayas,A,4,1395,42.91,18.6,0
7999,2022-12-01,3,PRODUCE,376.043,3,Guayas,A,4,1395,42.91,18.6,0
10189,2022-12-01,5,BEVERAGES,182.356,0,Azuay,B,2,653,42.91,18.6,0
11649,2022-12-01,5,CLEANING,66.165,0,Azuay,B,2,653,42.91,18.6,0
9459,2022-12-01,5,GROCERY I,282.513,0,Azuay,B,2,653,42.91,18.6,0
10919,2022-12-01,5,PRODUCE,131.2,0,Azuay,B,2,653,42.91,18.6,0
13109,2022-12-01,8,BEVERAGES,366.046,0,Guayas,C,1,1180,42.91,18.6,0
14569,2022-12-01,8,CLEANING,167.904,0,Guayas,C,1,1180,42.91,18.6,0
12379,2022-12-01,8,GROCERY I,531.85,0,Guayas,C,1,1180,42.91,18.6,0
13839,2022-12-01,8,PRODUCE,283.188,0,Guayas,C,1,1180,42.91,18.6,0
1430,2022-12-02,1,BEVERAGES,392.187,0,Pichincha,D,2,1178,43.41,17.21,0
2890,2022-12-02,1,CLEANING,167.869,0,Pichincha,D,2,1178,43.41,17.21,0
700,2022-12-02,1,GROCERY I,549.631,0,Pichincha,D,2,1178,43.41,17.21,0
2160,2022-12-02,1,PRODUCE,205.662,0,Pichincha,D,2,1178,43.41,17.21,0
4350,2022-12-02,2,BEVERAGES,329.413,0,Pichincha,D,3,1028,43.41,17.21,0
5810,2022-12-02,2,CLEANING,104.617,0,Pichincha,D,3,1028,43.41,17.21,0
3620,2022-12-02,2,GROCERY I,502.414,0,Pichincha,D,3,1028,43.41,17.21,0
5080,2022-12-02,2,PRODUCE,250.229,0,Pichincha,D,3,1028,43.41,17.21,0
7270,2022-12-02,3,BEVERAGES,516.512,0,Guayas,A,4,1678,43.41,17.21,0
8730,2022-12-02,3,CLEANING,249.615,0,Guayas,A,4,1678,43.41,17.21,0
6540,2022-12-02,3,GROCERY I,740.536,0,Guayas,A,4,1678,43.41,17.21,0
8000,2022-12-02,3,PRODUCE,360.008,0,Guayas,A,4,1678,43.41,17.21,0
10190,2022-12-02,5,BEVERAGES,215.597,0,Azuay,B,2,771,43.41,17.21,0
11650,2022-12-02,5,CLEANING,95.214,0,Azuay,B,2,771,43.41,17.21,0
9460,2022-12-02,5,GROCERY I,458.067,1,Azuay,B,2,771,43.41,17.21,0
10920,2022-12-02,5,PRODUCE,191.191,21,Azuay,B,2,771,43.41,17.21,0
13110,2022-12-02,8,BEVERAGES,393.415,0,Guayas,C,1,1407,43.41,17.21,0
14570,2022-12-02,8,CLEANING,151.552,0,Guayas,C,1,1407,43.41,17.21,0
12380,2022-12-02,8,GROCERY I,743.489,0,Guayas,C,1,1407,43.41,17.21,0
13840,2022-12-02,8,PRODUCE,323.305,0,Guayas,C,1,1407,43.41,17.21,0
1431,2022-12-03,1,BEVERAGES,575.9,21,Pichincha,D,2,1531,43.3,16.33,0
2891,2022-12-03,1,CLEANING,193.365,0,Pichincha,D,2,1531,43.3,16.33,0
701,2022-12-03,1,GROCERY I,805.195,0,Pichincha,D,2,1531,43.3,16.33,0
2161,2022-12-03,1,PRODUCE,316.817,0,Pichincha,D,2,1531,43.3,16.33,0
4351,2022-12-03,2,BEVERAGES,344.78,0,Pichincha,D,3,1222,43.3,16.33,0
5811,2022-12-03,2,CLEANING,154.438,0,Pichincha,D,3,1222,43.3,16.33,0
3621,2022-12-03,2,GROCERY I,609.705,0,Pichincha,D,3,1222,43.3,16.33,0
5081,2022-12-03,2,PRODUCE,299.382,0,Pichincha,D,3,1222,43.3,16.33,0
7271,2022-12-03,3,BEVERAGES,562.571,0,Guayas,A,4,2002,43.3,16.33,0
8731,2022-12-03,3,CLEANING,259.274,0,Guayas,A,4,2002,43.3,16.33,0
6541,2022-12-03,3,GROCERY I,854.632,0,Guayas,A,4,2002,43.3,16.33,0
8001,2022-12-03,3,PRODUCE,474.973,0,Guayas,A,4,2002,43.3,16.33,0
10191,2022-12-03,5,BEVERAGES,217.539,0,Azuay,B,2,974,43.3,16.33,0
11651,2022-12-03,5,CLEANING,98.801,0,Azuay,B,2,974,43.3,16.33,0
9461,2022-12-03,5,GROCERY I,352.574,0,Azuay,B,2,974,43.3,16.33,0
10921,2022-12-03,5,PRODUCE,189.888,0,Azuay,B,2,974,43.3,16.33,0
13111,2022-12-03,8,BEVERAGES,504.107,0,Guayas,C,1,1638,43.3,16.33,0
14571,2022-12-03,8,CLEANING,225.224,0,Guayas,C,1,1638,43.3,16.33,0
12381,2022-12-03,8,GROCERY I,783.165,1,Guayas,C,1,1638,43.3,16.33,0
13841,2022-12-03,8,PRODUCE,384.343,0,Guayas,C,1,1638,43.3,16.33,0
1432,2022-12-04,1,BEVERAGES,370.698,0,Pichincha,D,2,1315,42.83,16.45,0
2892,2022-12-04,1,CLEANING,158.274,0,Pichincha,D,2,1315,42.83,16.45,0
702,2022-12-04,1,GROCERY I,707.092,0,Pichincha,D,2,1315,42.83,16.45,0
2162,2022-12-04,1,PRODUCE,326.311,0,Pichincha,D,2,1315,42.83,16.45,0
4352,2022-12-04,2,BEVERAGES,401.119,1,Pichincha,D,3,958,42.83,16.45,0
5812,2022-12-04,2,CLEANING,149.101,0,Pichincha,D,3,958,42.83,16.45,0
3622,2022-12-04,2,GROCERY I,628.187,0,Pichincha,D,3,958,42.83,16.45,0
5082,2022-12-04,2,PRODUCE,244.212,0,Pichincha,D,3,958,42.83,16.45,0
7272,2022-12-04,3,BEVERAGES,486.837,0,Guayas,A,4,1698,42.83,16.45,0
8732,2022-12-04,3,CLEANING,251.483,0,Guayas,A,4,1698,42.83,16.45,0
6542,2022-12-04,3,GROCERY I,856.401,0,Guayas,A,4,1698,42.83,16.45,0
8002,2022-12-04,3,PRODUCE,418.443,0,Guayas,A,4,1698,42.83,16.45,0
10192,2022-12-04,5,BEVERAGES,218.679,0,Azuay,B,2,737,42.83,16.45,0
11652,2022-12-04,5,CLEANING,95.351,0,Azuay,B,2,737,42.83,16.45,0
9462,2022-12-04,5,GROCERY I,362.504,0,Azuay,B,2,737,42.83,16.45,0
10922,2022-12-04,5,PRODUCE,171.2,0,Azuay,B,2,737,42.83,16.45,0
13112,2022-12-04,8,BEVERAGES,407.123,0,Guayas,C,1,1348,42.83,16.45,0
14572,2022-12-04,8,CLEANING,171.446,0,Guayas,C,1,1348,42.83,16.45,0
12382,2022-12-04,8,GROCERY I,753.762,5,Guayas,C,1,1348,42.83,16.45,0
13842,2022-12-04,8,PRODUCE,337.009,0,Guayas,C,1,1348,42.83,16.45,0
1433,2022-12-05,1,BEVERAGES,269.815,0,Pichincha,D,2,1031,42.81,15.42,0
2893,2022-12-05,1,CLEANING,138.706,0,Pichincha,D,2,1031,42.81,15.42,0
703,2022-12-05,1,GROCERY I,518.343,0,Pichincha,D,2,1031,42.81,15.42,0
2163,2022-12-05,1,PRODUCE,227.158,0,Pichincha,D,2,1031,42.81,15.42,0
4353,2022-12-05,2,BEVERAGES,265.297,0,Pichincha,D,3,905,42.81,15.42,0
5813,2022-12-05,2,CLEANING,98.538,0,Pichincha,D,3,905,42.81,15.42,0
3623,2022-12-05,2,GROCERY I,465.653,0,Pichincha,D,3,905,42.81,15.42,0
5083,2022-12-05,2,PRODUCE,184.275,0,Pichincha,D,3,905,42.81,15.42,0
7273,2022-12-05,3,BEVERAGES,430.563,0,Guayas,A,4,1379,42.81,15.42,0
8733,2022-12-05,3,CLEANING,171.336,0,Guayas,A,4,1379,42.81,15.42,0
6543,2022-12-05,3,GROCERY I,882.671,23,Guayas,A,4,1379,42.81,15.42,0
8003,2022-12-05,3,PRODUCE,337.376,0,Guayas,A,4,1379,42.81,15.42,0
10193,2022-12-05,5,BEVERAGES,204.648,22,Azuay,B,2,608,42.81,15.42,0
11653,2022-12-05,5,CLEANING,63.852,0,Azuay,B,2,608,42.81,15.42,0
9463,2022-12-05,5,GROCERY I,297.715,0,Azuay,B,2,608,42.81,15.42,0
10923,2022-12-05,5,PRODUCE,157.209,12,Azuay,B,2,608,42.81,15.42,0
13113,2022-12-05,8,BEVERAGES,475.669,24,Guayas,C,1,1090,42.81,15.42,0
14573,2022-12-05,8,CLEANING,146.776,0,Guayas,C,1,1090,42.81,15.42,0
12383,2022-12-05,8,GROCERY I,573.694,0,Guayas,C,1,1090,42.81,15.42,0
13843,2022-12-05,8,PRODUCE,243.242,0,Guayas,C,1,1090,42.81,15.42,0
1434,2022-12-06,1,BEVERAGES,279.778,0,Pichincha,D,2,1016,43.28,18.08,0
2894,2022-12-06,1,CLEANING,154.795,14,Pichincha,D,2,1016,43.28,18.08,0
704,2022-12-06,1,GROCERY I,450.867,0,Pichincha,D,2,1016,43.28,18.08,0
2164,2022-12-06,1,PRODUCE,232.855,0,Pichincha,D,2,1016,43.28,18.08,0
4354,2022-12-06,2,BEVERAGES,267.377,0,Pichincha,D,3,831,43.28,18.08,0
5814,2022-12-06,2,CLEANING,108.176,0,Pichincha,D,3,831,43.28,18.08,0
3624,2022-12-06,2,GROCERY I,540.318,11,Pichincha,D,3,831,43.28,18.08,0
5084,2022-12-06,2,PRODUCE,203.893,0,Pichincha,D,3,831,43.28,18.08,0
7274,2022-12-06,3,BEVERAGES,385.994,0,Guayas,A,4,1272,43.28,18.08,0
8734,2022-12-06,3,CLEANING,174.235,0,Guayas,A,4,1272,43.28,18.08,0
6544,2022-12-06,3,GROCERY I,693.048,0,Guayas,A,4,1272,43.28,18.08,0
8004,2022-12-06,3,PRODUCE,311.84,19,Guayas,A,4,1272,43.28,18.08,0
10194,2022-12-06,5,BEVERAGES,178.924,0,Azuay,B,2,532,43.28,18.08,0
11654,2022-12-06,5,CLEANING,62.647,0,Azuay,B,2,532,43.28,18.08,0
9464,2022-12-06,5,GROCERY I,262.987,0,Azuay,B,2,532,43.28,18.08,0
10924,2022-12-06,5,PRODUCE,152.597,0,Azuay,B,2,532,43.28,18.08,0
13114,2022-12-06,8,BEVERAGES,294.001,0,Guayas,C,1,1055,43.28,18.08,0
14574,2022-12-06,8,CLEANING,186.579,18,Guayas,C,1,1055,43.28,18.08,0
12384,2022-12-06,8,GROCERY I,666.17,6,Guayas,C,1,1055,43.28,18.08,0
13844,2022-12-06,8,PRODUCE,254.372,0,Guayas,C,1,1055,43.28,18.08,0
1435,2022-12-07,1,BEVERAGES,310.553,0,Pichincha,D,2,1109,42.84,17.67,0
2895,2022-12-07,1,CLEANING,152.479,0,Pichincha,D,2,1109,42.84,17.67,0
705,2022-12-07,1,GROCERY I,472.521,0,Pichincha,D,2,1109,42.84,17.67,0
2165,2022-12-07,1,PRODUCE,188.637,0,Pichincha,D,2,1109,42.84,17.67,0
4355,2022-12-07,2,BEVERAGES,249.257,0,Pichincha,D,3,768,42.84,17.67,0
5815,2022-12-07,2,CLEANING,110.675,0,Pichincha,D,3,768,42.84,17.67,0
3625,2022-12-07,2,GROCERY I,366.865,0,Pichincha,D,3,768,42.84,17.67,0
5085,2022-12-07,2,PRODUCE,181.402,0,Pichincha,D,3,768,42.84,17.67,0
7275,2022-12-07,3,BEVERAGES,412.364,0,Guayas,A,4,1404,42.84,17.67,0
8735,2022-12-07,3,CLEANING,185.157,0,Guayas,A,4,1404,42.84,17.67,0
6545,2022-12-07,3,GROCERY I,685.211,0,Guayas,A,4,1404,42.84,17.67,0
8005,2022-12-07,3,PRODUCE,312.759,0,Guayas,A,4,1404,42.84,17.67,0
10195,2022-12-07,5,BEVERAGES,177.068,0,Azuay,B,2,585,42.84,17.67,0
11655,2022-12-07,5,CLEANING,69.209,0,Azuay,B,2,585,42.84,17.67,0
9465,2022-12-07,5,GROCERY I,285.794,0,Azuay,B,2,585,42.84,17.67,0
10925,2022-12-07,5,PRODUCE,150.028,13,Azuay,B,2,585,42.84,17.67,0
13115,2022-12-07,8,BEVERAGES,331.977,0,Guayas,C,1,1081,42.84,17.67,0
14575,2022-12-07,8,CLEANING,154.849,0,Guayas,C,1,1081,42.84,17.67,0
12385,2022-12-07,8,GROCERY I,607.211,0,Guayas,C,1,1081,42.84,17.67,0
13845,2022-12-07,8,PRODUCE,262.15,0,Guayas,C,1,1081,42.84,17.67,0
1436,2022-12-08,1,BEVERAGES,268.071,0,Pichincha,D,2,960,42.43,17.21,0
2896,2022-12-08,1,CLEANING,181.222,19,Pichincha,D,2,960,42.43,17.21,0
706,2022-12-08,1,GROCERY I,475.061,0,Pichincha,D,2,960,42.43,17.21,0
2166,2022-12-08,1,PRODUCE,245.076,14,Pichincha,D,2,960,42.43,17.21,0
4356,2022-12-08,2,BEVERAGES,319.335,22,Pichincha,D,3,903,42.43,17.21,0
5816,2022-12-08,2,CLEANING,98.657,0,Pichincha,D,3,903,42.43,17.21,0
3626,2022-12-08,2,GROCERY I,501.825,0,Pichincha,D,3,903,42.43,17.21,0
5086,2022-12-08,2,PRODUCE,208.36,0,Pichincha,D,3,903,42.43,17.21,0
7276,2022-12-08,3,BEVERAGES,431.102,0,Guayas,A,4,1419,42.43,17.21,0
8736,2022-12-08,3,CLEANING,220.54,0,Guayas,A,4,1419,42.43,17.21,0
6546,2022-12-08,3,GROCERY I,808.057,9,Guayas,A,4,1419,42.43,17.21,0
8006,2022-12-08,3,PRODUCE,308.052,0,Guayas,A,4,1419,42.43,17.21,0
10196,2022-12-08,5,BEVERAGES,174.091,0,Azuay,B,2,655,42.43,17.21,0
11656,2022-12-08,5,CLEANING,75.604,0,Azuay,B,2,655,42.43,17.21,0
9466,2022-12-08,5,GROCERY I,302.624,0,Azuay,B,2,655,42.43,17.21,0
10926,2022-12-08,5,PRODUCE,146.093,15,Azuay,B,2,655,42.43,17.21,0
13116,2022-12-08,8,BEVERAGES,319.866,0,Guayas,C,1,1200,42.43,17.21,0
14576,2022-12-08,8,CLEANING,140.633,0,Guayas,C,1,1200,42.43,17.21,0
12386,2022-12-08,8,GROCERY I,446.938,0,Guayas,C,1,1200,42.43,17.21,0
13846,2022-12-08,8,PRODUCE,276.57,0,Guayas,C,1,1200,42.43,17.21,0
1437,2022-12-09,1,BEVERAGES,376.992,0,Pichincha,D,2,1190,42.68,13.73,0
2897,2022-12-09,1,CLEANING,157.328,0,Pichincha,D,2,1190,42.68,13.73,0
707,2022-12-09,1,GROCERY I,558.846,0,Pichincha,D,2,1190,42.68,13.73,0
2167,2022-12-09,1,PRODUCE,317.714,0,Pichincha,D,2,1190,42.68,13.73,0
4357,2022-12-09,2,BEVERAGES,316.281,0,Pichincha,D,3,1019,42.68,13.73,0
5817,2022-12-09,2,CLEANING,137.116,0,Pichincha,D,3,1019,42.68,13.73,0
3627,2022-12-09,2,GROCERY I,498.626,0,Pichincha,D,3,1019,42.68,13.73,0
5087,2022-12-09,2,PRODUCE,270.819,0,Pichincha,D,3,1019,42.68,13.73,0
7277,2022-12-09,3,BEVERAGES,546.312,0,Guayas,A,4,1620,42.68,13.73,0
8737,2022-12-09,3,CLEANING,262.561,1,Guayas,A,4,1620,42.68,13.73,0
6547,2022-12-09,3,GROCERY I,767.497,0,Guayas,A,4,1620,42.68,13.73,0
8007,2022-12-09,3,PRODUCE,347.782,0,Guayas,A,4,1620,42.68,13.73,0
10197,2022-12-09,5,BEVERAGES,281.044,13,Azuay,B,2,785,42.68,13.73,0
11657,2022-12-09,5,CLEANING,95.628,0,Azuay,B,2,785,42.68,13.73,0
9467,2022-12-09,5,GROCERY I,385.071,0,Azuay,B,2,785,42.68,13.73,0
10927,2022-12-09,5,PRODUCE,140.803,0,Azuay,B,2,785,42.68,13.73,0
13117,2022-12-09,8,BEVERAGES,443.265,0,Guayas,C,1,1397,42.68,13.73,0
14577,2022-12-09,8,CLEANING,172.002,0,Guayas,C,1,1397,42.68,13.73,0
12387,2022-12-09,8,GROCERY I,724.086,0,Guayas,C,1,1397,42.68,13.73,0
13847,2022-12-09,8,PRODUCE,291.467,0,Guayas,C,1,1397,42.68,13.73,0
1438,2022-12-10,1,BEVERAGES,464.089,0,Pichincha,D,2,1447,42.58,16.17,0
2898,2022-12-10,1,CLEANING,212.115,0,Pichincha,D,2,1447,42.58,16.17,0
708,2022-12-10,1,GROCERY I,665.883,0,Pichincha,D,2,1447,42.58,16.17,0
2168,2022-12-10,1,PRODUCE,339.929,0,Pichincha,D,2,1447,42.58,16.17,0
4358,2022-12-10,2,BEVERAGES,350.717,0,Pichincha,D,3,1235,42.58,16.17,0
5818,2022-12-10,2,CLEANING,153.856,0,Pichincha,D,3,1235,42.58,16.17,0
3628,2022-12-10,2,GROCERY I,589.195,0,Pichincha,D,3,1235,42.58,16.17,0
5088,2022-12-10,2,PRODUCE,296.417,0,Pichincha,D,3,1235,42.58,16.17,0
7278,2022-12-10,3,BEVERAGES,607.285,0,Guayas,A,4,2006,42.58,16.17,0
8738,2022-12-10,3,CLEANING,273.21,0,Guayas,A,4,2006,42.58,16.17,0
6548,2022-12-10,3,GROCERY I,989.211,0,Guayas,A,4,2006,42.58,16.17,0
8008,2022-12-10,3,PRODUCE,556.373,23,Guayas,A,4,2006,42.58,16.17,0
10198,2022-12-10,5,BEVERAGES,270.444,0,Azuay,B,2,868,42.58,16.17,0
11658,2022-12-10,5,CLEANING,103.466,0,Azuay,B,2,868,42.58,16.17,0
9468,2022-12-10,5,GROCERY I,444.885,0,Azuay,B,2,868,42.58,16.17,0
10928,2022-12-10,5,PRODUCE,204.544,0,Azuay,B,2,868,42.58,16.17,0
13118,2022-12-10,8,BEVERAGES,568.352,0,Guayas,C,1,1616,42.58,16.17,0
14578,2022-12-10,8,CLEANING,187.12,0,Guayas,C,1,1616,42.58,16.17,0
12388,2022-12-10,8,GROCERY I,714.622,0,Guayas,C,1,1616,42.58,16.17,0
13848,2022-12-10,8,PRODUCE,358.099,0,Guayas,C,1,1616,42.58,16.17,0
1439,2022-12-11,1,BEVERAGES,402.663,0,Pichincha,D,2,1251,42.87,19.53,0
2899,2022-12-11,1,CLEANING,176.969,0,Pichincha,D,2,1251,42.87,19.53,0
709,2022-12-11,1,GROCERY I,600.439,0,Pichincha,D,2,1251,42.87,19.53,0
2169,2022-12-11,1,PRODUCE,294.12,0,Pichincha,D,2,1251,42.87,19.53,0
4359,2022-12-11,2,BEVERAGES,433.328,14,Pichincha,D,3,1061,42.87,19.53,0
5819,2022-12-11,2,CLEANING,146.207,0,Pichincha,D,3,1061,42.87,19.53,0
3629,2022-12-11,2,GROCERY I,511.464,22,Pichincha,D,3,1061,42.87,19.53,0
5089,2022-12-11,2,PRODUCE,217.093,0,Pichincha,D,3,1061,42.87,19.53,0
7279,2022-12-11,3,BEVERAGES,529.162,0,Guayas,A,4,1699,42.87,19.53,0
8739,2022-12-11,3,CLEANING,244.481,0,Guayas,A,4,1699,42.87,19.53,0
6549,2022-12-11,3,GROCERY I,856.477,0,Guayas,A,4,1699,42.87,19.53,0
8009,2022-12-11,3,PRODUCE,401.111,20,Guayas,A,4,1699,42.87,19.53,0
10199,2022-12-11,5,BEVERAGES,181.57,0,Azuay,B,2,719,42.87,19.53,0
11659,2022-12-11,5,CLEANING,100.038,0,Azuay,B,2,719,42.87,19.53,0
9469,2022-12-11,5,GROCERY I,377.362,0,Azuay,B,2,719,42.87,19.53,0
10929,2022-12-11,5,PRODUCE,143.121,0,Azuay,B,2,719,42.87,19.53,0
13119,2022-12-11,8,BEVERAGES,446.083,18,Guayas,C,1,1528,42.87,19.53,0
14579,2022-12-11,8,CLEANING,192.947,7,Guayas,C,1,1528,42.87,19.53,0
12389,2022-12-11,8,GROCERY I,722.489,0,Guayas,C,1,1528,42.87,19.53,0
13849,2022-12-11,8,PRODUCE,300.678,0,Guayas,C,1,1528,42.87,19.53,0
1440,2022-12-12,1,BEVERAGES,304.92,0,Pichincha,D,2,957,42.87,17.07,0
2900,2022-12-12,1,CLEANING,151.991,0,Pichincha,D,2,957,42.87,17.07,0
710,2022-12-12,1,GROCERY I,455.281,0,Pichincha,D,2,957,42.87,17.07,0
2170,2022-12-12,1,PRODUCE,206.943,0,Pichincha,D,2,957,42.87,17.07,0
4360,2022-12-12,2,BEVERAGES,272.074,0,Pichincha,D,3,879,42.87,17.07,0
5820,2022-12-12,2,CLEANING,0.0,0,Pichincha,D,3,879,42.87,17.07,0
3630,2022-12-12,2,GROCERY I,422.938,0,Pichincha,D,3,879,42.87,17.07,0
5090,2022-12-12,2,PRODUCE,167.317,0,Pichincha,D,3,879,42.87,17.07,0
7280,2022-12-12,3,BEVERAGES,363.032,0,Guayas,A,4,1369,42.87,17.07,0
8740,2022-12-12,3,CLEANING,159.942,0,Guayas,A,4,1369,42.87,17.07,0
6550,2022-12-12,3,GROCERY I,744.165,0,Guayas,A,4,1369,42.87,17.07,0
8010,2022-12-12,3,PRODUCE,335.929,0,Guayas,A,4,1369,42.87,17.07,0
10200,2022-12-12,5,BEVERAGES,204.396,0,Azuay,B,2,607,42.87,17.07,0
11660,2022-12-12,5,CLEANING,85.91,0,Azuay,B,2,607,42.87,17.07,0
9470,2022-12-12,5,GROCERY I,310.567,0,Azuay,B,2,607,42.87,17.07,0
10930,2022-12-12,5,PRODUCE,117.542,0,Azuay,B,2,607,42.87,17.07,0
13120,2022-12-12,8,BEVERAGES,375.947,0,Guayas,C,1,1090,42.87,17.07,0
14580,2022-12-12,8,CLEANING,137.717,0,Guayas,C,1,1090,42.87,17.07,0
12390,2022-12-12,8,GROCERY I,546.535,0,Guayas,C,1,1090,42.87,17.07,0
13850,2022-12-12,8,PRODUCE,274.577,0,Guayas,C,1,1090,42.87,17.07,0
1441,2022-12-13,1,BEVERAGES,299.741,0,Pichincha,D,2,948,43.18,18.55,0
2901,2022-12-13,1,CLEANING,123.563,0,Pichincha,D,2,948,43.18,18.55,0
711,2022-12-13,1,GROCERY I,411.445,0,Pichincha,D,2,948,43.18,18.55,0
2171,2022-12-13,1,PRODUCE,221.456,0,Pichincha,D,2,948,43.18,18.55,0
4361,2022-12-13,2,BEVERAGES,263.005,0,Pichincha,D,3,782,43.18,18.55,0
5821,2022-12-13,2,CLEANING,109.946,0,Pichincha,D,3,782,43.18,18.55,0
3631,2022-12-13,2,GROCERY I,353.675,0,Pichincha,D,3,782,43.18,18.55,0
5091,2022-12-13,2,PRODUCE,174.803,0,Pichincha,D,3,782,43.18,18.55,0
7281,2022-12-13,3,BEVERAGES,506.258,23,Guayas,A,4,1288,43.18,18.55,0
8741,2022-12-13,3,CLEANING,140.601,0,Guayas,A,4,1288,43.18,18.55,0
6551,2022-12-13,3,GROCERY I,753.453,19,Guayas,A,4,1288,43.18,18.55,0
8011,2022-12-13,3,PRODUCE,288.093,0,Guayas,A,4,1288,43.18,18.55,0
10201,2022-12-13,5,BEVERAGES,193.402,0,Azuay,B,2,539,43.18,18.55,0
11661,2022-12-13,5,CLEANING,76.173,0,Azuay,B,2,539,43.18,18.55,0
9471,2022-12-13,5,GROCERY I,294.097,15,Azuay,B,2,539,43.18,18.55,0
10931,2022-12-13,5,PRODUCE,110.479,0,Azuay,B,2,539,43.18,18.55,0
13121,2022-12-13,8,BEVERAGES,388.366,0,Guayas,C,1,1046,43.18,18.55,0
14581,2022-12-13,8,CLEANING,131.086,0,Guayas,C,1,1046,43.18,18.55,0
12391,2022-12-13,8,GROCERY I,688.634,24,Guayas,C,1,1046,43.18,18.55,0
13851,2022-12-13,8,PRODUCE,301.196,13,Guayas,C,1,1046,43.18,18.55,0
1442,2022-12-14,1,BEVERAGES,369.939,0,Pichincha,D,2,929,42.72,16.15,0
2902,2022-12-14,1,CLEANING,136.58,0,Pichincha,D,2,929,42.72,16.15,0
712,2022-12-14,1,GROCERY I,505.665,0,Pichincha,D,2,929,42.72,16.15,0
2172,2022-12-14,1,PRODUCE,203.835,0,Pichincha,D,2,929,42.72,16.15,0
4362,2022-12-14,2,BEVERAGES,260.459,0,Pichincha,D,3,787,42.72,16.15,0
5822,2022-12-14,2,CLEANING,110.631,0,Pichincha,D,3,787,42.72,16.15,0
3632,2022-12-14,2,GROCERY I,420.742,0,Pichincha,D,3,787,42.72,16.15,0
5092,2022-12-14,2,PRODUCE,241.418,4,Pichincha,D,3,787,42.72,16.15,0
7282,2022-12-14,3,BEVERAGES,435.135,0,Guayas,A,4,1291,42.72,16.15,0
8742,2022-12-14,3,CLEANING,164.806,0,Guayas,A,4,1291,42.72,16.15,0
6552,2022-12-14,3,GROCERY I,786.363,7,Guayas,A,4,1291,42.72,16.15,0
8012,2022-12-14,3,PRODUCE,293.194,0,Guayas,A,4,1291,42.72,16.15,0
10202,2022-12-14,5,BEVERAGES,179.652,0,Azuay,B,2,564,42.72,16.15,0
11662,2022-12-14,5,CLEANING,76.52,0,Azuay,B,2,564,42.72,16.15,0
9472,2022-12-14,5,GROCERY I,265.008,0,Azuay,B,2,564,42.72,16.15,0
10932,2022-12-14,5,PRODUCE,135.645,0,Azuay,B,2,564,42.72,16.15,0
13122,2022-12-14,8,BEVERAGES,354.762,0,Guayas,C,1,1033,42.72,16.15,0
14582,2022-12-14,8,CLEANING,127.127,0,Guayas,C,1,1033,42.72,16.15,0
12392,2022-12-14,8,GROCERY I,531.503,0,Guayas,C,1,1033,42.72,16.15,0
13852,2022-12-14,8,PRODUCE,257.661,0,Guayas,C,1,1033,42.72,16.15,0
1443,2022-12-15,1,BEVERAGES,353.629,0,Pichincha,D,2,1054,42.71,20.16,0
2903,2022-12-15,1,CLEANING,138.708,0,Pichincha,D,2,1054,42.71,20.16,0
713,2022-12-15,1,GROCERY I,527.67,0,Pichincha,D,2,1054,42.71,20.16,0
2173,2022-12-15,1,PRODUCE,262.148,0,Pichincha,D,2,1054,42.71,20.16,0
4363,2022-12-15,2,BEVERAGES,268.397,0,Pichincha,D,3,934,42.71,20.16,0
5823,2022-12-15,2,CLEANING,117.52,0,Pichincha,D,3,934,42.71,20.16,0
3633,2022-12-15,2,GROCERY I,378.712,0,Pichincha,D,3,934,42.71,20.16,0
5093,2022-12-15,2,PRODUCE,201.6,0,Pichincha,D,3,934,42.71,20.16,0
7283,2022-12-15,3,BEVERAGES,442.677,0,Guayas,A,4,1365,42.71,20.16,0
8743,2022-12-15,3,CLEANING,205.078,0,Guayas,A,4,1365,42.71,20.16,0
6553,2022-12-15,3,GROCERY I,825.406,0,Guayas,A,4,1365,42.71,20.16,0
8013,2022-12-15,3,PRODUCE,315.308,0,Guayas,A,4,1365,42.71,20.16,0
10203,2022-12-15,5,BEVERAGES,197.386,0,Azuay,B,2,654,42.71,20.16,0
11663,2022-12-15,5,CLEANING,82.696,0,Azuay,B,2,654,42.71,20.16,0
9473,2022-12-15,5,GROCERY I,259.298,0,Azuay,B,2,654,42.71,20.16,0
10933,2022-12-15,5,PRODUCE,185.48,7,Azuay,B,2,654,42.71,20.16,0
13123,2022-12-15,8,BEVERAGES,343.269,0,Guayas,C,1,1073,42.71,20.16,0
14583,2022-12-15,8,CLEANING,150.427,0,Guayas,C,1,1073,42.71,20.16,0
12393,2022-12-15,8,GROCERY I,617.368,0,Guayas,C,1,1073,42.71,20.16,0
13853,2022-12-15,8,PRODUCE,272.796,0,Guayas,C,1,1073,42.71,20.16,0
1444,2022-12-16,1,BEVERAGES,378.008,0,Pichincha,D,2,1228,42.62,17.99,0
2904,2022-12-16,1,CLEANING,167.816,0,Pichincha,D,2,1228,42.62,17.99,0
714,2022-12-16,1,GROCERY I,710.736,0,Pichincha,D,2,1228,42.62,17.99,0
2174,2022-12-16,1,PRODUCE,351.867,0,Pichincha,D,2,1228,42.62,17.99,0
4364,2022-12-16,2,BEVERAGES,360.268,0,Pichincha,D,3,1033,42.62,17.99,0
5824,2022-12-16,2,CLEANING,149.039,3,Pichincha,D,3,1033,42.62,17.99,0
3634,2022-12-16,2,GROCERY I,586.078,0,Pichincha,D,3,1033,42.62,17.99,0
5094,2022-12-16,2,PRODUCE,277.138,0,Pichincha,D,3,1033,42.62,17.99,0
7284,2022-12-16,3,BEVERAGES,767.298,22,Guayas,A,4,1764,42.62,17.99,0
8744,2022-12-16,3,CLEANING,316.941,9,Guayas,A,4,1764,42.62,17.99,0
6554,2022-12-16,3,GROCERY I,946.865,0,Guayas,A,4,1764,42.62,17.99,0
8014,2022-12-16,3,PRODUCE,375.073,0,Guayas,A,4,1764,42.62,17.99,0
10204,2022-12-16,5,BEVERAGES,221.518,0,Azuay,B,2,757,42.62,17.99,0
11664,2022-12-16,5,CLEANING,83.337,0,Azuay,B,2,757,42.62,17.99,0
9474,2022-12-16,5,GROCERY I,370.786,0,Azuay,B,2,757,42.62,17.99,0
10934,2022-12-16,5,PRODUCE,148.189,0,Azuay,B,2,757,42.62,17.99,0
13124,2022-12-16,8,BEVERAGES,434.426,0,Guayas,C,1,1295,42.62,17.99,0
14584,2022-12-16,8,CLEANING,182.272,0,Guayas,C,1,1295,42.62,17.99,0
12394,2022-12-16,8,GROCERY I,624.669,0,Guayas,C,1,1295,42.62,17.99,0
13854,2022-12-16,8,PRODUCE,270.048,0,Guayas,C,1,1295,42.62,17.99,0
1445,2022-12-17,1,BEVERAGES,477.116,0,Pichincha,D,2,1499,42.07,18.65,0
2905,2022-12-17,1,CLEANING,226.042,4,Pichincha,D,2,1499,42.07,18.65,0
715,2022-12-17,1,GROCERY I,698.621,0,Pichincha,D,2,1499,42.07,18.65,0
2175,2022-12-17,1,PRODUCE,433.75,23,Pichincha,D,2,1499,42.07,18.65,0
4365,2022-12-17,2,BEVERAGES,429.028,0,Pichincha,D,3,1249,42.07,18.65,0
5825,2022-12-17,2,CLEANING,164.307,0,Pichincha,D,3,1249,42.07,18.65,0
3635,2022-12-17,2,GROCERY I,638.556,0,Pichincha,D,3,1249,42.07,18.65,0
5095,2022-12-17,2,PRODUCE,289.747,0,Pichincha,D,3,1249,42.07,18.65,0
7285,2022-12-17,3,BEVERAGES,801.05,12,Guayas,A,4,1998,42.07,18.65,0
8745,2022-12-17,3,CLEANING,248.83,0,Guayas,A,4,1998,42.07,18.65,0
6555,2022-12-17,3,GROCERY I,922.381,0,Guayas,A,4,1998,42.07,18.65,0
8015,2022-12-17,3,PRODUCE,506.392,0,Guayas,A,4,1998,42.07,18.65,0
10205,2022-12-17,5,BEVERAGES,287.26,9,Azuay,B,2,924,42.07,18.65,0
11665,2022-12-17,5,CLEANING,125.293,0,Azuay,B,2,924,42.07,18.65,0
9475,2022-12-17,5,GROCERY I,441.982,0,Azuay,B,2,924,42.07,18.65,0
10935,2022-12-17,5,PRODUCE,247.318,8,Azuay,B,2,924,42.07,18.65,0
13125,2022-12-17,8,BEVERAGES,499.885,0,Guayas,C,1,1670,42.07,18.65,0
14585,2022-12-17,8,CLEANING,220.191,0,Guayas,C,1,1670,42.07,18.65,0
12395,2022-12-17,8,GROCERY I,808.02,0,Guayas,C,1,1670,42.07,18.65,0
13855,2022-12-17,8,PRODUCE,402.688,0,Guayas,C,1,1670,42.07,18.65,0
1446,2022-12-18,1,BEVERAGES,415.03,0,Pichincha,D,2,1314,41.37,21.55,0
2906,2022-12-18,1,CLEANING,183.534,0,Pichincha,D,2,1314,41.37,21.55,0
716,2022-12-18,1,GROCERY I,806.954,14,Pichincha,D,2,1314,41.37,21.55,0
2176,2022-12-18,1,PRODUCE,278.415,0,Pichincha,D,2,1314,41.37,21.55,0
4366,2022-12-18,2,BEVERAGES,468.353,2,Pichincha,D,3,1129,41.37,21.55,0
5826,2022-12-18,2,CLEANING,132.568,0,Pichincha,D,3,1129,41.37,21.55,0
3636,2022-12-18,2,GROCERY I,635.472,0,Pichincha,D,3,1129,41.37,21.55,0
5096,2022-12-18,2,PRODUCE,234.548,0,Pichincha,D,3,1129,41.37,21.55,0
7286,2022-12-18,3,BEVERAGES,552.978,0,Guayas,A,4,1724,41.37,21.55,0
8746,2022-12-18,3,CLEANING,209.45,0,Guayas,A,4,1724,41.37,21.55,0
6556,2022-12-18,3,GROCERY I,1199.569,24,Guayas,A,4,1724,41.37,21.55,0
8016,2022-12-18,3,PRODUCE,358.789,0,Guayas,A,4,1724,41.37,21.55,0
10206,2022-12-18,5,BEVERAGES,284.97,0,Azuay,B,2,760,41.37,21.55,0
11666,2022-12-18,5,CLEANING,89.244,0,Azuay,B,2,760,41.37,21.55,0
9476,2022-12-18,5,GROCERY I,415.37,0,Azuay,B,2,760,41.37,21.55,0
10936,2022-12-18,5,PRODUCE,129.101,0,Azuay,B,2,760,41.37,21.55,0
13126,2022-12-18,8,BEVERAGES,536.191,0,Guayas,C,1,1454,41.37,21.55,0
14586,2022-12-18,8,CLEANING,177.335,0,Guayas,C,1,1454,41.37,21.55,0
12396,2022-12-18,8,GROCERY I,717.748,0,Guayas,C,1,1454,41.37,21.55,0
13856,2022-12-18,8,PRODUCE,375.292,19,Guayas,C,1,1454,41.37,21.55,0
1447,2022-12-19,1,BEVERAGES,304.253,0,Pichincha,D,2,1034,41.67,20.47,0
2907,2022-12-19,1,CLEANING,142.219,0,Pichincha,D,2,1034,41.67,20.47,0
717,2022-12-19,1,GROCERY I,520.322,0,Pichincha,D,2,1034,41.67,20.47,0
2177,2022-12-19,1,PRODUCE,179.061,0,Pichincha,D,2,1034,41.67,20.47,0
4367,2022-12-19,2,BEVERAGES,276.463,0,Pichincha,D,3,826,41.67,20.47,0
5827,2022-12-19,2,CLEANING,122.589,0,Pichincha,D,3,826,41.67,20.47,0
3637,2022-12-19,2,GROCERY I,376.049,0,Pichincha,D,3,826,41.67,20.47,0
5097,2022-12-19,2,PRODUCE,170.471,0,Pichincha,D,3,826,41.67,20.47,0
7287,2022-12-19,3,BEVERAGES,460.365,0,Guayas,A,4,1332,41.67,20.47,0
8747,2022-12-19,3,CLEANING,210.276,0,Guayas,A,4,1332,41.67,20.47,0
6557,2022-12-19,3,GROCERY I,613.299,0,Guayas,A,4,1332,41.67,20.47,0
8017,2022-12-19,3,PRODUCE,301.91,0,Guayas,A,4,1332,41.67,20.47,0
10207,2022-12-19,5,BEVERAGES,200.004,0,Azuay,B,2,650,41.67,20.47,0
11667,2022-12-19,5,CLEANING,89.545,0,Azuay,B,2,650,41.67,20.47,0
9477,2022-12-19,5,GROCERY I,299.289,0,Azuay,B,2,650,41.67,20.47,0
10937,2022-12-19,5,PRODUCE,124.054,0,Azuay,B,2,650,41.67,20.47,0
13127,2022-12-19,8,BEVERAGES,384.806,0,Guayas,C,1,1068,41.67,20.47,0
14587,2022-12-19,8,CLEANING,142.269,0,Guayas,C,1,1068,41.67,20.47,0
12397,2022-12-19,8,GROCERY I,778.128,22,Guayas,C,1,1068,41.67,20.47,0
13857,2022-12-19,8,PRODUCE,243.714,0,Guayas,C,1,1068,41.67,20.47,0
1448,2022-12-20,1,BEVERAGES,294.827,0,Pichincha,D,2,947,41.52,17.96,0
2908,2022-12-20,1,CLEANING,148.197,0,Pichincha,D,2,947,41.52,17.96,0
718,2022-12-20,1,GROCERY I,479.252,0,Pichincha,D,2,947,41.52,17.96,0
2178,2022-12-20,1,PRODUCE,190.714,0,Pichincha,D,2,947,41.52,17.96,0
4368,2022-12-20,2,BEVERAGES,290.796,0,Pichincha,D,3,798,41.52,17.96,0
5828,2022-12-20,2,CLEANING,115.397,0,Pichincha,D,3,798,41.52,17.96,0
3638,2022-12-20,2,GROCERY I,457.363,0,Pichincha,D,3,798,41.52,17.96,0
5098,2022-12-20,2,PRODUCE,248.294,4,Pichincha,D,3,798,41.52,17.96,0
7288,2022-12-20,3,BEVERAGES,619.962,3,Guayas,A,4,1322,41.52,17.96,0
8748,2022-12-20,3,CLEANING,169.942,0,Guayas,A,4,1322,41.52,17.96,0
6558,2022-12-20,3,GROCERY I,775.058,21,Guayas,A,4,1322,41.52,17.96,0
8018,2022-12-20,3,PRODUCE,297.108,0,Guayas,A,4,1322,41.52,17.96,0
10208,2022-12-20,5,BEVERAGES,240.277,15,Azuay,B,2,579,41.52,17.96,0
11668,2022-12-20,5,CLEANING,81.427,0,Azuay,B,2,579,41.52,17.96,0
9478,2022-12-20,5,GROCERY I,265.168,0,Azuay,B,2,579,41.52,17.96,0
10938,2022-12-20,5,PRODUCE,165.735,20,Azuay,B,2,579,41.52,17.96,0
13128,2022-12-20,8,BEVERAGES,374.971,0,Guayas,C,1,1064,41.52,17.96,0
14588,2022-12-20,8,CLEANING,141.31,0,Guayas,C,1,1064,41.52,17.96,0
12398,2022-12-20,8,GROCERY I,577.337,0,Guayas,C,1,1064,41.52,17.96,0
13858,2022-12-20,8,PRODUCE,227.645,0,Guayas,C,1,1064,41.52,17.96,0
1449,2022-12-21,1,BEVERAGES,355.032,0,Pichincha,D,2,1081,41.06,17.62,0
2909,2022-12-21,1,CLEANING,136.349,0,Pichincha,D,2,1081,41.06,17.62,0
719,2022-12-21,1,GROCERY I,537.655,0,Pichincha,D,2,1081,41.06,17.62,0
2179,2022-12-21,1,PRODUCE,263.273,0,Pichincha,D,2,1081,41.06,17.62,0
4369,2022-12-21,2,BEVERAGES,256.367,0,Pichincha,D,3,852,41.06,17.62,0
5829,2022-12-21,2,CLEANING,118.531,0,Pichincha,D,3,852,41.06,17.62,0
3639,2022-12-21,2,GROCERY I,345.49,0,Pichincha,D,3,852,41.06,17.62,0
5099,2022-12-21,2,PRODUCE,188.913,0,Pichincha,D,3,852,41.06,17.62,0
7289,2022-12-21,3,BEVERAGES,448.653,0,Guayas,A,4,1302,41.06,17.62,0
8749,2022-12-21,3,CLEANING,177.805,0,Guayas,A,4,1302,41.06,17.62,0
6559,2022-12-21,3,GROCERY I,659.663,0,Guayas,A,4,1302,41.06,17.62,0
8019,2022-12-21,3,PRODUCE,281.474,0,Guayas,A,4,1302,41.06,17.62,0
10209,2022-12-21,5,BEVERAGES,181.776,0,Azuay,B,2,579,41.06,17.62,0
11669,2022-12-21,5,CLEANING,100.224,14,Azuay,B,2,579,41.06,17.62,0
9479,2022-12-21,5,GROCERY I,356.656,4,Azuay,B,2,579,41.06,17.62,0
10939,2022-12-21,5,PRODUCE,128.672,0,Azuay,B,2,579,41.06,17.62,0
13129,2022-12-21,8,BEVERAGES,425.486,0,Guayas,C,1,1121,41.06,17.62,0
14589,2022-12-21,8,CLEANING,160.434,0,Guayas,C,1,1121,41.06,17.62,0
12399,2022-12-21,8,GROCERY I,561.944,0,Guayas,C,1,1121,41.06,17.62,0
13859,2022-12-21,8,PRODUCE,254.727,0,Guayas,C,1,1121,41.06,17.62,0
1450,2022-12-22,1,BEVERAGES,331.038,0,Pichincha,D,2,1051,41.01,18.04,0
2910,2022-12-22,1,CLEANING,138.926,0,Pichincha,D,2,1051,41.01,18.04,0
720,2022-12-22,1,GROCERY I,569.868,0,Pichincha,D,2,1051,41.01,18.04,0
2180,2022-12-22,1,PRODUCE,221.539,0,Pichincha,D,2,1051,41.01,18.04,0
4370,2022-12-22,2,BEVERAGES,276.475,0,Pichincha,D,3,815,41.01,18.04,0
5830,2022-12-22,2,CLEANING,136.285,0,Pichincha,D,3,815,41.01,18.04,0
3640,2022-12-22,2,GROCERY I,444.136,0,Pichincha,D,3,815,41.01,18.04,0
5100,2022-12-22,2,PRODUCE,172.734,0,Pichincha,D,3,815,41.01,18.04,0
7290,2022-12-22,3,BEVERAGES,370.947,0,Guayas,A,4,1356,41.01,18.04,0
8750,2022-12-22,3,CLEANING,220.015,0,Guayas,A,4,1356,41.01,18.04,0
6560,2022-12-22,3,GROCERY I,713.05,0,Guayas,A,4,1356,41.01,18.04,0
8020,2022-12-22,3,PRODUCE,407.275,17,Guayas,A,4,1356,41.01,18.04,0
10210,2022-12-22,5,BEVERAGES,217.203,0,Azuay,B,2,575,41.01,18.04,0
11670,2022-12-22,5,CLEANING,87.171,0,Azuay,B,2,575,41.01,18.04,0
9480,2022-12-22,5,GROCERY I,253.826,0,Azuay,B,2,575,41.01,18.04,0
10940,2022-12-22,5,PRODUCE,152.482,0,Azuay,B,2,575,41.01,18.04,0
13130,2022-12-22,8,BEVERAGES,422.326,0,Guayas,C,1,1053,41.01,18.04,0
14590,2022-12-22,8,CLEANING,148.364,0,Guayas,C,1,1053,41.01,18.04,0
12400,2022-12-22,8,GROCERY I,616.925,0,Guayas,C,1,1053,41.01,18.04,0
13860,2022-12-22,8,PRODUCE,265.754,0,Guayas,C,1,1053,41.01,18.04,0
1451,2022-12-23,1,BEVERAGES,365.047,0,Pichincha,D,2,1144,41.52,19.27,0
2911,2022-12-23,1,CLEANING,181.878,0,Pichincha,D,2,1144,41.52,19.27,0
721,2022-12-23,1,GROCERY I,787.492,7,Pichincha,D,2,1144,41.52,19.27,0
2181,2022-12-23,1,PRODUCE,277.788,0,Pichincha,D,2,1144,41.52,19.27,0
4371,2022-12-23,2,BEVERAGES,367.059,0,Pichincha,D,3,1053,41.52,19.27,0
5831,2022-12-23,2,CLEANING,134.852,0,Pichincha,D,3,1053,41.52,19.27,0
3641,2022-12-23,2,GROCERY I,483.984,0,Pichincha,D,3,1053,41.52,19.27,0
5101,2022-12-23,2,PRODUCE,235.667,0,Pichincha,D,3,1053,41.52,19.27,0
7291,2022-12-23,3,BEVERAGES,691.834,12,Guayas,A,4,1655,41.52,19.27,0
8751,2022-12-23,3,CLEANING,255.578,0,Guayas,A,4,1655,41.52,19.27,0
6561,2022-12-23,3,GROCERY I,892.332,0,Guayas,A,4,1655,41.52,19.27,0
8021,2022-12-23,3,PRODUCE,362.141,0,Guayas,A,4,1655,41.52,19.27,0
10211,2022-12-23,5,BEVERAGES,203.505,0,Azuay,B,2,642,41.52,19.27,0
11671,2022-12-23,5,CLEANING,97.329,0,Azuay,B,2,642,41.52,19.27,0
9481,2022-12-23,5,GROCERY I,346.225,0,Azuay,B,2,642,41.52,19.27,0
10941,2022-12-23,5,PRODUCE,131.628,0,Azuay,B,2,642,41.52,19.27,0
13131,2022-12-23,8,BEVERAGES,535.079,2,Guayas,C,1,1430,41.52,19.27,0
14591,2022-12-23,8,CLEANING,157.861,0,Guayas,C,1,1430,41.52,19.27,0
12401,2022-12-23,8,GROCERY I,753.726,0,Guayas,C,1,1430,41.52,19.27,0
13861,2022-12-23,8,PRODUCE,275.297,0,Guayas,C,1,1430,41.52,19.27,0
1452,2022-12-24,1,BEVERAGES,489.35,0,Pichincha,D,2,1435,40.49,18.46,0
2912,2022-12-24,1,CLEANING,191.286,0,Pichincha,D,2,1435,40.49,18.46,0
722,2022-12-24,1,GROCERY I,743.155,0,Pichincha,D,2,1435,40.49,18.46,0
2182,2022-12-24,1,PRODUCE,369.196,0,Pichincha,D,2,1435,40.49,18.46,0
4372,2022-12-24,2,BEVERAGES,432.572,0,Pichincha,D,3,1224,40.49,18.46,0
5832,2022-12-24,2,CLEANING,195.532,4,Pichincha,D,3,1224,40.49,18.46,0
3642,2022-12-24,2,GROCERY I,728.871,16,Pichincha,D,3,1224,40.49,18.46,0
5102,2022-12-24,2,PRODUCE,259.758,0,Pichincha,D,3,1224,40.49,18.46,0
7292,2022-12-24,3,BEVERAGES,609.798,0,Guayas,A,4,1996,40.49,18.46,0
8752,2022-12-24,3,CLEANING,301.041,0,Guayas,A,4,1996,40.49,18.46,0
6562,2022-12-24,3,GROCERY I,1035.166,0,Guayas,A,4,1996,40.49,18.46,0
8022,2022-12-24,3,PRODUCE,410.553,0,Guayas,A,4,1996,40.49,18.46,0
10212,2022-12-24,5,BEVERAGES,275.389,0,Azuay,B,2,817,40.49,18.46,0
11672,2022-12-24,5,CLEANING,109.737,0,Azuay,B,2,817,40.49,18.46,0
9482,2022-12-24,5,GROCERY I,343.933,0,Azuay,B,2,817,40.49,18.46,0
10942,2022-12-24,5,PRODUCE,186.633,0,Azuay,B,2,817,40.49,18.46,0
13132,2022-12-24,8,BEVERAGES,539.179,0,Guayas,C,1,1675,40.49,18.46,0
14592,2022-12-24,8,CLEANING,219.072,0,Guayas,C,1,1675,40.49,18.46,0
12402,2022-12-24,8,GROCERY I,861.035,0,Guayas,C,1,1675,40.49,18.46,0
13862,2022-12-24,8,PRODUCE,320.299,0,Guayas,C,1,1675,40.49,18.46,0
1453,2022-12-25,1,BEVERAGES,566.772,0,Pichincha,D,2,1215,39.82,18.11,1
2913,2022-12-25,1,CLEANING,258.146,0,Pichincha,D,2,1215,39.82,18.11,1
723,2022-12-25,1,GROCERY I,840.417,0,Pichincha,D,2,1215,39.82,18.11,1
2183,2022-12-25,1,PRODUCE,451.093,0,Pichincha,D,2,1215,39.82,18.11,1
4373,2022-12-25,2,BEVERAGES,545.319,23,Pichincha,D,3,1138,39.82,18.11,1
5833,2022-12-25,2,CLEANING,186.35,0,Pichincha,D,3,1138,39.82,18.11,1
3643,2022-12-25,2,GROCERY I,677.644,0,Pichincha,D,3,1138,39.82,18.11,1
5103,2022-12-25,2,PRODUCE,382.165,20,Pichincha,D,3,1138,39.82,18.11,1
7293,2022-12-25,3,BEVERAGES,762.699,24,Guayas,A,4,1728,39.82,18.11,1
8753,2022-12-25,3,CLEANING,268.185,0,Guayas,A,4,1728,39.82,18.11,1
6563,2022-12-25,3,GROCERY I,1235.28,0,Guayas,A,4,1728,39.82,18.11,1
8023,2022-12-25,3,PRODUCE,561.897,0,Guayas,A,4,1728,39.82,18.11,1
10213,2022-12-25,5,BEVERAGES,342.89,0,Azuay,B,2,786,39.82,18.11,1
11673,2022-12-25,5,CLEANING,123.389,0,Azuay,B,2,786,39.82,18.11,1
9483,2022-12-25,5,GROCERY I,512.501,0,Azuay,B,2,786,39.82,18.11,1
10943,2022-12-25,5,PRODUCE,289.685,20,Azuay,B,2,786,39.82,18.11,1
13133,2022-12-25,8,BEVERAGES,908.349,18,Guayas,C,1,1460,39.82,18.11,1
14593,2022-12-25,8,CLEANING,247.424,0,Guayas,C,1,1460,39.82,18.11,1
12403,2022-12-25,8,GROCERY I,863.156,0,Guayas,C,1,1460,39.82,18.11,1
13863,2022-12-25,8,PRODUCE,427.885,0,Guayas,C,1,1460,39.82,18.11,1
1454,2022-12-26,1,BEVERAGES,274.613,0,Pichincha,D,2,1010,39.41,20.77,0
2914,2022-12-26,1,CLEANING,153.666,0,Pichincha,D,2,1010,39.41,20.77,0
724,2022-12-26,1,GROCERY I,453.356,0,Pichincha,D,2,1010,39.41,20.77,0
2184,2022-12-26,1,PRODUCE,232.7,0,Pichincha,D,2,1010,39.41,20.77,0
4374,2022-12-26,2,BEVERAGES,301.99,12,Pichincha,D,3,882,39.41,20.77,0
5834,2022-12-26,2,CLEANING,98.07,0,Pichincha,D,3,882,39.41,20.77,0
3644,2022-12-26,2,GROCERY I,388.286,0,Pichincha,D,3,882,39.41,20.77,0
5104,2022-12-26,2,PRODUCE,194.038,0,Pichincha,D,3,882,39.41,20.77,0
7294,2022-12-26,3,BEVERAGES,632.987,16,Guayas,A,4,1322,39.41,20.77,0
8754,2022-12-26,3,CLEANING,167.365,0,Guayas,A,4,1322,39.41,20.77,0
6564,2022-12-26,3,GROCERY I,671.692,0,Guayas,A,4,1322,39.41,20.77,0
8024,2022-12-26,3,PRODUCE,363.89,0,Guayas,A,4,1322,39.41,20.77,0
10214,2022-12-26,5,BEVERAGES,220.339,7,Azuay,B,2,565,39.41,20.77,0
11674,2022-12-26,5,CLEANING,92.918,0,Azuay,B,2,565,39.41,20.77,0
9484,2022-12-26,5,GROCERY I,288.916,0,Azuay,B,2,565,39.41,20.77,0
10944,2022-12-26,5,PRODUCE,141.216,0,Azuay,B,2,565,39.41,20.77,0
13134,2022-12-26,8,BEVERAGES,341.303,0,Guayas,C,1,1164,39.41,20.77,0
14594,2022-12-26,8,CLEANING,131.042,0,Guayas,C,1,1164,39.41,20.77,0
12404,2022-12-26,8,GROCERY I,598.155,0,Guayas,C,1,1164,39.41,20.77,0
13864,2022-12-26,8,PRODUCE,278.488,0,Guayas,C,1,1164,39.41,20.77,0
1455,2022-12-27,1,BEVERAGES,322.007,0,Pichincha,D,2,960,40.06,18.62,0
2915,2022-12-27,1,CLEANING,150.868,0,Pichincha,D,2,960,40.06,18.62,0
725,2022-12-27,1,GROCERY I,464.13,0,Pichincha,D,2,960,40.06,18.62,0
2185,2022-12-27,1,PRODUCE,221.009,0,Pichincha,D,2,960,40.06,18.62,0
4375,2022-12-27,2,BEVERAGES,259.651,0,Pichincha,D,3,839,40.06,18.62,0
5835,2022-12-27,2,CLEANING,116.769,15,Pichincha,D,3,839,40.06,18.62,0
3645,2022-12-27,2,GROCERY I,363.125,0,Pichincha,D,3,839,40.06,18.62,0
5105,2022-12-27,2,PRODUCE,172.422,0,Pichincha,D,3,839,40.06,18.62,0
7295,2022-12-27,3,BEVERAGES,493.739,0,Guayas,A,4,1286,40.06,18.62,0
8755,2022-12-27,3,CLEANING,201.117,0,Guayas,A,4,1286,40.06,18.62,0
6565,2022-12-27,3,GROCERY I,850.68,8,Guayas,A,4,1286,40.06,18.62,0
8025,2022-12-27,3,PRODUCE,310.521,0,Guayas,A,4,1286,40.06,18.62,0
10215,2022-12-27,5,BEVERAGES,200.454,0,Azuay,B,2,505,40.06,18.62,0
11675,2022-12-27,5,CLEANING,78.416,0,Azuay,B,2,505,40.06,18.62,0
9485,2022-12-27,5,GROCERY I,283.452,0,Azuay,B,2,505,40.06,18.62,0
10945,2022-12-27,5,PRODUCE,137.598,0,Azuay,B,2,505,40.06,18.62,0
13135,2022-12-27,8,BEVERAGES,348.446,0,Guayas,C,1,970,40.06,18.62,0
14595,2022-12-27,8,CLEANING,143.081,0,Guayas,C,1,970,40.06,18.62,0
12405,2022-12-27,8,GROCERY I,546.597,0,Guayas,C,1,970,40.06,18.62,0
13865,2022-12-27,8,PRODUCE,267.381,0,Guayas,C,1,970,40.06,18.62,0
1456,2022-12-28,1,BEVERAGES,430.259,14,Pichincha,D,2,966,40.19,22.05,0
2916,2022-12-28,1,CLEANING,141.828,0,Pichincha,D,2,966,40.19,22.05,0
726,2022-12-28,1,GROCERY I,478.15,0,Pichincha,D,2,966,40.19,22.05,0
2186,2022-12-28,1,PRODUCE,233.644,0,Pichincha,D,2,966,40.19,22.05,0
4376,2022-12-28,2,BEVERAGES,306.484,15,Pichincha,D,3,767,40.19,22.05,0
5836,2022-12-28,2,CLEANING,144.625,24,Pichincha,D,3,767,40.19,22.05,0
3646,2022-12-28,2,GROCERY I,398.025,0,Pichincha,D,3,767,40.19,22.05,0
5106,2022-12-28,2,PRODUCE,181.656,0,Pichincha,D,3,767,40.19,22.05,0
7296,2022-12-28,3,BEVERAGES,405.022,0,Guayas,A,4,1312,40.19,22.05,0
8756,2022-12-28,3,CLEANING,190.202,0,Guayas,A,4,1312,40.19,22.05,0
6566,2022-12-28,3,GROCERY I,838.877,21,Guayas,A,4,1312,40.19,22.05,0
8026,2022-12-28,3,PRODUCE,310.019,0,Guayas,A,4,1312,40.19,22.05,0
10216,2022-12-28,5,BEVERAGES,235.027,22,Azuay,B,2,574,40.19,22.05,0
11676,2022-12-28,5,CLEANING,70.746,0,Azuay,B,2,574,40.19,22.05,0
9486,2022-12-28,5,GROCERY I,266.007,0,Azuay,B,2,574,40.19,22.05,0
10946,2022-12-28,5,PRODUCE,135.563,0,Azuay,B,2,574,40.19,22.05,0
13136,2022-12-28,8,BEVERAGES,325.555,0,Guayas,C,1,1076,40.19,22.05,0
14596,2022-12-28,8,CLEANING,138.254,0,Guayas,C,1,1076,40.19,22.05,0
12406,2022-12-28,8,GROCERY I,655.173,2,Guayas,C,1,1076,40.19,22.05,0
13866,2022-12-28,8,PRODUCE,338.071,10,Guayas,C,1,1076,40.19,22.05,0
1457,2022-12-29,1,BEVERAGES,364.902,0,Pichincha,D,2,1133,40.54,19.02,0
2917,2022-12-29,1,CLEANING,140.613,0,Pichincha,D,2,1133,40.54,19.02,0
727,2022-12-29,1,GROCERY I,488.035,0,Pichincha,D,2,1133,40.54,19.02,0
2187,2022-12-29,1,PRODUCE,234.799,0,Pichincha,D,2,1133,40.54,19.02,0
4377,2022-12-29,2,BEVERAGES,331.529,0,Pichincha,D,3,882,40.54,19.02,0
5837,2022-12-29,2,CLEANING,128.39,4,Pichincha,D,3,882,40.54,19.02,0
3647,2022-12-29,2,GROCERY I,449.007,0,Pichincha,D,3,882,40.54,19.02,0
5107,2022-12-29,2,PRODUCE,190.028,0,Pichincha,D,3,882,40.54,19.02,0
7297,2022-12-29,3,BEVERAGES,434.451,0,Guayas,A,4,1380,40.54,19.02,0
8757,2022-12-29,3,CLEANING,184.346,0,Guayas,A,4,1380,40.54,19.02,0
6567,2022-12-29,3,GROCERY I,640.442,0,Guayas,A,4,1380,40.54,19.02,0
8027,2022-12-29,3,PRODUCE,331.692,0,Guayas,A,4,1380,40.54,19.02,0
10217,2022-12-29,5,BEVERAGES,204.807,0,Azuay,B,2,638,40.54,19.02,0
11677,2022-12-29,5,CLEANING,88.217,0,Azuay,B,2,638,40.54,19.02,0
9487,2022-12-29,5,GROCERY I,292.513,0,Azuay,B,2,638,40.54,19.02,0
10947,2022-12-29,5,PRODUCE,127.966,0,Azuay,B,2,638,40.54,19.02,0
13137,2022-12-29,8,BEVERAGES,321.154,0,Guayas,C,1,1203,40.54,19.02,0
14597,2022-12-29,8,CLEANING,195.078,8,Guayas,C,1,1203,40.54,19.02,0
12407,2022-12-29,8,GROCERY I,552.549,0,Guayas,C,1,1203,40.54,19.02,0
13867,2022-12-29,8,PRODUCE,267.66,0,Guayas,C,1,1203,40.54,19.02,0
1458,2022-12-30,1,BEVERAGES,493.227,0,Pichincha,D,2,1254,40.02,21.45,0
2918,2022-12-30,1,CLEANING,173.959,0,Pichincha,D,2,1254,40.02,21.45,0
728,2022-12-30,1,GROCERY I,661.245,0,Pichincha,D,2,1254,40.02,21.45,0
2188,2022-12-30,1,PRODUCE,276.472,0,Pichincha,D,2,1254,40.02,21.45,0
4378,2022-12-30,2,BEVERAGES,359.194,0,Pichincha,D,3,992,40.02,21.45,0
5838,2022-12-30,2,CLEANING,0.0,0,Pichincha,D,3,992,40.02,21.45,0
3648,2022-12-30,2,GROCERY I,575.083,0,Pichincha,D,3,992,40.02,21.45,0
5108,2022-12-30,2,PRODUCE,223.189,0,Pichincha,D,3,992,40.02,21.45,0
7298,2022-12-30,3,BEVERAGES,561.713,0,Guayas,A,4,1672,40.02,21.45,0
8758,2022-12-30,3,CLEANING,225.009,0,Guayas,A,4,1672,40.02,21.45,0
6568,2022-12-30,3,GROCERY I,894.662,0,Guayas,A,4,1672,40.02,21.45,0
8028,2022-12-30,3,PRODUCE,457.162,11,Guayas,A,4,1672,40.02,21.45,0
10218,2022-12-30,5,BEVERAGES,220.222,0,Azuay,B,2,756,40.02,21.45,0
11678,2022-12-30,5,CLEANING,101.798,0,Azuay,B,2,756,40.02,21.45,0
9488,2022-12-30,5,GROCERY I,387.348,0,Azuay,B,2,756,40.02,21.45,0
10948,2022-12-30,5,PRODUCE,189.586,21,Azuay,B,2,756,40.02,21.45,0
13138,2022-12-30,8,BEVERAGES,414.218,0,Guayas,C,1,1352,40.02,21.45,0
14598,2022-12-30,8,CLEANING,195.768,0,Guayas,C,1,1352,40.02,21.45,0
12408,2022-12-30,8,GROCERY I,732.835,0,Guayas,C,1,1352,40.02,21.45,0
13868,2022-12-30,8,PRODUCE,309.076,0,Guayas,C,1,1352,40.02,21.45,0
1459,2022-12-31,1,BEVERAGES,724.155,0,Pichincha,D,2,1515,39.52,19.51,1
2919,2022-12-31,1,CLEANING,344.383,7,Pichincha,D,2,1515,39.52,19.51,1
729,2022-12-31,1,GROCERY I,1116.331,0,Pichincha,D,2,1515,39.52,19.51,1
2189,2022-12-31,1,PRODUCE,479.029,0,Pichincha,D,2,1515,39.52,19.51,1
4379,2022-12-31,2,BEVERAGES,605.073,10,Pichincha,D,3,1258,39.52,19.51,1
5839,2022-12-31,2,CLEANING,221.337,0,Pichincha,D,3,1258,39.52,19.51,1
3649,2022-12-31,2,GROCERY I,846.721,0,Pichincha,D,3,1258,39.52,19.51,1
5109,2022-12-31,2,PRODUCE,343.736,0,Pichincha,D,3,1258,39.52,19.51,1
7299,2022-12-31,3,BEVERAGES,807.454,0,Guayas,A,4,2101,39.52,19.51,1
8759,2022-12-31,3,CLEANING,404.709,0,Guayas,A,4,2101,39.52,19.51,1
6569,2022-12-31,3,GROCERY I,1370.22,0,Guayas,A,4,2101,39.52,19.51,1
8029,2022-12-31,3,PRODUCE,688.204,0,Guayas,A,4,2101,39.52,19.51,1
10219,2022-12-31,5,BEVERAGES,471.757,8,Azuay,B,2,888,39.52,19.51,1
11679,2022-12-31,5,CLEANING,185.228,23,Azuay,B,2,888,39.52,19.51,1
9489,2022-12-31,5,GROCERY I,503.047,0,Azuay,B,2,888,39.52,19.51,1
10949,2022-12-31,5,PRODUCE,390.384,14,Azuay,B,2,888,39.52,19.51,1
13139,2022-12-31,8,BEVERAGES,657.559,0,Guayas,C,1,1664,39.52,19.51,1
14599,2022-12-31,8,CLEANING,284.455,0,Guayas,C,1,1664,39.52,19.51,1
12409,2022-12-31,8,GROCERY I,1154.44,0,Guayas,C,1,1664,39.52,19.51,1
13869,2022-12-31,8,PRODUCE,500.755,0,Guayas,C,1,1664,39.52,19.51,1
